Customer ID,Recency,Frequency,Monetary,UniqueProducts,TotalItems,Tenure,AvgOrderValue,AvgItemsPerOrder,PurchaseRate,Churned
12346,145,3,77352.96,25,74239,466,25784.320000000003,24746.333333333332,0.006437768240343348,1
12347,2,5,3529.27,101,2141,223,705.854,428.2,0.02242152466367713,0
12348,68,4,1388.3999999999999,24,2488,257,347.09999999999997,622.0,0.01556420233463035,0
12349,227,2,2221.14,89,991,408,1110.57,495.5,0.004901960784313725,0
12350,129,1,294.4,16,196,129,294.4,196.0,0.007751937984496124,1
12351,194,1,300.93,21,261,194,300.93,261.0,0.005154639175257732,1
12352,81,6,985.3100000000001,36,437,212,164.21833333333333,72.83333333333333,0.02830188679245283,0
12353,23,2,406.76,23,212,228,203.38,106.0,0.008771929824561403,1
12354,51,1,1079.4,58,530,51,1079.4,530.0,0.0196078431372549,1
12355,33,2,947.61,35,543,387,473.805,271.5,0.00516795865633075,1
12356,65,5,5553.38,103,3371,244,1110.676,674.2,0.020491803278688523,0
12357,208,1,11229.99,164,3878,208,11229.99,3878.0,0.004807692307692308,0
12358,195,3,2519.01,51,826,551,839.6700000000001,275.3333333333333,0.0054446460980036296,0
12359,9,9,6059.09,230,2095,553,673.2322222222223,232.77777777777777,0.0162748643761302,0
12360,20,4,2234.41,107,1717,475,558.6025,429.25,0.008421052631578947,0
12361,106,4,451.25,17,231,501,112.8125,57.75,0.007984031936127744,1
12362,45,2,884.34,51,498,115,442.17,249.0,0.017391304347826087,0
12363,61,1,299.1,16,282,61,299.1,282.0,0.01639344262295082,0
12365,110,1,320.69,21,173,110,320.69,173.0,0.00909090909090909,1
12366,453,1,500.24,3,296,453,500.24,296.0,0.002207505518763797,1
12368,447,1,917.6999999999999,18,330,447,917.6999999999999,330.0,0.0022371364653243847,1
12369,232,3,1511.15,89,1234,461,503.7166666666667,411.3333333333333,0.006507592190889371,1
12370,94,6,3217.28,149,2215,488,536.2133333333334,369.1666666666667,0.012295081967213115,0
12371,228,3,1819.42,90,836,464,606.4733333333334,278.6666666666667,0.00646551724137931,0
12372,32,2,842.9200000000001,31,588,116,421.46000000000004,294.0,0.017241379310344827,0
12373,130,3,927.6500000000001,35,511,493,309.2166666666667,170.33333333333334,0.006085192697768763,1
12374,241,2,2046.29,46,1015,407,1023.145,507.5,0.004914004914004914,0
12376,209,2,383.15,10,237,237,191.575,118.5,0.008438818565400843,1
12377,134,4,3266.32,128,2101,408,816.58,525.25,0.00980392156862745,1
12378,381,1,1407.7,82,787,381,1407.7,787.0,0.0026246719160104987,0
12379,241,2,692.98,36,403,354,346.49,201.5,0.005649717514124294,0
12380,5,5,5345.39,123,2494,482,1069.078,498.8,0.01037344398340249,0
12383,4,5,1628.56,83,1518,171,325.712,303.6,0.029239766081871343,1
12385,198,1,1668.4,64,594,198,1668.4,594.0,0.005050505050505051,1
12386,157,2,660.8,10,568,186,330.4,284.0,0.010752688172043012,1
12387,234,1,143.94,9,134,234,143.94,134.0,0.004273504273504274,1
12388,94,5,1886.7,52,870,401,377.34000000000003,174.0,0.012468827930174564,0
12389,222,3,1433.33,41,614,475,477.77666666666664,204.66666666666666,0.00631578947368421,1
12391,284,5,2285.18,159,911,482,457.03599999999994,182.2,0.01037344398340249,0
12392,410,1,234.75000000000003,7,73,410,234.75000000000003,73.0,0.0024390243902439024,1
12393,65,5,1877.95,53,1017,247,375.59000000000003,203.4,0.020242914979757085,0
12394,36,1,351.08,20,180,36,351.08,180.0,0.027777777777777776,0
12395,31,9,3258.36,116,3084,422,362.04,342.6666666666667,0.02132701421800948,0
12396,493,1,931.43,65,591,493,931.43,591.0,0.002028397565922921,1
12399,2,6,1647.68,57,2016,464,274.61333333333334,336.0,0.01293103448275862,0
12400,233,1,205.25,11,91,233,205.25,91.0,0.004291845493562232,1
12401,122,1,69.3,4,10,122,69.3,10.0,0.00819672131147541,1
12402,142,6,1136.9,42,576,490,189.48333333333335,96.0,0.012244897959183673,1
12403,341,1,555.6600000000001,3,162,341,555.6600000000001,162.0,0.002932551319648094,0
12406,3,4,4596.31,81,2391,516,1149.0775,597.75,0.007751937984496124,0
12407,55,2,450.96,22,416,83,225.48,208.0,0.024096385542168676,0
12408,79,5,2049.81,65,1160,317,409.962,232.0,0.015772870662460567,0
12409,2,5,18553.7,165,10734,384,3710.7400000000002,2146.8,0.013020833333333334,0
12410,128,3,773.71,35,335,321,257.90333333333336,111.66666666666667,0.009345794392523364,1
12411,229,1,346.9,22,138,229,346.9,138.0,0.004366812227074236,1
12412,221,3,1262.05,49,1162,358,420.68333333333334,387.3333333333333,0.008379888268156424,0
12413,55,3,695.25,36,233,221,231.75,77.66666666666667,0.013574660633484163,0
12414,36,4,532.41,19,489,283,133.1025,122.25,0.014134275618374558,1
12415,22,10,70002.74,293,46068,347,7000.274,4606.8,0.02881844380403458,0
12416,476,1,202.56,11,132,476,202.56,132.0,0.0021008403361344537,1
12417,6,16,4436.58,209,1990,553,277.28625,124.375,0.028933092224231464,0
12418,233,3,1352.62,61,681,449,450.8733333333333,227.0,0.0066815144766146995,0
12419,205,2,391.01,22,227,233,195.505,113.5,0.008583690987124463,1
12421,138,3,365.01,26,269,324,121.67,89.66666666666667,0.009259259259259259,0
12422,144,10,3194.29,111,2325,541,319.429,232.5,0.018484288354898338,0
12423,11,8,1953.77,112,1424,285,244.22125,178.0,0.028070175438596492,0
12424,242,2,1579.07,59,1285,367,789.535,642.5,0.005449591280653951,0
12425,267,1,964.21,55,651,267,964.21,651.0,0.003745318352059925,0
12426,14,2,1201.21,72,576,482,600.605,288.0,0.004149377593360996,1
12427,191,1,499.0,9,152,191,499.0,152.0,0.005235602094240838,0
12428,62,5,5119.34,226,2755,103,1023.868,551.0,0.04854368932038835,0
12429,47,6,5110.99,85,2421,365,851.8316666666666,403.5,0.01643835616438356,0
12431,20,17,7161.55,197,3055,513,421.2676470588235,179.7058823529412,0.03313840155945419,0
12433,185,5,10992.51,163,9627,296,2198.502,1925.4,0.016891891891891893,0
12434,79,2,583.54,34,215,200,291.77,107.5,0.01,0
12435,87,5,10075.03,81,3782,556,2015.006,756.4,0.008992805755395683,0
12437,18,28,8594.08,227,6300,556,306.93142857142857,225.0,0.050359712230215826,0
12439,502,2,1142.88,69,478,545,571.44,239.0,0.003669724770642202,1
12440,281,2,739.2,20,328,537,369.6,164.0,0.0037243947858473,1
12441,186,1,311.1,10,240,186,311.1,240.0,0.005376344086021506,1
12443,551,1,365.31,20,179,551,365.31,179.0,0.0018148820326678765,1
12445,240,1,301.58000000000004,20,144,240,301.58000000000004,144.0,0.004166666666666667,0
12447,62,1,431.49,25,187,62,431.49,187.0,0.016129032258064516,1
12449,6,2,1447.53,56,1108,258,723.765,554.0,0.007751937984496124,0
12450,218,3,490.32,25,314,293,163.44,104.66666666666667,0.010238907849829351,0
12451,37,5,8942.18,259,6889,348,1788.4360000000001,1377.8,0.014367816091954023,0
12454,215,3,12931.44,8,6696,240,4310.4800000000005,2232.0,0.0125,0
12455,9,6,5303.39,167,2839,541,883.8983333333334,473.1666666666667,0.011090573012939002,0
12456,74,1,780.17,40,441,74,780.17,441.0,0.013513513513513514,0
12457,53,4,1419.93,36,641,254,354.9825,160.25,0.015748031496062992,0
12458,104,3,1077.01,57,745,307,359.00333333333333,248.33333333333334,0.009771986970684038,0
12459,424,1,398.36,22,256,424,398.36,256.0,0.0023584905660377358,1
12460,275,1,296.65,17,168,275,296.65,168.0,0.0036363636363636364,1
12462,122,1,594.11,39,281,122,594.11,281.0,0.00819672131147541,0
12463,26,2,575.9499999999999,31,353,61,287.97499999999997,176.5,0.03278688524590164,0
12464,20,4,439.84999999999997,5,47,128,109.96249999999999,11.75,0.03125,0
12467,242,1,132.8,9,129,242,132.8,129.0,0.004132231404958678,1
12468,7,5,3238.74,126,2177,502,647.7479999999999,435.4,0.0099601593625498,1
12469,342,2,3070.54,76,2552,356,1535.27,1276.0,0.0056179775280898875,1
12470,509,1,211.95,23,95,509,211.95,95.0,0.0019646365422396855,1
12471,30,56,24975.17,186,11496,552,445.98517857142855,205.28571428571428,0.10144927536231885,0
12472,87,15,13277.32,324,8967,545,885.1546666666667,597.8,0.027522935779816515,0
12473,11,1,589.6899999999999,33,528,11,589.6899999999999,528.0,0.09090909090909091,0
12474,20,19,7083.79,261,4731,486,372.8310526315789,249.0,0.03909465020576132,0
12475,229,1,396.26,24,234,229,396.26,234.0,0.004366812227074236,0
12476,37,12,8488.59,272,3983,321,707.3825,331.9166666666667,0.037383177570093455,0
12477,58,5,11633.6,249,3833,442,2326.7200000000003,766.6,0.011312217194570135,0
12480,86,5,3338.49,119,1983,326,667.698,396.6,0.015337423312883436,0
12481,24,11,8931.119999999999,206,5848,426,811.92,531.6363636363636,0.025821596244131457,0
12482,395,27,21941.72,41,27040,473,812.6562962962963,1001.4814814814815,0.05708245243128964,1
12483,3,16,3156.81,54,1657,496,197.300625,103.5625,0.03225806451612903,0
12484,155,6,2644.45,182,1697,500,440.7416666666666,282.8333333333333,0.012,0
12485,348,1,708.1,34,414,348,708.1,414.0,0.0028735632183908046,1
12486,251,1,917.28,48,520,251,917.28,520.0,0.00398406374501992,1
12487,550,1,285.29999999999995,2,174,550,285.29999999999995,174.0,0.0018181818181818182,1
12489,155,1,298.93,14,103,155,298.93,103.0,0.0064516129032258064,1
12490,34,12,4974.43,135,3521,557,414.53583333333336,293.4166666666667,0.02154398563734291,0
12492,222,1,380.0,21,248,222,380.0,248.0,0.0045045045045045045,0
12493,16,1,196.5,11,86,16,196.5,86.0,0.0625,0
12494,15,6,1144.41,53,555,395,190.735,92.5,0.015189873417721518,0
12495,460,1,277.4,16,128,460,277.4,128.0,0.002173913043478261,1
12496,439,2,45.34,10,30,439,22.67,15.0,0.004555808656036446,1
12497,220,2,5043.400000000001,29,4440,464,2521.7000000000003,2220.0,0.004310344827586207,0
12499,379,1,357.72,26,300,379,357.72,300.0,0.002638522427440633,1
12500,86,11,2637.59,65,1592,492,239.7809090909091,144.72727272727272,0.022357723577235773,0
12501,156,1,2025.39,148,1775,156,2025.39,1775.0,0.00641025641025641,1
12502,37,3,1478.65,60,421,129,492.8833333333334,140.33333333333334,0.023255813953488372,0
12503,403,1,896.0,1,560,403,896.0,560.0,0.0024813895781637717,1
12504,236,2,261.0,7,366,416,130.5,183.0,0.004807692307692308,0
12505,228,1,787.2,41,318,228,787.2,318.0,0.0043859649122807015,1
12506,52,1,73.5,23,23,52,73.5,23.0,0.019230769230769232,1
12507,118,2,817.41,39,575,404,408.705,287.5,0.0049504950495049506,0
12509,103,1,158.5,6,54,103,158.5,54.0,0.009708737864077669,1
12510,144,6,2821.51,92,1965,554,470.2516666666667,327.5,0.010830324909747292,0
12511,248,1,3084.02,190,1753,248,3084.02,1753.0,0.004032258064516129,1
12514,86,2,1597.76,76,840,461,798.88,420.0,0.004338394793926247,1
12515,172,1,278.7,15,128,172,278.7,128.0,0.005813953488372093,1
12516,0,3,1631.76,41,1406,418,543.92,468.6666666666667,0.007177033492822967,0
12517,9,1,749.7,125,413,9,749.7,413.0,0.1111111111111111,0
12519,296,1,349.7,21,210,296,349.7,210.0,0.0033783783783783786,0
12520,24,3,1517.56,93,935,93,505.8533333333333,311.6666666666667,0.03225806451612903,0
12523,72,16,2792.77,126,1654,551,174.548125,103.375,0.029038112522686024,0
12524,24,14,8321.77,129,5538,488,594.4121428571428,395.57142857142856,0.028688524590163935,0
12525,317,3,883.73,55,504,466,294.57666666666665,168.0,0.006437768240343348,1
12527,114,4,653.72,23,512,348,163.43,128.0,0.011494252873563218,0
12528,96,2,681.66,37,353,132,340.83,176.5,0.015151515151515152,0
12529,347,1,316.48,21,192,347,316.48,192.0,0.002881844380403458,1
12530,53,7,2595.98,75,2110,461,370.8542857142857,301.42857142857144,0.015184381778741865,0
12531,505,1,1645.98,109,1065,505,1645.98,1065.0,0.0019801980198019802,0
12533,447,2,1223.89,62,696,558,611.945,348.0,0.0035842293906810036,1
12535,6,1,371.45,18,115,6,371.45,115.0,0.16666666666666666,0
12537,228,1,612.94,42,446,228,612.94,446.0,0.0043859649122807015,1
12538,197,1,276.5,13,145,197,276.5,145.0,0.005076142131979695,0
12539,81,6,10136.09,246,4088,535,1689.3483333333334,681.3333333333334,0.011214953271028037,0
12540,5,22,13136.77,245,7262,551,597.1259090909091,330.09090909090907,0.039927404718693285,0
12541,100,1,284.40000000000003,16,287,100,284.40000000000003,287.0,0.01,0
12542,303,2,481.88,39,522,459,240.94,261.0,0.004357298474945534,1
12543,267,1,840.25,42,683,267,840.25,683.0,0.003745318352059925,1
12545,79,1,544.15,33,343,79,544.15,343.0,0.012658227848101266,0
12547,17,3,299.58,12,306,319,99.86,102.0,0.009404388714733543,1
12549,395,5,1570.68,37,1365,517,314.136,273.0,0.009671179883945842,1
12551,177,1,168.0,10,100,177,168.0,100.0,0.005649717514124294,1
12553,24,7,2327.09,90,1320,242,332.4414285714286,188.57142857142858,0.028925619834710745,0
12554,268,1,384.5,25,237,268,384.5,237.0,0.0037313432835820895,1
12557,75,6,11579.800000000001,15,4356,542,1929.966666666667,726.0,0.01107011070110701,0
12559,130,2,525.71,20,281,139,262.855,140.5,0.014388489208633094,1
12561,122,1,238.85,16,177,122,238.85,177.0,0.00819672131147541,1
12562,18,3,1432.14,42,720,254,477.38000000000005,240.0,0.011811023622047244,0
12563,228,1,221.24,12,112,228,221.24,112.0,0.0043859649122807015,1
12564,80,1,402.9,20,130,80,402.9,130.0,0.0125,1
12565,108,1,145.92,9,80,108,145.92,80.0,0.009259259259259259,1
12567,4,11,7901.58,227,3794,486,718.3254545454546,344.90909090909093,0.02263374485596708,0
12568,464,1,52.0,4,47,464,52.0,47.0,0.0021551724137931034,1
12569,3,6,964.46,29,552,71,160.74333333333334,92.0,0.08450704225352113,0
12573,46,5,717.41,107,479,284,143.482,95.8,0.017605633802816902,1
12574,135,1,182.45000000000002,10,59,135,182.45000000000002,59.0,0.007407407407407408,1
12575,276,2,568.8199999999999,33,312,346,284.40999999999997,156.0,0.005780346820809248,1
12576,37,5,1168.54,73,840,345,233.708,168.0,0.014492753623188406,0
12577,178,6,1186.3899999999999,195,856,555,197.73166666666665,142.66666666666666,0.010810810810810811,0
12578,149,3,3036.6,108,1917,263,1012.1999999999999,639.0,0.011406844106463879,0
12580,66,2,962.9,51,564,396,481.45,282.0,0.005050505050505051,1
12582,58,4,1820.4,87,981,397,455.1,245.25,0.010075566750629723,1
12583,0,18,9740.63,106,6619,553,541.146111111111,367.72222222222223,0.0325497287522604,0
12584,4,2,538.74,22,112,99,269.37,56.0,0.020202020202020204,0
12585,53,2,1824.1,76,1267,170,912.05,633.5,0.011764705882352941,1
12586,194,3,1865.73,76,608,542,621.91,202.66666666666666,0.005535055350553505,0
12588,219,2,543.88,26,380,417,271.94,190.0,0.004796163069544364,0
12589,241,4,2720.23,98,1439,509,680.0575,359.75,0.007858546168958742,0
12590,30,1,9341.26,67,4282,30,9341.26,4282.0,0.03333333333333333,1
12591,136,3,1114.95,62,645,228,371.65000000000003,215.0,0.013157894736842105,1
12592,32,3,1535.84,38,1742,338,511.94666666666666,580.6666666666666,0.008875739644970414,0
12593,38,1,200.0,10,98,38,200.0,98.0,0.02631578947368421,0
12594,3,11,3359.84,72,1903,465,305.44,173.0,0.023655913978494623,0
12595,324,1,281.02,18,270,324,281.02,270.0,0.0030864197530864196,1
12596,61,1,213.95,14,154,61,213.95,154.0,0.01639344262295082,0
12597,2,2,1120.81,71,664,87,560.405,332.0,0.022988505747126436,0
12598,40,5,2526.75,96,1613,468,505.35,322.6,0.010683760683760684,0
12599,27,9,1530.0,38,1650,397,170.0,183.33333333333334,0.022670025188916875,0
12600,23,16,3305.27,38,949,551,206.579375,59.3125,0.029038112522686024,0
12601,9,6,573.26,23,284,224,95.54333333333334,47.333333333333336,0.026785714285714284,1
12604,81,1,160.5,9,136,81,160.5,136.0,0.012345679012345678,0
12605,195,3,1124.95,62,921,277,374.98333333333335,307.0,0.010830324909747292,1
12608,224,1,415.79,16,323,224,415.79,323.0,0.004464285714285714,1
12609,5,8,2731.7400000000002,116,1402,538,341.46750000000003,175.25,0.01486988847583643,0
12613,17,8,4521.51,172,3249,544,565.18875,406.125,0.014705882352941176,0
12614,97,1,315.6,20,76,97,315.6,76.0,0.010309278350515464,1
12615,233,4,3269.79,146,1931,450,817.4475,482.75,0.008888888888888889,0
12616,116,2,601.4,25,308,208,300.7,154.0,0.009615384615384616,0
12619,53,3,735.8,20,650,379,245.26666666666665,216.66666666666666,0.0079155672823219,0
12620,24,1,561.66,33,434,24,561.66,434.0,0.041666666666666664,0
12621,19,25,16731.96,243,10216,488,669.2783999999999,408.64,0.05122950819672131,0
12622,51,1,162.1,10,68,51,162.1,68.0,0.0196078431372549,1
12623,95,7,3315.84,111,1947,516,473.6914285714286,278.14285714285717,0.013565891472868217,1
12625,31,4,4678.88,143,3282,416,1169.72,820.5,0.009615384615384616,1
12626,135,2,1094.1,56,450,146,547.05,225.0,0.0136986301369863,0
12629,205,2,1198.22,39,713,242,599.11,356.5,0.008264462809917356,1
12631,275,5,2841.07,105,1371,512,568.214,274.2,0.009765625,0
12632,340,2,714.88,31,689,384,357.44,344.5,0.005208333333333333,1
12633,16,5,4757.73,208,2980,345,951.5459999999999,596.0,0.014492753623188406,0
12634,367,1,360.0,19,336,367,360.0,336.0,0.0027247956403269754,1
12635,211,2,1115.23,76,770,276,557.615,385.0,0.007246376811594203,0
12637,58,8,4506.06,227,2337,362,563.2575,292.125,0.022099447513812154,0
12638,459,1,169.8,8,84,459,169.8,84.0,0.002178649237472767,0
12639,58,3,1072.37,57,625,447,357.45666666666665,208.33333333333334,0.006711409395973154,1
12643,2,9,6504.1,13,3902,430,722.6777777777778,433.55555555555554,0.020930232558139535,0
12644,250,3,1422.58,75,706,513,474.1933333333333,235.33333333333334,0.005847953216374269,0
12645,39,6,2329.02,90,1503,488,388.17,250.5,0.012295081967213115,0
12647,19,30,13711.84,222,6069,514,457.0613333333333,202.3,0.058365758754863814,0
12648,257,3,738.95,31,354,520,246.3166666666667,118.0,0.0057692307692307696,0
12649,31,6,1866.1399999999999,85,1567,515,311.0233333333333,261.1666666666667,0.011650485436893204,0
12651,154,4,377.75,30,265,284,94.4375,66.25,0.014084507042253521,1
12652,150,2,891.03,50,529,253,445.515,264.5,0.007905138339920948,1
12653,116,2,2730.08,55,1048,346,1365.04,524.0,0.005780346820809248,0
12654,17,3,301.75,18,149,114,100.58333333333333,49.666666666666664,0.02631578947368421,0
12655,243,1,243.35000000000002,15,79,243,243.35000000000002,79.0,0.00411522633744856,1
12656,23,5,3530.26,117,1783,382,706.052,356.6,0.013089005235602094,0
12661,255,1,162.0,11,216,255,162.0,216.0,0.00392156862745098,1
12662,6,14,4524.32,124,2524,437,323.1657142857143,180.28571428571428,0.032036613272311214,0
12663,444,2,185.4,8,178,487,92.7,89.0,0.004106776180698152,1
12664,51,4,2211.7400000000002,4,602,546,552.9350000000001,150.5,0.007326007326007326,0
12665,144,3,259.6,12,162,488,86.53333333333335,54.0,0.006147540983606557,1
12666,213,1,1248.42,31,370,213,1248.42,370.0,0.004694835680751174,1
12668,78,8,9167.35,257,4682,496,1145.91875,585.25,0.016129032258064516,0
12669,76,1,1028.3,68,842,76,1028.3,842.0,0.013157894736842105,0
12670,19,4,1628.6299999999999,43,709,486,407.15749999999997,177.25,0.00823045267489712,0
12671,425,1,2622.481,45,1460,425,2622.481,1460.0,0.002352941176470588,1
12672,149,2,407.05,21,136,415,203.525,68.0,0.004819277108433735,1
12673,146,2,786.4,51,517,221,393.2,258.5,0.00904977375565611,0
12674,27,1,550.74,16,220,27,550.74,220.0,0.037037037037037035,0
12675,373,2,873.25,110,333,397,436.625,166.5,0.005037783375314861,1
12676,9,7,1950.65,56,1598,302,278.6642857142857,228.28571428571428,0.023178807947019868,0
12677,374,2,359.1,12,174,485,179.55,87.0,0.004123711340206186,1
12678,7,10,21637.08,172,15138,520,2163.708,1513.8,0.019230769230769232,0
12679,25,2,798.38,42,401,103,399.19,200.5,0.019417475728155338,0
12681,6,35,23513.579999999998,411,14782,545,671.8165714285714,422.34285714285716,0.06422018348623854,0
12682,11,31,15384.98,250,7576,558,496.2896774193548,244.38709677419354,0.05555555555555555,0
12683,4,16,8353.14,188,5718,545,522.07125,357.375,0.029357798165137616,0
12684,16,2,815.1,30,882,32,407.55,441.0,0.0625,0
12686,191,1,142.28,6,212,191,142.28,212.0,0.005235602094240838,1
12687,300,1,1858.91,125,1402,300,1858.91,1402.0,0.0033333333333333335,1
12690,25,1,335.01,15,103,25,335.01,103.0,0.04,1
12691,138,3,468.8,16,198,240,156.26666666666668,66.0,0.0125,0
12692,456,1,110.95,13,36,456,110.95,36.0,0.0021929824561403508,1
12693,31,6,1225.88,58,488,341,204.31333333333336,81.33333333333333,0.017595307917888565,0
12694,2,2,1287.18,61,1162,240,643.59,581.0,0.008333333333333333,0
12695,29,4,878.27,30,265,484,219.5675,66.25,0.008264462809917356,0
12696,254,2,731.91,42,561,328,365.955,280.5,0.006097560975609756,1
12698,409,1,285.75,15,108,409,285.75,108.0,0.0024449877750611247,1
12699,237,1,566.11,40,369,237,566.11,369.0,0.004219409282700422,1
12700,34,1,984.43,61,773,34,984.43,773.0,0.029411764705882353,0
12701,61,5,1823.78,91,1286,452,364.756,257.2,0.011061946902654867,0
12703,452,3,632.98,43,426,504,210.99333333333334,142.0,0.005952380952380952,0
12705,20,8,7661.91,250,4905,353,957.73875,613.125,0.0226628895184136,0
12707,111,1,603.42,33,256,111,603.42,256.0,0.009009009009009009,1
12708,20,13,3507.36,99,1945,541,269.79692307692306,149.6153846153846,0.024029574861367836,0
12709,10,25,25426.49,175,12007,549,1017.0596,480.28,0.04553734061930783,0
12710,20,1,646.96,43,382,20,646.96,382.0,0.05,0
12711,431,2,1213.05,55,763,496,606.525,381.5,0.004032258064516129,1
12712,1,17,5044.41,117,1965,550,296.73,115.58823529411765,0.03090909090909091,0
12714,26,9,10138.77,364,6881,555,1126.53,764.5555555555555,0.016216216216216217,0
12717,65,2,737.6700000000001,42,353,409,368.83500000000004,176.5,0.004889975550122249,0
12720,11,14,4208.71,187,3522,326,300.6221428571429,251.57142857142858,0.04294478527607362,0
12721,2,6,2749.86,145,1812,291,458.31,302.0,0.020618556701030927,0
12724,151,4,1297.01,68,1041,354,324.2525,260.25,0.011299435028248588,0
12725,190,3,2278.56,91,1298,403,759.52,432.6666666666667,0.007444168734491315,1
12726,4,9,2638.82,51,3404,443,293.20222222222225,378.22222222222223,0.020316027088036117,0
12727,6,8,3905.23,112,2309,474,488.15375,288.625,0.016877637130801686,0
12728,76,4,725.15,38,373,203,181.2875,93.25,0.019704433497536946,0
12730,341,1,703.25,46,227,341,703.25,227.0,0.002932551319648094,1
12731,31,11,14965.89,105,7283,467,1360.5354545454545,662.0909090909091,0.023554603854389723,0
12733,53,4,2424.02,116,895,508,606.005,223.75,0.007874015748031496,1
12734,172,3,603.65,16,263,211,201.21666666666667,87.66666666666667,0.014218009478672985,1
12735,134,2,689.5699999999999,37,363,156,344.78499999999997,181.5,0.01282051282051282,1
12736,152,1,144.0,3,168,152,144.0,168.0,0.006578947368421052,1
12738,191,1,274.7,10,294,191,274.7,294.0,0.005235602094240838,1
12739,213,1,1445.69,49,463,213,1445.69,463.0,0.004694835680751174,0
12741,352,1,236.07,15,213,352,236.07,213.0,0.002840909090909091,1
12742,445,1,1201.52,67,1359,445,1201.52,1359.0,0.0022471910112359553,1
12744,68,6,8209.58,172,4228,410,1368.2633333333333,704.6666666666666,0.014634146341463415,0
12745,306,2,723.85,20,467,393,361.925,233.5,0.005089058524173028,1
12746,360,1,254.55,17,97,360,254.55,97.0,0.002777777777777778,1
12747,18,21,7152.43,79,2181,551,340.5919047619048,103.85714285714286,0.038112522686025406,0
12748,1,207,28848.89,1665,19078,554,139.3666183574879,92.16425120772946,0.37364620938628157,0
12749,32,5,3665.58,157,1151,340,733.116,230.2,0.014705882352941176,0
12751,264,1,268.27,61,189,264,268.27,189.0,0.003787878787878788,1
12753,67,4,12940.51,87,7003,182,3235.1275,1750.75,0.02197802197802198,0
12754,55,3,3010.74,49,6481,128,1003.5799999999999,2160.3333333333335,0.0234375,1
12755,100,11,9030.66,34,3781,513,820.9690909090909,343.72727272727275,0.021442495126705652,1
12757,4,2,846.03,78,457,30,423.015,228.5,0.06666666666666667,0
12758,96,6,8681.84,168,5129,557,1446.9733333333334,854.8333333333334,0.010771992818671455,0
12759,95,6,3622.1,160,2558,555,603.6833333333333,426.3333333333333,0.010810810810810811,0
12760,275,1,317.8,20,196,275,317.8,196.0,0.0036363636363636364,1
12761,284,1,712.95,25,277,284,712.95,277.0,0.0035211267605633804,1
12763,188,1,640.16,16,392,188,640.16,392.0,0.005319148936170213,0
12764,136,1,1693.88,45,386,136,1693.88,386.0,0.007352941176470588,1
12765,291,6,1299.58,48,1002,461,216.59666666666666,167.0,0.013015184381778741,1
12766,59,6,6254.36,200,3640,227,1042.3933333333332,606.6666666666666,0.02643171806167401,0
12767,195,1,949.82,43,598,195,949.82,598.0,0.005128205128205128,1
12768,270,1,168.69000000000003,10,102,270,168.69000000000003,102.0,0.003703703703703704,1
12769,58,1,1143.6,32,356,58,1143.6,356.0,0.017241379310344827,1
12770,30,2,3246.45,19,1843,276,1623.225,921.5,0.007246376811594203,1
12771,305,1,226.3,14,102,305,226.3,102.0,0.003278688524590164,1
12773,383,1,124.25,6,109,383,124.25,109.0,0.0026109660574412533,1
12774,355,1,83.7,5,52,355,83.7,52.0,0.0028169014084507044,1
12775,9,6,1344.76,44,938,228,224.12666666666667,156.33333333333334,0.02631578947368421,0
12776,487,1,27.5,3,45,487,27.5,45.0,0.002053388090349076,1
12777,277,1,519.45,26,458,277,519.45,458.0,0.0036101083032490976,1
12778,2,7,1280.51,65,1357,422,182.93,193.85714285714286,0.016587677725118485,0
12779,9,13,5740.32,123,3002,556,441.5630769230769,230.92307692307693,0.023381294964028777,0
12780,418,1,322.4,19,284,418,322.4,284.0,0.0023923444976076554,1
12781,104,1,549.26,15,346,104,549.26,346.0,0.009615384615384616,0
12782,73,9,3234.27,120,1513,338,359.36333333333334,168.11111111111111,0.026627218934911243,0
12784,348,1,1034.33,71,575,348,1034.33,575.0,0.0028735632183908046,0
12785,183,3,904.4,41,446,550,301.46666666666664,148.66666666666666,0.005454545454545455,1
12786,429,1,668.5,17,320,429,668.5,320.0,0.002331002331002331,1
12787,12,2,523.62,27,312,232,261.81,156.0,0.008620689655172414,0
12788,282,4,384.9,19,190,347,96.225,47.5,0.011527377521613832,1
12789,332,2,148.5,1,30,513,74.25,15.0,0.003898635477582846,0
12790,11,2,546.85,35,303,229,273.425,151.5,0.008733624454148471,1
12791,193,5,834.4300000000001,15,443,443,166.88600000000002,88.6,0.011286681715575621,1
12792,76,2,715.01,38,390,354,357.505,195.0,0.005649717514124294,1
12793,154,3,849.33,33,520,220,283.11,173.33333333333334,0.013636363636363636,1
12796,447,1,351.0,6,180,447,351.0,180.0,0.0022371364653243847,1
12797,185,2,694.11,26,329,243,347.055,164.5,0.00823045267489712,1
12798,241,1,1533.8899999999999,25,3199,241,1533.8899999999999,3199.0,0.004149377593360996,0
12799,348,1,219.35,15,137,348,219.35,137.0,0.0028735632183908046,1
12800,289,2,500.25,30,281,496,250.125,140.5,0.004032258064516129,1
12801,320,1,871.82,49,500,320,871.82,500.0,0.003125,1
12802,6,5,2186.42,106,1956,383,437.284,391.2,0.013054830287206266,1
12803,212,1,1017.81,54,867,212,1017.81,867.0,0.0047169811320754715,1
12804,285,2,325.37,60,270,319,162.685,135.0,0.006269592476489028,1
12805,201,4,1230.95,43,581,494,307.7375,145.25,0.008097165991902834,1
12806,391,2,2558.96,56,2084,408,1279.48,1042.0,0.004901960784313725,1
12807,202,1,250.35,15,143,202,250.35,143.0,0.0049504950495049506,1
12808,4,4,647.8000000000001,34,293,282,161.95000000000002,73.25,0.014184397163120567,0
12809,385,2,979.03,51,291,466,489.515,145.5,0.004291845493562232,0
12810,354,2,534.99,32,389,496,267.495,194.5,0.004032258064516129,1
12811,81,4,893.9,46,429,247,223.475,107.25,0.016194331983805668,1
12813,321,3,1621.8,36,1134,512,540.6,378.0,0.005859375,1
12815,17,1,495.36,30,236,17,495.36,236.0,0.058823529411764705,0
12817,100,3,570.98,15,216,254,190.32666666666668,72.0,0.011811023622047244,1
12818,81,1,1182.0800000000002,13,920,81,1182.0800000000002,920.0,0.012345679012345678,1
12819,277,1,540.52,19,344,277,540.52,344.0,0.0036101083032490976,1
12820,146,8,1917.64,91,1388,553,239.705,173.5,0.014466546112115732,0
12821,33,2,220.8,13,162,430,110.4,81.0,0.004651162790697674,1
12823,74,16,5736.5,1,830,498,358.53125,51.875,0.0321285140562249,0
12825,340,2,518.63,20,139,461,259.315,69.5,0.004338394793926247,1
12826,136,8,2178.13,82,1550,541,272.26625,193.75,0.014787430683918669,0
12829,156,3,385.3,17,550,369,128.43333333333334,183.33333333333334,0.008130081300813009,1
12831,81,3,451.11,16,303,282,150.37,101.0,0.010638297872340425,1
12834,102,1,312.38,18,110,102,312.38,110.0,0.00980392156862745,1
12835,247,41,5996.83,138,2349,556,146.2641463414634,57.292682926829265,0.0737410071942446,1
12836,38,13,5610.77,243,1872,557,431.59769230769234,144.0,0.02333931777378815,0
12837,388,1,528.5600000000001,73,170,388,528.5600000000001,170.0,0.002577319587628866,0
12838,193,9,3085.54,177,1707,412,342.8377777777778,189.66666666666666,0.021844660194174758,0
12839,2,17,6180.68,125,4156,552,363.5694117647059,244.47058823529412,0.030797101449275364,0
12840,2,6,3465.97,102,1906,493,577.6616666666666,317.6666666666667,0.012170385395537525,0
12841,0,28,5612.07,226,3915,338,200.4310714285714,139.82142857142858,0.08284023668639054,0
12842,128,3,1109.73,27,497,557,369.91,165.66666666666666,0.005385996409335727,0
12843,5,24,5831.12,113,2742,546,242.96333333333334,114.25,0.04395604395604396,0
12844,261,2,322.64,43,98,413,161.32,49.0,0.004842615012106538,0
12845,86,4,354.09,26,204,109,88.5225,51.0,0.03669724770642202,1
12847,207,1,765.36,34,624,207,765.36,624.0,0.004830917874396135,0
12848,495,1,208.0,16,58,495,208.0,58.0,0.00202020202020202,1
12849,88,5,2674.54,109,1726,410,534.908,345.2,0.012195121951219513,0
12850,265,1,330.0,2,200,265,330.0,200.0,0.0037735849056603774,1
12851,296,1,148.95,30,51,296,148.95,51.0,0.0033783783783783786,0
12852,114,1,311.55,17,149,114,311.55,149.0,0.008771929824561403,1
12853,59,8,2835.4,81,1194,492,354.425,149.25,0.016260162601626018,0
12854,60,6,2465.09,166,1426,547,410.84833333333336,237.66666666666666,0.010968921389396709,0
12855,192,4,650.9399999999999,65,270,221,162.73499999999999,67.5,0.01809954751131222,1
12857,30,6,3688.0,71,1420,502,614.6666666666666,236.66666666666666,0.01195219123505976,1
12858,202,1,147.27,36,51,202,147.27,51.0,0.0049504950495049506,1
12859,278,1,575.1,21,292,278,575.1,292.0,0.0035971223021582736,1
12860,512,1,54.22,16,26,512,54.22,26.0,0.001953125,1
12861,439,1,68.25,4,27,439,68.25,27.0,0.002277904328018223,1
12862,245,2,984.62,119,611,314,492.31,305.5,0.006369426751592357,1
12863,198,5,2271.35,23,707,408,454.27,141.4,0.012254901960784314,0
12864,327,1,152.45,4,231,327,152.45,231.0,0.0030581039755351682,0
12865,197,2,1755.24,93,1048,296,877.62,524.0,0.006756756756756757,0
12866,102,3,1092.35,57,544,322,364.1166666666666,181.33333333333334,0.009316770186335404,1
12867,33,10,5549.31,302,5594,542,554.931,559.4,0.01845018450184502,0
12868,5,8,2247.06,86,1282,212,280.8825,160.25,0.03773584905660377,1
12869,501,1,337.66999999999996,35,144,501,337.66999999999996,144.0,0.001996007984031936,1
12870,194,3,1676.95,85,906,443,558.9833333333333,302.0,0.006772009029345372,1
12871,26,2,495.38,9,364,259,247.69,182.0,0.007722007722007722,0
12872,146,12,3662.4900000000002,217,1845,555,305.20750000000004,153.75,0.021621621621621623,1
12873,101,3,2027.3,33,786,501,675.7666666666667,262.0,0.005988023952095809,1
12874,204,2,873.42,43,618,373,436.71,309.0,0.005361930294906166,1
12875,182,4,1307.52,2,4896,517,326.88,1224.0,0.007736943907156673,0
12876,15,3,2365.2000000000003,91,1742,409,788.4000000000001,580.6666666666666,0.007334963325183374,0
12877,20,15,2088.41,80,1447,510,139.22733333333332,96.46666666666667,0.029411764705882353,0
12878,55,2,854.99,38,547,85,427.495,273.5,0.023529411764705882,1
12880,201,2,640.13,32,279,394,320.065,139.5,0.005076142131979695,1
12881,95,1,298.0,7,21,95,298.0,21.0,0.010526315789473684,1
12886,39,1,775.0,47,416,39,775.0,416.0,0.02564102564102564,0
12887,203,1,222.4,13,100,203,222.4,100.0,0.0049261083743842365,1
12888,33,2,354.12,4,76,74,177.06,38.0,0.02702702702702703,1
12889,200,4,385.46000000000004,25,124,321,96.36500000000001,31.0,0.012461059190031152,1
12890,206,1,329.3,56,201,206,329.3,201.0,0.0048543689320388345,0
12891,5,11,840.5,2,2325,478,76.4090909090909,211.36363636363637,0.02301255230125523,1
12892,216,1,263.38,18,140,216,263.38,140.0,0.004629629629629629,1
12894,394,1,157.35,21,33,394,157.35,33.0,0.0025380710659898475,1
12897,24,4,514.25,10,249,363,128.5625,62.25,0.011019283746556474,1
12898,283,2,296.21000000000004,27,235,479,148.10500000000002,117.5,0.0041753653444676405,1
12899,233,1,366.4,17,108,233,366.4,108.0,0.004291845493562232,1
12900,241,1,340.33,13,139,241,340.33,139.0,0.004149377593360996,1
12901,3,12,8061.8,22,8191,90,671.8166666666667,682.5833333333334,0.13333333333333333,0
12902,84,1,138.68,10,66,84,138.68,66.0,0.011904761904761904,1
12903,248,1,833.53,41,493,248,833.53,493.0,0.004032258064516129,1
12905,396,2,1018.42,52,532,501,509.21,266.0,0.003992015968063872,1
12907,215,2,508.91,23,177,313,254.455,88.5,0.006389776357827476,1
12908,132,4,1344.0,1,2400,449,336.0,600.0,0.008908685968819599,0
12909,21,6,2452.89,98,1454,473,408.815,242.33333333333334,0.012684989429175475,0
12910,17,8,3863.98,53,2594,440,482.9975,324.25,0.01818181818181818,0
12911,371,1,1651.72,220,807,371,1651.72,807.0,0.0026954177897574125,1
12913,102,11,5083.62,31,2158,558,462.1472727272727,196.1818181818182,0.01971326164874552,0
12914,220,1,223.98,9,336,220,223.98,336.0,0.004545454545454545,1
12915,192,3,1010.75,40,400,408,336.9166666666667,133.33333333333334,0.007352941176470588,0
12916,21,6,3786.36,75,1418,504,631.0600000000001,236.33333333333334,0.011904761904761904,0
12917,219,5,3765.2,44,984,549,753.04,196.8,0.009107468123861567,0
12920,390,3,323.86,32,292,544,107.95333333333333,97.33333333333333,0.0055147058823529415,0
12921,4,52,25405.27,232,16025,557,488.56288461538463,308.1730769230769,0.0933572710951526,0
12923,209,2,597.6,28,162,394,298.8,81.0,0.005076142131979695,0
12924,17,11,2183.02,44,1226,550,198.45636363636365,111.45454545454545,0.02,0
12925,412,1,35.28,5,108,412,35.28,108.0,0.0024271844660194173,0
12926,230,4,1523.59,201,752,544,380.8975,188.0,0.007352941176470588,1
12927,214,1,197.31,11,145,214,197.31,145.0,0.004672897196261682,1
12928,61,9,3022.23,76,1913,369,335.80333333333334,212.55555555555554,0.024390243902439025,0
12929,131,1,117.85,8,37,131,117.85,37.0,0.007633587786259542,1
12931,23,49,54212.08,23,38172,558,1106.3689795918367,779.0204081632653,0.08781362007168458,0
12932,358,8,1698.56,69,1609,487,212.32,201.125,0.01642710472279261,1
12933,103,6,1139.85,159,515,548,189.975,85.83333333333333,0.010948905109489052,0
12934,556,1,181.65,2,31,556,181.65,31.0,0.0017985611510791368,1
12935,23,10,2949.39,78,1976,426,294.93899999999996,197.6,0.023474178403755867,0
12937,16,7,2021.57,81,1244,555,288.79571428571427,177.71428571428572,0.012612612612612612,0
12939,92,15,20911.32,24,8276,516,1394.088,551.7333333333333,0.029069767441860465,0
12941,543,1,377.49,27,381,543,377.49,381.0,0.001841620626151013,1
12942,17,2,655.27,23,173,185,327.635,86.5,0.010810810810810811,0
12943,377,2,496.5,22,222,425,248.25,111.0,0.004705882352941176,1
12944,174,1,286.95,14,145,174,286.95,145.0,0.005747126436781609,0
12945,107,2,900.11,47,446,475,450.055,223.0,0.004210526315789474,1
12946,256,1,324.45,20,149,256,324.45,149.0,0.00390625,1
12947,1,5,1683.73,73,1265,192,336.746,253.0,0.026041666666666668,0
12948,34,5,1138.74,53,612,557,227.748,122.4,0.008976660682226212,0
12949,25,17,13610.18,311,7131,555,800.5988235294118,419.47058823529414,0.03063063063063063,0
12951,23,13,2774.53,101,1432,518,213.42538461538464,110.15384615384616,0.025096525096525095,0
12953,341,1,498.96000000000004,31,280,341,498.96000000000004,280.0,0.002932551319648094,0
12954,458,1,162.45,10,83,458,162.45,83.0,0.002183406113537118,1
12955,23,3,697.42,27,548,87,232.47333333333333,182.66666666666666,0.034482758620689655,0
12956,125,4,521.89,42,340,543,130.4725,85.0,0.007366482504604052,1
12957,5,9,6404.72,296,3385,548,711.6355555555556,376.1111111111111,0.016423357664233577,0
12958,219,2,467.34,45,118,402,233.67,59.0,0.004975124378109453,1
12959,303,1,150.95,8,109,303,150.95,109.0,0.0033003300330033004,1
12960,233,4,1322.07,49,1379,480,330.5175,344.75,0.008333333333333333,1
12961,198,1,211.99,37,180,198,211.99,180.0,0.005050505050505051,1
12963,185,5,2110.76,74,1100,338,422.15200000000004,220.0,0.014792899408284023,0
12964,256,1,132.24,26,56,256,132.24,56.0,0.00390625,1
12967,177,3,4306.92,47,1272,203,1435.64,424.0,0.014778325123152709,1
12969,422,1,122.45,5,55,422,122.45,55.0,0.002369668246445498,1
12970,141,8,1070.87,180,692,554,133.85875,86.5,0.01444043321299639,0
12971,9,71,9642.220000000001,77,8830,543,135.80591549295775,124.36619718309859,0.13075506445672191,0
12972,233,4,1161.2,69,844,480,290.3,211.0,0.008333333333333333,1
12973,233,1,385.55,6,31,233,385.55,31.0,0.004291845493562232,1
12974,17,2,408.95,27,104,385,204.475,52.0,0.005194805194805195,1
12975,256,6,2100.09,92,911,553,350.01500000000004,151.83333333333334,0.0108499095840868,1
12976,31,8,3156.38,106,2684,484,394.5475,335.5,0.01652892561983471,1
12977,321,3,474.64,45,116,330,158.21333333333334,38.666666666666664,0.00909090909090909,0
12978,204,5,2502.82,126,1394,549,500.564,278.8,0.009107468123861567,1
12979,548,1,517.7,56,520,548,517.7,520.0,0.0018248175182481751,1
12980,7,19,14329.86,7,1550,557,754.2031578947368,81.57894736842105,0.03411131059245961,0
12982,62,8,2744.81,139,1729,425,343.10125,216.125,0.018823529411764704,1
12983,417,1,490.08000000000004,30,638,417,490.08000000000004,638.0,0.002398081534772182,1
12986,248,10,2729.84,61,1164,507,272.98400000000004,116.4,0.01972386587771203,1
12987,17,4,1057.81,48,474,508,264.4525,118.5,0.007874015748031496,0
12988,111,1,505.82,75,126,111,505.82,126.0,0.009009009009009009,1
12989,19,25,9955.58,23,5462,548,398.2232,218.48,0.04562043795620438,0
12990,4,6,809.9,6,410,439,134.98333333333332,68.33333333333333,0.01366742596810934,0
12991,208,1,261.06,14,78,208,261.06,78.0,0.004807692307692308,0
12992,544,1,93.35000000000001,6,21,544,93.35000000000001,21.0,0.001838235294117647,1
12993,27,6,1020.17,54,603,479,170.02833333333334,100.5,0.012526096033402923,0
12994,88,1,352.6,22,166,88,352.6,166.0,0.011363636363636364,0
12996,195,1,355.5,22,122,195,355.5,122.0,0.005128205128205128,1
12997,55,6,1492.49,52,822,432,248.74833333333333,137.0,0.013888888888888888,0
12998,312,3,920.08,58,1124,473,306.6933333333333,374.6666666666667,0.006342494714587738,1
12999,15,3,455.88,25,342,65,151.96,114.0,0.046153846153846156,1
13000,79,3,956.1800000000001,56,476,544,318.7266666666667,158.66666666666666,0.0055147058823529415,0
13001,4,30,22069.18,295,12427,555,735.6393333333333,414.23333333333335,0.05405405405405406,0
13002,137,3,414.13,19,201,254,138.04333333333332,67.0,0.011811023622047244,1
13003,34,1,59.050000000000004,4,31,34,59.050000000000004,31.0,0.029411764705882353,0
13004,3,26,8755.96,322,6420,544,336.7676923076923,246.92307692307693,0.04779411764705882,0
13005,65,3,807.63,38,425,276,269.21,141.66666666666666,0.010869565217391304,0
13007,399,1,175.25,11,59,399,175.25,59.0,0.002506265664160401,1
13008,142,3,612.13,31,379,542,204.04333333333332,126.33333333333333,0.005535055350553505,1
13009,492,1,234.0,4,120,492,234.0,120.0,0.0020325203252032522,1
13010,193,2,330.12,10,323,468,165.06,161.5,0.004273504273504274,1
13011,191,1,101.10000000000001,3,26,191,101.10000000000001,26.0,0.005235602094240838,1
13012,32,6,2018.38,67,1052,411,336.3966666666667,175.33333333333334,0.014598540145985401,0
13013,32,20,10187.12,246,5473,545,509.35600000000005,273.65,0.03669724770642202,0
13014,39,4,3242.83,124,1463,252,810.7075,365.75,0.015873015873015872,0
13015,16,10,5003.18,202,2623,422,500.31800000000004,262.3,0.023696682464454975,0
13018,15,18,6159.42,285,3973,468,342.19,220.72222222222223,0.038461538461538464,0
13019,198,6,1229.95,46,397,552,204.99166666666667,66.16666666666667,0.010869565217391304,1
13020,382,2,618.96,38,278,479,309.48,139.0,0.0041753653444676405,1
13021,35,11,3035.86,106,1548,554,275.98727272727274,140.72727272727272,0.019855595667870037,0
13022,249,1,50.3,4,34,249,50.3,34.0,0.004016064257028112,1
13023,348,1,651.13,35,293,348,651.13,293.0,0.0028735632183908046,0
13024,290,2,555.87,26,181,401,277.935,90.5,0.004987531172069825,1
13025,551,1,323.39,13,241,551,323.39,241.0,0.0018148820326678765,1
13026,40,6,1001.44,25,1194,546,166.90666666666667,199.0,0.01098901098901099,0
13027,53,16,14167.2,7,35160,508,885.45,2197.5,0.031496062992125984,0
13029,172,3,1062.3,6,90,342,354.09999999999997,30.0,0.008771929824561403,0
13030,187,1,804.72,50,348,187,804.72,348.0,0.0053475935828877,0
13031,226,5,3292.84,275,2309,373,658.568,461.8,0.013404825737265416,1
13032,212,7,1805.78,110,899,279,257.9685714285714,128.42857142857142,0.025089605734767026,0
13033,176,2,220.55,12,98,249,110.275,49.0,0.008032128514056224,1
13034,188,2,445.77,16,269,220,222.885,134.5,0.00909090909090909,0
13035,80,2,775.32,22,494,250,387.66,247.0,0.008,0
13036,504,1,307.1,6,38,504,307.1,38.0,0.001984126984126984,1
13037,38,11,3611.2000000000003,174,1993,555,328.2909090909091,181.1818181818182,0.01981981981981982,0
13038,3,2,591.76,22,280,110,295.88,140.0,0.01818181818181818,0
13039,403,4,1010.73,37,290,541,252.6825,72.5,0.0073937153419593345,1
13041,270,4,799.13,23,335,409,199.7825,83.75,0.009779951100244499,1
13042,417,3,1488.59,164,812,551,496.19666666666666,270.6666666666667,0.0054446460980036296,1
13043,92,1,516.42,13,254,92,516.42,254.0,0.010869565217391304,1
13044,110,11,4848.05,356,2548,519,440.7318181818182,231.63636363636363,0.02119460500963391,1
13045,221,2,503.64,25,184,305,251.82,92.0,0.006557377049180328,0
13046,85,2,517.66,31,317,275,258.83,158.5,0.007272727272727273,0
13047,38,20,7229.3,147,2719,543,361.46500000000003,135.95,0.03683241252302026,0
13048,57,7,3153.14,115,2086,500,450.4485714285714,298.0,0.014,0
13049,137,3,905.34,12,430,220,301.78000000000003,143.33333333333334,0.013636363636363636,0
13050,4,27,9827.57,482,5464,543,363.98407407407404,202.37037037037038,0.049723756906077346,0
13051,398,2,155.8,4,72,439,77.9,36.0,0.004555808656036446,1
13052,31,7,3118.48,160,1423,474,445.4971428571429,203.28571428571428,0.014767932489451477,1
13053,441,1,127.65,17,47,441,127.65,47.0,0.0022675736961451248,1
13055,33,2,1451.56,99,1179,249,725.78,589.5,0.008032128514056224,0
13056,370,1,209.48,18,158,370,209.48,158.0,0.002702702702702703,1
13057,349,3,709.59,34,456,451,236.53,152.0,0.0066518847006651885,1
13059,69,10,2291.77,155,860,438,229.177,86.0,0.0228310502283105,1
13060,73,1,307.53,15,123,73,307.53,123.0,0.0136986301369863,1
13062,10,1,346.98,11,343,10,346.98,343.0,0.1,1
13063,300,1,188.4,12,116,300,188.4,116.0,0.0033333333333333335,1
13064,146,3,764.55,21,214,411,254.85,71.33333333333333,0.0072992700729927005,0
13065,192,5,1260.91,49,455,367,252.18200000000002,91.0,0.013623978201634877,1
13067,229,2,393.05,13,99,265,196.525,49.5,0.007547169811320755,0
13068,139,1,165.0,1,100,139,165.0,100.0,0.007194244604316547,0
13069,0,30,8090.76,528,12366,362,269.692,412.2,0.08287292817679558,0
13070,11,4,751.7,12,372,551,187.925,93.0,0.007259528130671506,1
13071,431,1,129.22,12,30,431,129.22,30.0,0.002320185614849188,1
13072,86,1,177.15,7,69,86,177.15,69.0,0.011627906976744186,1
13073,230,2,418.08,25,261,257,209.04,130.5,0.007782101167315175,1
13074,330,4,1378.74,26,826,543,344.685,206.5,0.007366482504604052,1
13076,277,1,135.4,9,44,277,135.4,44.0,0.0036101083032490976,1
13077,109,10,2902.54,176,2515,548,290.254,251.5,0.01824817518248175,0
13078,20,41,21371.670000000002,131,7993,558,521.260243902439,194.9512195121951,0.07347670250896057,0
13079,236,1,199.08,11,96,236,199.08,96.0,0.00423728813559322,0
13080,220,3,222.65,11,73,428,74.21666666666667,24.333333333333332,0.007009345794392523,0
13081,37,24,45331.28,628,31931,550,1888.8033333333333,1330.4583333333333,0.04363636363636364,0
13082,55,17,5682.3,86,6979,536,334.2529411764706,410.52941176470586,0.03171641791044776,0
13083,244,1,91.67999999999999,4,120,244,91.67999999999999,120.0,0.004098360655737705,0
13084,311,1,122.39999999999999,2,144,311,122.39999999999999,144.0,0.003215434083601286,1
13085,114,7,2295.3,46,900,558,327.90000000000003,128.57142857142858,0.012544802867383513,0
13086,202,1,439.33000000000004,47,155,202,439.33000000000004,155.0,0.0049504950495049506,1
13087,545,1,313.64,15,86,545,313.64,86.0,0.001834862385321101,1
13088,236,1,236.11,19,76,236,236.11,76.0,0.00423728813559322,1
13089,5,160,87352.62,699,44711,556,545.9538749999999,279.44375,0.28776978417266186,0
13090,58,16,8270.92,111,1904,313,516.9325,119.0,0.051118210862619806,0
13091,549,1,762.98,23,872,549,762.98,872.0,0.0018214936247723133,0
13092,31,11,2102.2,48,480,487,191.1090909090909,43.63636363636363,0.022587268993839837,0
13093,95,55,54943.65,199,26227,555,998.9754545454546,476.8545454545455,0.0990990990990991,1
13094,11,9,1598.88,5,1320,208,177.65333333333334,146.66666666666666,0.04326923076923077,0
13096,213,1,419.70000000000005,1,6,213,419.70000000000005,6.0,0.004694835680751174,1
13097,52,22,10014.3,337,4246,557,455.19545454545454,193.0,0.03949730700179533,0
13098,5,9,7734.97,95,4354,136,859.4411111111111,483.77777777777777,0.0661764705882353,0
13101,53,4,695.4,48,478,500,173.85,119.5,0.008,1
13102,18,28,9041.99,168,4871,401,322.92821428571426,173.96428571428572,0.06982543640897755,0
13103,257,2,465.70000000000005,21,344,396,232.85000000000002,172.0,0.005050505050505051,0
13104,86,5,824.34,5,462,472,164.868,92.4,0.01059322033898305,0
13105,255,1,72.0,1,100,255,72.0,100.0,0.00392156862745098,1
13106,232,1,526.96,15,213,232,526.96,213.0,0.004310344827586207,0
13107,153,6,4288.29,113,3491,493,714.715,581.8333333333334,0.012170385395537525,0
13108,192,2,1098.52,27,1043,254,549.26,521.5,0.007874015748031496,1
13109,370,1,347.49,23,237,370,347.49,237.0,0.002702702702702703,0
13110,76,8,2201.29,128,580,557,275.16125,72.5,0.01436265709156194,0
13111,538,1,321.88000000000005,12,180,538,321.88000000000005,180.0,0.0018587360594795538,1
13112,360,1,20.6,2,11,360,20.6,11.0,0.002777777777777778,1
13113,12,29,15213.24,155,3560,440,524.5944827586206,122.75862068965517,0.0659090909090909,0
13114,550,1,234.38,16,74,550,234.38,74.0,0.0018181818181818182,1
13115,3,7,4078.4700000000003,161,2988,418,582.6385714285715,426.85714285714283,0.01674641148325359,0
13117,37,16,2410.27,113,1733,442,150.641875,108.3125,0.03619909502262444,0
13118,27,7,2017.3,85,698,258,288.18571428571425,99.71428571428571,0.027131782945736434,0
13119,488,1,134.9,11,110,488,134.9,110.0,0.0020491803278688526,1
13120,58,1,30.599999999999998,1,12,58,30.599999999999998,12.0,0.017241379310344827,1
13121,88,1,283.73,50,252,88,283.73,252.0,0.011363636363636364,1
13122,59,1,903.67,54,537,59,903.67,537.0,0.01694915254237288,0
13123,292,2,506.75,36,268,349,253.375,134.0,0.0057306590257879654,1
13124,71,3,3401.8,163,2220,204,1133.9333333333334,740.0,0.014705882352941176,0
13125,343,1,148.62,20,53,343,148.62,53.0,0.0029154518950437317,1
13126,72,10,2976.03,123,2328,467,297.603,232.8,0.021413276231263382,0
13128,450,1,263.5,1,31,450,263.5,31.0,0.0022222222222222222,1
13129,271,2,233.25,10,296,349,116.625,148.0,0.0057306590257879654,1
13131,7,5,2565.37,98,1204,488,513.074,240.8,0.010245901639344262,0
13132,81,1,77.3,3,20,81,77.3,20.0,0.012345679012345678,1
13133,93,3,200.45000000000002,12,55,278,66.81666666666668,18.333333333333332,0.01079136690647482,1
13134,3,5,1567.39,61,635,235,313.478,127.0,0.02127659574468085,0
13135,16,2,3371.45,18,4423,310,1685.725,2211.5,0.0064516129032258064,1
13136,32,9,4241.41,160,2057,550,471.2677777777778,228.55555555555554,0.016363636363636365,0
13137,72,10,4831.09,482,2560,321,483.10900000000004,256.0,0.03115264797507788,0
13138,60,3,891.7,31,442,216,297.23333333333335,147.33333333333334,0.013888888888888888,0
13139,34,3,4308.06,123,2647,257,1436.0200000000002,882.3333333333334,0.011673151750972763,0
13140,185,3,948.97,68,535,310,316.3233333333333,178.33333333333334,0.00967741935483871,0
13141,33,16,6668.36,259,4553,549,416.7725,284.5625,0.029143897996357013,0
13143,404,1,405.1,23,198,404,405.1,198.0,0.0024752475247524753,1
13144,152,2,135.35,6,29,250,67.675,14.5,0.008,1
13145,191,4,1100.0,2,122,419,275.0,30.5,0.00954653937947494,0
13148,52,20,6584.4400000000005,375,3347,551,329.22200000000004,167.35,0.036297640653357534,0
13149,108,1,376.74,18,276,108,376.74,276.0,0.009259259259259259,0
13150,303,3,449.96999999999997,7,171,450,149.98999999999998,57.0,0.006666666666666667,1
13151,115,3,2454.71,130,788,447,818.2366666666667,262.6666666666667,0.006711409395973154,1
13152,236,7,2146.38,114,977,514,306.6257142857143,139.57142857142858,0.013618677042801557,1
13154,218,3,1624.84,78,976,555,541.6133333333333,325.3333333333333,0.005405405405405406,1
13155,146,4,1347.6200000000001,68,674,311,336.90500000000003,168.5,0.012861736334405145,0
13156,204,3,1586.54,94,914,495,528.8466666666667,304.6666666666667,0.006060606060606061,1
13157,60,7,4444.08,128,3797,461,634.8685714285714,542.4285714285714,0.015184381778741865,0
13158,138,2,563.53,37,343,207,281.765,171.5,0.00966183574879227,0
13161,132,2,472.13,30,105,320,236.065,52.5,0.00625,1
13162,3,15,8892.64,172,5438,554,592.8426666666667,362.53333333333336,0.02707581227436823,0
13163,429,1,17.65,2,3,429,17.65,3.0,0.002331002331002331,1
13164,388,2,372.2,7,120,487,186.1,60.0,0.004106776180698152,1
13165,170,2,784.32,20,856,232,392.16,428.0,0.008620689655172414,0
13166,102,2,875.93,55,522,233,437.965,261.0,0.008583690987124463,1
13167,209,1,333.82,16,222,209,333.82,222.0,0.004784688995215311,0
13168,18,4,1494.2,119,773,361,373.55,193.25,0.0110803324099723,0
13169,71,2,632.4000000000001,11,120,381,316.20000000000005,60.0,0.005249343832020997,0
13171,118,1,140.35,23,53,118,140.35,53.0,0.00847457627118644,0
13172,219,1,69.6,1,48,219,69.6,48.0,0.0045662100456621,1
13173,186,10,2368.05,146,1430,548,236.805,143.0,0.01824817518248175,0
13174,135,10,8632.76,562,4039,554,863.2760000000001,403.9,0.018050541516245487,0
13175,401,2,831.45,40,423,555,415.725,211.5,0.0036036036036036037,1
13177,250,1,229.75,13,89,250,229.75,89.0,0.004,0
13178,23,15,11052.92,179,6811,542,736.8613333333334,454.06666666666666,0.027675276752767528,0
13179,438,1,572.3100000000001,34,368,438,572.3100000000001,368.0,0.00228310502283105,1
13180,426,1,86.10000000000001,4,42,426,86.10000000000001,42.0,0.002347417840375587,1
13181,200,1,359.69,19,171,200,359.69,171.0,0.005,1
13183,28,9,4605.4800000000005,43,2735,455,511.72,303.8888888888889,0.01978021978021978,0
13184,4,5,918.97,75,941,109,183.794,188.2,0.045871559633027525,0
13185,87,1,71.4,1,12,87,71.4,12.0,0.011494252873563218,1
13187,156,4,328.36,50,283,443,82.09,70.75,0.009029345372460496,1
13190,363,3,570.66,16,308,552,190.22,102.66666666666667,0.005434782608695652,1
13191,477,1,159.21,57,111,477,159.21,111.0,0.0020964360587002098,1
13192,24,5,2110.96,113,1332,506,422.192,266.4,0.009881422924901186,0
13194,241,1,412.08,7,300,241,412.08,300.0,0.004149377593360996,0
13195,233,1,136.73,43,70,233,136.73,70.0,0.004291845493562232,1
13196,81,4,1783.19,89,1102,436,445.7975,275.5,0.009174311926605505,0
13197,429,1,373.01000000000005,19,204,429,373.01000000000005,204.0,0.002331002331002331,1
13198,69,5,3660.7400000000002,207,2481,253,732.148,496.2,0.019762845849802372,0
13199,16,44,10340.93,40,8718,554,235.02113636363637,198.13636363636363,0.07942238267148015,0
13201,321,4,1233.06,65,1036,462,308.265,259.0,0.008658008658008658,1
13202,213,7,1580.3,55,572,550,225.75714285714284,81.71428571428571,0.012727272727272728,1
13203,61,7,1944.5,115,1758,541,277.7857142857143,251.14285714285714,0.012939001848428836,0
13204,550,1,966.6600000000001,57,428,550,966.6600000000001,428.0,0.0018181818181818182,1
13205,262,1,2803.2,1,256,262,2803.2,256.0,0.003816793893129771,1
13206,219,13,8308.19,393,7086,551,639.0915384615384,545.0769230769231,0.023593466424682397,1
13207,270,2,285.6,4,48,431,142.8,24.0,0.004640371229698376,0
13208,26,6,1452.61,162,1024,555,242.10166666666666,170.66666666666666,0.010810810810810811,0
13209,47,8,4980.34,170,3391,503,622.5425,423.875,0.015904572564612324,0
13211,180,8,1634.05,75,1057,552,204.25625,132.125,0.014492753623188406,0
13213,2,9,2882.4700000000003,136,1927,387,320.2744444444445,214.11111111111111,0.023255813953488372,0
13214,237,7,3264.23,207,2966,465,466.31857142857143,423.7142857142857,0.015053763440860216,1
13215,221,1,81.6,1,96,221,81.6,96.0,0.004524886877828055,1
13216,87,1,333.74,5,297,87,333.74,297.0,0.011494252873563218,1
13217,475,1,132.5,1,250,475,132.5,250.0,0.002105263157894737,0
13219,437,1,76.23,11,11,437,76.23,11.0,0.002288329519450801,1
13220,5,4,1243.29,43,332,395,310.8225,83.0,0.010126582278481013,0
13221,59,2,844.86,61,243,178,422.43,121.5,0.011235955056179775,1
13222,396,1,88.5,1,30,396,88.5,30.0,0.0025252525252525255,1
13223,19,6,969.1200000000001,8,568,484,161.52,94.66666666666667,0.012396694214876033,1
13225,16,13,13538.11,54,5853,542,1041.393076923077,450.2307692307692,0.023985239852398525,0
13226,92,2,312.46,28,179,212,156.23,89.5,0.009433962264150943,1
13227,21,1,257.7,9,99,21,257.7,99.0,0.047619047619047616,1
13229,45,1,160.95,10,63,45,160.95,63.0,0.022222222222222223,1
13230,21,25,5210.96,541,2786,450,208.4384,111.44,0.05555555555555555,0
13232,0,4,860.85,104,545,62,215.2125,136.25,0.06451612903225806,0
13233,155,3,875.58,49,1004,513,291.86,334.6666666666667,0.005847953216374269,0
13234,492,2,346.5,56,159,552,173.25,79.5,0.0036231884057971015,1
13235,31,1,1031.07,53,441,31,1031.07,441.0,0.03225806451612903,1
13237,207,1,643.0,24,128,207,643.0,128.0,0.004830917874396135,1
13238,179,3,397.05,13,177,409,132.35,59.0,0.007334963325183374,0
13239,81,5,1594.69,86,1151,321,318.938,230.2,0.01557632398753894,1
13240,76,6,1458.22,146,745,471,243.03666666666666,124.16666666666667,0.012738853503184714,0
13241,231,1,112.53,40,46,231,112.53,46.0,0.004329004329004329,1
13242,33,6,533.0,15,270,487,88.83333333333333,45.0,0.012320328542094456,0
13243,22,5,1220.38,165,554,450,244.07600000000002,110.8,0.011111111111111112,1
13245,251,1,558.72,29,246,251,558.72,246.0,0.00398406374501992,0
13246,26,9,3016.27,207,2533,344,335.1411111111111,281.44444444444446,0.02616279069767442,0
13248,8,1,387.46999999999997,21,251,8,387.46999999999997,251.0,0.125,0
13249,80,7,1189.3600000000001,2,940,504,169.90857142857143,134.28571428571428,0.013888888888888888,0
13250,280,2,253.09,17,107,321,126.545,53.5,0.006230529595015576,1
13251,221,1,252.68,25,215,221,252.68,215.0,0.004524886877828055,1
13252,213,2,399.3,19,134,445,199.65,67.0,0.0044943820224719105,1
13253,158,3,2397.19,55,2067,523,799.0633333333334,689.0,0.0057361376673040155,0
13254,195,1,51.410000000000004,4,43,195,51.410000000000004,43.0,0.005128205128205128,1
13255,193,2,730.65,19,450,331,365.325,225.0,0.006042296072507553,0
13257,255,1,149.75,7,33,255,149.75,33.0,0.00392156862745098,1
13258,24,3,535.4699999999999,14,241,220,178.48999999999998,80.33333333333333,0.013636363636363636,0
13259,217,8,1115.61,180,376,518,139.45125,47.0,0.015444015444015444,0
13261,88,2,944.1,8,210,105,472.05,105.0,0.01904761904761905,1
13262,82,3,573.45,48,247,420,191.15,82.33333333333333,0.007142857142857143,1
13263,10,19,4673.77,374,2622,232,245.98789473684212,138.0,0.08189655172413793,0
13264,262,1,722.5600000000001,38,375,262,722.5600000000001,375.0,0.003816793893129771,1
13265,3,3,1450.66,44,1126,93,483.55333333333334,375.3333333333333,0.03225806451612903,0
13266,4,13,4127.21,120,4781,542,317.47769230769234,367.7692307692308,0.023985239852398525,0
13267,19,28,7446.91,126,3071,551,265.9610714285714,109.67857142857143,0.050816696914700546,0
13268,18,5,1810.34,199,2193,86,362.068,438.6,0.05813953488372093,0
13269,37,18,5590.75,185,4387,557,310.59722222222223,243.72222222222223,0.03231597845601436,0
13270,185,1,1180.0,1,400,185,1180.0,400.0,0.005405405405405406,1
13274,228,1,360.85,19,199,228,360.85,199.0,0.0043859649122807015,1
13275,203,2,238.86,48,138,451,119.43,69.0,0.004434589800443459,1
13276,216,3,1300.98,184,679,461,433.66,226.33333333333334,0.006507592190889371,0
13277,199,3,264.9,7,206,359,88.3,68.66666666666667,0.008356545961002786,0
13278,219,3,882.62,47,796,430,294.20666666666665,265.3333333333333,0.0069767441860465115,0
13280,135,6,2177.83,157,1419,464,362.97166666666664,236.5,0.01293103448275862,0
13281,258,1,350.85,22,201,258,350.85,201.0,0.003875968992248062,1
13282,40,2,525.75,27,187,225,262.875,93.5,0.008888888888888889,0
13283,5,3,305.2,14,144,459,101.73333333333333,48.0,0.006535947712418301,0
13284,150,1,201.19,13,91,150,201.19,91.0,0.006666666666666667,1
13285,45,4,1828.74,112,1320,443,457.185,330.0,0.009029345372460496,0
13286,419,1,734.91,46,274,419,734.91,274.0,0.002386634844868735,1
13287,422,3,781.59,46,429,524,260.53000000000003,143.0,0.0057251908396946565,1
13288,262,5,927.61,7,379,485,185.522,75.8,0.010309278350515464,1
13289,543,1,307.95,16,119,543,307.95,119.0,0.001841620626151013,1
13291,233,10,2909.68,134,1367,485,290.96799999999996,136.7,0.020618556701030927,0
13292,103,4,665.14,41,316,345,166.285,79.0,0.011594202898550725,0
13293,211,6,1192.94,51,555,488,198.82333333333335,92.5,0.012295081967213115,1
13294,9,3,1689.53,93,996,465,563.1766666666666,332.0,0.0064516129032258064,1
13295,179,4,1101.97,56,733,396,275.4925,183.25,0.010101010101010102,1
13296,243,5,705.11,46,575,396,141.022,115.0,0.012626262626262626,0
13297,204,3,2278.77,58,1731,362,759.59,577.0,0.008287292817679558,0
13299,87,3,1218.7,56,416,348,406.23333333333335,138.66666666666666,0.008620689655172414,1
13300,207,2,913.62,29,252,393,456.81,126.0,0.005089058524173028,0
13301,42,2,327.77,40,189,111,163.885,94.5,0.018018018018018018,0
13302,346,1,95.45,2,7,346,95.45,7.0,0.002890173410404624,0
13303,219,1,61.72,4,26,219,61.72,26.0,0.0045662100456621,1
13304,170,4,1217.99,59,716,489,304.4975,179.0,0.0081799591002045,1
13305,64,10,2392.0,123,1615,458,239.2,161.5,0.021834061135371178,0
13306,249,1,53.65,4,74,249,53.65,74.0,0.004016064257028112,1
13307,306,2,258.34,14,136,411,129.17,68.0,0.004866180048661801,0
13308,22,2,1099.81,42,749,416,549.905,374.5,0.004807692307692308,0
13309,26,3,796.22,59,986,212,265.4066666666667,328.6666666666667,0.014150943396226415,0
13310,25,4,1226.82,65,624,221,306.705,156.0,0.01809954751131222,0
13312,270,1,124.75,5,41,270,124.75,41.0,0.003703703703703704,1
13313,34,9,2499.7400000000002,89,1788,556,277.7488888888889,198.66666666666666,0.01618705035971223,0
13315,508,1,310.26,22,232,508,310.26,232.0,0.001968503937007874,1
13316,73,7,8830.37,71,16471,459,1261.4814285714288,2353.0,0.015250544662309368,0
13317,18,18,5526.3910000000005,181,2614,546,307.02172222222225,145.22222222222223,0.03296703296703297,0
13319,6,45,16246.85,268,6672,552,361.0411111111111,148.26666666666668,0.08152173913043478,0
13320,33,4,1188.01,62,849,298,297.0025,212.25,0.013422818791946308,0
13324,22,15,7190.51,30,5716,383,479.36733333333336,381.06666666666666,0.0391644908616188,0
13326,251,1,281.76,13,140,251,281.76,140.0,0.00398406374501992,1
13327,5,16,8042.45,156,3746,540,502.653125,234.125,0.02962962962962963,0
13328,135,1,1308.48,17,680,135,1308.48,680.0,0.007407407407407408,1
13329,186,7,4628.17,60,3198,554,661.1671428571428,456.85714285714283,0.01263537906137184,0
13330,5,5,2383.39,66,1600,474,476.678,320.0,0.010548523206751054,0
13331,221,1,262.4,12,54,221,262.4,54.0,0.004524886877828055,1
13333,230,3,1015.74,54,685,478,338.58,228.33333333333334,0.006276150627615063,1
13334,10,4,5408.07,280,2777,472,1352.0175,694.25,0.00847457627118644,0
13337,365,1,1575.26,87,980,365,1575.26,980.0,0.0027397260273972603,1
13338,361,3,1908.6,100,894,523,636.1999999999999,298.0,0.0057361376673040155,0
13339,20,1,860.12,54,326,20,860.12,326.0,0.05,1
13340,96,6,15042.11,116,5471,474,2507.0183333333334,911.8333333333334,0.012658227848101266,0
13341,80,1,775.85,42,301,80,775.85,301.0,0.0125,1
13344,97,1,1656.15,68,599,97,1656.15,599.0,0.010309278350515464,0
13345,107,1,339.5,19,140,107,339.5,140.0,0.009345794392523364,1
13346,282,6,299.4,4,180,416,49.9,30.0,0.014423076923076924,1
13357,76,5,3795.0099999999998,283,2087,446,759.002,417.4,0.011210762331838564,1
13358,88,1,389.03,28,284,88,389.03,284.0,0.011363636363636364,1
13359,222,1,553.75,32,219,222,553.75,219.0,0.0045045045045045045,0
13360,251,4,1503.65,57,941,520,375.9125,235.25,0.007692307692307693,1
13361,291,2,1450.5,29,324,437,725.25,162.0,0.004576659038901602,1
13362,65,5,3884.86,161,1826,244,776.972,365.2,0.020491803278688523,0
13363,229,1,731.36,42,436,229,731.36,436.0,0.004366812227074236,0
13365,37,1,700.6,39,404,37,700.6,404.0,0.02702702702702703,0
13367,251,1,460.20000000000005,19,252,251,460.20000000000005,252.0,0.00398406374501992,1
13368,76,4,1021.5,44,604,243,255.375,151.0,0.01646090534979424,1
13369,185,1,516.5600000000001,13,296,185,516.5600000000001,296.0,0.005405405405405406,1
13370,191,1,1509.74,39,686,191,1509.74,686.0,0.005235602094240838,1
13371,324,2,2297.66,75,1019,451,1148.83,509.5,0.004434589800443459,1
13373,95,4,5262.64,222,3070,553,1315.66,767.5,0.007233273056057866,0
13374,234,2,372.8,16,134,269,186.4,67.0,0.007434944237918215,1
13375,264,1,1013.58,34,682,264,1013.58,682.0,0.003787878787878788,0
13376,23,2,670.0,33,354,53,335.0,177.0,0.03773584905660377,0
13377,216,2,1452.88,70,746,465,726.44,373.0,0.004301075268817204,1
13380,252,1,62.4,3,48,252,62.4,48.0,0.003968253968253968,1
13381,26,8,5656.41,125,3693,557,707.05125,461.625,0.01436265709156194,0
13382,100,5,1387.58,74,863,551,277.51599999999996,172.6,0.009074410163339383,1
13383,363,1,305.28000000000003,1,288,363,305.28000000000003,288.0,0.0027548209366391185,1
13384,209,4,2528.9,81,1720,320,632.225,430.0,0.0125,0
13385,149,1,534.57,35,281,149,534.57,281.0,0.006711409395973154,1
13386,233,2,835.46,24,514,256,417.73,257.0,0.0078125,1
13387,236,1,181.84,70,117,236,181.84,117.0,0.00423728813559322,1
13388,423,1,508.55,34,419,423,508.55,419.0,0.002364066193853428,0
13389,52,1,257.89,18,115,52,257.89,115.0,0.019230769230769232,0
13391,23,1,59.8,1,4,23,59.8,4.0,0.043478260869565216,1
13392,496,1,91.14,8,82,496,91.14,82.0,0.0020161290322580645,1
13393,403,4,1131.45,53,662,551,282.8625,165.5,0.007259528130671506,1
13394,34,14,5037.01,199,3681,558,359.7864285714286,262.92857142857144,0.025089605734767026,0
13395,4,3,1180.23,77,1660,240,393.41,553.3333333333334,0.0125,1
13396,138,1,387.27000000000004,15,139,138,387.27000000000004,139.0,0.007246376811594203,0
13397,2,8,2628.21,61,1206,508,328.52625,150.75,0.015748031496062992,0
13398,11,2,670.34,37,341,268,335.17,170.5,0.007462686567164179,1
13399,283,3,275.4,10,120,338,91.8,40.0,0.008875739644970414,1
13400,402,1,310.83,23,284,402,310.83,284.0,0.0024875621890547263,1
13402,191,3,1222.18,43,818,384,407.3933333333334,272.6666666666667,0.0078125,0
13403,207,2,154.5,6,70,542,77.25,35.0,0.0036900369003690036,0
13404,32,1,217.81,9,99,32,217.81,99.0,0.03125,0
13405,23,5,1198.81,32,853,543,239.762,170.6,0.009208103130755065,1
13406,246,2,568.92,7,292,451,284.46,146.0,0.004434589800443459,1
13407,398,3,2244.7,85,1690,481,748.2333333333332,563.3333333333334,0.006237006237006237,1
13408,10,70,35121.332,235,20077,555,501.7333142857143,286.8142857142857,0.12612612612612611,0
13410,6,7,1743.94,21,1026,550,249.1342857142857,146.57142857142858,0.012727272727272728,0
13412,439,1,487.34999999999997,33,176,439,487.34999999999997,176.0,0.002277904328018223,1
13413,459,6,429.44,38,455,506,71.57333333333334,75.83333333333333,0.011857707509881422,1
13414,116,4,1493.64,27,1728,422,373.41,432.0,0.009478672985781991,0
13415,292,4,784.17,85,496,547,196.0425,124.0,0.007312614259597806,1
13416,555,1,228.3,7,66,555,228.3,66.0,0.0018018018018018018,0
13417,24,5,1264.66,42,442,489,252.93200000000002,88.4,0.010224948875255624,0
13418,23,22,9396.07,250,5396,547,427.0940909090909,245.27272727272728,0.04021937842778794,0
13421,109,7,3039.58,156,1693,482,434.2257142857143,241.85714285714286,0.014522821576763486,0
13423,248,1,217.03,12,141,248,217.03,141.0,0.004032258064516129,1
13424,269,1,572.77,40,529,269,572.77,529.0,0.0037174721189591076,1
13425,114,3,2167.79,96,1517,398,722.5966666666667,505.6666666666667,0.007537688442211055,0
13426,2,17,6084.74,127,3822,549,357.9258823529412,224.8235294117647,0.030965391621129327,0
13427,34,4,638.4300000000001,23,465,541,159.60750000000002,116.25,0.0073937153419593345,0
13428,333,2,276.76,66,205,333,138.38,102.5,0.006006006006006006,0
13431,225,6,2047.14,74,898,479,341.19,149.66666666666666,0.012526096033402923,0
13432,390,2,436.55,97,214,431,218.275,107.0,0.004640371229698376,1
13433,320,4,658.3199999999999,22,190,516,164.57999999999998,47.5,0.007751937984496124,1
13434,204,3,1132.6200000000001,14,564,475,377.54,188.0,0.00631578947368421,0
13435,8,3,1081.16,56,1035,319,360.3866666666667,345.0,0.009404388714733543,0
13437,9,1,1440.9,80,398,9,1440.9,398.0,0.1111111111111111,0
13438,366,1,46.5,1,10,366,46.5,10.0,0.00273224043715847,1
13439,74,3,986.61,132,952,345,328.87,317.3333333333333,0.008695652173913044,1
13440,242,7,1295.25,49,573,271,185.03571428571428,81.85714285714286,0.025830258302583026,1
13441,251,1,424.26,25,316,251,424.26,316.0,0.00398406374501992,0
13442,486,3,419.87,33,115,557,139.95666666666668,38.333333333333336,0.005385996409335727,1
13443,268,6,1269.3700000000001,175,802,496,211.5616666666667,133.66666666666666,0.012096774193548387,1
13444,193,2,619.08,51,331,325,309.54,165.5,0.006153846153846154,1
13445,445,1,241.89999999999998,7,198,445,241.89999999999998,198.0,0.0022471910112359553,1
13446,249,11,3881.89,113,2403,483,352.8990909090909,218.45454545454547,0.022774327122153208,1
13448,38,10,6718.75,270,3428,553,671.875,342.8,0.018083182640144666,0
13450,24,9,2754.86,47,2914,422,306.09555555555556,323.77777777777777,0.02132701421800948,0
13451,30,9,5780.14,489,4193,447,642.2377777777779,465.8888888888889,0.020134228187919462,0
13452,78,3,729.8,2,6,292,243.26666666666665,2.0,0.010273972602739725,1
13453,109,2,609.71,28,283,221,304.855,141.5,0.00904977375565611,0
13454,460,1,219.87,23,198,460,219.87,198.0,0.002173913043478261,1
13455,185,5,2540.53,70,821,550,508.10600000000005,164.2,0.00909090909090909,0
13456,26,1,207.66,13,100,26,207.66,100.0,0.038461538461538464,0
13457,508,2,148.22,9,96,557,74.11,48.0,0.003590664272890485,1
13458,9,9,8572.78,232,4969,207,952.5311111111112,552.1111111111111,0.043478260869565216,0
13459,444,2,1160.4099999999999,57,986,501,580.2049999999999,493.0,0.003992015968063872,1
13461,226,3,2715.0,25,1962,416,905.0,654.0,0.007211538461538462,0
13462,72,5,1153.85,64,697,545,230.76999999999998,139.4,0.009174311926605505,1
13464,214,5,2422.96,95,1037,437,484.592,207.4,0.011441647597254004,0
13465,265,2,931.12,34,584,405,465.56,292.0,0.0049382716049382715,1
13466,3,5,1013.35,49,660,447,202.67000000000002,132.0,0.011185682326621925,1
13468,20,56,11261.66,253,4707,555,201.10107142857143,84.05357142857143,0.1009009009009009,0
13469,472,1,82.4,6,52,472,82.4,52.0,0.00211864406779661,1
13472,283,2,592.24,24,310,375,296.12,155.0,0.005333333333333333,1
13473,152,7,2476.38,56,932,543,353.7685714285714,133.14285714285714,0.01289134438305709,0
13474,55,3,646.59,116,318,314,215.53,106.0,0.009554140127388535,1
13475,10,4,1431.78,64,1012,118,357.945,253.0,0.03389830508474576,1
13476,100,4,1550.6000000000001,61,460,464,387.65000000000003,115.0,0.008620689655172414,0
13477,30,7,1880.62,84,1337,503,268.65999999999997,191.0,0.013916500994035786,0
13478,288,5,2215.78,114,1189,496,443.15600000000006,237.8,0.010080645161290322,1
13479,20,4,851.37,45,716,296,212.8425,179.0,0.013513513513513514,1
13480,236,2,627.82,40,362,499,313.91,181.0,0.004008016032064128,1
13481,11,8,3005.27,128,1549,555,375.65875,193.625,0.014414414414414415,0
13482,51,2,336.09,20,187,447,168.045,93.5,0.0044742729306487695,1
13484,60,3,790.72,38,224,459,263.5733333333333,74.66666666666667,0.006535947712418301,1
13485,52,11,3015.2200000000003,130,1797,555,274.1109090909091,163.36363636363637,0.01981981981981982,1
13487,32,4,680.27,26,310,554,170.0675,77.5,0.007220216606498195,0
13488,16,16,12150.0,306,5905,503,759.375,369.0625,0.03180914512922465,0
13489,108,2,235.68,6,352,114,117.84,176.0,0.017543859649122806,0
13490,473,1,154.25,8,25,473,154.25,25.0,0.0021141649048625794,1
13491,66,25,4382.37,133,2240,552,175.2948,89.6,0.04528985507246377,0
13492,34,1,315.3,15,114,34,315.3,114.0,0.029411764705882353,0
13493,94,2,498.63,5,377,106,249.315,188.5,0.018867924528301886,1
13494,131,1,316.26000000000005,18,162,131,316.26000000000005,162.0,0.007633587786259542,1
13495,51,8,4401.82,50,2330,552,550.2275,291.25,0.014492753623188406,0
13496,179,1,501.01,26,229,179,501.01,229.0,0.00558659217877095,0
13497,102,6,1320.33,52,579,489,220.05499999999998,96.5,0.012269938650306749,1
13498,549,1,327.38,17,362,549,327.38,362.0,0.0018214936247723133,1
13499,44,2,463.79,18,265,89,231.895,132.5,0.02247191011235955,0
13500,220,1,299.53,20,229,220,299.53,229.0,0.004545454545454545,0
13501,107,3,2885.11,90,1253,389,961.7033333333334,417.6666666666667,0.007712082262210797,1
13502,94,4,677.66,20,336,368,169.415,84.0,0.010869565217391304,0
13503,298,4,1561.19,147,853,480,390.2975,213.25,0.008333333333333333,0
13505,11,2,1596.09,89,845,52,798.045,422.5,0.038461538461538464,0
13506,135,5,1639.2,55,1174,280,327.84000000000003,234.8,0.017857142857142856,1
13508,63,2,287.05,27,180,462,143.525,90.0,0.004329004329004329,1
13509,73,4,785.02,23,874,327,196.255,218.5,0.012232415902140673,0
13510,3,8,3352.05,141,2079,538,419.00625,259.875,0.01486988847583643,0
13511,496,1,282.76,5,60,496,282.76,60.0,0.0020161290322580645,1
13512,80,4,713.39,31,419,402,178.3475,104.75,0.009950248756218905,1
13513,260,2,619.49,24,255,474,309.745,127.5,0.004219409282700422,0
13514,248,3,663.7,13,248,501,221.23333333333335,82.66666666666667,0.005988023952095809,0
13515,67,3,578.1,28,318,464,192.70000000000002,106.0,0.00646551724137931,0
13516,58,2,441.85,22,185,237,220.925,92.5,0.008438818565400843,0
13519,262,1,220.46,11,110,262,220.46,110.0,0.003816793893129771,0
13520,4,9,4417.03,69,2517,542,490.7811111111111,279.6666666666667,0.016605166051660517,0
13523,19,4,3505.88,117,1430,221,876.47,357.5,0.01809954751131222,0
13524,39,1,159.20000000000002,9,100,39,159.20000000000002,100.0,0.02564102564102564,0
13525,67,1,282.88,2,208,67,282.88,208.0,0.014925373134328358,0
13526,557,2,1182.0,29,1911,557,591.0,955.5,0.003590664272890485,1
13527,21,7,2884.57,174,1283,507,412.0814285714286,183.28571428571428,0.013806706114398421,0
13529,24,1,181.1,7,30,24,181.1,30.0,0.041666666666666664,0
13530,453,1,402.97999999999996,18,272,453,402.97999999999996,272.0,0.002207505518763797,1
13531,24,6,1738.52,44,600,555,289.75333333333333,100.0,0.010810810810810811,1
13533,2,3,269.09,61,202,87,89.69666666666666,67.33333333333333,0.034482758620689655,1
13534,6,27,4803.9,132,2427,339,177.92222222222222,89.88888888888889,0.07964601769911504,0
13535,222,1,89.5,1,10,222,89.5,10.0,0.0045045045045045045,1
13537,245,2,717.85,38,337,271,358.925,168.5,0.007380073800738007,1
13538,2,8,2441.78,102,874,495,305.2225,109.25,0.01616161616161616,0
13539,59,6,1253.67,58,621,410,208.94500000000002,103.5,0.014634146341463415,0
13540,286,3,632.39,26,189,475,210.79666666666665,63.0,0.00631578947368421,1
13541,246,2,785.25,10,279,389,392.625,139.5,0.005141388174807198,1
13542,196,17,3959.4900000000002,98,804,548,232.91117647058826,47.294117647058826,0.03102189781021898,1
13543,453,2,1439.6100000000001,37,329,506,719.8050000000001,164.5,0.003952569169960474,1
13544,60,5,627.15,186,282,464,125.42999999999999,56.4,0.010775862068965518,0
13545,210,2,364.93,54,252,364,182.465,126.0,0.005494505494505495,1
13546,20,3,647.41,58,337,243,215.8033333333333,112.33333333333333,0.012345679012345678,0
13547,227,1,164.53,43,78,227,164.53,78.0,0.004405286343612335,1
13548,63,2,504.29,117,286,290,252.145,143.0,0.006896551724137931,0
13549,12,4,600.15,34,403,207,150.0375,100.75,0.01932367149758454,0
13550,202,1,342.55,40,430,202,342.55,430.0,0.0049504950495049506,1
13551,138,2,244.2,5,36,485,122.1,18.0,0.004123711340206186,1
13552,24,15,5070.14,125,1806,477,338.00933333333336,120.4,0.031446540880503145,0
13553,494,1,499.6,85,201,494,499.6,201.0,0.0020242914979757085,1
13554,199,7,1629.35,156,578,266,232.7642857142857,82.57142857142857,0.02631578947368421,1
13555,21,11,6383.01,204,2994,508,580.2736363636363,272.1818181818182,0.021653543307086614,0
13556,248,2,200.82,8,134,255,100.41,67.0,0.00784313725490196,1
13557,100,12,2688.88,116,2076,550,224.07333333333335,173.0,0.02181818181818182,0
13559,332,2,990.0,1,360,363,495.0,180.0,0.005509641873278237,1
13561,35,11,1803.4,131,1125,468,163.94545454545457,102.27272727272727,0.023504273504273504,1
13562,65,6,3642.12,72,1079,513,607.02,179.83333333333334,0.011695906432748537,0
13564,173,36,16416.27,483,9088,557,456.0075,252.44444444444446,0.06463195691202872,1
13565,153,2,284.76,28,166,230,142.38,83.0,0.008695652173913044,0
13566,254,3,827.91,158,683,459,275.96999999999997,227.66666666666666,0.006535947712418301,0
13567,247,4,1079.29,180,643,361,269.8225,160.75,0.0110803324099723,1
13569,187,3,607.5600000000001,103,275,247,202.52,91.66666666666667,0.012145748987854251,0
13570,62,1,239.49,27,161,62,239.49,161.0,0.016129032258064516,1
13571,4,18,2955.63,183,1791,550,164.20166666666668,99.5,0.03272727272727273,0
13572,25,1,1384.25,32,534,25,1384.25,534.0,0.04,1
13573,72,5,644.59,53,354,456,128.918,70.8,0.010964912280701754,0
13574,230,1,404.45,84,304,230,404.45,304.0,0.004347826086956522,1
13576,7,18,7970.41,109,3182,550,442.80055555555555,176.77777777777777,0.03272727272727273,0
13577,61,8,2153.43,65,1000,544,269.17875,125.0,0.014705882352941176,0
13578,228,1,147.66,9,127,228,147.66,127.0,0.0043859649122807015,1
13579,188,4,1236.7,62,634,478,309.175,158.5,0.008368200836820083,0
13580,225,1,107.75,5,45,225,107.75,45.0,0.0044444444444444444,1
13581,128,2,280.53000000000003,32,119,233,140.26500000000001,59.5,0.008583690987124463,1
13582,209,2,241.68,10,106,437,120.84,53.0,0.004576659038901602,1
13583,498,1,664.001,43,372,498,664.001,372.0,0.002008032128514056,0
13584,126,3,385.7,74,360,495,128.56666666666666,120.0,0.006060606060606061,1
13585,350,3,684.54,29,1386,557,228.17999999999998,462.0,0.005385996409335727,1
13586,360,1,127.28,20,38,360,127.28,38.0,0.002777777777777778,1
13587,268,3,961.1,20,484,482,320.3666666666667,161.33333333333334,0.006224066390041493,0
13588,74,1,113.30000000000001,8,48,74,113.30000000000001,48.0,0.013513513513513514,0
13589,268,4,741.09,29,179,553,185.2725,44.75,0.007233273056057866,0
13590,19,15,5266.15,241,4234,557,351.07666666666665,282.26666666666665,0.026929982046678635,0
13591,23,6,1753.04,71,628,544,292.17333333333335,104.66666666666667,0.011029411764705883,0
13592,25,3,205.51,12,71,83,68.50333333333333,23.666666666666668,0.03614457831325301,0
13593,83,12,4479.16,190,1809,466,373.2633333333333,150.75,0.02575107296137339,0
13594,305,1,136.35000000000002,7,37,305,136.35000000000002,37.0,0.003278688524590164,0
13595,336,3,784.48,114,341,465,261.49333333333334,113.66666666666667,0.0064516129032258064,1
13597,219,2,396.71,17,231,222,198.355,115.5,0.009009009009009009,1
13598,314,4,601.92,46,341,471,150.48,85.25,0.008492569002123142,0
13599,17,19,7019.62,139,4418,558,369.4536842105263,232.52631578947367,0.034050179211469536,0
13600,131,2,518.42,35,599,453,259.21,299.5,0.004415011037527594,1
13601,30,3,839.87,114,684,365,279.95666666666665,228.0,0.00821917808219178,0
13602,201,3,596.28,29,271,380,198.76,90.33333333333333,0.007894736842105263,0
13604,478,1,717.62,21,242,478,717.62,242.0,0.0020920502092050207,1
13605,206,2,522.67,50,425,390,261.335,212.5,0.005128205128205128,1
13606,62,2,246.63,37,240,131,123.315,120.0,0.015267175572519083,0
13607,222,1,400.3,24,178,222,400.3,178.0,0.0045045045045045045,0
13608,360,1,232.05,31,110,360,232.05,110.0,0.002777777777777778,1
13609,412,1,167.35,7,19,412,167.35,19.0,0.0024271844660194173,1
13610,6,10,1484.5,227,598,522,148.45,59.8,0.019157088122605363,0
13611,179,8,2446.6800000000003,131,1417,556,305.83500000000004,177.125,0.014388489208633094,0
13612,452,1,818.29,50,444,452,818.29,444.0,0.0022123893805309734,1
13613,272,5,1039.8500000000001,50,445,480,207.97000000000003,89.0,0.010416666666666666,1
13614,150,3,953.03,73,282,370,317.6766666666667,94.0,0.008108108108108109,0
13615,138,8,6272.53,259,2910,499,784.06625,363.75,0.01603206412825651,1
13616,387,2,283.85,31,172,510,141.925,86.0,0.00392156862745098,1
13617,227,5,734.57,31,293,314,146.91400000000002,58.6,0.01592356687898089,0
13619,364,2,223.44,38,78,493,111.72,39.0,0.004056795131845842,1
13620,347,1,112.34,5,74,347,112.34,74.0,0.002881844380403458,1
13622,515,1,658.95,32,379,515,658.95,379.0,0.001941747572815534,1
13623,29,9,2344.49,198,873,556,260.49888888888887,97.0,0.01618705035971223,0
13624,207,1,462.08,22,820,207,462.08,820.0,0.004830917874396135,1
13625,416,1,301.26,21,144,416,301.26,144.0,0.002403846153846154,1
13626,72,2,707.04,44,398,198,353.52,199.0,0.010101010101010102,1
13627,24,4,1213.35,76,802,459,303.3375,200.5,0.008714596949891068,0
13628,495,1,310.14,16,106,495,310.14,106.0,0.00202020202020202,1
13629,30,12,8466.5,7,5000,485,705.5416666666666,416.6666666666667,0.024742268041237112,0
13630,3,3,1051.84,46,711,105,350.6133333333333,237.0,0.02857142857142857,0
13631,21,4,1330.0,3,188,86,332.5,47.0,0.046511627906976744,0
13632,53,5,2137.57,110,835,431,427.514,167.0,0.01160092807424594,0
13634,61,12,4038.33,184,1634,517,336.5275,136.16666666666666,0.02321083172147002,0
13635,262,3,1928.1299999999999,89,1207,558,642.7099999999999,402.3333333333333,0.005376344086021506,0
13636,72,3,541.45,32,303,104,180.48333333333335,101.0,0.028846153846153848,0
13637,6,2,677.4,74,349,45,338.7,174.5,0.044444444444444446,0
13639,256,1,312.93,19,197,256,312.93,197.0,0.00390625,0
13640,430,1,405.0,4,108,430,405.0,108.0,0.002325581395348837,1
13641,460,4,942.37,40,1097,553,235.5925,274.25,0.007233273056057866,1
13642,35,4,472.2,93,231,252,118.05,57.75,0.015873015873015872,1
13643,5,8,1725.23,59,689,551,215.65375,86.125,0.014519056261343012,0
13646,219,2,326.25,58,79,219,163.125,39.5,0.0091324200913242,1
13647,54,5,1818.2,68,1175,422,363.64,235.0,0.011848341232227487,0
13648,219,8,1759.07,94,959,557,219.88375,119.875,0.01436265709156194,1
13649,76,6,1651.48,97,849,346,275.24666666666667,141.5,0.017341040462427744,1
13650,26,6,2197.18,84,1108,502,366.19666666666666,184.66666666666666,0.01195219123505976,0
13651,201,1,132.65,8,29,201,132.65,29.0,0.004975124378109453,0
13652,76,4,2114.01,102,1282,471,528.5025,320.5,0.008492569002123142,0
13653,307,1,152.2,9,72,307,152.2,72.0,0.003257328990228013,1
13654,21,8,4773.51,192,3389,557,596.68875,423.625,0.01436265709156194,0
13655,61,5,1731.19,73,735,411,346.238,147.0,0.012165450121654502,0
13656,156,3,861.9,64,485,415,287.3,161.66666666666666,0.007228915662650603,0
13657,21,1,152.34,9,132,21,152.34,132.0,0.047619047619047616,0
13658,23,5,4319.63,119,1452,491,863.926,290.4,0.010183299389002037,0
13659,25,12,4884.68,224,2527,480,407.0566666666667,210.58333333333334,0.025,1
13660,219,1,306.64,39,136,219,306.64,136.0,0.0045662100456621,1
13661,422,1,325.24,17,118,422,325.24,118.0,0.002369668246445498,1
13662,31,10,1868.79,109,989,477,186.879,98.9,0.020964360587002098,0
13663,199,4,1858.04,75,802,466,464.51,200.5,0.008583690987124463,0
13665,205,3,1711.6599999999999,97,1652,323,570.5533333333333,550.6666666666666,0.009287925696594427,1
13666,106,4,106.45,14,49,555,26.6125,12.25,0.007207207207207207,0
13668,7,26,10674.33,317,4824,547,410.55115384615385,185.53846153846155,0.04753199268738574,0
13669,226,1,195.0,5,156,226,195.0,156.0,0.004424778761061947,0
13671,214,1,172.6,61,95,214,172.6,95.0,0.004672897196261682,1
13672,120,3,419.92,13,138,550,139.97333333333333,46.0,0.005454545454545455,1
13674,252,1,240.68,14,102,252,240.68,102.0,0.003968253968253968,1
13675,104,1,308.44,15,204,104,308.44,204.0,0.009615384615384616,0
13676,358,2,243.9,13,104,438,121.95,52.0,0.0045662100456621,1
13677,224,2,551.24,98,217,339,275.62,108.5,0.0058997050147492625,1
13679,313,3,281.26,44,102,554,93.75333333333333,34.0,0.005415162454873646,1
13680,157,10,10092.14,280,4505,554,1009.2139999999999,450.5,0.018050541516245487,0
13682,6,1,59.5,3,10,6,59.5,10.0,0.16666666666666666,1
13683,277,1,258.6,10,180,277,258.6,180.0,0.0036101083032490976,1
13684,105,4,594.88,81,234,440,148.72,58.5,0.00909090909090909,1
13686,2,3,409.04,27,378,220,136.34666666666666,126.0,0.013636363636363636,1
13687,257,1,11880.84,45,87167,257,11880.84,87167.0,0.0038910505836575876,1
13688,454,1,375.5,5,130,454,375.5,130.0,0.0022026431718061676,1
13689,264,1,349.5,3,210,264,349.5,210.0,0.003787878787878788,0
13691,215,1,210.78,53,144,215,210.78,144.0,0.004651162790697674,1
13692,33,4,2497.66,69,1610,239,624.415,402.5,0.016736401673640166,0
13693,193,9,2011.82,78,880,552,223.53555555555556,97.77777777777777,0.016304347826086956,1
13694,2,120,162669.85,800,162731,554,1355.5820833333335,1356.0916666666667,0.21660649819494585,0
13695,8,6,892.52,19,604,397,148.75333333333333,100.66666666666667,0.015113350125944584,0
13696,241,3,2020.4,24,552,485,673.4666666666667,184.0,0.006185567010309278,1
13698,416,2,451.73,31,227,501,225.865,113.5,0.003992015968063872,1
13699,369,1,455.57,23,153,369,455.57,153.0,0.0027100271002710027,0
13700,59,8,1275.51,112,1603,490,159.43875,200.375,0.0163265306122449,0
13701,266,1,161.0,9,80,266,161.0,80.0,0.0037593984962406013,1
13702,265,1,135.18,5,74,265,135.18,74.0,0.0037735849056603774,1
13703,137,2,425.56,36,128,234,212.78,64.0,0.008547008547008548,1
13705,193,5,1641.6100000000001,43,749,443,328.322,149.8,0.011286681715575621,0
13706,122,2,631.17,38,301,446,315.585,150.5,0.004484304932735426,1
13707,86,5,3365.86,142,2210,356,673.172,442.0,0.014044943820224719,1
13708,90,1,283.33,48,300,90,283.33,300.0,0.011111111111111112,1
13709,134,6,1718.0,90,909,517,286.3333333333333,151.5,0.01160541586073501,0
13710,243,2,329.04,7,160,431,164.52,80.0,0.004640371229698376,0
13711,38,9,1792.26,80,819,543,199.14,91.0,0.016574585635359115,1
13712,66,2,766.42,32,1128,430,383.21,564.0,0.004651162790697674,1
13713,227,3,740.76,70,284,402,246.92,94.66666666666667,0.007462686567164179,1
13714,284,1,161.35,30,50,284,161.35,50.0,0.0035211267605633804,1
13715,100,17,8425.69,277,4907,457,495.6288235294118,288.6470588235294,0.037199124726477024,1
13716,88,1,138.28,21,138,88,138.28,138.0,0.011363636363636364,1
13717,60,4,888.88,54,878,305,222.22,219.5,0.013114754098360656,0
13718,65,2,306.55,9,173,115,153.275,86.5,0.017391304347826087,1
13719,24,8,2079.16,158,1163,390,259.895,145.375,0.020512820512820513,0
13720,57,2,432.1,26,250,74,216.05,125.0,0.02702702702702703,0
13721,214,1,217.39999999999998,14,196,214,217.39999999999998,196.0,0.004672897196261682,0
13722,102,8,4723.47,112,2616,465,590.43375,327.0,0.017204301075268817,0
13723,36,6,1194.08,51,593,430,199.01333333333332,98.83333333333333,0.013953488372093023,1
13724,456,1,213.01,39,130,456,213.01,130.0,0.0021929824561403508,1
13725,44,6,1751.6,83,696,128,291.93333333333334,116.0,0.046875,0
13727,431,6,740.6700000000001,55,206,549,123.44500000000001,34.333333333333336,0.01092896174863388,0
13728,18,13,2332.96,65,976,549,179.45846153846153,75.07692307692308,0.023679417122040074,0
13729,255,3,724.73,36,419,503,241.57666666666668,139.66666666666666,0.005964214711729622,1
13731,38,2,610.59,36,278,66,305.295,139.0,0.030303030303030304,1
13733,230,2,487.03000000000003,28,335,554,243.51500000000001,167.5,0.0036101083032490976,1
13734,328,4,6695.6900000000005,24,302,422,1673.9225000000001,75.5,0.009478672985781991,1
13735,53,10,7814.38,292,3512,545,781.438,351.2,0.01834862385321101,0
13736,79,6,2380.2,255,1281,553,396.7,213.5,0.0108499095840868,0
13737,19,1,339.59999999999997,29,125,19,339.59999999999997,125.0,0.05263157894736842,1
13738,215,1,434.78000000000003,88,237,215,434.78000000000003,237.0,0.004651162790697674,1
13739,347,1,75.3,3,22,347,75.3,22.0,0.002881844380403458,0
13740,60,5,1582.77,83,987,557,316.554,197.4,0.008976660682226212,1
13741,3,2,363.13,20,143,36,181.565,71.5,0.05555555555555555,0
13742,3,8,2139.87,149,788,139,267.48375,98.5,0.05755395683453238,0
13743,36,2,353.15999999999997,7,420,78,176.57999999999998,210.0,0.02564102564102564,0
13744,111,1,817.3199999999999,44,899,111,817.3199999999999,899.0,0.009009009009009009,0
13745,365,1,477.32,31,650,365,477.32,650.0,0.0027397260273972603,0
13746,233,1,176.69,9,83,233,176.69,83.0,0.004291845493562232,1
13747,193,2,249.39999999999998,4,68,244,124.69999999999999,34.0,0.00819672131147541,1
13748,51,7,1900.95,32,892,557,271.56428571428575,127.42857142857143,0.012567324955116697,0
13750,116,8,2643.7200000000003,39,1094,436,330.46500000000003,136.75,0.01834862385321101,0
13751,107,1,296.25,9,152,107,296.25,152.0,0.009345794392523364,1
13752,4,5,1295.98,69,840,347,259.196,168.0,0.01440922190201729,0
13753,107,4,2094.57,64,1450,556,523.6425,362.5,0.007194244604316547,1
13754,136,2,320.45,16,183,256,160.225,91.5,0.0078125,0
13756,3,14,5711.04,125,3249,543,407.93142857142857,232.07142857142858,0.02578268876611418,0
13757,494,1,195.55,8,54,494,195.55,54.0,0.0020242914979757085,1
13758,20,12,8475.11,198,4716,558,706.2591666666667,393.0,0.021505376344086023,0
13760,75,4,1211.94,80,522,412,302.985,130.5,0.009708737864077669,0
13761,322,4,881.52,50,437,476,220.38,109.25,0.008403361344537815,0
13762,38,5,2472.48,23,2608,518,494.496,521.6,0.009652509652509652,1
13763,236,2,3502.48,35,2496,254,1751.24,1248.0,0.007874015748031496,0
13764,156,4,1892.14,195,1439,461,473.035,359.75,0.008676789587852495,0
13765,472,1,352.821,17,297,472,352.821,297.0,0.00211864406779661,1
13766,314,1,190.35,16,137,314,190.35,137.0,0.0031847133757961785,1
13767,22,58,25561.460000000003,112,10955,558,440.7148275862069,188.8793103448276,0.1039426523297491,0
13768,546,2,875.97,30,373,550,437.985,186.5,0.0036363636363636364,1
13769,27,15,4451.92,105,2024,543,296.79466666666667,134.93333333333334,0.027624309392265192,0
13770,241,4,785.37,48,468,549,196.3425,117.0,0.007285974499089253,1
13771,18,7,4559.22,135,2488,472,651.3171428571429,355.42857142857144,0.014830508474576272,0
13772,59,6,2205.81,313,992,473,367.635,165.33333333333334,0.012684989429175475,0
13773,216,2,301.54,19,174,479,150.77,87.0,0.0041753653444676405,1
13775,410,1,1049.66,63,455,410,1049.66,455.0,0.0024390243902439024,1
13777,3,49,41857.58,44,19442,557,854.2363265306122,396.7755102040816,0.08797127468581688,0
13778,310,3,945.79,27,441,384,315.2633333333333,147.0,0.0078125,0
13779,335,1,161.13,27,53,335,161.13,53.0,0.0029850746268656717,1
13780,226,1,372.06,35,161,226,372.06,161.0,0.004424778761061947,0
13781,70,3,778.83,56,300,540,259.61,100.0,0.005555555555555556,1
13782,53,9,1238.52,141,430,552,137.61333333333334,47.77777777777778,0.016304347826086956,0
13783,307,4,1542.09,4,3437,492,385.5225,859.25,0.008130081300813009,1
13784,5,9,1475.87,12,1739,270,163.98555555555555,193.22222222222223,0.03333333333333333,0
13785,248,4,542.49,26,151,279,135.6225,37.75,0.014336917562724014,1
13786,186,6,3358.39,80,1651,555,559.7316666666667,275.1666666666667,0.010810810810810811,1
13787,183,5,1019.86,56,717,514,203.972,143.4,0.009727626459143969,0
13788,324,1,3.75,1,1,324,3.75,1.0,0.0030864197530864196,1
13789,207,1,239.45999999999998,18,258,207,239.45999999999998,258.0,0.004830917874396135,1
13792,106,2,263.0,14,92,242,131.5,46.0,0.008264462809917356,0
13793,466,1,96.0,7,52,466,96.0,52.0,0.002145922746781116,1
13794,366,1,126.03,9,63,366,126.03,63.0,0.00273224043715847,1
13795,207,4,836.3,23,1250,457,209.075,312.5,0.0087527352297593,1
13796,318,1,289.7,22,218,318,289.7,218.0,0.0031446540880503146,1
13797,256,3,1179.45,71,573,467,393.15000000000003,191.0,0.006423982869379015,1
13798,0,87,62315.28,154,39207,550,716.2675862068966,450.6551724137931,0.15818181818181817,0
13799,113,8,2456.41,52,1323,463,307.05125,165.375,0.017278617710583154,0
13800,129,3,1679.56,73,891,556,559.8533333333334,297.0,0.00539568345323741,1
13802,74,18,24790.75,210,13351,481,1377.263888888889,741.7222222222222,0.037422037422037424,0
13803,74,3,1338.91,73,831,438,446.30333333333334,277.0,0.00684931506849315,1
13804,109,3,1296.3600000000001,69,752,256,432.12000000000006,250.66666666666666,0.01171875,0
13807,186,3,534.8,24,152,555,178.26666666666665,50.666666666666664,0.005405405405405406,1
13809,124,3,679.7,23,281,280,226.5666666666667,93.66666666666667,0.010714285714285714,1
13811,3,2,519.75,5,63,58,259.875,31.5,0.034482758620689655,1
13813,347,4,1218.61,49,730,553,304.6525,182.5,0.007233273056057866,0
13814,346,1,678.2,22,350,346,678.2,350.0,0.002890173410404624,0
13815,138,5,3992.39,150,3403,485,798.478,680.6,0.010309278350515464,0
13817,171,1,110.7,8,62,171,110.7,62.0,0.005847953216374269,0
13818,249,1,61.28,5,60,249,61.28,60.0,0.004016064257028112,1
13819,121,6,2642.35,47,2309,557,440.39166666666665,384.8333333333333,0.010771992818671455,1
13820,237,3,652.75,68,285,500,217.58333333333334,95.0,0.006,1
13821,81,5,1263.59,151,434,523,252.718,86.8,0.009560229445506692,0
13823,199,5,2445.79,91,1125,543,489.158,225.0,0.009208103130755065,0
13824,22,10,2848.8,47,1192,456,284.88,119.2,0.021929824561403508,0
13825,441,2,255.59,38,182,549,127.795,91.0,0.0036429872495446266,1
13829,240,1,102.0,1,12,240,102.0,12.0,0.004166666666666667,1
13830,401,1,156.85000000000002,11,47,401,156.85000000000002,47.0,0.0024937655860349127,1
13831,19,15,5888.54,119,2203,548,392.5693333333333,146.86666666666667,0.02737226277372263,0
13832,241,1,557.6899999999999,51,392,241,557.6899999999999,392.0,0.004149377593360996,0
13833,223,1,316.56,16,126,223,316.56,126.0,0.004484304932735426,0
13834,396,2,324.19,15,221,488,162.095,110.5,0.004098360655737705,1
13835,34,4,589.15,34,235,465,147.2875,58.75,0.008602150537634409,0
13836,218,2,620.37,29,273,233,310.185,136.5,0.008583690987124463,1
13837,31,2,266.59000000000003,17,182,137,133.29500000000002,91.0,0.014598540145985401,1
13838,189,7,1476.57,242,600,399,210.9385714285714,85.71428571428571,0.017543859649122806,0
13839,305,1,139.95000000000002,7,25,305,139.95000000000002,25.0,0.003278688524590164,1
13840,235,1,651.4,40,358,235,651.4,358.0,0.00425531914893617,1
13841,72,1,85.0,1,100,72,85.0,100.0,0.013888888888888888,1
13842,19,15,4072.76,158,1840,480,271.51733333333334,122.66666666666667,0.03125,0
13843,200,1,319.75,18,145,200,319.75,145.0,0.005,1
13846,61,3,1106.66,69,662,219,368.8866666666667,220.66666666666666,0.0136986301369863,0
13847,539,1,310.72,19,96,539,310.72,96.0,0.0018552875695732839,1
13848,117,7,3015.0,3,9200,549,430.7142857142857,1314.2857142857142,0.012750455373406194,0
13849,217,3,1931.35,108,867,444,643.7833333333333,289.0,0.006756756756756757,0
13851,107,6,2201.32,56,970,499,366.8866666666667,161.66666666666666,0.012024048096192385,0
13852,430,1,187.35000000000002,11,85,430,187.35000000000002,85.0,0.002325581395348837,1
13854,16,30,9303.98,53,2954,520,310.13266666666664,98.46666666666667,0.057692307692307696,0
13855,320,4,1310.3400000000001,64,575,550,327.58500000000004,143.75,0.007272727272727273,1
13856,3,10,972.53,31,875,438,97.253,87.5,0.0228310502283105,0
13857,212,6,1000.91,98,781,390,166.81833333333333,130.16666666666666,0.015384615384615385,1
13859,145,2,515.86,34,167,348,257.93,83.5,0.005747126436781609,1
13861,248,2,273.26,21,225,350,136.63,112.5,0.005714285714285714,1
13862,6,5,1499.24,77,1048,208,299.848,209.6,0.02403846153846154,0
13863,67,4,1239.55,59,553,412,309.8875,138.25,0.009708737864077669,1
13864,206,1,662.4000000000001,1,192,206,662.4000000000001,192.0,0.0048543689320388345,1
13865,6,2,282.52,17,100,109,141.26,50.0,0.01834862385321101,0
13867,37,1,138.85,8,31,37,138.85,31.0,0.02702702702702703,0
13869,82,9,6486.38,425,3317,510,720.7088888888889,368.55555555555554,0.01764705882352941,0
13870,107,8,3485.17,113,2508,489,435.64625,313.5,0.016359918200409,0
13871,26,9,3878.33,106,1748,538,430.92555555555555,194.22222222222223,0.016728624535315983,0
13872,346,3,919.57,51,339,545,306.52333333333337,113.0,0.005504587155963303,1
13873,38,7,879.72,47,398,466,125.67428571428572,56.857142857142854,0.015021459227467811,0
13874,177,7,2049.15,46,864,492,292.7357142857143,123.42857142857143,0.014227642276422764,1
13875,3,12,4095.46,136,2510,542,341.28833333333336,209.16666666666666,0.02214022140221402,0
13877,289,2,332.44,20,370,509,166.22,185.0,0.003929273084479371,0
13878,367,3,1145.33,59,464,423,381.77666666666664,154.66666666666666,0.0070921985815602835,0
13879,465,1,395.5,25,204,465,395.5,204.0,0.002150537634408602,1
13880,6,10,2511.46,93,1464,381,251.14600000000002,146.4,0.026246719160104987,0
13881,33,27,31589.04,161,22182,464,1169.9644444444446,821.5555555555555,0.05818965517241379,0
13883,38,13,5603.67,189,3050,468,431.0515384615385,234.6153846153846,0.027777777777777776,0
13884,96,8,1233.68,87,517,289,154.21,64.625,0.02768166089965398,0
13885,8,2,506.8,28,182,20,253.4,91.0,0.1,1
13887,23,1,349.55,19,147,23,349.55,147.0,0.043478260869565216,1
13888,37,6,1635.48,110,615,395,272.58,102.5,0.015189873417721518,0
13889,201,5,1574.3300000000002,50,833,505,314.86600000000004,166.6,0.009900990099009901,0
13890,178,5,1233.92,50,654,552,246.78400000000002,130.8,0.009057971014492754,0
13891,197,3,859.21,97,476,401,286.40333333333336,158.66666666666666,0.007481296758104738,1
13892,66,3,689.1999999999999,11,2282,395,229.73333333333332,760.6666666666666,0.007594936708860759,0
13893,117,1,821.1,21,190,117,821.1,190.0,0.008547008547008548,1
13894,129,1,160.85,10,105,129,160.85,105.0,0.007751937984496124,0
13895,335,2,1415.45,67,695,555,707.725,347.5,0.0036036036036036037,0
13896,445,1,388.55,21,149,445,388.55,149.0,0.0022471910112359553,1
13897,257,2,849.56,42,620,496,424.78,310.0,0.004032258064516129,0
13898,145,2,686.4,43,544,230,343.2,272.0,0.008695652173913044,1
13899,94,1,298.5,15,122,94,298.5,122.0,0.010638297872340425,0
13900,2,6,1610.59,80,938,443,268.4316666666667,156.33333333333334,0.013544018058690745,1
13901,75,12,3457.44,178,1913,523,288.12,159.41666666666666,0.022944550669216062,0
13902,451,5,34023.26,57,220596,544,6804.652,44119.2,0.009191176470588236,1
13903,219,1,165.45000000000002,10,103,219,165.45000000000002,103.0,0.0045662100456621,1
13904,114,1,201.12,17,223,114,201.12,223.0,0.008771929824561403,0
13905,552,1,312.65,12,135,552,312.65,135.0,0.0018115942028985507,1
13906,228,1,42.0,1,100,228,42.0,100.0,0.0043859649122807015,1
13907,511,1,136.8,4,68,511,136.8,68.0,0.0019569471624266144,1
13908,34,2,781.11,48,557,96,390.555,278.5,0.020833333333333332,0
13909,242,2,282.85,35,301,340,141.425,150.5,0.0058823529411764705,1
13911,16,17,3357.99,152,3221,467,197.52882352941174,189.47058823529412,0.03640256959314775,0
13912,243,1,124.95,7,29,243,124.95,29.0,0.00411522633744856,1
13913,326,1,42.22,3,10,326,42.22,10.0,0.003067484662576687,1
13915,213,1,70.80000000000001,2,24,213,70.80000000000001,24.0,0.004694835680751174,1
13916,283,4,1275.81,72,673,495,318.9525,168.25,0.00808080808080808,1
13917,11,1,65.38,5,38,11,65.38,38.0,0.09090909090909091,0
13918,72,1,198.2,8,100,72,198.2,100.0,0.013888888888888888,0
13919,244,2,903.87,44,655,360,451.935,327.5,0.005555555555555556,0
13920,251,4,1774.68,81,1772,381,443.67,443.0,0.010498687664041995,1
13921,221,4,730.7,36,210,541,182.675,52.5,0.0073937153419593345,1
13922,171,3,865.2,30,467,286,288.40000000000003,155.66666666666666,0.01048951048951049,1
13927,256,1,359.27,20,249,256,359.27,249.0,0.00390625,0
13929,145,10,3064.2999999999997,38,1466,514,306.42999999999995,146.6,0.019455252918287938,0
13931,100,10,4398.06,177,2974,556,439.80600000000004,297.4,0.017985611510791366,0
13932,114,1,307.4,16,72,114,307.4,72.0,0.008771929824561403,1
13934,83,1,922.1,31,390,83,922.1,390.0,0.012048192771084338,1
13935,416,3,6116.92,67,2252,471,2038.9733333333334,750.6666666666666,0.006369426751592357,1
13936,202,2,563.08,31,331,233,281.54,165.5,0.008583690987124463,0
13937,222,1,721.28,45,464,222,721.28,464.0,0.0045045045045045045,0
13939,131,5,1176.91,62,963,432,235.382,192.6,0.011574074074074073,0
13941,117,12,8128.3,36,4042,542,677.3583333333333,336.8333333333333,0.02214022140221402,0
13942,354,1,320.0,1,1000,354,320.0,1000.0,0.002824858757062147,1
13943,397,1,246.54,15,94,397,246.54,94.0,0.0025188916876574307,1
13944,472,1,200.43,35,153,472,200.43,153.0,0.00211864406779661,1
13945,214,2,854.15,49,413,299,427.075,206.5,0.006688963210702341,1
13946,21,5,1800.63,48,2667,555,360.12600000000003,533.4,0.009009009009009009,0
13948,180,4,548.76,23,248,555,137.19,62.0,0.007207207207207207,1
13950,66,1,179.30999999999997,7,81,66,179.30999999999997,81.0,0.015151515151515152,0
13951,55,2,516.05,32,315,113,258.025,157.5,0.017699115044247787,0
13952,37,14,12823.521,238,5947,543,915.9657857142857,424.7857142857143,0.02578268876611418,1
13953,30,8,4875.0,1,3900,547,609.375,487.5,0.014625228519195612,0
13955,125,2,426.21,63,228,194,213.105,114.0,0.010309278350515464,0
13956,62,2,290.32,49,132,90,145.16,66.0,0.022222222222222223,0
13957,237,3,458.25,21,157,478,152.75,52.333333333333336,0.006276150627615063,1
13958,199,8,4709.2300000000005,172,2264,553,588.6537500000001,283.0,0.014466546112115732,1
13959,100,5,808.17,75,537,330,161.634,107.4,0.015151515151515152,0
13961,211,1,538.4,19,226,211,538.4,226.0,0.004739336492890996,1
13962,65,2,310.85,19,103,255,155.425,51.5,0.00784313725490196,0
13963,127,17,3011.87,129,2061,416,177.16882352941175,121.23529411764706,0.040865384615384616,1
13964,206,2,438.9,22,228,250,219.45,114.0,0.008,1
13965,296,3,996.61,23,425,522,332.2033333333333,141.66666666666666,0.005747126436781609,1
13966,254,1,384.26,21,760,254,384.26,760.0,0.003937007874015748,1
13967,215,1,85.6,4,24,215,85.6,24.0,0.004651162790697674,0
13968,242,1,123.66,8,174,242,123.66,174.0,0.004132231404958678,1
13969,2,24,6259.36,329,3327,443,260.8066666666667,138.625,0.05417607223476298,0
13970,205,2,846.55,10,469,257,423.275,234.5,0.007782101167315175,1
13971,34,9,2883.83,129,1980,502,320.42555555555555,220.0,0.017928286852589643,0
13972,21,1,145.9,9,42,21,145.9,42.0,0.047619047619047616,0
13973,106,1,264.7,11,109,106,264.7,109.0,0.009433962264150943,1
13974,401,1,264.13,15,107,401,264.13,107.0,0.0024937655860349127,0
13975,35,8,3749.17,345,2750,494,468.64625,343.75,0.016194331983805668,0
13976,26,4,1192.36,49,452,487,298.09,113.0,0.008213552361396304,1
13977,230,1,519.8100000000001,13,303,230,519.8100000000001,303.0,0.004347826086956522,1
13979,212,6,2503.76,308,1602,556,417.29333333333335,267.0,0.01079136690647482,0
13980,258,4,568.68,47,291,475,142.17,72.75,0.008421052631578947,0
13981,235,1,331.14,22,234,235,331.14,234.0,0.00425531914893617,1
13982,145,7,3414.88,96,2062,507,487.84000000000003,294.57142857142856,0.013806706114398421,0
13983,6,17,6160.88,216,3755,549,362.40470588235297,220.88235294117646,0.030965391621129327,0
13984,69,10,1845.3200000000002,50,1331,552,184.532,133.1,0.018115942028985508,0
13985,3,10,4126.03,91,2049,487,412.60299999999995,204.9,0.02053388090349076,0
13987,199,2,682.54,46,492,220,341.27,246.0,0.00909090909090909,1
13988,20,4,1965.92,110,1110,445,491.48,277.5,0.008988764044943821,0
13989,58,4,1656.65,53,1763,383,414.1625,440.75,0.010443864229765013,0
13990,32,1,311.3,16,190,32,311.3,190.0,0.03125,1
13992,199,2,142.7,5,90,282,71.35,45.0,0.0070921985815602835,0
13993,25,14,4802.17,102,1640,556,343.01214285714286,117.14285714285714,0.025179856115107913,0
13995,65,10,2818.77,117,1663,541,281.877,166.3,0.018484288354898338,0
13996,205,2,845.76,28,612,218,422.88,306.0,0.009174311926605505,1
13997,338,3,376.46,36,143,369,125.48666666666666,47.666666666666664,0.008130081300813009,1
13998,266,3,566.7,30,204,395,188.9,68.0,0.007594936708860759,1
13999,33,21,6847.27,147,3701,554,326.0604761904762,176.23809523809524,0.03790613718411552,0
14000,30,5,2046.3400000000001,28,1838,557,409.26800000000003,367.6,0.008976660682226212,1
14001,52,8,3796.15,48,1543,313,474.51875,192.875,0.025559105431309903,0
14003,552,1,209.41,16,149,552,209.41,149.0,0.0018115942028985507,1
14004,108,5,2575.83,69,1139,255,515.1659999999999,227.8,0.0196078431372549,0
14005,35,1,187.16,14,240,35,187.16,240.0,0.02857142857142857,0
14006,60,6,1896.57,53,1987,472,316.09499999999997,331.1666666666667,0.012711864406779662,0
14007,332,1,79.48,5,16,332,79.48,16.0,0.0030120481927710845,1
14008,251,1,509.04,32,326,251,509.04,326.0,0.00398406374501992,1
14009,17,3,1099.91,71,951,282,366.6366666666667,317.0,0.010638297872340425,1
14010,384,2,445.15,20,177,385,222.575,88.5,0.005194805194805195,1
14011,299,2,457.82,32,644,426,228.91,322.0,0.004694835680751174,1
14012,97,1,328.8,11,160,97,328.8,160.0,0.010309278350515464,1
14013,95,3,730.05,35,403,443,243.35,134.33333333333334,0.006772009029345372,0
14014,195,2,1443.03,37,928,396,721.515,464.0,0.005050505050505051,0
14016,27,10,10326.83,323,5023,519,1032.683,502.3,0.019267822736030827,0
14017,390,1,229.75,14,73,390,229.75,73.0,0.002564102564102564,1
14018,464,1,367.15000000000003,13,224,464,367.15000000000003,224.0,0.0021551724137931034,1
14020,295,2,606.21,29,207,348,303.105,103.5,0.005747126436781609,0
14021,30,6,1586.38,80,838,412,264.3966666666667,139.66666666666666,0.014563106796116505,0
14022,44,2,792.15,45,681,306,396.075,340.5,0.006535947712418301,1
14023,69,1,273.14,16,162,69,273.14,162.0,0.014492753623188406,0
14024,210,1,318.04,18,88,210,318.04,88.0,0.004761904761904762,0
14025,284,8,4057.9,60,1914,403,507.2375,239.25,0.019851116625310174,1
14026,290,2,713.11,43,427,444,356.555,213.5,0.0045045045045045045,1
14028,369,3,10396.5,3,7170,370,3465.5,2390.0,0.008108108108108109,1
14030,62,17,7274.48,522,3484,548,427.9105882352941,204.94117647058823,0.03102189781021898,0
14031,15,36,31537.280000000002,244,11706,555,876.0355555555557,325.1666666666667,0.06486486486486487,0
14032,25,10,3410.25,68,2973,545,341.025,297.3,0.01834862385321101,0
14033,374,1,109.44,1,576,374,109.44,576.0,0.00267379679144385,1
14035,87,6,2067.31,47,1040,432,344.5516666666667,173.33333333333334,0.013888888888888888,0
14036,104,1,626.65,38,268,104,626.65,268.0,0.009615384615384616,1
14037,184,5,801.55,95,578,552,160.31,115.6,0.009057971014492754,0
14038,26,3,2225.82,87,1244,493,741.94,414.6666666666667,0.006085192697768763,0
14039,395,1,115.08000000000001,4,100,395,115.08000000000001,100.0,0.002531645569620253,0
14040,2,29,10908.65,300,4195,558,376.1603448275862,144.6551724137931,0.05197132616487455,0
14041,85,1,141.41,21,94,85,141.41,94.0,0.011764705882352941,1
14042,544,1,431.98,21,180,544,431.98,180.0,0.001838235294117647,1
14043,310,2,302.6,37,152,548,151.3,76.0,0.0036496350364963502,1
14044,129,7,2597.97,464,1868,503,371.1385714285714,266.85714285714283,0.013916500994035786,0
14045,157,15,10905.029999999999,16,4539,520,727.002,302.6,0.028846153846153848,0
14046,103,1,151.59,13,443,103,151.59,443.0,0.009708737864077669,1
14047,19,12,3582.34,88,1478,496,298.52833333333336,123.16666666666667,0.024193548387096774,0
14048,124,3,748.69,126,467,201,249.56333333333336,155.66666666666666,0.014925373134328358,1
14049,20,11,10462.49,465,6687,436,951.1354545454545,607.9090909090909,0.02522935779816514,0
14051,32,25,12617.49,74,3767,556,504.6996,150.68,0.044964028776978415,0
14052,210,1,241.3,65,85,210,241.3,85.0,0.004761904761904762,0
14053,216,2,312.05,3,275,306,156.025,137.5,0.006535947712418301,0
14055,397,2,795.3199999999999,23,504,542,397.65999999999997,252.0,0.0036900369003690036,0
14056,3,11,3653.83,238,2042,103,332.16636363636366,185.63636363636363,0.10679611650485436,0
14057,18,13,4805.23,194,4103,555,369.6330769230769,315.61538461538464,0.023423423423423424,0
14058,282,2,469.19,23,211,350,234.595,105.5,0.005714285714285714,1
14059,86,1,183.6,8,128,86,183.6,128.0,0.011627906976744186,1
14060,3,22,6773.76,74,5975,458,307.89818181818185,271.59090909090907,0.048034934497816595,0
14061,326,3,917.4300000000001,17,133,557,305.81,44.333333333333336,0.005385996409335727,1
14062,58,18,19955.43,136,9920,548,1108.635,551.1111111111111,0.032846715328467155,0
14063,506,7,9471.5,29,3848,550,1353.0714285714287,549.7142857142857,0.012727272727272728,1
14064,31,13,2768.06,100,3434,506,212.9276923076923,264.15384615384613,0.025691699604743084,0
14065,208,3,891.02,42,582,251,297.00666666666666,194.0,0.01195219123505976,1
14066,86,1,152.55,7,45,86,152.55,45.0,0.011627906976744186,1
14068,139,4,1516.72,93,510,497,379.18,127.5,0.008048289738430584,1
14069,334,2,225.81,37,58,381,112.905,29.0,0.005249343832020997,1
14070,504,1,321.6,40,85,504,321.6,85.0,0.001984126984126984,1
14071,79,2,356.81,22,295,84,178.405,147.5,0.023809523809523808,0
14072,486,1,390.85,19,65,486,390.85,65.0,0.00205761316872428,1
14074,442,1,219.39999999999998,6,228,442,219.39999999999998,228.0,0.0022624434389140274,1
14075,80,3,1090.53,47,1009,289,363.51,336.3333333333333,0.010380622837370242,0
14077,1,4,426.06,41,256,214,106.515,64.0,0.018691588785046728,0
14078,4,8,1466.6,97,541,440,183.325,67.625,0.01818181818181818,0
14080,232,4,1070.08,70,220,556,267.52,55.0,0.007194244604316547,0
14081,121,10,5291.09,465,3633,548,529.109,363.3,0.01824817518248175,1
14082,184,2,413.36,48,246,212,206.68,123.0,0.009433962264150943,1
14083,18,7,847.24,96,570,541,121.03428571428572,81.42857142857143,0.012939001848428836,0
14084,331,1,150.5,7,306,331,150.5,306.0,0.0030211480362537764,1
14085,17,24,8377.59,430,5023,550,349.06625,209.29166666666666,0.04363636363636364,0
14086,282,1,39.95,1,1,282,39.95,1.0,0.0035460992907801418,1
14087,224,2,638.0,126,468,554,319.0,234.0,0.0036101083032490976,0
14088,9,6,28899.83,240,6281,240,4816.638333333333,1046.8333333333333,0.025,0
14090,144,1,76.32000000000001,1,72,144,76.32000000000001,72.0,0.006944444444444444,1
14091,473,2,9530.08,13,3316,517,4765.04,1658.0,0.0038684719535783366,1
14092,15,16,4950.01,134,2439,542,309.375625,152.4375,0.02952029520295203,0
14094,259,1,311.77,41,158,259,311.77,158.0,0.003861003861003861,1
14095,542,1,2.95,1,1,542,2.95,1.0,0.0018450184501845018,1
14097,300,2,422.85999999999996,39,352,465,211.42999999999998,176.0,0.004301075268817204,1
14099,37,14,3968.2000000000003,224,2727,549,283.4428571428572,194.78571428571428,0.025500910746812388,0
14101,17,11,8144.53,19,9450,440,740.4118181818181,859.0909090909091,0.025,0
14104,208,3,524.3199999999999,99,423,379,174.7733333333333,141.0,0.0079155672823219,0
14105,58,5,5988.83,200,3534,540,1197.766,706.8,0.009259259259259259,1
14106,556,1,214.79999999999998,1,24,556,214.79999999999998,24.0,0.0017985611510791368,1
14107,39,8,3649.15,89,2772,549,456.14375,346.5,0.014571948998178506,0
14108,550,2,447.05,18,279,557,223.525,139.5,0.003590664272890485,0
14110,39,23,9006.32,148,4170,558,391.5791304347826,181.30434782608697,0.04121863799283154,0
14111,61,1,94.2,2,148,61,94.2,148.0,0.01639344262295082,0
14112,23,9,4071.94,160,2560,473,452.4377777777778,284.44444444444446,0.019027484143763214,0
14113,174,13,5685.6900000000005,58,2796,551,437.3607692307693,215.07692307692307,0.023593466424682397,0
14114,93,7,1364.09,72,650,426,194.86999999999998,92.85714285714286,0.01643192488262911,1
14115,321,2,622.6700000000001,22,509,486,311.33500000000004,254.5,0.00411522633744856,1
14118,248,1,458.45,15,97,248,458.45,97.0,0.004032258064516129,1
14119,195,2,183.37,11,177,537,91.685,88.5,0.0037243947858473,1
14122,225,3,362.42,12,114,556,120.80666666666667,38.0,0.00539568345323741,1
14123,552,1,436.18,24,234,552,436.18,234.0,0.0018115942028985507,1
14126,263,1,466.33000000000004,28,379,263,466.33000000000004,379.0,0.0038022813688212928,0
14127,76,5,1642.6000000000001,88,704,245,328.52000000000004,140.8,0.02040816326530612,0
14128,75,2,592.25,34,519,370,296.125,259.5,0.005405405405405406,0
14129,80,5,1826.3799999999999,37,986,398,365.27599999999995,197.2,0.01256281407035176,0
14130,138,4,1858.77,189,1215,547,464.6925,303.75,0.007312614259597806,1
14131,468,1,168.22,45,105,468,168.22,105.0,0.002136752136752137,1
14132,3,1,306.86,24,388,3,306.86,388.0,0.3333333333333333,0
14133,135,2,623.5,24,202,553,311.75,101.0,0.003616636528028933,0
14134,202,15,11123.35,130,5814,549,741.5566666666667,387.6,0.0273224043715847,1
14135,5,18,7395.07,115,8252,557,410.8372222222222,458.44444444444446,0.03231597845601436,0
14136,220,5,1570.81,86,1148,551,314.162,229.6,0.009074410163339383,1
14137,515,1,332.7,11,462,515,332.7,462.0,0.001941747572815534,1
14139,309,3,670.98,29,539,362,223.66,179.66666666666666,0.008287292817679558,0
14142,192,2,983.15,42,831,465,491.575,415.5,0.004301075268817204,1
14144,305,1,30.599999999999998,1,12,305,30.599999999999998,12.0,0.003278688524590164,1
14145,36,4,4986.45,11,1127,430,1246.6125,281.75,0.009302325581395349,0
14146,74,9,7163.03,248,4154,514,795.8922222222222,461.55555555555554,0.017509727626459144,0
14147,105,8,2289.6,23,927,459,286.2,115.875,0.017429193899782137,0
14148,53,2,466.29,15,223,233,233.145,111.5,0.008583690987124463,1
14149,40,1,446.62,28,218,40,446.62,218.0,0.025,1
14150,179,1,306.18,12,262,179,306.18,262.0,0.00558659217877095,0
14151,492,2,679.45,44,405,536,339.725,202.5,0.0037313432835820895,1
14152,53,6,1690.56,90,1502,478,281.76,250.33333333333334,0.012552301255230125,0
14153,302,1,233.4,17,312,302,233.4,312.0,0.0033112582781456954,1
14154,58,8,6460.7,236,3222,515,807.5875,402.75,0.015533980582524271,1
14155,85,1,118.75,6,25,85,118.75,25.0,0.011764705882352941,1
14156,5,109,231532.35,1227,128675,558,2124.15,1180.5045871559632,0.1953405017921147,0
14157,104,4,822.98,68,436,465,205.745,109.0,0.008602150537634409,0
14159,6,12,4322.73,481,3101,556,360.22749999999996,258.4166666666667,0.02158273381294964,0
14160,429,7,8421.47,80,4661,518,1203.0671428571427,665.8571428571429,0.013513513513513514,1
14161,35,7,3280.08,202,1608,546,468.5828571428571,229.71428571428572,0.01282051282051282,1
14162,112,1,177.68,13,110,112,177.68,110.0,0.008928571428571428,0
14163,18,3,898.5,26,338,281,299.5,112.66666666666667,0.010676156583629894,0
14165,95,1,120.44,23,53,95,120.44,53.0,0.010526315789473684,1
14166,324,2,251.15,39,82,445,125.575,41.0,0.0044943820224719105,1
14167,82,6,970.7,41,265,500,161.78333333333333,44.166666666666664,0.012,0
14168,240,2,370.45,11,147,384,185.225,73.5,0.005208333333333333,1
14169,250,2,613.11,49,201,263,306.555,100.5,0.0076045627376425855,1
14170,194,3,570.18,123,270,214,190.05999999999997,90.0,0.014018691588785047,1
14171,549,1,135.0,6,44,549,135.0,44.0,0.0018214936247723133,0
14172,424,3,369.02,38,78,462,123.00666666666666,26.0,0.006493506493506494,1
14173,38,3,249.2,13,84,550,83.06666666666666,28.0,0.005454545454545455,0
14175,149,6,4779.16,136,1640,447,796.5266666666666,273.3333333333333,0.013422818791946308,0
14176,116,5,916.01,33,326,200,183.202,65.2,0.025,1
14177,200,9,1660.23,118,839,471,184.47,93.22222222222223,0.01910828025477707,0
14178,1,1,197.37,28,161,1,197.37,161.0,1.0,0
14180,4,24,5004.35,110,664,367,208.51458333333335,27.666666666666668,0.0653950953678474,0
14181,230,2,308.35,48,120,382,154.175,60.0,0.005235602094240838,1
14182,263,4,678.77,42,174,415,169.6925,43.5,0.00963855421686747,1
14183,230,2,278.34000000000003,27,60,300,139.17000000000002,30.0,0.006666666666666667,1
14185,150,1,197.65,3,6,150,197.65,6.0,0.006666666666666667,1
14186,246,5,1550.63,75,1550,464,310.12600000000003,310.0,0.010775862068965518,1
14187,293,1,123.5,8,50,293,123.5,50.0,0.0034129692832764505,1
14188,34,2,760.9,17,413,129,380.45,206.5,0.015503875968992248,0
14189,20,9,3316.38,118,2578,208,368.4866666666667,286.44444444444446,0.04326923076923077,0
14190,485,1,79.9,1,2,485,79.9,2.0,0.002061855670103093,1
14191,4,5,919.6,30,469,548,183.92000000000002,93.8,0.009124087591240875,0
14192,207,1,293.74,14,218,207,293.74,218.0,0.004830917874396135,1
14193,89,2,779.34,39,458,216,389.67,229.0,0.009259259259259259,0
14194,16,22,10728.94,344,5939,522,487.6790909090909,269.95454545454544,0.0421455938697318,0
14195,21,6,2615.6,10,2144,453,435.93333333333334,357.3333333333333,0.013245033112582781,1
14197,230,1,390.05,20,143,230,390.05,143.0,0.004347826086956522,1
14198,58,6,1051.63,41,437,523,175.27166666666668,72.83333333333333,0.011472275334608031,0
14199,37,4,1091.7,15,254,350,272.925,63.5,0.011428571428571429,1
14200,436,1,379.2,21,140,436,379.2,140.0,0.0022935779816513763,1
14201,5,7,857.2,32,518,407,122.45714285714287,74.0,0.0171990171990172,0
14202,200,3,847.76,27,166,444,282.58666666666664,55.333333333333336,0.006756756756756757,1
14203,216,1,339.34,16,80,216,339.34,80.0,0.004629629629629629,1
14204,241,3,874.22,158,397,556,291.4066666666667,132.33333333333334,0.00539568345323741,0
14205,83,8,2170.4,70,1264,462,271.3,158.0,0.017316017316017316,0
14206,58,3,1185.01,62,930,222,395.00333333333333,310.0,0.013513513513513514,1
14207,507,1,157.8,2,36,507,157.8,36.0,0.0019723865877712033,1
14208,370,1,415.31,25,415,370,415.31,415.0,0.002702702702702703,0
14209,33,12,4002.9900000000002,125,1383,506,333.58250000000004,115.25,0.023715415019762844,0
14210,17,15,5555.33,141,2485,522,370.3553333333333,165.66666666666666,0.028735632183908046,0
14211,27,14,3071.08,117,1830,550,219.36285714285714,130.71428571428572,0.025454545454545455,0
14212,265,1,1119.6599999999999,12,894,265,1119.6599999999999,894.0,0.0037735849056603774,0
14213,224,1,1192.2,5,244,224,1192.2,244.0,0.004464285714285714,1
14214,97,1,638.65,37,313,97,638.65,313.0,0.010309278350515464,0
14215,6,7,2724.88,128,1516,551,389.2685714285714,216.57142857142858,0.012704174228675136,0
14216,233,1,310.74,18,118,233,310.74,118.0,0.004291845493562232,0
14217,4,14,2401.16,95,880,346,171.51142857142855,62.857142857142854,0.04046242774566474,0
14219,229,2,543.89,32,285,312,271.945,142.5,0.00641025641025641,0
14220,66,4,1515.0,26,468,388,378.75,117.0,0.010309278350515464,1
14221,9,12,4738.52,115,2465,431,394.8766666666667,205.41666666666666,0.027842227378190254,0
14223,83,1,304.9,18,130,83,304.9,130.0,0.012048192771084338,0
14224,34,7,1324.05,167,572,363,189.15,81.71428571428571,0.01928374655647383,0
14225,254,4,2031.07,70,1167,515,507.7675,291.75,0.007766990291262136,1
14226,29,3,2462.34,66,1493,260,820.7800000000001,497.6666666666667,0.011538461538461539,0
14227,15,12,5414.72,236,3504,489,451.2266666666667,292.0,0.024539877300613498,0
14228,257,3,745.5,38,260,366,248.5,86.66666666666667,0.00819672131147541,1
14229,111,6,1808.97,37,627,291,301.495,104.5,0.020618556701030927,0
14230,255,3,979.8000000000001,27,246,367,326.6,82.0,0.008174386920980926,1
14231,3,4,1235.6200000000001,66,610,270,308.90500000000003,152.5,0.014814814814814815,1
14232,6,2,1003.97,52,809,84,501.985,404.5,0.023809523809523808,0
14233,31,6,2400.65,30,991,463,400.10833333333335,165.16666666666666,0.012958963282937365,0
14235,45,6,2837.68,89,1911,438,472.94666666666666,318.5,0.0136986301369863,0
14236,191,4,1443.08,29,540,324,360.77,135.0,0.012345679012345678,0
14237,192,2,632.14,26,276,410,316.07,138.0,0.004878048780487805,1
14238,145,3,434.23,13,189,554,144.74333333333334,63.0,0.005415162454873646,1
14239,20,16,3177.36,80,1330,554,198.585,83.125,0.02888086642599278,0
14240,45,2,584.0,26,316,243,292.0,158.0,0.00823045267489712,0
14241,3,2,333.70000000000005,12,242,515,166.85000000000002,121.0,0.003883495145631068,1
14242,54,2,280.55,13,123,145,140.275,61.5,0.013793103448275862,1
14243,65,12,6355.35,214,3123,295,529.6125000000001,260.25,0.04067796610169491,0
14244,480,1,366.41999999999996,16,814,480,366.41999999999996,814.0,0.0020833333333333333,1
14245,39,2,1693.45,107,976,83,846.725,488.0,0.024096385542168676,1
14246,65,1,449.64,24,216,65,449.64,216.0,0.015384615384615385,0
14247,97,5,753.56,82,378,370,150.712,75.6,0.013513513513513514,1
14248,137,3,1032.95,41,692,334,344.31666666666666,230.66666666666666,0.008982035928143712,1
14249,230,12,5400.461,178,2383,498,450.0384166666667,198.58333333333334,0.024096385542168676,1
14252,200,1,350.99,10,111,200,350.99,111.0,0.005,1
14253,312,2,363.40000000000003,11,88,442,181.70000000000002,44.0,0.004524886877828055,1
14254,252,1,601.03,23,263,252,601.03,263.0,0.003968253968253968,1
14256,79,5,2460.79,100,1147,514,492.158,229.4,0.009727626459143969,1
14257,4,6,3885.32,138,2253,467,647.5533333333334,375.5,0.01284796573875803,0
14258,19,22,26989.18,87,15026,555,1226.780909090909,683.0,0.03963963963963964,0
14260,290,3,824.28,50,544,368,274.76,181.33333333333334,0.008152173913043478,1
14262,60,1,240.0,16,196,60,240.0,196.0,0.016666666666666666,0
14263,242,1,322.93,16,171,242,322.93,171.0,0.004132231404958678,1
14264,65,5,1299.09,52,501,430,259.818,100.2,0.011627906976744186,0
14265,284,2,843.17,47,385,431,421.585,192.5,0.004640371229698376,0
14266,247,1,40.56,1,24,247,40.56,24.0,0.004048582995951417,1
14267,79,2,836.36,15,280,80,418.18,140.0,0.025,0
14268,290,1,354.85,19,147,290,354.85,147.0,0.0034482758620689655,1
14269,258,1,295.73,16,123,258,295.73,123.0,0.003875968992248062,1
14270,151,1,492.65000000000003,29,197,151,492.65000000000003,197.0,0.006622516556291391,1
14271,45,2,214.18,38,148,228,107.09,74.0,0.008771929824561403,1
14272,73,3,614.94,38,585,401,204.98000000000002,195.0,0.007481296758104738,0
14273,37,2,218.7,10,109,61,109.35,54.5,0.03278688524590164,0
14274,505,1,256.6,15,178,505,256.6,178.0,0.0019801980198019802,1
14275,215,6,1189.3799999999999,14,538,427,198.23,89.66666666666667,0.01405152224824356,1
14276,0,6,1703.34,63,1174,479,283.89,195.66666666666666,0.012526096033402923,0
14277,31,6,14266.19,216,88683,545,2377.6983333333333,14780.5,0.011009174311926606,0
14278,229,1,205.83,13,131,229,205.83,131.0,0.004366812227074236,1
14279,340,2,191.86,3,46,500,95.93,23.0,0.004,1
14280,16,1,134.04,8,52,16,134.04,52.0,0.0625,1
14281,227,1,245.15,7,45,227,245.15,45.0,0.004405286343612335,1
14282,22,15,5901.6,80,4039,482,393.44,269.26666666666665,0.03112033195020747,0
14283,282,4,628.4399999999999,36,550,389,157.10999999999999,137.5,0.010282776349614395,1
14284,473,1,704.4,35,349,473,704.4,349.0,0.0021141649048625794,0
14285,332,4,1374.41,33,413,550,343.6025,103.25,0.007272727272727273,0
14286,62,5,5901.09,218,6455,555,1180.218,1291.0,0.009009009009009009,0
14287,18,2,83.28,4,216,18,41.64,108.0,0.1111111111111111,0
14288,32,1,426.6,16,188,32,426.6,188.0,0.03125,1
14289,18,3,594.22,30,214,109,198.07333333333335,71.33333333333333,0.027522935779816515,0
14290,181,4,2979.4700000000003,59,905,551,744.8675000000001,226.25,0.007259528130671506,0
14291,30,15,5634.31,195,4271,550,375.6206666666667,284.73333333333335,0.02727272727272727,0
14292,23,9,5479.53,98,2229,450,608.8366666666666,247.66666666666666,0.02,0
14293,124,7,2729.39,63,1283,549,389.91285714285715,183.28571428571428,0.012750455373406194,0
14294,226,1,375.34,23,190,226,375.34,190.0,0.004424778761061947,1
14295,258,3,2186.71,60,944,549,728.9033333333333,314.6666666666667,0.00546448087431694,0
14296,240,2,456.40000000000003,27,314,393,228.20000000000002,157.0,0.005089058524173028,1
14297,94,1,232.6,11,78,94,232.6,78.0,0.010638297872340425,0
14298,10,68,70161.18,1092,77993,547,1031.7820588235293,1146.9558823529412,0.12431444241316271,0
14299,137,22,12099.81,99,6421,557,549.9913636363636,291.8636363636364,0.03949730700179533,0
14301,235,3,1352.04,29,1080,485,450.68,360.0,0.006185567010309278,0
14302,250,3,742.9000000000001,25,298,557,247.63333333333335,99.33333333333333,0.005385996409335727,1
14303,226,2,277.94,21,218,254,138.97,109.0,0.007874015748031496,1
14304,42,3,1725.01,69,775,390,575.0033333333333,258.3333333333333,0.007692307692307693,1
14306,198,4,1058.0800000000002,12,990,496,264.52000000000004,247.5,0.008064516129032258,0
14307,39,7,3770.29,150,2495,551,538.6128571428571,356.42857142857144,0.012704174228675136,0
14309,2,7,2560.84,106,1772,370,365.8342857142857,253.14285714285714,0.01891891891891892,0
14310,252,1,492.1,22,230,252,492.1,230.0,0.003968253968253968,1
14311,62,2,516.45,31,235,387,258.225,117.5,0.00516795865633075,1
14312,6,9,2333.29,120,1277,323,259.25444444444446,141.88888888888889,0.02786377708978328,0
14314,250,1,109.80000000000001,2,36,250,109.80000000000001,36.0,0.004,0
14315,10,4,1572.8899999999999,52,707,454,393.22249999999997,176.75,0.00881057268722467,0
14316,241,5,1370.34,21,4494,449,274.068,898.8,0.011135857461024499,1
14318,279,1,158.02,9,152,279,158.02,152.0,0.0035842293906810036,1
14319,243,1,494.85,26,329,243,494.85,329.0,0.00411522633744856,1
14320,26,5,1346.75,68,713,507,269.35,142.6,0.009861932938856016,1
14321,153,3,1014.13,84,1514,292,338.04333333333335,504.6666666666667,0.010273972602739725,0
14322,248,4,474.1,10,158,479,118.525,39.5,0.008350730688935281,1
14323,58,1,299.82,19,222,58,299.82,222.0,0.017241379310344827,0
14324,229,2,701.61,41,402,512,350.805,201.0,0.00390625,1
14325,389,1,245.48000000000002,18,320,389,245.48000000000002,320.0,0.002570694087403599,1
14326,61,3,940.98,54,572,352,313.66,190.66666666666666,0.008522727272727272,1
14327,201,5,1583.28,89,1157,519,316.656,231.4,0.009633911368015413,0
14329,93,10,7037.9800000000005,265,3946,542,703.798,394.6,0.01845018450184502,0
14330,443,1,200.63,13,103,443,200.63,103.0,0.002257336343115124,1
14332,200,2,1077.2,31,412,235,538.6,206.0,0.00851063829787234,0
14334,23,9,3444.5,137,2402,388,382.72222222222223,266.8888888888889,0.023195876288659795,0
14336,17,3,1114.39,53,989,95,371.46333333333337,329.6666666666667,0.031578947368421054,0
14338,15,2,919.85,43,621,356,459.925,310.5,0.0056179775280898875,0
14339,62,2,620.27,21,456,248,310.135,228.0,0.008064516129032258,1
14340,38,1,134.7,6,58,38,134.7,58.0,0.02631578947368421,1
14341,34,14,2988.19,126,1834,558,213.44214285714287,131.0,0.025089605734767026,0
14342,29,3,559.48,18,276,291,186.49333333333334,92.0,0.010309278350515464,0
14343,240,4,1079.66,193,626,509,269.915,156.5,0.007858546168958742,1
14344,26,18,3089.65,124,1525,445,171.64722222222224,84.72222222222223,0.04044943820224719,0
14346,116,4,1556.61,88,1377,317,389.1525,344.25,0.012618296529968454,0
14347,556,1,82.6,6,48,556,82.6,48.0,0.0017985611510791368,1
14348,79,1,409.57,18,183,79,409.57,183.0,0.012658227848101266,1
14350,93,3,972.03,55,543,249,324.01,181.0,0.012048192771084338,1
14352,54,2,845.32,35,410,92,422.66,205.0,0.021739130434782608,0
14353,34,3,376.5,18,344,251,125.5,114.66666666666667,0.01195219123505976,1
14355,185,3,1014.45,57,709,446,338.15000000000003,236.33333333333334,0.006726457399103139,1
14358,208,2,400.06,21,338,247,200.03,169.0,0.008097165991902834,1
14361,398,1,214.70999999999998,14,251,398,214.70999999999998,251.0,0.002512562814070352,1
14363,221,2,227.47000000000003,8,105,270,113.73500000000001,52.5,0.007407407407407408,1
14364,7,4,2161.85,22,1025,30,540.4625,256.25,0.13333333333333333,0
14365,214,2,634.68,50,557,501,317.34,278.5,0.003992015968063872,1
14366,344,1,136.0,1,16,344,136.0,16.0,0.0029069767441860465,1
14367,3,8,4116.77,183,1873,95,514.59625,234.125,0.08421052631578947,0
14368,139,1,155.0,8,36,139,155.0,36.0,0.007194244604316547,1
14369,461,2,469.13,24,255,481,234.565,127.5,0.004158004158004158,1
14370,270,6,1175.78,37,266,496,195.96333333333334,44.333333333333336,0.012096774193548387,1
14371,114,1,100.5,4,34,114,100.5,34.0,0.008771929824561403,1
14372,262,2,860.08,36,378,418,430.04,189.0,0.004784688995215311,1
14373,177,1,76.55,4,17,177,76.55,17.0,0.005649717514124294,1
14374,360,1,108.0,7,20,360,108.0,20.0,0.002777777777777778,1
14375,4,3,1106.82,176,647,360,368.94,215.66666666666666,0.008333333333333333,1
14376,502,1,215.46,17,50,502,215.46,50.0,0.00199203187250996,1
14377,10,2,617.05,11,219,81,308.525,109.5,0.024691358024691357,1
14378,441,1,131.25,9,57,441,131.25,57.0,0.0022675736961451248,1
14379,114,3,1028.04,75,548,299,342.68,182.66666666666666,0.010033444816053512,0
14381,270,1,423.26,56,303,270,423.26,303.0,0.003703703703703704,0
14382,209,1,578.14,137,436,209,578.14,436.0,0.004784688995215311,0
14384,320,1,58.5,3,30,320,58.5,30.0,0.003125,1
14386,116,1,142.4,7,54,116,142.4,54.0,0.008620689655172414,1
14388,22,11,4661.35,130,3164,508,423.75909090909096,287.6363636363636,0.021653543307086614,0
14389,10,4,1165.69,40,848,409,291.4225,212.0,0.009779951100244499,0
14390,30,7,2765.29,150,1200,244,395.0414285714286,171.42857142857142,0.028688524590163935,0
14391,396,1,135.6,14,168,396,135.6,168.0,0.0025252525252525255,1
14392,251,1,266.4,14,114,251,266.4,114.0,0.00398406374501992,1
14393,37,1,67.95,5,13,37,67.95,13.0,0.02702702702702703,1
14394,384,1,93.8,6,58,384,93.8,58.0,0.0026041666666666665,1
14395,42,16,6256.64,254,3183,419,391.04,198.9375,0.03818615751789976,0
14396,190,6,1702.09,167,812,556,283.6816666666667,135.33333333333334,0.01079136690647482,0
14397,17,2,242.24,11,224,33,121.12,112.0,0.06060606060606061,0
14398,220,2,707.79,50,267,347,353.895,133.5,0.005763688760806916,1
14399,213,8,2108.21,119,965,493,263.52625,120.625,0.016227180527383367,1
14400,227,2,1157.77,47,1252,451,578.885,626.0,0.004434589800443459,0
14401,1,12,3724.98,91,2726,544,310.415,227.16666666666666,0.022058823529411766,0
14402,471,1,285.6,8,240,471,285.6,240.0,0.0021231422505307855,1
14403,36,4,1380.71,20,621,458,345.1775,155.25,0.008733624454148471,0
14404,79,10,2102.62,90,1099,538,210.262,109.9,0.01858736059479554,0
14405,206,1,195.0,2,100,206,195.0,100.0,0.0048543689320388345,1
14407,25,2,1002.6800000000001,33,416,96,501.34000000000003,208.0,0.020833333333333332,0
14408,9,7,2585.03,32,1470,552,369.29,210.0,0.012681159420289856,0
14409,138,6,2362.7400000000002,52,1592,386,393.79,265.3333333333333,0.015544041450777202,0
14410,26,8,2304.63,250,1146,256,288.07875,143.25,0.03125,0
14411,130,1,1063.0,14,196,130,1063.0,196.0,0.007692307692307693,1
14412,244,1,656.16,41,642,244,656.16,642.0,0.004098360655737705,0
14413,181,3,421.72,92,276,508,140.57333333333335,92.0,0.005905511811023622,1
14414,178,2,1119.55,28,511,194,559.775,255.5,0.010309278350515464,0
14415,1,16,8850.39,358,4526,542,553.149375,282.875,0.02952029520295203,0
14417,207,1,524.65,106,543,207,524.65,543.0,0.004830917874396135,1
14419,72,3,509.99,53,230,202,169.99666666666667,76.66666666666667,0.01485148514851485,0
14420,216,3,1251.65,58,786,511,417.2166666666667,262.0,0.005870841487279843,0
14421,31,5,2111.44,67,1171,511,422.288,234.2,0.009784735812133072,0
14422,86,14,6409.1900000000005,206,3336,542,457.79928571428576,238.28571428571428,0.025830258302583026,0
14423,37,3,916.6099999999999,12,419,514,305.53666666666663,139.66666666666666,0.005836575875486381,1
14425,254,3,661.39,35,325,557,220.46333333333334,108.33333333333333,0.005385996409335727,1
14426,95,10,8741.85,384,5166,464,874.1850000000001,516.6,0.021551724137931036,0
14427,314,2,900.1800000000001,27,310,451,450.09000000000003,155.0,0.004434589800443459,0
14428,59,2,330.62,25,145,144,165.31,72.5,0.013888888888888888,0
14429,223,1,516.28,22,286,223,516.28,286.0,0.004484304932735426,1
14430,331,3,1220.9,29,446,426,406.9666666666667,148.66666666666666,0.007042253521126761,1
14431,122,4,2614.2,72,1202,507,653.55,300.5,0.007889546351084813,1
14433,285,1,280.7,72,131,285,280.7,131.0,0.0035087719298245615,1
14435,321,1,90.42,3,282,321,90.42,282.0,0.003115264797507788,1
14436,373,1,182.64000000000001,2,168,373,182.64000000000001,168.0,0.002680965147453083,0
14437,185,5,936.34,34,480,403,187.268,96.0,0.01240694789081886,1
14438,125,1,131.9,9,82,125,131.9,82.0,0.008,1
14439,139,5,9443.04,105,2244,506,1888.6080000000002,448.8,0.009881422924901186,1
14440,136,10,5466.76,55,1508,557,546.676,150.8,0.017953321364452424,0
14441,75,8,3255.64,76,922,510,406.955,115.25,0.01568627450980392,0
14442,24,7,5367.0199999999995,128,1431,509,766.7171428571428,204.42857142857142,0.0137524557956778,1
14443,129,3,1574.67,72,929,198,524.89,309.6666666666667,0.015151515151515152,0
14444,275,1,120.44,11,172,275,120.44,172.0,0.0036363636363636364,1
14445,275,1,221.65,32,83,275,221.65,83.0,0.0036363636363636364,1
14446,66,2,492.96999999999997,113,493,206,246.48499999999999,246.5,0.009708737864077669,0
14447,15,3,1149.53,63,655,219,383.1766666666667,218.33333333333334,0.0136986301369863,0
14448,183,1,102.35000000000001,18,44,183,102.35000000000001,44.0,0.00546448087431694,0
14449,66,6,1955.31,211,1338,255,325.885,223.0,0.023529411764705882,0
14450,0,7,1128.44,47,522,430,161.2057142857143,74.57142857142857,0.01627906976744186,1
14451,14,11,2974.78,218,1563,511,270.43454545454546,142.0909090909091,0.021526418786692758,0
14452,214,2,399.9,62,169,340,199.95,84.5,0.0058823529411764705,0
14453,9,1,119.93,22,49,9,119.93,49.0,0.1111111111111111,1
14454,195,5,977.3,93,400,552,195.45999999999998,80.0,0.009057971014492754,1
14455,251,4,617.72,65,706,314,154.43,176.5,0.012738853503184714,1
14457,130,1,113.64,4,88,130,113.64,88.0,0.007692307692307693,1
14458,200,1,219.26999999999998,45,309,200,219.26999999999998,309.0,0.005,1
14459,470,1,3537.821,76,1543,470,3537.821,1543.0,0.002127659574468085,0
14460,130,7,689.16,23,1022,543,98.45142857142856,146.0,0.01289134438305709,0
14461,81,11,5350.08,424,2516,510,486.3709090909091,228.72727272727272,0.021568627450980392,0
14462,5,8,1374.51,138,607,251,171.81375,75.875,0.03187250996015936,0
14463,24,2,372.87,4,127,319,186.435,63.5,0.006269592476489028,0
14464,387,2,111.0,4,62,446,55.5,31.0,0.004484304932735426,1
14465,66,11,3925.85,128,2539,520,356.8954545454545,230.8181818181818,0.021153846153846155,1
14466,6,10,3720.2,73,2096,545,372.02,209.6,0.01834862385321101,0
14467,132,9,1738.68,120,948,557,193.18666666666667,105.33333333333333,0.01615798922800718,0
14468,553,1,204.24,12,164,553,204.24,164.0,0.0018083182640144665,1
14469,235,4,2093.46,120,973,499,523.365,243.25,0.008016032064128256,1
14470,107,2,548.49,48,227,250,274.245,113.5,0.008,0
14471,410,2,400.95,38,187,552,200.475,93.5,0.0036231884057971015,1
14472,7,6,1723.26,158,1029,508,287.21,171.5,0.011811023622047244,0
14473,101,1,85.0,1,10,101,85.0,10.0,0.009900990099009901,0
14474,399,1,711.23,97,308,399,711.23,308.0,0.002506265664160401,0
14475,5,3,847.47,28,337,228,282.49,112.33333333333333,0.013157894736842105,0
14476,76,1,193.0,17,110,76,193.0,110.0,0.013157894736842105,1
14477,3,5,1183.0,5,700,523,236.6,140.0,0.009560229445506692,0
14478,201,4,1276.66,59,1226,557,319.165,306.5,0.00718132854578097,1
14479,73,4,1299.11,127,620,552,324.7775,155.0,0.007246376811594203,1
14480,222,3,1020.47,43,527,537,340.1566666666667,175.66666666666666,0.00558659217877095,0
14481,106,4,1951.04,106,1313,497,487.76,328.25,0.008048289738430584,0
14482,58,7,2522.01,99,1353,289,360.2871428571429,193.28571428571428,0.02422145328719723,0
14483,101,2,257.1,13,193,556,128.55,96.5,0.0035971223021582736,1
14484,220,3,749.0600000000001,37,534,542,249.6866666666667,178.0,0.005535055350553505,0
14486,331,2,175.5,4,90,373,87.75,45.0,0.005361930294906166,1
14487,187,2,350.99,32,123,198,175.495,61.5,0.010101010101010102,0
14489,26,4,1574.93,65,1011,432,393.7325,252.75,0.009259259259259259,1
14490,225,2,1273.47,72,933,248,636.735,466.5,0.008064516129032258,1
14491,192,1,254.4,4,80,192,254.4,80.0,0.005208333333333333,0
14492,249,7,1921.91,70,751,438,274.55857142857144,107.28571428571429,0.01598173515981735,1
14493,209,5,2704.62,204,1863,461,540.924,372.6,0.010845986984815618,0
14494,220,2,261.9,10,118,550,130.95,59.0,0.0036363636363636364,0
14495,479,1,51.0,1,6,479,51.0,6.0,0.0020876826722338203,0
14496,131,7,2668.23,64,991,452,381.17571428571426,141.57142857142858,0.015486725663716814,1
14497,128,2,697.0600000000001,40,332,493,348.53000000000003,166.0,0.004056795131845842,1
14498,5,7,2256.75,163,1188,369,322.39285714285717,169.71428571428572,0.018970189701897018,0
14499,98,5,1416.22,119,805,289,283.244,161.0,0.01730103806228374,0
14500,9,1,284.85,4,103,9,284.85,103.0,0.1111111111111111,0
14501,3,2,251.21,9,161,139,125.605,80.5,0.014388489208633094,1
14502,54,6,1059.94,176,437,132,176.65666666666667,72.83333333333333,0.045454545454545456,0
14504,62,3,542.71,81,263,97,180.90333333333334,87.66666666666667,0.030927835051546393,0
14505,23,16,9173.51,736,3920,549,573.344375,245.0,0.029143897996357013,0
14506,103,4,1810.76,133,551,419,452.69,137.75,0.00954653937947494,0
14507,34,8,2464.17,169,1233,548,308.02125,154.125,0.014598540145985401,0
14508,195,3,554.87,100,218,359,184.95666666666668,72.66666666666667,0.008356545961002786,0
14509,353,1,110.95,25,38,353,110.95,38.0,0.0028328611898017,1
14510,195,3,979.85,67,793,255,326.6166666666667,264.3333333333333,0.011764705882352941,1
14512,7,7,1215.97,55,736,551,173.71,105.14285714285714,0.012704174228675136,1
14513,26,5,649.77,15,401,387,129.954,80.2,0.012919896640826873,0
14514,20,8,3792.95,197,1971,545,474.11875,246.375,0.014678899082568808,0
14515,10,8,2412.82,72,1154,370,301.6025,144.25,0.021621621621621623,0
14516,335,1,151.17,35,63,335,151.17,63.0,0.0029850746268656717,1
14519,503,2,203.14,38,81,548,101.57,40.5,0.0036496350364963502,1
14520,110,1,165.0,1,100,110,165.0,100.0,0.00909090909090909,0
14521,310,1,199.45000000000002,17,211,310,199.45000000000002,211.0,0.0032258064516129032,1
14522,17,5,1052.51,27,599,503,210.502,119.8,0.009940357852882704,0
14524,55,8,1819.76,193,809,236,227.47,101.125,0.03389830508474576,0
14525,5,13,5734.73,267,3527,545,441.1330769230769,271.3076923076923,0.023853211009174313,0
14526,208,1,258.65,41,178,208,258.65,178.0,0.004807692307692308,1
14527,4,93,22763.66,525,5534,557,244.7705376344086,59.505376344086024,0.16696588868940754,0
14530,4,13,4723.8,227,2255,507,363.3692307692308,173.46153846153845,0.02564102564102564,0
14531,299,1,376.34,29,260,299,376.34,260.0,0.0033444816053511705,1
14532,55,11,3845.78,209,1111,518,349.61636363636364,101.0,0.021235521235521235,1
14533,172,5,1950.15,32,2559,430,390.03000000000003,511.8,0.011627906976744186,0
14534,6,17,3649.61,288,1670,453,214.6829411764706,98.23529411764706,0.037527593818984545,0
14535,68,7,3959.92,436,1823,472,565.7028571428572,260.42857142857144,0.014830508474576272,0
14536,79,1,170.95,18,39,79,170.95,39.0,0.012658227848101266,1
14537,442,1,285.84000000000003,13,108,442,285.84000000000003,108.0,0.0022624434389140274,0
14538,75,4,1089.0900000000001,30,159,502,272.27250000000004,39.75,0.00796812749003984,0
14540,128,9,2952.88,149,1306,551,328.09777777777776,145.11111111111111,0.016333938294010888,0
14541,33,12,2043.48,99,979,521,170.29,81.58333333333333,0.023032629558541268,0
14542,5,1,103.25,5,19,5,103.25,19.0,0.2,1
14543,2,33,13398.24,95,2443,557,406.0072727272727,74.03030303030303,0.059245960502693,0
14544,181,2,2036.0,111,1712,289,1018.0,856.0,0.006920415224913495,0
14545,493,1,349.25,23,236,493,349.25,236.0,0.002028397565922921,1
14546,21,8,3485.79,314,1876,552,435.72375,234.5,0.014492753623188406,0
14548,137,8,2214.89,66,858,552,276.86125,107.25,0.014492753623188406,0
14549,130,4,913.6,117,394,556,228.4,98.5,0.007194244604316547,1
14550,207,2,587.69,46,382,303,293.845,191.0,0.006600660066006601,0
14551,23,6,817.29,68,446,501,136.215,74.33333333333333,0.011976047904191617,0
14552,200,2,343.71,80,168,411,171.855,84.0,0.004866180048661801,0
14553,38,6,1271.65,169,807,329,211.9416666666667,134.5,0.0182370820668693,0
14555,121,5,2177.83,93,810,541,435.566,162.0,0.009242144177449169,0
14556,415,3,815.69,158,323,508,271.8966666666667,107.66666666666667,0.005905511811023622,1
14558,473,3,655.5,13,162,551,218.5,54.0,0.0054446460980036296,1
14559,209,1,75.6,2,72,209,75.6,72.0,0.004784688995215311,1
14560,15,31,5108.26,51,3555,557,164.7825806451613,114.6774193548387,0.05565529622980251,0
14561,3,1,222.07,16,183,3,222.07,183.0,0.3333333333333333,0
14562,2,12,2737.37,164,1254,489,228.11416666666665,104.5,0.024539877300613498,0
14563,329,2,625.42,94,243,411,312.71,121.5,0.004866180048661801,1
14564,254,2,2605.62,107,1295,555,1302.81,647.5,0.0036036036036036037,1
14565,24,3,2587.65,103,1298,293,862.5500000000001,432.6666666666667,0.010238907849829351,0
14566,236,3,2660.0,8,1600,353,886.6666666666666,533.3333333333334,0.0084985835694051,0
14568,254,1,919.7,47,645,254,919.7,645.0,0.003937007874015748,1
14569,272,3,369.94,21,178,423,123.31333333333333,59.333333333333336,0.0070921985815602835,0
14570,100,3,512.4,63,363,262,170.79999999999998,121.0,0.011450381679389313,1
14571,244,1,160.0,30,56,244,160.0,56.0,0.004098360655737705,1
14572,73,7,3789.77,250,1917,440,541.3957142857142,273.85714285714283,0.015909090909090907,0
14573,2,12,2448.36,178,765,519,204.03,63.75,0.023121387283236993,0
14574,552,1,143.70000000000002,11,63,552,143.70000000000002,63.0,0.0018115942028985507,1
14575,307,1,420.22,71,163,307,420.22,163.0,0.003257328990228013,1
14576,191,1,70.80000000000001,1,24,191,70.80000000000001,24.0,0.005235602094240838,1
14577,52,5,972.45,80,407,548,194.49,81.4,0.009124087591240875,0
14579,251,1,105.56,24,56,251,105.56,56.0,0.00398406374501992,1
14580,337,1,14.850000000000001,1,3,337,14.850000000000001,3.0,0.002967359050445104,1
14581,363,1,271.05,43,87,363,271.05,87.0,0.0027548209366391185,0
14583,5,5,948.94,216,555,440,189.788,111.0,0.011363636363636364,0
14584,2,7,1524.71,123,878,479,217.81571428571428,125.42857142857143,0.014613778705636743,0
14585,202,4,986.22,64,539,236,246.555,134.75,0.01694915254237288,0
14586,96,1,237.36,19,444,96,237.36,444.0,0.010416666666666666,1
14587,3,8,1452.68,166,716,150,181.585,89.5,0.05333333333333334,0
14588,397,1,135.39,16,62,397,135.39,62.0,0.0025188916876574307,1
14589,191,1,79.5,3,10,191,79.5,10.0,0.005235602094240838,1
14590,244,20,2993.37,124,901,551,149.6685,45.05,0.036297640653357534,1
14591,32,1,204.02,33,91,32,204.02,91.0,0.03125,0
14593,18,11,3380.47,368,1634,549,307.31545454545454,148.54545454545453,0.020036429872495445,0
14594,192,1,510.0,31,292,192,510.0,292.0,0.005208333333333333,0
14595,132,3,587.6500000000001,30,326,507,195.88333333333335,108.66666666666667,0.005917159763313609,0
14596,446,1,222.22000000000003,50,75,446,222.22000000000003,75.0,0.002242152466367713,1
14597,11,5,1483.49,44,988,256,296.698,197.6,0.01953125,0
14598,388,1,162.07,40,165,388,162.07,165.0,0.002577319587628866,0
14599,209,2,457.89,77,292,328,228.945,146.0,0.006097560975609756,1
14600,125,2,865.1700000000001,53,487,212,432.58500000000004,243.5,0.009433962264150943,1
14602,475,1,205.35999999999999,31,80,475,205.35999999999999,80.0,0.002105263157894737,1
14603,94,1,660.0,2,400,94,660.0,400.0,0.010638297872340425,1
14604,452,1,136.35999999999999,19,86,452,136.35999999999999,86.0,0.0022123893805309734,1
14605,193,4,920.71,87,415,550,230.1775,103.75,0.007272727272727273,1
14606,2,143,25361.96,1178,12868,556,177.35636363636362,89.98601398601399,0.25719424460431656,0
14607,80,9,8048.63,76,4109,544,894.2922222222222,456.55555555555554,0.016544117647058824,0
14608,181,7,1761.79,9,537,553,251.68428571428572,76.71428571428571,0.012658227848101266,0
14609,116,7,1028.6399999999999,6,8094,488,146.9485714285714,1156.2857142857142,0.014344262295081968,0
14610,215,2,24.35,10,15,333,12.175,7.5,0.006006006006006006,1
14611,263,2,604.3299999999999,37,582,418,302.16499999999996,291.0,0.004784688995215311,1
14612,234,1,877.7,14,134,234,877.7,134.0,0.004273504273504274,1
14613,499,1,76.32000000000001,1,72,499,76.32000000000001,72.0,0.002004008016032064,1
14614,205,1,295.13,19,189,205,295.13,189.0,0.004878048780487805,1
14615,213,5,951.76,40,495,367,190.352,99.0,0.013623978201634877,1
14616,62,5,527.78,3,170,368,105.556,34.0,0.01358695652173913,1
14617,222,2,190.47000000000003,7,81,235,95.23500000000001,40.5,0.00851063829787234,1
14618,157,5,1000.6800000000001,35,532,366,200.13600000000002,106.4,0.01366120218579235,0
14619,65,2,1291.24,58,594,360,645.62,297.0,0.005555555555555556,1
14620,25,2,412.78000000000003,26,214,103,206.39000000000001,107.0,0.019417475728155338,1
14621,6,6,1848.52,88,995,503,308.08666666666664,165.83333333333334,0.011928429423459244,0
14622,4,1,320.58000000000004,21,146,4,320.58000000000004,146.0,0.25,1
14623,5,7,1523.46,156,790,421,217.63714285714286,112.85714285714286,0.0166270783847981,0
14624,234,4,588.22,30,483,424,147.055,120.75,0.009433962264150943,0
14625,15,11,4497.88,167,2155,542,408.89818181818185,195.9090909090909,0.02029520295202952,1
14626,52,8,3206.55,112,2164,548,400.81875,270.5,0.014598540145985401,0
14627,198,1,462.75,29,284,198,462.75,284.0,0.005050505050505051,1
14628,61,4,1657.6200000000001,60,981,502,414.40500000000003,245.25,0.00796812749003984,0
14630,303,1,338.65,21,111,303,338.65,111.0,0.0033003300330033004,1
14631,54,5,1648.79,55,1137,306,329.758,227.4,0.016339869281045753,0
14632,82,1,114.56,8,96,82,114.56,96.0,0.012195121951219513,1
14633,85,1,344.90000000000003,20,96,85,344.90000000000003,96.0,0.011764705882352941,1
14634,257,4,2124.46,105,1906,361,531.115,476.5,0.0110803324099723,1
14635,273,1,215.22,15,118,273,215.22,118.0,0.003663003663003663,1
14636,88,1,300.19,16,117,88,300.19,117.0,0.011363636363636364,0
14637,496,1,106.67999999999999,7,100,496,106.67999999999999,100.0,0.0020161290322580645,1
14639,110,5,3229.6,133,1490,481,645.92,298.0,0.010395010395010396,0
14640,47,5,1937.73,105,938,505,387.546,187.6,0.009900990099009901,0
14643,177,4,1344.02,42,948,548,336.005,237.0,0.0072992700729927005,0
14644,117,6,1604.46,37,578,555,267.41,96.33333333333333,0.010810810810810811,0
14645,95,2,519.9,26,284,454,259.95,142.0,0.004405286343612335,0
14646,11,100,363191.42,728,251823,556,3631.9141999999997,2518.23,0.17985611510791366,0
14647,20,2,506.04,42,175,342,253.02,87.5,0.005847953216374269,1
14648,235,15,4463.39,285,3259,548,297.55933333333337,217.26666666666668,0.02737226277372263,1
14649,31,7,2830.72,301,1760,507,404.3885714285714,251.42857142857142,0.013806706114398421,0
14650,408,1,62.5,4,22,408,62.5,22.0,0.0024509803921568627,1
14651,30,8,1787.24,185,722,451,223.405,90.25,0.017738359201773836,0
14653,157,5,1832.91,149,1328,557,366.582,265.6,0.008976660682226212,0
14654,557,1,246.86,27,273,557,246.86,273.0,0.0017953321364452424,1
14655,41,4,2756.84,55,1774,415,689.21,443.5,0.00963855421686747,0
14656,102,4,632.0600000000001,112,229,423,158.01500000000001,57.25,0.009456264775413711,0
14657,101,4,1126.3700000000001,120,684,254,281.59250000000003,171.0,0.015748031496062992,0
14659,6,5,1381.76,96,650,135,276.352,130.0,0.037037037037037035,0
14662,54,6,1147.34,139,651,555,191.22333333333333,108.5,0.010810810810810811,0
14663,249,2,490.6,60,397,249,245.3,198.5,0.008032128514056224,1
14665,116,5,1645.6100000000001,78,672,412,329.122,134.4,0.012135922330097087,0
14667,33,40,16280.76,472,9689,557,407.019,242.225,0.0718132854578097,0
14668,264,1,111.63,10,49,264,111.63,49.0,0.003787878787878788,1
14669,61,7,3216.78,334,2043,556,459.54,291.85714285714283,0.012589928057553957,1
14670,99,3,583.33,159,423,551,194.44333333333336,141.0,0.0054446460980036296,1
14671,368,2,1127.45,48,571,387,563.725,285.5,0.00516795865633075,1
14672,54,4,1113.14,93,646,500,278.285,161.5,0.008,1
14673,187,3,2047.9,65,1244,229,682.6333333333333,414.6666666666667,0.013100436681222707,0
14674,328,1,173.66,14,103,328,173.66,103.0,0.003048780487804878,1
14675,208,1,419.22,114,324,208,419.22,324.0,0.004807692307692308,0
14676,26,9,6957.07,66,7372,459,773.0077777777777,819.1111111111111,0.0196078431372549,0
14677,412,1,184.91,14,139,412,184.91,139.0,0.0024271844660194173,1
14678,398,1,403.39,24,179,398,403.39,179.0,0.002512562814070352,1
14679,201,3,1289.44,49,794,550,429.81333333333333,264.6666666666667,0.005454545454545455,1
14680,18,51,43149.15,215,20482,555,846.0617647058824,401.6078431372549,0.0918918918918919,0
14681,31,4,770.1500000000001,18,144,473,192.53750000000002,36.0,0.008456659619450317,0
14682,7,6,1514.81,79,949,491,252.46833333333333,158.16666666666666,0.012219959266802444,1
14683,407,1,146.56,21,386,407,146.56,386.0,0.002457002457002457,1
14684,34,3,721.96,195,454,209,240.65333333333334,151.33333333333334,0.014354066985645933,0
14685,395,8,4536.64,109,1969,546,567.08,246.125,0.014652014652014652,1
14686,233,5,852.53,185,457,478,170.506,91.4,0.010460251046025104,1
14687,219,2,773.6800000000001,23,380,371,386.84000000000003,190.0,0.005390835579514825,0
14688,18,17,4842.7300000000005,152,3977,276,284.8664705882353,233.94117647058823,0.06159420289855073,0
14689,28,1,112.8,13,76,28,112.8,76.0,0.03571428571428571,1
14690,211,2,422.63,43,174,230,211.315,87.0,0.008695652173913044,0
14691,32,1,439.6,17,162,32,439.6,162.0,0.03125,0
14692,54,11,1603.8899999999999,95,854,436,145.8081818181818,77.63636363636364,0.02522935779816514,0
14693,84,7,1165.36,43,388,345,166.48,55.42857142857143,0.020289855072463767,1
14694,436,1,244.31,15,193,436,244.31,193.0,0.0022935779816513763,1
14695,338,3,1534.22,76,661,552,511.4066666666667,220.33333333333334,0.005434782608695652,1
14696,6,5,1860.34,88,1272,241,372.068,254.4,0.02074688796680498,0
14697,37,2,188.60999999999999,22,181,37,94.30499999999999,90.5,0.05405405405405406,1
14699,33,4,702.6,45,484,345,175.65,121.0,0.011594202898550725,1
14700,9,4,2422.06,88,1140,305,605.515,285.0,0.013114754098360656,0
14701,66,11,3694.92,363,1391,504,335.9018181818182,126.45454545454545,0.021825396825396824,0
14702,100,18,4601.34,239,1980,548,255.63,110.0,0.032846715328467155,0
14704,244,2,258.96,53,121,443,129.48,60.5,0.004514672686230248,0
14705,18,1,179.0,1,100,18,179.0,100.0,0.05555555555555555,1
14706,438,1,367.54,25,246,438,367.54,246.0,0.00228310502283105,1
14707,255,2,139.2,1,96,396,69.6,48.0,0.005050505050505051,1
14708,188,3,1504.97,14,1238,275,501.6566666666667,412.6666666666667,0.01090909090909091,0
14709,7,17,5908.33,85,2577,553,347.5488235294118,151.58823529411765,0.03074141048824593,0
14710,198,9,1300.31,203,760,555,144.4788888888889,84.44444444444444,0.016216216216216217,0
14711,4,6,1596.3,138,674,81,266.05,112.33333333333333,0.07407407407407407,0
14712,237,1,411.0,7,96,237,411.0,96.0,0.004219409282700422,0
14713,5,17,4201.75,184,2697,555,247.16176470588235,158.64705882352942,0.03063063063063063,0
14714,226,3,746.05,59,413,507,248.6833333333333,137.66666666666666,0.005917159763313609,0
14715,117,6,1189.62,68,635,509,198.26999999999998,105.83333333333333,0.011787819253438114,0
14716,264,1,235.77,44,148,264,235.77,148.0,0.003787878787878788,0
14717,552,1,81.3,11,32,552,81.3,32.0,0.0018115942028985507,1
14718,229,1,226.42,11,202,229,226.42,202.0,0.004366812227074236,1
14719,68,1,223.46,40,188,68,223.46,188.0,0.014705882352941176,0
14721,198,1,109.07,24,57,198,109.07,57.0,0.005050505050505051,1
14722,296,2,309.1,53,96,305,154.55,48.0,0.006557377049180328,0
14723,177,8,1380.14,179,804,555,172.5175,100.5,0.014414414414414415,0
14724,409,1,341.9,40,184,409,341.9,184.0,0.0024449877750611247,1
14725,214,3,591.28,40,719,354,197.09333333333333,239.66666666666666,0.00847457627118644,0
14726,474,1,116.5,15,82,474,116.5,82.0,0.002109704641350211,1
14727,93,3,461.03,42,452,365,153.67666666666665,150.66666666666666,0.00821917808219178,1
14728,232,1,190.58,14,68,232,190.58,68.0,0.004310344827586207,1
14729,193,3,899.73,126,569,444,299.91,189.66666666666666,0.006756756756756757,1
14730,52,3,529.3,80,312,96,176.4333333333333,104.0,0.03125,0
14731,25,2,251.01999999999998,23,182,31,125.50999999999999,91.0,0.06451612903225806,0
14732,6,15,4097.78,128,1608,550,273.1853333333333,107.2,0.02727272727272727,0
14733,23,11,14486.84,133,5978,221,1316.9854545454546,543.4545454545455,0.049773755656108594,0
14734,245,4,1056.42,48,378,370,264.105,94.5,0.010810810810810811,1
14735,16,41,8729.880000000001,158,3112,555,212.9239024390244,75.90243902439025,0.07387387387387387,0
14736,304,2,374.05,70,148,304,187.025,74.0,0.006578947368421052,1
14737,172,2,2823.62,28,876,220,1411.81,438.0,0.00909090909090909,0
14738,18,6,1033.14,41,375,552,172.19000000000003,62.5,0.010869565217391304,0
14739,39,21,9692.84,116,7426,556,461.56380952380954,353.6190476190476,0.03776978417266187,0
14740,16,11,4161.06,173,2081,472,378.27818181818185,189.1818181818182,0.023305084745762712,1
14741,181,3,992.55,26,689,237,330.84999999999997,229.66666666666666,0.012658227848101266,0
14742,254,1,579.85,34,374,254,579.85,374.0,0.003937007874015748,1
14743,412,1,50.48,3,40,412,50.48,40.0,0.0024271844660194173,1
14744,117,12,3713.13,53,2439,389,309.4275,203.25,0.030848329048843187,0
14745,4,9,1912.82,58,1402,457,212.53555555555556,155.77777777777777,0.019693654266958426,0
14746,225,4,593.5,7,398,243,148.375,99.5,0.01646090534979424,1
14747,68,1,328.2,18,84,68,328.2,84.0,0.014705882352941176,1
14748,31,8,2507.7,94,2138,464,313.4625,267.25,0.017241379310344827,0
14749,299,1,310.15,18,403,299,310.15,403.0,0.0033444816053511705,1
14750,555,1,112.03,32,65,555,112.03,65.0,0.0018018018018018018,1
14751,503,2,126.45,7,65,545,63.225,32.5,0.003669724770642202,1
14753,280,1,306.36,18,201,280,306.36,201.0,0.0035714285714285713,0
14754,115,5,1138.15,90,697,510,227.63000000000002,139.4,0.00980392156862745,0
14755,26,18,6824.78,184,2941,555,379.15444444444444,163.38888888888889,0.032432432432432434,0
14756,202,2,1864.8,67,1006,244,932.4,503.0,0.00819672131147541,0
14758,25,6,2587.85,84,740,430,431.30833333333334,123.33333333333333,0.013953488372093023,0
14759,52,1,572.25,35,119,52,572.25,119.0,0.019230769230769232,0
14760,116,1,89.2,5,40,116,89.2,40.0,0.008620689655172414,1
14761,154,2,289.52,20,146,263,144.76,73.0,0.0076045627376425855,0
14762,83,2,417.57,28,428,445,208.785,214.0,0.0044943820224719105,1
14766,33,8,5248.97,203,3447,371,656.12125,430.875,0.0215633423180593,0
14767,293,1,382.81,18,117,293,382.81,117.0,0.0034129692832764505,1
14769,20,13,10731.38,616,7583,543,825.4907692307692,583.3076923076923,0.02394106813996317,0
14770,51,8,3637.64,152,1598,471,454.705,199.75,0.016985138004246284,1
14771,440,2,594.62,46,622,556,297.31,311.0,0.0035971223021582736,1
14773,412,1,140.55,10,53,412,140.55,53.0,0.0024271844660194173,1
14774,348,1,241.45,13,99,348,241.45,99.0,0.0028735632183908046,1
14775,191,1,813.12,20,768,191,813.12,768.0,0.005235602094240838,0
14776,37,7,2244.6,62,2828,265,320.65714285714284,404.0,0.026415094339622643,0
14777,223,1,307.56,16,212,223,307.56,212.0,0.004484304932735426,1
14778,128,1,334.05,18,141,128,334.05,141.0,0.0078125,0
14779,100,3,386.15,40,84,143,128.71666666666667,28.0,0.02097902097902098,1
14782,139,1,200.10000000000002,6,114,139,200.10000000000002,114.0,0.007194244604316547,1
14783,478,1,307.3,17,262,478,307.3,262.0,0.0020920502092050207,1
14784,143,2,274.62,14,182,209,137.31,91.0,0.009569377990430622,0
14786,369,1,90.96,7,112,369,90.96,112.0,0.0027100271002710027,1
14787,290,1,110.65,14,59,290,110.65,59.0,0.0034482758620689655,1
14788,415,1,476.88,28,298,415,476.88,298.0,0.0024096385542168677,0
14790,73,7,1933.72,54,2079,547,276.2457142857143,297.0,0.012797074954296161,0
14791,426,1,303.63,19,127,426,303.63,127.0,0.002347417840375587,1
14793,354,1,396.91,25,270,354,396.91,270.0,0.002824858757062147,0
14794,23,7,1313.53,57,421,306,187.64714285714285,60.142857142857146,0.02287581699346405,0
14796,37,19,6335.95,313,3978,544,333.4710526315789,209.3684210526316,0.034926470588235295,0
14797,326,1,300.31,16,99,326,300.31,99.0,0.003067484662576687,1
14798,129,6,626.25,26,527,468,104.375,87.83333333333333,0.01282051282051282,0
14799,557,1,180.45,10,349,557,180.45,349.0,0.0017953321364452424,0
14800,10,12,6790.24,285,5970,254,565.8533333333334,497.5,0.047244094488188976,0
14803,95,2,730.79,15,264,111,365.395,132.0,0.018018018018018018,0
14805,133,4,645.4,82,331,441,161.35,82.75,0.009070294784580499,0
14806,258,1,110.03999999999999,9,93,258,110.03999999999999,93.0,0.003875968992248062,0
14807,210,2,504.14,37,234,469,252.07,117.0,0.0042643923240938165,1
14809,440,2,686.76,18,232,440,343.38,116.0,0.004545454545454545,1
14810,18,10,1722.74,100,840,248,172.274,84.0,0.04032258064516129,0
14811,206,1,170.5,28,74,206,170.5,74.0,0.0048543689320388345,1
14812,418,1,178.85,36,135,418,178.85,135.0,0.0023923444976076554,1
14813,189,4,1041.79,110,458,430,260.4475,114.5,0.009302325581395349,1
14814,400,1,152.96,27,92,400,152.96,92.0,0.0025,1
14816,16,1,271.85,4,5,16,271.85,5.0,0.0625,1
14817,19,7,3609.86,141,2455,447,515.6942857142857,350.7142857142857,0.015659955257270694,1
14818,73,4,614.01,62,250,467,153.5025,62.5,0.008565310492505354,0
14819,11,3,269.06,43,109,537,89.68666666666667,36.333333333333336,0.00558659217877095,0
14820,199,5,767.47,31,471,497,153.494,94.2,0.01006036217303823,0
14821,186,7,1278.95,65,479,495,182.70714285714286,68.42857142857143,0.014141414141414142,1
14822,304,1,157.70000000000002,9,94,304,157.70000000000002,94.0,0.003289473684210526,1
14823,13,2,210.65,38,48,14,105.325,24.0,0.14285714285714285,0
14824,199,6,2895.2000000000003,76,1429,456,482.53333333333336,238.16666666666666,0.013157894736842105,0
14825,23,17,3718.14,170,2267,431,218.71411764705883,133.35294117647058,0.03944315545243619,0
14826,401,2,385.2,10,152,514,192.6,76.0,0.0038910505836575876,1
14828,16,13,9839.460000000001,72,9718,552,756.8815384615385,747.5384615384615,0.02355072463768116,1
14829,3,6,1526.92,72,1059,255,254.48666666666668,176.5,0.023529411764705882,0
14831,499,3,1676.57,67,885,557,558.8566666666667,295.0,0.005385996409335727,1
14833,318,1,94.8,7,58,318,94.8,58.0,0.0031446540880503146,1
14834,59,2,729.55,28,219,226,364.775,109.5,0.008849557522123894,0
14835,348,2,297.0,1,180,436,148.5,90.0,0.0045871559633027525,1
14837,21,6,2303.08,114,1932,504,383.84666666666664,322.0,0.011904761904761904,0
14838,242,2,769.9200000000001,69,361,556,384.96000000000004,180.5,0.0035971223021582736,1
14839,237,3,915.28,61,927,523,305.0933333333333,309.0,0.0057361376673040155,1
14840,87,2,362.71,20,179,358,181.355,89.5,0.00558659217877095,1
14841,93,11,5649.09,166,3337,556,513.5536363636364,303.3636363636364,0.019784172661870502,0
14842,11,2,1688.48,77,633,127,844.24,316.5,0.015748031496062992,0
14843,256,1,211.79999999999998,9,132,256,211.79999999999998,132.0,0.00390625,1
14844,60,7,4387.17,122,3118,426,626.7385714285714,445.42857142857144,0.01643192488262911,0
14845,419,1,150.0,1,600,419,150.0,600.0,0.002386634844868735,1
14846,246,1,437.4,12,193,246,437.4,193.0,0.0040650406504065045,1
14847,227,2,1039.55,47,413,384,519.775,206.5,0.005208333333333333,0
14848,224,1,310.56,11,260,224,310.56,260.0,0.004464285714285714,1
14849,32,28,10245.82,194,7871,518,365.92214285714283,281.10714285714283,0.05405405405405406,0
14850,131,7,1770.96,129,1393,387,252.99428571428572,199.0,0.01808785529715762,1
14851,75,2,524.19,24,445,450,262.095,222.5,0.0044444444444444444,0
14852,71,13,3786.14,92,2987,463,291.2415384615384,229.76923076923077,0.028077753779697623,0
14853,30,4,1115.57,21,297,425,278.8925,74.25,0.009411764705882352,0
14854,47,7,2754.36,110,1850,506,393.48,264.2857142857143,0.01383399209486166,0
14855,293,5,5874.65,156,3243,430,1174.9299999999998,648.6,0.011627906976744186,0
14857,261,5,2478.731,125,1617,454,495.74620000000004,323.4,0.011013215859030838,0
14858,325,1,180.75,11,105,325,180.75,105.0,0.003076923076923077,1
14859,23,2,648.76,17,426,374,324.38,213.0,0.0053475935828877,0
14861,200,9,1254.94,58,959,551,139.4377777777778,106.55555555555556,0.016333938294010888,0
14865,191,3,114.72,3,288,557,38.24,96.0,0.005385996409335727,0
14866,185,7,6554.0,12,2624,263,936.2857142857143,374.85714285714283,0.026615969581749048,0
14867,5,16,2952.06,67,996,553,184.50375,62.25,0.028933092224231464,1
14868,52,5,1669.75,80,1056,239,333.95,211.2,0.02092050209205021,0
14869,207,4,2056.69,136,1581,543,514.1725,395.25,0.007366482504604052,0
14870,81,6,1838.95,43,483,503,306.4916666666667,80.5,0.011928429423459244,1
14871,74,7,956.0400000000001,89,338,558,136.57714285714286,48.285714285714285,0.012544802867383513,0
14872,303,3,816.6,34,662,452,272.2,220.66666666666666,0.00663716814159292,1
14873,29,2,854.13,48,311,453,427.065,155.5,0.004415011037527594,1
14874,354,1,116.18,6,148,354,116.18,148.0,0.002824858757062147,1
14875,82,2,1759.08,47,874,261,879.54,437.0,0.007662835249042145,0
14876,340,2,256.7,12,162,380,128.35,81.0,0.005263157894736842,1
14877,237,2,425.85,57,168,462,212.925,84.0,0.004329004329004329,1
14878,0,21,3563.18,150,2175,476,169.6752380952381,103.57142857142857,0.04411764705882353,0
14879,504,1,185.06,27,104,504,185.06,104.0,0.001984126984126984,1
14880,4,2,347.67,25,237,108,173.835,118.5,0.018518518518518517,0
14882,209,12,2956.9500000000003,31,1456,438,246.41250000000002,121.33333333333333,0.0273972602739726,0
14883,31,1,310.56,19,234,31,310.56,234.0,0.03225806451612903,0
14884,488,1,120.6,8,72,488,120.6,72.0,0.0020491803278688526,1
14885,247,2,832.8,16,584,285,416.4,292.0,0.007017543859649123,0
14886,72,1,364.8,18,160,72,364.8,160.0,0.013888888888888888,1
14888,26,1,369.2,20,184,26,369.2,184.0,0.038461538461538464,1
14889,155,1,135.9,10,90,155,135.9,90.0,0.0064516129032258064,1
14890,73,3,817.25,55,636,479,272.4166666666667,212.0,0.006263048016701462,1
14891,7,3,1001.73,52,717,256,333.91,239.0,0.01171875,0
14892,510,1,202.35000000000002,13,79,510,202.35000000000002,79.0,0.00196078431372549,1
14893,437,1,571.76,33,248,437,571.76,248.0,0.002288329519450801,0
14894,262,2,837.0600000000001,23,338,557,418.53000000000003,169.0,0.003590664272890485,0
14895,1,23,18710.59,347,7710,548,813.5039130434783,335.2173913043478,0.041970802919708027,0
14896,24,8,2083.2200000000003,150,1115,553,260.40250000000003,139.375,0.014466546112115732,1
14897,116,5,1949.66,65,816,543,389.932,163.2,0.009208103130755065,0
14898,59,12,2806.07,135,1645,555,233.83916666666667,137.08333333333334,0.021621621621621623,0
14899,214,1,1331.38,126,570,214,1331.38,570.0,0.004672897196261682,1
14900,341,1,13.919999999999998,1,48,341,13.919999999999998,48.0,0.002932551319648094,1
14901,180,6,1357.16,61,593,318,226.19333333333336,98.83333333333333,0.018867924528301886,0
14902,215,2,702.96,34,498,373,351.48,249.0,0.005361930294906166,0
14903,19,3,1796.93,156,922,98,598.9766666666667,307.3333333333333,0.030612244897959183,0
14904,227,2,605.05,62,537,247,302.525,268.5,0.008097165991902834,0
14905,53,7,1663.79,43,863,555,237.68428571428572,123.28571428571429,0.012612612612612612,0
14907,180,12,3625.38,82,1490,421,302.115,124.16666666666667,0.028503562945368172,0
14908,282,1,104.10000000000001,5,50,282,104.10000000000001,50.0,0.0035460992907801418,0
14909,256,3,1404.68,61,888,482,468.2266666666667,296.0,0.006224066390041493,1
14911,2,239,178762.84,2014,90853,558,747.9616736401673,380.1380753138075,0.4283154121863799,0
14912,66,4,1464.52,36,1292,410,366.13,323.0,0.00975609756097561,0
14913,2,7,3762.85,161,3574,305,537.55,510.57142857142856,0.022950819672131147,0
14915,97,10,1646.05,63,671,556,164.605,67.1,0.017985611510791366,0
14916,143,5,2069.02,62,1522,437,413.804,304.4,0.011441647597254004,0
14917,416,2,1123.75,29,891,416,561.875,445.5,0.004807692307692308,1
14918,224,7,4345.66,64,1876,430,620.8085714285714,268.0,0.01627906976744186,0
14919,358,1,359.35,13,129,358,359.35,129.0,0.002793296089385475,1
14920,32,3,1607.17,90,886,384,535.7233333333334,295.3333333333333,0.0078125,1
14921,20,1,903.01,53,631,20,903.01,631.0,0.05,0
14922,213,2,843.74,49,376,327,421.87,188.0,0.0061162079510703364,1
14924,65,3,931.01,30,312,458,310.33666666666664,104.0,0.006550218340611353,1
14926,201,2,359.4,2,204,418,179.7,102.0,0.004784688995215311,1
14927,216,1,308.2,20,196,216,308.2,196.0,0.004629629629629629,1
14928,447,1,223.91000000000003,21,268,447,223.91000000000003,268.0,0.0022371364653243847,1
14929,241,1,612.8100000000001,23,351,241,612.8100000000001,351.0,0.004149377593360996,0
14930,93,4,3977.9,166,1734,426,994.475,433.5,0.009389671361502348,0
14931,60,1,243.0,8,96,60,243.0,96.0,0.016666666666666666,0
14932,185,2,879.66,28,334,205,439.83,167.0,0.00975609756097561,1
14933,263,4,1770.0,1,600,263,442.5,150.0,0.015209125475285171,1
14934,102,4,2341.4,88,1515,261,585.35,378.75,0.01532567049808429,0
14935,116,2,2849.83,25,1931,439,1424.915,965.5,0.004555808656036446,1
14936,95,5,5850.15,186,3133,403,1170.03,626.6,0.01240694789081886,0
14938,381,2,2322.43,71,1369,381,1161.215,684.5,0.005249343832020997,1
14940,237,2,531.49,32,384,552,265.745,192.0,0.0036231884057971015,1
14941,398,1,182.1,7,80,398,182.1,80.0,0.002512562814070352,1
14942,221,4,746.56,12,354,549,186.64,88.5,0.007285974499089253,1
14943,482,1,107.62,5,46,482,107.62,46.0,0.002074688796680498,1
14944,5,12,5616.45,133,3048,480,468.03749999999997,254.0,0.025,0
14945,233,1,179.4,11,156,233,179.4,156.0,0.004291845493562232,1
14947,207,4,758.97,37,237,444,189.7425,59.25,0.009009009009009009,0
14948,38,1,278.4,13,72,38,278.4,72.0,0.02631578947368421,0
14949,288,4,515.0,16,250,540,128.75,62.5,0.007407407407407408,1
14952,26,28,13064.47,209,5409,555,466.5882142857143,193.17857142857142,0.05045045045045045,0
14953,237,3,683.15,152,788,255,227.71666666666667,262.6666666666667,0.011764705882352941,0
14954,522,1,167.27,41,92,522,167.27,92.0,0.0019157088122605363,0
14955,552,1,163.77,30,74,552,163.77,74.0,0.0018115942028985507,1
14956,240,1,1325.0,4,2500,240,1325.0,2500.0,0.004166666666666667,1
14957,72,2,261.69,27,97,464,130.845,48.5,0.004310344827586207,1
14958,4,5,834.59,46,228,555,166.918,45.6,0.009009009009009009,0
14959,35,2,422.38,31,342,115,211.19,171.0,0.017391304347826087,0
14961,51,18,12545.130000000001,266,6360,555,696.9516666666667,353.3333333333333,0.032432432432432434,0
14962,90,4,366.91,14,123,403,91.7275,30.75,0.009925558312655087,1
14963,3,8,1945.43,215,1295,345,243.17875,161.875,0.02318840579710145,0
14964,66,1,206.21,13,143,66,206.21,143.0,0.015151515151515152,1
14966,206,5,881.24,93,881,543,176.248,176.2,0.009208103130755065,0
14967,261,5,1518.81,19,512,555,303.762,102.4,0.009009009009009009,0
14968,277,1,349.9,46,129,277,349.9,129.0,0.0036101083032490976,0
14969,523,1,906.23,13,665,523,906.23,665.0,0.0019120458891013384,1
14970,71,10,4109.54,56,847,482,410.954,84.7,0.02074688796680498,0
14972,200,1,30.300000000000004,2,12,200,30.300000000000004,12.0,0.005,0
14973,45,1,654.6,5,51,45,654.6,51.0,0.022222222222222223,0
14975,240,1,192.45,15,127,240,192.45,127.0,0.004166666666666667,0
14976,15,3,450.26,35,115,146,150.08666666666667,38.333333333333336,0.02054794520547945,0
14977,545,1,31.929999999999996,4,17,545,31.929999999999996,17.0,0.001834862385321101,1
14978,55,9,2718.05,159,628,410,302.0055555555556,69.77777777777777,0.02195121951219512,0
14979,554,1,429.66,42,209,554,429.66,209.0,0.0018050541516245488,1
14980,556,1,150.68,24,79,556,150.68,79.0,0.0017985611510791368,1
14981,65,2,372.92,20,241,243,186.46,120.5,0.00823045267489712,1
14982,391,1,234.88,38,123,391,234.88,123.0,0.0025575447570332483,1
14983,508,1,183.20000000000002,30,90,508,183.20000000000002,90.0,0.001968503937007874,1
14984,0,5,1160.37,27,310,516,232.07399999999998,62.0,0.009689922480620155,0
14985,17,2,292.01,78,256,177,146.005,128.0,0.011299435028248588,1
14986,195,2,563.1,87,338,503,281.55,169.0,0.003976143141153081,1
14987,185,7,1550.6499999999999,4,607,556,221.52142857142854,86.71428571428571,0.012589928057553957,0
14988,31,7,2038.65,171,1260,421,291.2357142857143,180.0,0.0166270783847981,1
14989,481,1,342.4,18,200,481,342.4,200.0,0.002079002079002079,1
14990,431,2,304.17,41,129,549,152.085,64.5,0.0036429872495446266,1
14991,249,1,314.67,21,191,249,314.67,191.0,0.004016064257028112,1
14992,261,1,210.5,27,145,261,210.5,145.0,0.0038314176245210726,1
14993,383,1,36.13,9,21,383,36.13,21.0,0.0026109660574412533,1
14994,201,5,942.77,232,566,442,188.554,113.2,0.011312217194570135,1
14995,99,1,119.31,37,51,99,119.31,51.0,0.010101010101010102,0
14996,300,2,442.28999999999996,37,404,300,221.14499999999998,202.0,0.006666666666666667,1
14997,475,1,230.4,12,288,475,230.4,288.0,0.002105263157894737,0
14998,60,3,521.95,85,199,424,173.98333333333335,66.33333333333333,0.007075471698113208,0
14999,412,1,129.48000000000002,9,88,412,129.48000000000002,88.0,0.0024271844660194173,1
15001,213,2,197.10999999999999,43,69,213,98.55499999999999,34.5,0.009389671361502348,1
15002,116,8,4275.56,194,2156,516,534.445,269.5,0.015503875968992248,0
15003,292,6,1027.03,253,525,501,171.17166666666665,87.5,0.011976047904191617,1
15005,6,41,10621.08,493,6343,557,259.0507317073171,154.70731707317074,0.07360861759425494,0
15006,272,1,277.4,47,101,272,277.4,101.0,0.003676470588235294,0
15008,299,2,360.0,6,1500,457,180.0,750.0,0.00437636761487965,1
15011,215,2,416.6,17,289,236,208.3,144.5,0.00847457627118644,1
15012,193,2,618.34,107,326,396,309.17,163.0,0.005050505050505051,0
15013,307,10,1610.82,177,1715,497,161.082,171.5,0.02012072434607646,1
15015,320,13,2344.47,157,1559,544,180.34384615384613,119.92307692307692,0.02389705882352941,1
15016,212,4,450.85,77,167,362,112.7125,41.75,0.011049723756906077,0
15018,72,2,402.59000000000003,17,115,187,201.29500000000002,57.5,0.0106951871657754,0
15019,86,1,252.81,64,150,86,252.81,150.0,0.011627906976744186,1
15020,198,1,198.47,27,111,198,198.47,111.0,0.005050505050505051,1
15021,38,6,1491.67,231,660,317,248.61166666666668,110.0,0.01892744479495268,0
15022,496,1,281.05,19,113,496,281.05,113.0,0.0020161290322580645,0
15023,37,13,8039.87,385,3741,493,618.4515384615385,287.7692307692308,0.02636916835699797,0
15024,116,9,3094.77,124,1614,243,343.86333333333334,179.33333333333334,0.037037037037037035,0
15025,387,1,609.88,71,318,387,609.88,318.0,0.002583979328165375,0
15026,59,4,810.67,83,451,267,202.6675,112.75,0.0149812734082397,0
15027,38,8,2783.57,52,2621,443,347.94625,327.625,0.01805869074492099,0
15028,188,3,707.75,45,452,213,235.91666666666666,150.66666666666666,0.014084507042253521,0
15029,439,1,365.1,10,234,439,365.1,234.0,0.002277904328018223,1
15030,87,7,1614.39,21,1009,464,230.62714285714287,144.14285714285714,0.015086206896551725,0
15031,101,11,2600.58,205,1243,550,236.41636363636363,113.0,0.02,0
15032,75,8,13780.65,39,8259,548,1722.58125,1032.375,0.014598540145985401,1
15033,27,3,1152.32,150,657,148,384.1066666666666,219.0,0.02027027027027027,0
15034,52,11,6597.42,308,3661,396,599.7654545454545,332.8181818181818,0.027777777777777776,0
15037,195,2,397.76,40,298,196,198.88,149.0,0.01020408163265306,1
15038,7,7,1077.37,176,335,244,153.91,47.857142857142854,0.028688524590163935,0
15039,4,73,33936.64,487,15494,549,464.88547945205477,212.24657534246575,0.13296903460837886,0
15040,361,1,7.49,1,1,361,7.49,1.0,0.002770083102493075,1
15041,263,1,109.05,34,89,263,109.05,89.0,0.0038022813688212928,0
15042,18,2,315.45,9,238,414,157.725,119.0,0.004830917874396135,1
15043,282,5,2318.3199999999997,38,707,352,463.66399999999993,141.4,0.014204545454545454,0
15044,26,26,12590.01,255,3806,542,484.23115384615386,146.3846153846154,0.04797047970479705,0
15045,77,1,388.9,4,38,77,388.9,38.0,0.012987012987012988,0
15046,14,18,4791.03,197,2414,513,266.1683333333333,134.11111111111111,0.03508771929824561,0
15047,89,1,343.62,22,222,89,343.62,222.0,0.011235955056179775,1
15048,40,2,352.95,58,152,188,176.475,76.0,0.010638297872340425,0
15049,93,1,121.17000000000002,3,63,93,121.17000000000002,63.0,0.010752688172043012,1
15050,240,2,2349.5,58,1384,300,1174.75,692.0,0.006666666666666667,0
15051,198,6,2543.55,113,2042,557,423.925,340.3333333333333,0.010771992818671455,0
15052,138,1,207.73000000000002,27,79,138,207.73000000000002,79.0,0.007246376811594203,1
15053,101,1,222.65,19,257,101,222.65,257.0,0.009900990099009901,0
15055,294,3,549.12,77,225,542,183.04,75.0,0.005535055350553505,1
15056,339,1,113.64999999999999,6,69,339,113.64999999999999,69.0,0.0029498525073746312,1
15057,94,5,3255.96,62,1394,553,651.192,278.8,0.009041591320072333,1
15058,2,11,2285.45,163,1065,472,207.7681818181818,96.81818181818181,0.023305084745762712,0
15059,35,14,2721.7,248,1221,553,194.40714285714284,87.21428571428571,0.02531645569620253,0
15061,4,109,114563.55,115,68075,558,1051.0417431192661,624.5412844036697,0.1953405017921147,0
15062,37,7,2411.8,95,1650,429,344.54285714285714,235.71428571428572,0.016317016317016316,0
15063,32,1,370.79999999999995,5,56,32,370.79999999999995,56.0,0.03125,1
15064,229,4,1154.41,74,808,536,288.6025,202.0,0.007462686567164179,1
15065,47,3,1575.13,79,784,230,525.0433333333334,261.3333333333333,0.013043478260869565,0
15067,102,3,2966.17,125,1532,426,988.7233333333334,510.6666666666667,0.007042253521126761,0
15068,75,3,861.5,139,598,440,287.1666666666667,199.33333333333334,0.006818181818181818,0
15070,192,3,843.25,26,375,543,281.0833333333333,125.0,0.0055248618784530384,1
15071,95,3,1062.16,31,312,390,354.05333333333334,104.0,0.007692307692307693,0
15072,298,1,187.51999999999998,13,164,298,187.51999999999998,164.0,0.003355704697986577,1
15073,5,7,2606.57,109,1347,501,372.3671428571429,192.42857142857142,0.013972055888223553,0
15074,248,2,817.46,31,608,287,408.73,304.0,0.006968641114982578,0
15076,311,2,566.89,30,295,341,283.445,147.5,0.005865102639296188,0
15077,314,2,2428.08,28,528,549,1214.04,264.0,0.0036429872495446266,1
15078,10,34,12192.93,98,6008,555,358.6155882352941,176.7058823529412,0.06126126126126126,0
15079,32,11,3767.35,119,1504,551,342.48636363636365,136.72727272727272,0.019963702359346643,1
15080,247,2,546.25,31,287,321,273.125,143.5,0.006230529595015576,1
15081,27,9,1708.97,65,729,355,189.88555555555556,81.0,0.02535211267605634,0
15082,488,1,93.35000000000001,6,43,488,93.35000000000001,43.0,0.0020491803278688526,1
15083,76,1,88.2,5,38,76,88.2,38.0,0.013157894736842105,1
15084,199,2,965.2,31,600,465,482.6,300.0,0.004301075268817204,1
15085,549,1,347.54,9,169,549,347.54,169.0,0.0018214936247723133,1
15086,384,2,218.53,10,95,444,109.265,47.5,0.0045045045045045045,1
15087,101,1,306.94,15,470,101,306.94,470.0,0.009900990099009901,1
15090,127,1,381.32,23,208,127,381.32,208.0,0.007874015748031496,1
15091,494,2,565.9,27,236,494,282.95,118.0,0.004048582995951417,0
15092,34,3,776.46,39,230,282,258.82,76.66666666666667,0.010638297872340425,1
15093,26,21,13125.77,104,10834,551,625.0366666666666,515.9047619047619,0.038112522686025406,0
15094,282,2,83.0,4,28,463,41.5,14.0,0.004319654427645789,1
15095,22,7,2541.54,89,1859,507,363.07714285714286,265.57142857142856,0.013806706114398421,0
15097,402,2,660.27,39,254,402,330.135,127.0,0.004975124378109453,0
15098,1,3,39916.5,1,121,1,13305.5,40.333333333333336,3.0,1
15100,153,7,2894.7,11,334,520,413.5285714285714,47.714285714285715,0.013461538461538462,1
15101,178,5,1262.69,48,469,409,252.538,93.8,0.012224938875305624,0
15102,350,2,554.67,26,339,366,277.335,169.5,0.00546448087431694,1
15104,16,2,993.54,66,635,101,496.77,317.5,0.019801980198019802,1
15105,249,2,795.98,50,536,446,397.99,268.0,0.004484304932735426,0
15106,31,2,778.45,51,560,88,389.225,280.0,0.022727272727272728,0
15107,130,9,940.35,32,356,271,104.48333333333333,39.55555555555556,0.033210332103321034,1
15108,6,2,542.45,23,159,47,271.225,79.5,0.0425531914893617,0
15109,65,3,983.1,46,258,555,327.7,86.0,0.005405405405405406,1
15110,138,3,679.4,17,160,304,226.46666666666667,53.333333333333336,0.009868421052631578,0
15111,192,3,1451.89,60,560,411,483.96333333333337,186.66666666666666,0.0072992700729927005,0
15112,430,1,209.4,7,72,430,209.4,72.0,0.002325581395348837,1
15114,2,6,1666.81,79,1439,240,277.8016666666667,239.83333333333334,0.025,0
15115,552,1,191.74,14,88,552,191.74,88.0,0.0018115942028985507,0
15116,24,1,479.65,15,147,24,479.65,147.0,0.041666666666666664,0
15117,35,4,1246.5900000000001,51,1815,453,311.64750000000004,453.75,0.008830022075055188,0
15119,65,1,266.4,14,88,65,266.4,88.0,0.015384615384615385,1
15121,108,1,295.15,18,125,108,295.15,125.0,0.009259259259259259,0
15122,23,10,3784.1,139,1730,438,378.40999999999997,173.0,0.0228310502283105,0
15123,25,4,3526.33,113,1838,453,881.5825,459.5,0.008830022075055188,0
15124,11,3,357.38,25,318,471,119.12666666666667,106.0,0.006369426751592357,0
15125,27,13,12807.11,127,6204,437,985.1623076923078,477.2307692307692,0.029748283752860413,0
15126,356,2,449.49,25,273,506,224.745,136.5,0.003952569169960474,1
15127,339,1,304.97,12,213,339,304.97,213.0,0.0029498525073746312,0
15128,39,2,796.38,47,600,249,398.19,300.0,0.008032128514056224,0
15129,30,16,4533.16,68,3067,429,283.3225,191.6875,0.037296037296037296,0
15131,214,1,80.28,7,88,214,80.28,88.0,0.004672897196261682,1
15132,19,2,489.87,24,377,82,244.935,188.5,0.024390243902439025,0
15133,77,4,1482.38,34,592,340,370.595,148.0,0.011764705882352941,0
15134,32,4,447.75,20,333,242,111.9375,83.25,0.01652892561983471,0
15135,58,2,305.68,17,84,375,152.84,42.0,0.005333333333333333,1
15137,340,2,823.4,34,596,499,411.7,298.0,0.004008016032064128,1
15138,213,1,502.52,31,300,213,502.52,300.0,0.004694835680751174,1
15139,59,2,178.96,13,208,156,89.48,104.0,0.01282051282051282,1
15140,18,4,2016.8899999999999,67,1339,261,504.22249999999997,334.75,0.01532567049808429,0
15141,277,7,1388.47,44,1197,440,198.35285714285715,171.0,0.015909090909090907,1
15142,229,5,2121.18,97,1790,320,424.236,358.0,0.015625,0
15143,45,2,563.63,27,320,251,281.815,160.0,0.00796812749003984,1
15144,36,17,7274.89,121,2999,546,427.93470588235294,176.41176470588235,0.031135531135531136,0
15145,46,2,724.03,35,438,67,362.015,219.0,0.029850746268656716,0
15146,110,1,834.22,63,914,110,834.22,914.0,0.00909090909090909,0
15147,59,1,623.5,28,366,59,623.5,366.0,0.01694915254237288,1
15149,396,3,1003.8100000000001,43,251,469,334.60333333333335,83.66666666666667,0.006396588486140725,0
15150,5,5,5004.68,318,3479,363,1000.936,695.8,0.013774104683195593,0
15151,242,2,2085.61,56,795,329,1042.805,397.5,0.0060790273556231,1
15152,6,2,1274.24,70,719,520,637.12,359.5,0.0038461538461538464,0
15154,297,2,1089.44,101,244,297,544.72,122.0,0.006734006734006734,0
15155,202,1,383.96999999999997,24,192,202,383.96999999999997,192.0,0.0049504950495049506,1
15157,177,3,1803.5,81,2152,548,601.1666666666666,717.3333333333334,0.005474452554744526,0
15158,220,1,204.62,4,21,220,204.62,21.0,0.004545454545454545,0
15159,4,18,9151.59,203,4673,251,508.4216666666667,259.6111111111111,0.07171314741035857,0
15160,176,4,589.27,17,307,240,147.3175,76.75,0.016666666666666666,1
15161,207,1,119.92,33,144,207,119.92,144.0,0.004830917874396135,1
15162,550,1,312.9,12,74,550,312.9,74.0,0.0018181818181818182,1
15163,11,1,155.0,10,48,11,155.0,48.0,0.09090909090909091,0
15164,27,8,1566.76,223,703,509,195.845,87.875,0.015717092337917484,0
15165,192,1,975.5,27,320,192,975.5,320.0,0.005208333333333333,1
15166,287,1,167.16,12,140,287,167.16,140.0,0.003484320557491289,1
15167,140,5,1627.62,262,863,492,325.524,172.6,0.01016260162601626,1
15169,201,2,569.22,58,356,546,284.61,178.0,0.003663003663003663,1
15170,226,1,81.15,4,33,226,81.15,33.0,0.004424778761061947,1
15171,150,1,1289.5,5,290,150,1289.5,290.0,0.006666666666666667,1
15172,16,2,526.2,38,480,56,263.1,240.0,0.03571428571428571,0
15173,200,7,1494.6,68,840,437,213.5142857142857,120.0,0.016018306636155607,1
15174,142,2,481.46,34,382,230,240.73,191.0,0.008695652173913044,1
15176,487,1,988.04,52,448,487,988.04,448.0,0.002053388090349076,1
15177,245,1,948.93,26,485,245,948.93,485.0,0.004081632653061225,1
15178,79,1,40.5,3,30,79,40.5,30.0,0.012658227848101266,1
15179,53,11,6740.09,190,4772,556,612.7354545454546,433.8181818181818,0.019784172661870502,0
15180,186,3,904.4300000000001,46,690,408,301.4766666666667,230.0,0.007352941176470588,1
15181,89,3,810.72,6,192,550,270.24,64.0,0.005454545454545455,0
15182,88,10,2746.582,75,1077,476,274.65819999999997,107.7,0.02100840336134454,0
15183,367,3,639.93,33,297,404,213.30999999999997,99.0,0.007425742574257425,1
15184,10,3,518.42,34,336,543,172.80666666666664,112.0,0.0055248618784530384,0
15186,293,3,991.7900000000001,22,501,516,330.5966666666667,167.0,0.005813953488372093,0
15187,31,1,431.6,9,172,31,431.6,172.0,0.03225806451612903,0
15188,544,1,310.43,23,233,544,310.43,233.0,0.001838235294117647,1
15189,3,22,6829.2,55,2656,328,310.41818181818184,120.72727272727273,0.06707317073170732,0
15190,253,1,834.4399999999999,40,790,253,834.4399999999999,790.0,0.003952569169960474,1
15191,282,3,588.05,33,287,508,196.01666666666665,95.66666666666667,0.005905511811023622,1
15192,10,4,1675.06,56,1363,499,418.765,340.75,0.008016032064128256,0
15194,18,22,8472.34,203,6059,556,385.10636363636365,275.40909090909093,0.039568345323741004,0
15196,252,2,313.7,34,130,546,156.85,65.0,0.003663003663003663,1
15197,72,5,1571.15,35,791,547,314.23,158.2,0.009140767824497258,0
15198,228,3,377.71,20,207,509,125.90333333333332,69.0,0.005893909626719057,0
15199,55,8,2510.85,17,725,395,313.85625,90.625,0.020253164556962026,0
15200,314,1,549.05,30,195,314,549.05,195.0,0.0031847133757961785,1
15201,23,4,1208.68,36,1109,430,302.17,277.25,0.009302325581395349,0
15203,17,11,3265.28,126,3102,550,296.8436363636364,282.0,0.02,0
15204,176,1,316.58,9,258,176,316.58,258.0,0.005681818181818182,1
15206,95,1,17.700000000000003,1,6,95,17.700000000000003,6.0,0.010526315789473684,0
15207,235,3,683.9200000000001,19,428,366,227.97333333333336,142.66666666666666,0.00819672131147541,1
15208,172,2,165.8,8,60,243,82.9,30.0,0.00823045267489712,0
15209,549,1,178.98000000000002,13,94,549,178.98000000000002,94.0,0.0018214936247723133,1
15210,44,3,1176.19,66,841,394,392.06333333333333,280.3333333333333,0.007614213197969543,1
15211,184,1,766.14,23,234,184,766.14,234.0,0.005434782608695652,0
15212,60,2,208.28,7,84,196,104.14,42.0,0.01020408163265306,1
15213,138,2,328.35,22,272,149,164.175,136.0,0.013422818791946308,1
15214,3,2,651.63,46,556,62,325.815,278.0,0.03225806451612903,0
15215,213,4,1687.49,59,551,432,421.8725,137.75,0.009259259259259259,0
15216,438,1,389.49,22,189,438,389.49,189.0,0.00228310502283105,0
15217,382,1,426.24,28,190,382,426.24,190.0,0.002617801047120419,1
15218,37,14,7454.2,112,4156,502,532.4428571428572,296.85714285714283,0.027888446215139442,0
15219,468,1,379.7,17,226,468,379.7,226.0,0.002136752136752137,0
15220,23,3,858.1899999999999,53,783,100,286.06333333333333,261.0,0.03,0
15221,185,4,2465.4500000000003,21,287,457,616.3625000000001,71.75,0.0087527352297593,1
15222,138,11,3550.91,98,4458,542,322.81,405.27272727272725,0.02029520295202952,1
15223,45,5,1417.95,26,385,554,283.59000000000003,77.0,0.009025270758122744,1
15224,177,5,871.36,24,443,512,174.272,88.6,0.009765625,1
15225,53,1,409.40000000000003,23,226,53,409.40000000000003,226.0,0.018867924528301886,1
15226,130,1,154.41,8,71,130,154.41,71.0,0.007692307692307693,1
15227,35,7,2145.91,79,1056,453,306.5585714285714,150.85714285714286,0.01545253863134658,0
15228,114,3,3098.41,119,1871,319,1032.8033333333333,623.6666666666666,0.009404388714733543,0
15229,405,1,160.5,9,114,405,160.5,114.0,0.0024691358024691358,1
15230,58,2,429.6,23,351,60,214.8,175.5,0.03333333333333333,1
15231,440,1,250.26,14,190,440,250.26,190.0,0.0022727272727272726,1
15233,220,1,59.400000000000006,1,12,220,59.400000000000006,12.0,0.004545454545454545,1
15234,96,1,197.0,14,196,96,197.0,196.0,0.010416666666666666,1
15235,37,16,2937.81,161,1735,208,183.613125,108.4375,0.07692307692307693,1
15236,118,1,321.05,15,269,118,321.05,269.0,0.00847457627118644,1
15237,22,2,1093.65,74,798,46,546.825,399.0,0.043478260869565216,0
15238,3,1,300.14,14,222,3,300.14,222.0,0.3333333333333333,0
15240,11,10,3798.79,108,2600,553,379.879,260.0,0.018083182640144666,0
15241,3,7,2359.08,101,2486,473,337.01142857142855,355.14285714285717,0.014799154334038054,0
15242,241,1,302.04,4,196,241,302.04,196.0,0.004149377593360996,1
15243,254,1,610.6,39,358,254,610.6,358.0,0.003937007874015748,0
15244,67,2,578.45,28,307,485,289.225,153.5,0.004123711340206186,0
15245,6,7,3832.72,72,2471,414,547.5314285714286,353.0,0.016908212560386472,0
15246,57,3,780.4,45,359,375,260.1333333333333,119.66666666666667,0.008,1
15247,297,2,620.06,10,354,356,310.03,177.0,0.0056179775280898875,0
15248,230,3,1893.93,103,1065,353,631.3100000000001,355.0,0.0084985835694051,1
15249,16,10,5418.91,214,2838,442,541.891,283.8,0.02262443438914027,0
15250,460,1,60.0,3,48,460,60.0,48.0,0.002173913043478261,1
15251,30,12,13935.27,137,8585,499,1161.2725,715.4166666666666,0.02404809619238477,0
15252,2,4,1663.18,82,1007,431,415.795,251.75,0.009280742459396751,0
15253,222,3,1136.89,58,722,406,378.96333333333337,240.66666666666666,0.007389162561576354,0
15254,366,2,787.99,46,436,380,393.995,218.0,0.005263157894736842,0
15255,215,8,2815.17,101,1725,556,351.89625,215.625,0.014388489208633094,0
15256,381,1,71.95,4,37,381,71.95,37.0,0.0026246719160104987,0
15257,102,2,685.9,11,71,233,342.95,35.5,0.008583690987124463,1
15258,36,1,315.66,16,78,36,315.66,78.0,0.027777777777777776,0
15259,332,4,1182.3799999999999,50,631,502,295.59499999999997,157.75,0.00796812749003984,1
15260,6,23,8647.94,176,4459,553,375.99739130434784,193.8695652173913,0.04159132007233273,0
15261,201,3,1253.18,70,536,254,417.7266666666667,178.66666666666666,0.011811023622047244,0
15262,143,3,418.82,22,218,307,139.60666666666665,72.66666666666667,0.009771986970684038,1
15264,349,1,454.66,32,178,349,454.66,178.0,0.0028653295128939827,0
15265,55,3,2551.76,146,1198,557,850.5866666666667,399.3333333333333,0.005385996409335727,0
15266,157,5,852.21,38,236,521,170.442,47.2,0.009596928982725527,1
15267,2,1,1035.76,5,488,2,1035.76,488.0,0.5,0
15268,298,3,961.9000000000001,21,428,425,320.6333333333334,142.66666666666666,0.007058823529411765,1
15269,199,2,816.56,32,346,209,408.28,173.0,0.009569377990430622,0
15270,58,18,7459.12,65,3166,541,414.3955555555556,175.88888888888889,0.033271719038817,0
15271,23,14,2882.56,274,1595,310,205.89714285714285,113.92857142857143,0.04516129032258064,0
15272,269,4,1309.01,209,355,482,327.2525,88.75,0.008298755186721992,0
15273,419,1,228.96,1,216,419,228.96,216.0,0.002386634844868735,1
15276,213,3,491.17,115,256,254,163.72333333333333,85.33333333333333,0.011811023622047244,0
15277,244,1,220.44,14,168,244,220.44,168.0,0.004098360655737705,0
15278,381,4,496.15999999999997,29,458,484,124.03999999999999,114.5,0.008264462809917356,1
15279,174,5,1580.54,74,802,495,316.108,160.4,0.010101010101010102,1
15280,308,2,284.4,39,353,390,142.2,176.5,0.005128205128205128,0
15281,17,13,8138.83,414,5027,247,626.0638461538462,386.6923076923077,0.05263157894736842,0
15282,389,1,348.59,27,395,389,348.59,395.0,0.002570694087403599,1
15283,209,3,148.33,9,27,337,49.443333333333335,9.0,0.008902077151335312,1
15284,319,1,24.75,1,5,319,24.75,5.0,0.003134796238244514,1
15285,227,1,94.92,6,120,227,94.92,120.0,0.004405286343612335,1
15287,199,3,369.34000000000003,13,577,557,123.11333333333334,192.33333333333334,0.005385996409335727,0
15288,20,8,3189.66,113,1197,484,398.7075,149.625,0.01652892561983471,0
15289,69,3,1028.76,45,952,441,342.92,317.3333333333333,0.006802721088435374,0
15290,22,16,4585.63,62,3199,473,286.601875,199.9375,0.03382663847780127,0
15291,0,34,12114.27,111,3893,556,356.3020588235294,114.5,0.06115107913669065,0
15292,20,1,178.39,24,55,20,178.39,55.0,0.05,1
15293,485,1,247.5,19,178,485,247.5,178.0,0.002061855670103093,1
15294,230,1,233.35,15,97,230,233.35,97.0,0.004347826086956522,1
15295,473,1,207.04,50,139,473,207.04,139.0,0.0021141649048625794,1
15296,3,9,8727.76,325,4825,506,969.7511111111112,536.1111111111111,0.017786561264822136,0
15298,6,16,6436.67,166,4495,550,402.291875,280.9375,0.02909090909090909,0
15299,83,7,5919.54,6,5082,516,845.6485714285715,726.0,0.013565891472868217,0
15301,6,11,5309.0,181,3044,269,482.6363636363636,276.72727272727275,0.040892193308550186,0
15302,549,1,308.0,15,102,549,308.0,102.0,0.0018214936247723133,1
15303,109,3,1224.18,63,514,503,408.06,171.33333333333334,0.005964214711729622,1
15304,38,6,606.75,5,77,241,101.125,12.833333333333334,0.024896265560165973,0
15305,374,1,93.6,5,40,374,93.6,40.0,0.00267379679144385,1
15306,319,6,2310.38,80,2264,478,385.06333333333333,377.3333333333333,0.012552301255230125,0
15308,93,1,310.47,19,175,93,310.47,175.0,0.010752688172043012,1
15309,430,4,797.96,49,440,554,199.49,110.0,0.007220216606498195,1
15310,298,1,1634.64,45,1476,298,1634.64,1476.0,0.003355704697986577,1
15311,4,161,89258.07,698,54259,558,554.397950310559,337.0124223602484,0.2885304659498208,0
15312,34,10,2613.2400000000002,111,1517,543,261.324,151.7,0.01841620626151013,0
15314,18,3,820.4499999999999,49,750,247,273.4833333333333,250.0,0.012145748987854251,1
15316,146,1,165.0,1,100,146,165.0,100.0,0.00684931506849315,1
15317,496,1,129.75,5,45,496,129.75,45.0,0.0020161290322580645,1
15319,103,1,204.5,16,175,103,204.5,175.0,0.009708737864077669,1
15321,111,10,5120.89,206,3017,494,512.089,301.7,0.020242914979757085,0
15322,295,1,711.18,41,555,295,711.18,555.0,0.003389830508474576,0
15323,382,3,434.6,29,188,481,144.86666666666667,62.666666666666664,0.006237006237006237,1
15324,520,1,140.22000000000003,8,74,520,140.22000000000003,74.0,0.0019230769230769232,1
15325,214,7,1439.72,141,1151,480,205.67428571428573,164.42857142857142,0.014583333333333334,0
15326,153,5,1700.52,94,1351,557,340.104,270.2,0.008976660682226212,1
15328,227,1,107.24,8,88,227,107.24,88.0,0.004405286343612335,1
15329,194,8,1909.13,60,731,545,238.64125,91.375,0.014678899082568808,0
15331,319,3,767.91,41,701,428,255.97,233.66666666666666,0.007009345794392523,1
15332,185,6,6553.74,113,2958,332,1092.29,493.0,0.018072289156626505,1
15333,27,1,1028.56,16,344,27,1028.56,344.0,0.037037037037037035,1
15336,221,1,240.5,15,84,221,240.5,84.0,0.004524886877828055,1
15337,230,1,373.02,21,200,230,373.02,200.0,0.004347826086956522,1
15338,496,1,277.93,56,148,496,277.93,148.0,0.0020161290322580645,1
15339,137,6,1504.85,134,881,488,250.8083333333333,146.83333333333334,0.012295081967213115,0
15340,381,1,105.5,7,76,381,105.5,76.0,0.0026246719160104987,1
15341,268,1,382.2,7,196,268,382.2,196.0,0.0037313432835820895,0
15346,152,3,596.12,36,260,250,198.70666666666668,86.66666666666667,0.012,1
15347,185,4,1363.6,29,672,257,340.9,168.0,0.01556420233463035,1
15349,6,1,356.21,58,244,6,356.21,244.0,0.16666666666666666,0
15350,192,2,663.25,26,323,202,331.625,161.5,0.009900990099009901,1
15351,189,4,2044.8999999999999,103,866,252,511.22499999999997,216.5,0.015873015873015872,0
15352,368,1,111.15,34,40,368,111.15,40.0,0.002717391304347826,1
15353,74,7,3106.12,274,1522,557,443.7314285714286,217.42857142857142,0.012567324955116697,1
15356,37,8,1826.32,232,962,241,228.29,120.25,0.03319502074688797,0
15358,27,31,13066.28,307,12106,552,421.49290322580646,390.51612903225805,0.05615942028985507,0
15359,482,8,181.35,10,145,513,22.66875,18.125,0.015594541910331383,1
15361,181,4,689.07,10,373,362,172.2675,93.25,0.011049723756906077,1
15362,268,2,613.08,38,368,558,306.54,184.0,0.0035842293906810036,1
15363,192,2,1004.11,32,527,312,502.055,263.5,0.00641025641025641,1
15364,73,1,331.80000000000007,3,84,73,331.80000000000007,84.0,0.0136986301369863,0
15365,134,7,2451.42,87,1132,492,350.20285714285717,161.71428571428572,0.014227642276422764,0
15366,177,6,1892.11,68,1887,471,315.35166666666663,314.5,0.012738853503184714,0
15367,65,9,4619.92,191,2637,548,513.3244444444445,293.0,0.016423357664233577,0
15368,213,1,275.8,4,176,213,275.8,176.0,0.004694835680751174,0
15369,311,11,6251.26,44,3288,551,568.2963636363637,298.90909090909093,0.019963702359346643,1
15370,23,4,2480.9,77,1029,230,620.225,257.25,0.017391304347826087,0
15371,481,1,59.400000000000006,1,12,481,59.400000000000006,12.0,0.002079002079002079,1
15372,269,7,4009.66,19,3486,483,572.8085714285714,498.0,0.014492753623188406,0
15373,29,11,2194.68,91,511,406,199.51636363636362,46.45454545454545,0.027093596059113302,0
15374,444,1,139.32,6,164,444,139.32,164.0,0.0022522522522522522,0
15375,509,1,60.959999999999994,6,84,509,60.959999999999994,84.0,0.0019646365422396855,1
15376,41,1,642.37,57,371,41,642.37,371.0,0.024390243902439025,0
15377,202,4,1211.75,15,253,235,302.9375,63.25,0.01702127659574468,1
15378,282,2,246.5,8,130,321,123.25,65.0,0.006230529595015576,1
15379,5,7,4747.04,175,2962,220,678.1485714285715,423.14285714285717,0.031818181818181815,0
15380,184,7,2018.9,6,734,557,288.4142857142857,104.85714285714286,0.012567324955116697,0
15381,33,5,1890.5700000000002,20,802,402,378.11400000000003,160.4,0.012437810945273632,1
15382,4,10,9904.960000000001,243,6794,554,990.4960000000001,679.4,0.018050541516245487,0
15384,179,3,1688.95,77,1419,412,562.9833333333333,473.0,0.007281553398058253,0
15385,212,2,625.2,8,267,496,312.6,133.5,0.004032258064516129,0
15386,5,1,394.14,31,446,5,394.14,446.0,0.2,1
15387,311,1,468.65,20,335,311,468.65,335.0,0.003215434083601286,1
15388,89,1,140.54,10,88,89,140.54,88.0,0.011235955056179775,1
15389,219,4,2233.8,2,3540,501,558.45,885.0,0.007984031936127744,0
15390,215,2,1216.66,77,894,228,608.33,447.0,0.008771929824561403,1
15391,403,1,289.87,12,109,403,289.87,109.0,0.0024813895781637717,1
15392,179,4,1715.07,54,1269,251,428.7675,317.25,0.01593625498007968,0
15393,100,4,783.58,35,322,543,195.895,80.5,0.007366482504604052,0
15394,23,9,4539.7,119,2008,543,504.4111111111111,223.11111111111111,0.016574585635359115,0
15395,145,1,107.45,7,17,145,107.45,17.0,0.006896551724137931,1
15396,403,1,508.20000000000005,2,156,403,508.20000000000005,156.0,0.0024813895781637717,0
15397,109,1,94.0,6,20,109,94.0,20.0,0.009174311926605505,1
15400,3,5,1044.9,15,508,380,208.98000000000002,101.6,0.013157894736842105,0
15401,271,2,216.95000000000002,14,93,388,108.47500000000001,46.5,0.005154639175257732,1
15402,15,5,1644.76,72,1771,411,328.952,354.2,0.012165450121654502,0
15403,311,2,170.88,6,492,550,85.44,246.0,0.0036363636363636364,1
15404,195,1,257.06,16,334,195,257.06,334.0,0.005128205128205128,1
15405,8,2,659.84,29,348,395,329.92,174.0,0.005063291139240506,1
15406,120,3,717.45,101,423,272,239.15,141.0,0.011029411764705883,0
15407,3,3,740.73,62,329,124,246.91,109.66666666666667,0.024193548387096774,0
15408,83,1,267.18,34,106,83,267.18,106.0,0.012048192771084338,1
15409,540,1,131.25,9,59,540,131.25,59.0,0.001851851851851852,1
15410,22,6,3035.77,71,1267,419,505.96166666666664,211.16666666666666,0.014319809069212411,0
15411,2,1,156.4,10,48,2,156.4,48.0,0.5,0
15413,511,5,6798.72,20,2694,558,1359.7440000000001,538.8,0.008960573476702509,1
15414,61,1,36.2,5,12,61,36.2,12.0,0.01639344262295082,0
15415,132,1,559.61,46,551,132,559.61,551.0,0.007575757575757576,1
15416,59,5,2862.93,123,1638,496,572.586,327.6,0.010080645161290322,0
15418,244,2,449.42,64,264,406,224.71,132.0,0.0049261083743842365,1
15420,253,6,743.0,52,844,553,123.83333333333333,140.66666666666666,0.0108499095840868,1
15421,34,9,3594.34,170,1806,551,399.37111111111113,200.66666666666666,0.016333938294010888,0
15422,142,7,1619.97,80,710,490,231.42428571428573,101.42857142857143,0.014285714285714285,1
15423,401,2,223.39,12,97,440,111.695,48.5,0.004545454545454545,0
15424,73,3,597.78,33,873,282,199.26,291.0,0.010638297872340425,1
15425,219,4,1941.1200000000001,114,1041,483,485.28000000000003,260.25,0.008281573498964804,1
15426,76,6,1768.98,218,789,405,294.83,131.5,0.014814814814814815,0
15428,206,3,668.97,35,245,541,222.99,81.66666666666667,0.005545286506469501,0
15430,287,2,954.75,36,309,347,477.375,154.5,0.005763688760806916,1
15431,322,1,153.24,2,84,322,153.24,84.0,0.003105590062111801,1
15432,360,1,149.57,6,27,360,149.57,27.0,0.002777777777777778,0
15433,33,2,533.3,40,534,86,266.65,267.0,0.023255813953488372,1
15434,19,7,1832.54,70,975,503,261.7914285714286,139.28571428571428,0.013916500994035786,0
15436,53,1,484.1,124,246,53,484.1,246.0,0.018867924528301886,0
15437,81,2,393.45,56,177,460,196.725,88.5,0.004347826086956522,1
15439,224,4,1269.05,49,572,473,317.2625,143.0,0.008456659619450317,1
15440,28,1,125.8,20,78,28,125.8,78.0,0.03571428571428571,0
15441,215,3,1254.21,45,587,549,418.07,195.66666666666666,0.00546448087431694,1
15442,68,1,594.0,2,120,68,594.0,120.0,0.014705882352941176,1
15443,139,8,2338.35,249,1242,462,292.29375,155.25,0.017316017316017316,0
15445,83,2,284.5,12,118,409,142.25,59.0,0.004889975550122249,1
15446,196,3,396.75,89,262,545,132.25,87.33333333333333,0.005504587155963303,1
15447,150,5,492.88,27,228,444,98.576,45.6,0.01126126126126126,1
15448,132,2,788.81,49,487,493,394.405,243.5,0.004056795131845842,1
15449,4,2,647.7,30,516,81,323.85,258.0,0.024691358024691357,0
15451,253,2,226.86,56,76,418,113.43,38.0,0.004784688995215311,1
15452,83,4,1493.63,148,941,330,373.4075,235.25,0.012121212121212121,0
15453,7,1,194.34,39,95,7,194.34,95.0,0.14285714285714285,0
15454,181,2,303.89,34,141,437,151.945,70.5,0.004576659038901602,1
15455,417,1,38.25,2,3,417,38.25,3.0,0.002398081534772182,1
15456,102,10,2091.52,128,2727,550,209.152,272.7,0.01818181818181818,1
15457,81,1,237.07,56,132,81,237.07,132.0,0.012345679012345678,1
15458,221,1,208.79999999999998,6,144,221,208.79999999999998,144.0,0.004524886877828055,0
15459,236,2,202.82999999999998,6,121,316,101.41499999999999,60.5,0.006329113924050633,1
15460,173,1,214.26,53,107,173,214.26,107.0,0.005780346820809248,1
15461,280,2,429.7,1,230,451,214.85,115.0,0.004434589800443459,1
15462,6,2,607.45,32,399,265,303.725,199.5,0.007547169811320755,0
15464,157,1,1044.65,155,348,157,1044.65,348.0,0.006369426751592357,1
15465,0,27,10634.039999999999,91,2298,549,393.8533333333333,85.11111111111111,0.04918032786885246,0
15466,209,3,1225.93,172,695,556,408.6433333333334,231.66666666666666,0.00539568345323741,0
15468,212,1,962.97,56,1245,212,962.97,1245.0,0.0047169811320754715,0
15469,258,1,335.7,19,134,258,335.7,134.0,0.003875968992248062,0
15470,395,1,63.419999999999995,4,232,395,63.419999999999995,232.0,0.002531645569620253,1
15471,199,2,837.53,67,414,370,418.765,207.0,0.005405405405405406,0
15473,264,1,274.8,3,104,264,274.8,104.0,0.003787878787878788,0
15474,415,1,150.35,19,55,415,150.35,55.0,0.0024096385542168677,1
15476,199,4,2209.98,67,1174,261,552.495,293.5,0.01532567049808429,1
15477,469,1,368.4,2,216,469,368.4,216.0,0.0021321961620469083,1
15478,394,1,541.06,23,269,394,541.06,269.0,0.0025380710659898475,0
15479,552,1,147.4,9,38,552,147.4,38.0,0.0018115942028985507,1
15480,288,2,2686.75,161,1547,495,1343.375,773.5,0.00404040404040404,0
15481,220,1,1993.34,38,1450,220,1993.34,1450.0,0.004545454545454545,1
15482,70,10,4799.84,43,1936,556,479.98400000000004,193.6,0.017985611510791366,0
15483,86,7,696.37,190,723,503,99.48142857142857,103.28571428571429,0.013916500994035786,0
15484,359,2,1061.69,53,924,553,530.845,462.0,0.003616636528028933,0
15485,155,6,4454.14,56,1841,557,742.3566666666667,306.8333333333333,0.010771992818671455,0
15486,346,1,102.0,1,40,346,102.0,40.0,0.002890173410404624,1
15487,499,1,231.32,14,144,499,231.32,144.0,0.002004008016032064,1
15488,276,4,340.6,8,178,402,85.15,44.5,0.009950248756218905,0
15489,30,6,1633.5900000000001,66,876,512,272.26500000000004,146.0,0.01171875,0
15490,249,1,210.85,22,82,249,210.85,82.0,0.004016064257028112,1
15491,37,3,1644.92,80,894,55,548.3066666666667,298.0,0.05454545454545454,0
15493,69,6,3079.23,233,911,474,513.205,151.83333333333334,0.012658227848101266,0
15494,297,3,2422.02,219,1913,548,807.34,637.6666666666666,0.005474452554744526,0
15495,198,1,246.5,20,194,198,246.5,194.0,0.005050505050505051,1
15496,450,1,146.14000000000001,22,98,450,146.14000000000001,98.0,0.0022222222222222222,1
15497,139,8,8365.789999999999,65,2841,540,1045.7237499999999,355.125,0.014814814814814815,0
15498,9,30,19776.03,502,9961,542,659.2009999999999,332.03333333333336,0.055350553505535055,0
15499,543,1,158.65,40,59,543,158.65,59.0,0.001841620626151013,1
15501,224,2,399.95,64,205,235,199.975,102.5,0.00851063829787234,1
15502,95,6,6188.8,154,3469,374,1031.4666666666667,578.1666666666666,0.016042780748663103,0
15503,182,2,257.3,112,130,546,128.65,65.0,0.003663003663003663,1
15504,340,3,338.62,32,105,485,112.87333333333333,35.0,0.006185567010309278,0
15506,201,3,1058.25,82,795,297,352.75,265.0,0.010101010101010102,0
15508,8,6,1000.27,78,440,54,166.71166666666667,73.33333333333333,0.1111111111111111,1
15509,199,1,152.41,26,58,199,152.41,58.0,0.005025125628140704,1
15510,150,1,250.0,1,2,150,250.0,2.0,0.006666666666666667,1
15512,179,3,311.78,28,223,495,103.92666666666666,74.33333333333333,0.006060606060606061,0
15513,18,28,19061.79,219,7552,514,680.7782142857143,269.7142857142857,0.054474708171206226,0
15514,45,13,4866.5,128,3155,554,374.34615384615387,242.69230769230768,0.023465703971119134,0
15515,206,1,171.81,7,131,206,171.81,131.0,0.0048543689320388345,1
15517,52,1,267.03,27,293,52,267.03,293.0,0.019230769230769232,1
15518,34,11,3242.61,213,2242,539,294.7827272727273,203.8181818181818,0.02040816326530612,0
15519,202,2,344.61,34,116,265,172.305,58.0,0.007547169811320755,1
15521,31,12,5755.22,176,3569,523,479.6016666666667,297.4166666666667,0.022944550669216062,0
15523,207,15,16847.18,63,15501,556,1123.1453333333334,1033.4,0.02697841726618705,0
15524,426,1,151.4,8,24,426,151.4,24.0,0.002347417840375587,0
15525,192,2,705.71,66,366,202,352.855,183.0,0.009900990099009901,0
15527,2,19,4272.8,165,1644,543,224.8842105263158,86.52631578947368,0.034990791896869246,0
15528,73,1,229.33,26,123,73,229.33,123.0,0.0136986301369863,1
15529,30,8,3044.73,295,2599,213,380.59125,324.875,0.03755868544600939,0
15530,66,2,859.46,71,702,332,429.73,351.0,0.006024096385542169,0
15532,177,7,2516.17,296,906,368,359.45285714285717,129.42857142857142,0.019021739130434784,0
15534,545,1,162.25,8,63,545,162.25,63.0,0.001834862385321101,1
15535,55,5,919.36,75,276,268,183.872,55.2,0.018656716417910446,0
15536,228,1,259.09,16,242,228,259.09,242.0,0.0043859649122807015,1
15538,357,6,3358.3999999999996,3,1016,483,559.7333333333332,169.33333333333334,0.012422360248447204,1
15540,195,1,247.38,16,244,195,247.38,244.0,0.005128205128205128,0
15542,331,3,855.71,212,418,557,285.2366666666667,139.33333333333334,0.005385996409335727,1
15543,107,2,242.26,50,167,279,121.13,83.5,0.007168458781362007,1
15544,30,15,6375.19,147,5286,499,425.01266666666663,352.4,0.03006012024048096,0
15545,190,1,270.65999999999997,31,150,190,270.65999999999997,150.0,0.005263157894736842,0
15546,426,2,1079.1000000000001,6,198,426,539.5500000000001,99.0,0.004694835680751174,1
15547,13,19,7475.18,448,4853,552,393.4305263157895,255.42105263157896,0.034420289855072464,0
15548,415,1,158.09,23,64,415,158.09,64.0,0.0024096385542168677,1
15549,135,6,1583.0,94,636,516,263.8333333333333,106.0,0.011627906976744186,0
15550,121,9,1773.3200000000002,141,940,555,197.03555555555556,104.44444444444444,0.016216216216216217,0
15551,213,6,1243.75,95,578,369,207.29166666666666,96.33333333333333,0.016260162601626018,0
15552,36,2,252.52,29,166,442,126.26,83.0,0.004524886877828055,1
15554,97,1,217.2,14,74,97,217.2,74.0,0.010309278350515464,1
15555,9,26,9033.88,500,5923,553,347.45692307692303,227.80769230769232,0.04701627486437613,0
15558,458,1,202.68,23,73,458,202.68,73.0,0.002183406113537118,1
15559,387,1,1109.4,62,526,387,1109.4,526.0,0.002583979328165375,1
15560,217,2,153.52,10,72,217,76.76,36.0,0.009216589861751152,1
15561,35,5,1399.55,49,1118,483,279.90999999999997,223.6,0.010351966873706004,0
15562,171,3,671.4300000000001,32,560,545,223.81000000000003,186.66666666666666,0.005504587155963303,1
15563,20,5,2194.64,151,2246,500,438.928,449.2,0.01,0
15564,282,2,70.74000000000001,4,42,495,35.370000000000005,21.0,0.00404040404040404,1
15566,212,2,227.87,9,153,543,113.935,76.5,0.003683241252302026,1
15569,151,6,2496.24,108,1250,469,416.03999999999996,208.33333333333334,0.01279317697228145,0
15570,25,21,7614.04,392,3114,440,362.5733333333333,148.28571428571428,0.04772727272727273,0
15571,205,10,3241.92,410,2147,553,324.192,214.7,0.018083182640144666,0
15572,68,6,2305.32,174,1296,423,384.22,216.0,0.014184397163120567,0
15573,437,3,597.23,104,415,548,199.07666666666668,138.33333333333334,0.005474452554744526,0
15574,178,5,1338.3799999999999,186,863,283,267.676,172.6,0.0176678445229682,0
15575,439,1,30.1,3,6,439,30.1,6.0,0.002277904328018223,1
15577,124,3,166.8,24,38,545,55.6,12.666666666666666,0.005504587155963303,0
15579,133,4,1118.38,125,651,251,279.595,162.75,0.01593625498007968,0
15580,196,8,1375.39,150,955,490,171.92375,119.375,0.0163265306122449,1
15581,45,32,4690.83,522,3094,557,146.5884375,96.6875,0.05745062836624776,0
15582,39,1,303.61,22,255,39,303.61,255.0,0.02564102564102564,0
15583,195,1,95.96,37,56,195,95.96,56.0,0.005128205128205128,1
15584,219,2,547.34,93,170,490,273.67,85.0,0.004081632653061225,0
15586,412,3,1139.1,30,1338,520,379.7,446.0,0.0057692307692307696,1
15587,171,4,953.28,3,336,311,238.32,84.0,0.012861736334405145,0
15588,497,1,579.6,4,96,497,579.6,96.0,0.002012072434607646,1
15589,75,3,478.53000000000003,28,243,130,159.51000000000002,81.0,0.023076923076923078,1
15590,201,5,1496.6,75,832,426,299.32,166.4,0.011737089201877934,1
15591,402,3,217.9,6,58,493,72.63333333333334,19.333333333333332,0.006085192697768763,1
15594,54,1,267.91,15,145,54,267.91,145.0,0.018518518518518517,0
15595,307,1,357.6,4,144,307,357.6,144.0,0.003257328990228013,1
15596,34,8,3113.14,82,1374,319,389.1425,171.75,0.025078369905956112,0
15597,394,1,238.8,15,114,394,238.8,114.0,0.0025380710659898475,0
15598,247,1,307.34,22,244,247,307.34,244.0,0.004048582995951417,0
15599,23,2,937.15,58,741,265,468.575,370.5,0.007547169811320755,0
15600,247,4,1199.31,55,657,413,299.8275,164.25,0.009685230024213076,1
15601,23,25,12932.15,246,9678,557,517.286,387.12,0.04488330341113106,0
15602,20,12,2475.59,53,1557,557,206.29916666666668,129.75,0.02154398563734291,0
15603,467,1,40.0,2,32,467,40.0,32.0,0.0021413276231263384,0
15605,71,7,1428.75,59,537,513,204.10714285714286,76.71428571428571,0.01364522417153996,0
15606,42,14,4137.18,73,1276,466,295.5128571428572,91.14285714285714,0.030042918454935622,0
15607,156,9,1708.97,95,1470,520,189.88555555555556,163.33333333333334,0.01730769230769231,1
15608,235,1,692.3,45,548,235,692.3,548.0,0.00425531914893617,0
15609,3,1,298.48,16,148,3,298.48,148.0,0.3333333333333333,1
15611,10,17,1837.93,27,293,502,108.11352941176472,17.235294117647058,0.03386454183266932,0
15613,429,1,433.71999999999997,27,700,429,433.71999999999997,700.0,0.002331002331002331,1
15614,257,4,3147.36,73,1632,446,786.84,408.0,0.008968609865470852,1
15615,3,36,16196.19,242,9254,556,449.8941666666667,257.05555555555554,0.06474820143884892,0
15616,257,1,317.11,13,137,257,317.11,137.0,0.0038910505836575876,1
15617,215,3,828.5500000000001,41,485,326,276.18333333333334,161.66666666666666,0.009202453987730062,1
15620,40,3,1264.19,84,934,229,421.3966666666667,311.3333333333333,0.013100436681222707,0
15622,16,13,6745.05,296,3642,465,518.85,280.15384615384613,0.02795698924731183,0
15623,213,7,2136.02,77,962,548,305.1457142857143,137.42857142857142,0.012773722627737226,0
15624,26,2,311.4,18,120,75,155.7,60.0,0.02666666666666667,0
15625,54,6,2397.47,101,2345,361,399.5783333333333,390.8333333333333,0.01662049861495845,0
15626,149,2,673.6,50,684,240,336.8,342.0,0.008333333333333333,0
15627,276,2,566.9,23,344,342,283.45,172.0,0.005847953216374269,1
15628,2,11,3787.1400000000003,105,2541,545,344.28545454545457,231.0,0.02018348623853211,0
15629,269,4,2240.9,39,1518,352,560.225,379.5,0.011363636363636364,1
15630,24,2,691.91,41,467,463,345.955,233.5,0.004319654427645789,0
15631,461,1,596.67,39,525,461,596.67,525.0,0.0021691973969631237,1
15632,1,4,1556.66,55,832,94,389.165,208.0,0.0425531914893617,0
15633,328,13,4335.96,77,2048,550,333.5353846153846,157.53846153846155,0.023636363636363636,1
15634,202,1,311.1,19,128,202,311.1,128.0,0.0049504950495049506,0
15635,215,1,100.35,2,5,215,100.35,5.0,0.004651162790697674,1
15636,101,3,1026.52,28,358,389,342.17333333333335,119.33333333333333,0.007712082262210797,0
15637,233,4,574.23,23,523,543,143.5575,130.75,0.007366482504604052,0
15638,198,6,2265.2,20,1134,429,377.5333333333333,189.0,0.013986013986013986,1
15639,271,2,639.76,40,526,424,319.88,263.0,0.0047169811320754715,0
15640,4,22,18084.69,239,9186,544,822.0313636363636,417.54545454545456,0.04044117647058824,0
15641,80,11,4763.7300000000005,228,3956,552,433.0663636363637,359.6363636363636,0.019927536231884056,0
15642,549,1,105.78000000000002,6,270,549,105.78000000000002,270.0,0.0018214936247723133,1
15643,11,3,664.0,31,246,101,221.33333333333334,82.0,0.0297029702970297,1
15644,75,3,423.19,85,279,80,141.06333333333333,93.0,0.0375,0
15645,233,2,443.16,16,140,244,221.58,70.0,0.00819672131147541,0
15646,66,4,867.01,58,1027,229,216.7525,256.75,0.017467248908296942,0
15647,234,1,169.0,11,124,234,169.0,124.0,0.004273504273504274,1
15648,23,2,639.5,23,218,86,319.75,109.0,0.023255813953488372,1
15649,155,4,2170.35,8,485,206,542.5875,121.25,0.019417475728155338,1
15650,341,2,553.88,33,210,448,276.94,105.0,0.004464285714285714,1
15651,80,3,840.08,44,630,415,280.0266666666667,210.0,0.007228915662650603,0
15652,206,4,1068.2,76,449,304,267.05,112.25,0.013157894736842105,0
15655,62,1,560.67,34,324,62,560.67,324.0,0.016129032258064516,1
15656,40,2,306.86,19,100,103,153.43,50.0,0.019417475728155338,0
15658,9,8,2423.4700000000003,79,691,556,302.93375000000003,86.375,0.014388489208633094,1
15659,206,2,226.04,8,50,472,113.02,25.0,0.00423728813559322,0
15660,23,10,1951.15,53,1273,491,195.115,127.3,0.020366598778004074,0
15661,136,8,1215.95,27,779,398,151.99375,97.375,0.020100502512562814,1
15662,480,2,283.73,12,145,557,141.865,72.5,0.003590664272890485,1
15664,268,3,845.1,45,367,469,281.7,122.33333333333333,0.006396588486140725,0
15665,62,4,3221.28,156,2285,454,805.32,571.25,0.00881057268722467,0
15666,291,2,632.9399999999999,62,469,314,316.46999999999997,234.5,0.006369426751592357,1
15668,37,1,76.32000000000001,1,72,37,76.32000000000001,72.0,0.02702702702702703,1
15669,83,1,198.8,11,64,83,198.8,64.0,0.012048192771084338,0
15670,116,2,325.2,19,132,375,162.6,66.0,0.005333333333333333,1
15671,62,3,1033.13,41,561,90,344.3766666666667,187.0,0.03333333333333333,0
15672,544,1,45.300000000000004,3,10,544,45.300000000000004,10.0,0.001838235294117647,1
15673,34,7,5174.13,147,2654,474,739.1614285714286,379.14285714285717,0.014767932489451477,0
15674,34,11,5546.58,218,2998,550,504.23454545454547,272.54545454545456,0.02,0
15675,99,2,263.35,16,133,223,131.675,66.5,0.008968609865470852,0
15676,103,1,897.8,61,555,103,897.8,555.0,0.009708737864077669,0
15677,240,2,648.4,32,356,283,324.2,178.0,0.007067137809187279,0
15678,214,2,1473.24,67,838,342,736.62,419.0,0.005847953216374269,0
15679,2,1,178.22,13,212,2,178.22,212.0,0.5,0
15680,185,8,3652.79,128,2453,557,456.59875,306.625,0.01436265709156194,0
15681,2,12,2266.76,40,1026,383,188.89666666666668,85.5,0.031331592689295036,0
15682,418,2,318.24,25,222,506,159.12,111.0,0.003952569169960474,1
15683,293,1,330.79,16,201,293,330.79,201.0,0.0034129692832764505,0
15684,366,3,173.95,9,77,554,57.98333333333333,25.666666666666668,0.005415162454873646,1
15685,269,1,55.980000000000004,17,36,269,55.980000000000004,36.0,0.0037174721189591076,1
15686,239,1,90.0,1,72,239,90.0,72.0,0.0041841004184100415,1
15687,6,5,1679.45,69,657,149,335.89,131.4,0.03355704697986577,0
15688,238,1,190.57,26,95,238,190.57,95.0,0.004201680672268907,1
15689,181,2,370.43,19,179,437,185.215,89.5,0.004576659038901602,0
15691,71,4,571.3,12,212,552,142.825,53.0,0.007246376811594203,1
15693,478,1,37.5,1,30,478,37.5,30.0,0.0020920502092050207,1
15694,7,17,7318.11,45,1631,551,430.4770588235294,95.94117647058823,0.030852994555353903,0
15695,86,4,1131.04,55,484,501,282.76,121.0,0.007984031936127744,1
15696,40,11,2800.06,116,1088,503,254.55090909090907,98.9090909090909,0.02186878727634195,0
15697,509,1,246.75,14,127,509,246.75,127.0,0.0019646365422396855,1
15698,443,1,46.2,2,60,443,46.2,60.0,0.002257336343115124,1
15702,295,1,112.57000000000001,29,102,295,112.57000000000001,102.0,0.003389830508474576,1
15703,84,1,211.5,5,66,84,211.5,66.0,0.011904761904761904,1
15704,6,4,2948.36,110,1343,402,737.09,335.75,0.009950248756218905,0
15705,20,1,143.1,6,62,20,143.1,62.0,0.05,1
15708,42,7,2926.4,98,1124,245,418.0571428571429,160.57142857142858,0.02857142857142857,0
15709,103,2,327.85,26,169,408,163.925,84.5,0.004901960784313725,1
15710,236,1,898.87,110,641,236,898.87,641.0,0.00423728813559322,1
15711,376,2,420.25,25,199,504,210.125,99.5,0.003968253968253968,1
15712,2,9,2858.7000000000003,74,967,558,317.6333333333334,107.44444444444444,0.016129032258064516,0
15713,185,3,825.24,39,419,543,275.08,139.66666666666666,0.0055248618784530384,0
15714,272,3,453.93,14,175,375,151.31,58.333333333333336,0.008,0
15715,375,5,658.02,33,246,439,131.60399999999998,49.2,0.011389521640091117,1
15716,21,10,2795.77,174,1706,552,279.577,170.6,0.018115942028985508,0
15717,53,5,607.0,17,224,412,121.4,44.8,0.012135922330097087,1
15718,359,1,293.79,18,95,359,293.79,95.0,0.002785515320334262,1
15719,19,25,7593.12,365,3930,558,303.7248,157.2,0.044802867383512544,0
15720,369,1,140.49,25,46,369,140.49,46.0,0.0027100271002710027,0
15722,7,8,3782.09,83,1551,459,472.76125,193.875,0.017429193899782137,0
15723,184,4,930.7,108,427,393,232.675,106.75,0.010178117048346057,1
15724,20,3,310.85,17,117,220,103.61666666666667,39.0,0.013636363636363636,1
15726,209,1,321.91,23,123,209,321.91,123.0,0.004784688995215311,1
15727,17,12,7443.62,344,4260,504,620.3016666666666,355.0,0.023809523809523808,0
15728,199,2,544.6,10,132,263,272.3,66.0,0.0076045627376425855,1
15729,32,3,192.55,10,47,222,64.18333333333334,15.666666666666666,0.013513513513513514,1
15730,26,3,1073.13,65,686,250,357.71000000000004,228.66666666666666,0.012,0
15731,373,1,125.3,8,122,373,125.3,122.0,0.002680965147453083,1
15732,31,10,1682.07,53,1361,493,168.207,136.1,0.02028397565922921,1
15733,102,1,162.3,10,62,102,162.3,62.0,0.00980392156862745,1
15734,19,3,1502.5,22,303,366,500.8333333333333,101.0,0.00819672131147541,0
15735,240,1,327.68,19,206,240,327.68,206.0,0.004166666666666667,1
15736,254,2,1767.12,95,1208,254,883.56,604.0,0.007874015748031496,1
15737,5,4,712.73,39,369,62,178.1825,92.25,0.06451612903225806,0
15738,3,35,11489.61,66,8067,548,328.27457142857145,230.4857142857143,0.06386861313868614,0
15741,277,2,208.62,11,70,438,104.31,35.0,0.0045662100456621,1
15742,438,1,156.87,41,51,438,156.87,51.0,0.00228310502283105,1
15743,4,1,322.55,18,91,4,322.55,91.0,0.25,0
15745,55,1,302.85,18,127,55,302.85,127.0,0.01818181818181818,0
15747,195,6,1553.17,78,878,510,258.8616666666667,146.33333333333334,0.011764705882352941,0
15748,268,2,465.45000000000005,16,211,268,232.72500000000002,105.5,0.007462686567164179,0
15749,54,3,44534.3,5,18028,151,14844.766666666668,6009.333333333333,0.019867549668874173,1
15750,102,13,4941.381,280,3370,557,380.1062307692308,259.2307692307692,0.02333931777378815,0
15751,280,11,1380.44,90,443,552,125.49454545454546,40.27272727272727,0.019927536231884056,1
15752,69,5,2600.64,266,1760,277,520.1279999999999,352.0,0.018050541516245487,0
15753,124,1,79.2,1,144,124,79.2,144.0,0.008064516129032258,1
15754,66,7,2670.84,96,1599,474,381.54857142857145,228.42857142857142,0.014767932489451477,0
15755,54,13,4249.6,208,2962,555,326.8923076923077,227.84615384615384,0.023423423423423424,0
15756,32,2,244.17,83,105,68,122.085,52.5,0.029411764705882353,0
15757,37,5,2487.3,140,1433,366,497.46000000000004,286.6,0.01366120218579235,0
15759,37,7,830.9300000000001,10,523,557,118.70428571428572,74.71428571428571,0.012567324955116697,1
15761,262,1,143.05,5,31,262,143.05,31.0,0.003816793893129771,1
15764,3,5,2917.63,123,1766,297,583.5260000000001,353.2,0.016835016835016835,0
15765,486,1,370.63,25,335,486,370.63,335.0,0.00205761316872428,1
15766,275,2,516.0,15,164,501,258.0,82.0,0.003992015968063872,0
15768,23,33,15166.21,432,4124,556,459.5821212121212,124.96969696969697,0.05935251798561151,0
15769,17,33,60341.32,18,34444,548,1828.5248484848485,1043.7575757575758,0.060218978102189784,0
15770,432,1,321.45,18,67,432,321.45,67.0,0.0023148148148148147,1
15771,423,3,1006.54,26,512,513,335.5133333333333,170.66666666666666,0.005847953216374269,1
15772,237,1,280.88,16,110,237,280.88,110.0,0.004219409282700422,1
15773,228,1,138.84,37,99,228,138.84,99.0,0.0043859649122807015,0
15774,237,5,1016.29,68,377,475,203.25799999999998,75.4,0.010526315789473684,0
15775,64,2,150.5,9,260,451,75.25,130.0,0.004434589800443459,1
15777,60,7,1762.61,29,599,388,251.80142857142854,85.57142857142857,0.01804123711340206,1
15778,250,1,307.95,17,101,250,307.95,101.0,0.004,1
15779,282,2,124.08000000000001,8,20,351,62.040000000000006,10.0,0.005698005698005698,1
15780,3,3,475.28000000000003,26,220,177,158.42666666666668,73.33333333333333,0.01694915254237288,1
15781,125,1,83.35,5,29,125,83.35,29.0,0.008,0
15782,249,1,1399.36,18,980,249,1399.36,980.0,0.004016064257028112,0
15784,287,2,848.3299999999999,33,381,491,424.16499999999996,190.5,0.004073319755600814,1
15785,16,13,4971.36,87,3621,543,382.41230769230765,278.53846153846155,0.02394106813996317,0
15786,237,2,3582.62,166,2617,356,1791.31,1308.5,0.0056179775280898875,0
15788,328,1,221.82999999999998,14,115,328,221.82999999999998,115.0,0.003048780487804878,1
15789,177,6,1962.01,110,2499,443,327.00166666666667,416.5,0.013544018058690745,1
15791,23,4,3218.89,112,1797,461,804.7225,449.25,0.008676789587852495,0
15792,219,2,933.84,57,606,438,466.92,303.0,0.0045662100456621,1
15793,88,6,1740.6,9,1324,557,290.09999999999997,220.66666666666666,0.010771992818671455,0
15794,555,2,777.0,15,288,556,388.5,144.0,0.0035971223021582736,1
15795,249,7,1369.8600000000001,74,830,510,195.69428571428574,118.57142857142857,0.013725490196078431,0
15796,7,13,3708.9900000000002,131,1284,437,285.3069230769231,98.76923076923077,0.029748283752860413,0
15797,33,4,2438.88,10,1136,500,609.72,284.0,0.008,0
15798,312,3,1535.37,73,915,501,511.78999999999996,305.0,0.005988023952095809,1
15799,4,3,1018.4399999999999,91,925,237,339.47999999999996,308.3333333333333,0.012658227848101266,0
15800,66,6,774.68,110,351,437,129.11333333333332,58.5,0.013729977116704805,0
15803,264,3,1513.84,42,740,495,504.6133333333333,246.66666666666666,0.006060606060606061,0
15804,18,1,525.36,34,314,18,525.36,314.0,0.05555555555555555,0
15805,5,20,7365.17,253,4499,548,368.2585,224.95,0.0364963503649635,0
15806,96,1,300.36,16,274,96,300.36,274.0,0.010416666666666666,0
15807,227,2,913.62,40,1102,485,456.81,551.0,0.004123711340206186,0
15808,125,21,18133.3,348,7080,557,863.4904761904761,337.14285714285717,0.03770197486535009,1
15809,3,6,1157.88,45,650,354,192.98000000000002,108.33333333333333,0.01694915254237288,0
15810,51,6,2461.18,76,1322,492,410.19666666666666,220.33333333333334,0.012195121951219513,0
15811,25,5,2758.62,160,1225,207,551.7239999999999,245.0,0.024154589371980676,0
15812,8,10,4454.55,83,3127,543,445.45500000000004,312.7,0.01841620626151013,0
15813,27,2,1303.9099999999999,40,603,59,651.9549999999999,301.5,0.03389830508474576,1
15814,212,2,689.11,23,457,422,344.555,228.5,0.004739336492890996,0
15815,31,3,1394.08,12,1068,79,464.6933333333333,356.0,0.0379746835443038,0
15816,361,2,144.14999999999998,11,54,361,72.07499999999999,27.0,0.00554016620498615,1
15817,240,3,2766.4,133,1596,362,922.1333333333333,532.0,0.008287292817679558,1
15818,407,1,340.5,11,284,407,340.5,284.0,0.002457002457002457,1
15819,18,8,3206.48,162,2485,451,400.81,310.625,0.017738359201773836,0
15820,139,1,206.98,17,128,139,206.98,128.0,0.007194244604316547,1
15822,178,5,1394.79,34,735,552,278.95799999999997,147.0,0.009057971014492754,0
15823,548,2,3867.17,154,1773,550,1933.585,886.5,0.0036363636363636364,1
15824,272,2,890.94,24,478,351,445.47,239.0,0.005698005698005698,1
15826,30,2,1663.97,66,1349,387,831.985,674.5,0.00516795865633075,0
15827,2,24,3073.65,98,1405,520,128.06875,58.541666666666664,0.046153846153846156,0
15828,194,1,1108.82,74,367,194,1108.82,367.0,0.005154639175257732,1
15831,143,1,309.94,17,308,143,309.94,308.0,0.006993006993006993,0
15832,73,1,836.79,54,465,73,836.79,465.0,0.0136986301369863,1
15833,557,1,80.4,5,24,557,80.4,24.0,0.0017953321364452424,1
15834,96,5,2809.51,244,1258,243,561.902,251.6,0.0205761316872428,0
15835,79,2,488.31,25,243,150,244.155,121.5,0.013333333333333334,0
15837,305,1,385.03000000000003,28,216,305,385.03000000000003,216.0,0.003278688524590164,0
15838,10,22,48728.799999999996,44,50644,544,2214.945454545454,2302.0,0.04044117647058824,0
15841,37,7,2131.61,47,1815,549,304.5157142857143,259.2857142857143,0.012750455373406194,0
15842,212,2,548.8,24,296,347,274.4,148.0,0.005763688760806916,1
15843,123,1,118.95000000000002,8,27,123,118.95000000000002,27.0,0.008130081300813009,1
15845,30,6,2251.67,77,896,501,375.27833333333336,149.33333333333334,0.011976047904191617,0
15846,204,1,107.01,27,79,204,107.01,79.0,0.004901960784313725,1
15847,107,4,613.98,28,542,461,153.495,135.5,0.008676789587852495,0
15848,441,1,137.99,34,45,441,137.99,45.0,0.0022675736961451248,1
15850,196,4,771.87,197,1036,545,192.9675,259.0,0.007339449541284404,0
15851,346,1,109.73,8,67,346,109.73,67.0,0.002890173410404624,1
15852,6,3,257.26,31,60,346,85.75333333333333,20.0,0.008670520231213872,1
15854,23,15,4193.55,134,1345,549,279.57,89.66666666666667,0.0273224043715847,0
15855,3,5,815.1700000000001,64,561,295,163.03400000000002,112.2,0.01694915254237288,0
15856,1,34,25254.27,232,13856,555,742.7726470588235,407.52941176470586,0.06126126126126126,0
15857,249,1,273.48,10,276,249,273.48,276.0,0.004016064257028112,0
15858,108,10,3324.9900000000002,231,2476,549,332.499,247.6,0.018214936247723135,0
15859,251,1,438.46,22,174,251,438.46,174.0,0.00398406374501992,1
15860,52,12,1916.56,191,1071,553,159.71333333333334,89.25,0.0216998191681736,0
15861,86,6,1930.22,265,1860,499,321.7033333333333,310.0,0.012024048096192385,0
15862,23,11,2519.5,366,1413,542,229.04545454545453,128.45454545454547,0.02029520295202952,0
15863,12,4,295.46,58,145,542,73.865,36.25,0.007380073800738007,0
15864,135,2,486.86,9,404,200,243.43,202.0,0.01,0
15865,33,3,1660.22,99,951,522,553.4066666666666,317.0,0.005747126436781609,0
15867,2,26,7231.69,461,4021,544,278.14192307692304,154.65384615384616,0.04779411764705882,0
15868,402,1,94.53,4,57,402,94.53,57.0,0.0024875621890547263,1
15869,96,3,321.11,29,273,445,107.03666666666668,91.0,0.006741573033707865,1
15870,216,3,506.02,61,171,265,168.67333333333332,57.0,0.011320754716981131,0
15871,256,1,33.099999999999994,5,5,256,33.099999999999994,5.0,0.00390625,1
15872,198,2,413.0,70,280,369,206.5,140.0,0.005420054200542005,0
15873,319,4,313.91999999999996,3,1152,320,78.47999999999999,288.0,0.0125,1
15874,37,19,9041.68,233,3618,520,475.8778947368421,190.42105263157896,0.03653846153846154,0
15875,465,1,108.52,18,74,465,108.52,74.0,0.002150537634408602,1
15876,228,2,1449.1399999999999,11,886,267,724.5699999999999,443.0,0.00749063670411985,1
15878,381,2,330.77,47,243,553,165.385,121.5,0.003616636528028933,1
15879,223,4,1137.8,171,639,541,284.45,159.75,0.0073937153419593345,1
15880,188,1,658.0600000000001,95,404,188,658.0600000000001,404.0,0.005319148936170213,1
15881,131,5,501.39000000000004,26,260,183,100.278,52.0,0.0273224043715847,1
15882,18,8,1491.42,48,790,548,186.4275,98.75,0.014598540145985401,1
15884,251,2,244.60000000000002,14,152,555,122.30000000000001,76.0,0.0036036036036036037,1
15885,203,12,1572.47,68,511,507,131.03916666666666,42.583333333333336,0.023668639053254437,0
15886,236,3,871.78,47,520,417,290.5933333333333,173.33333333333334,0.007194244604316547,0
15887,226,3,1027.15,27,605,375,342.3833333333334,201.66666666666666,0.008,1
15888,220,2,260.85,24,63,346,130.425,31.5,0.005780346820809248,0
15889,188,7,1543.62,236,867,549,220.51714285714283,123.85714285714286,0.012750455373406194,0
15890,214,5,535.65,10,119,424,107.13,23.8,0.01179245283018868,1
15891,46,1,509.13,59,417,46,509.13,417.0,0.021739130434782608,1
15892,488,1,128.2,38,46,488,128.2,46.0,0.0020491803278688526,1
15893,301,1,305.28000000000003,1,288,301,305.28000000000003,288.0,0.0033222591362126247,1
15894,72,2,408.39,34,273,188,204.195,136.5,0.010638297872340425,1
15897,13,2,208.59,17,223,13,104.295,111.5,0.15384615384615385,1
15898,46,24,5123.45,279,2238,547,213.47708333333333,93.25,0.043875685557586835,0
15899,188,1,112.5,4,78,188,112.5,78.0,0.005319148936170213,1
15900,233,3,549.29,68,440,382,183.09666666666666,146.66666666666666,0.007853403141361256,0
15901,270,3,318.14,48,314,363,106.04666666666667,104.66666666666667,0.008264462809917356,0
15902,199,1,145.01,18,124,199,145.01,124.0,0.005025125628140704,1
15903,47,7,4454.72,39,2192,514,636.3885714285715,313.14285714285717,0.013618677042801557,0
15905,362,1,114.69,22,82,362,114.69,82.0,0.0027624309392265192,1
15906,39,6,1645.66,84,430,270,274.2766666666667,71.66666666666667,0.022222222222222223,0
15907,29,1,223.07,46,146,29,223.07,146.0,0.034482758620689655,0
15908,310,2,758.62,37,173,331,379.31,86.5,0.006042296072507553,1
15910,26,11,1982.9,322,1576,507,180.26363636363638,143.27272727272728,0.021696252465483234,0
15911,443,8,1683.79,161,784,549,210.47375,98.0,0.014571948998178506,1
15912,52,8,951.57,77,640,548,118.94625,80.0,0.014598540145985401,0
15913,353,1,6.300000000000001,1,3,353,6.300000000000001,3.0,0.0028328611898017,1
15914,197,2,205.99,13,149,197,102.995,74.5,0.01015228426395939,1
15915,221,1,364.24,104,413,221,364.24,413.0,0.004524886877828055,1
15916,11,10,2721.78,178,1324,548,272.178,132.4,0.01824817518248175,0
15917,67,5,530.17,127,248,556,106.03399999999999,49.6,0.008992805755395683,1
15918,10,3,582.88,49,240,451,194.29333333333332,80.0,0.0066518847006651885,1
15919,188,1,428.15999999999997,38,350,188,428.15999999999997,350.0,0.005319148936170213,0
15920,243,5,401.64,42,139,544,80.328,27.8,0.009191176470588236,0
15921,216,3,442.58,51,171,460,147.52666666666667,57.0,0.006521739130434782,0
15922,192,1,739.0,11,276,192,739.0,276.0,0.005208333333333333,1
15923,192,1,254.16,21,244,192,254.16,244.0,0.005208333333333333,1
15924,550,1,102.82,14,103,550,102.82,103.0,0.0018181818181818182,1
15925,13,1,207.15,12,93,13,207.15,93.0,0.07692307692307693,1
15926,361,1,134.44,7,155,361,134.44,155.0,0.002770083102493075,1
15927,466,1,106.54,13,66,466,106.54,66.0,0.002145922746781116,1
15928,475,1,293.53,11,164,475,293.53,164.0,0.002105263157894737,1
15929,463,1,594.0,1,120,463,594.0,120.0,0.0021598272138228943,1
15931,247,1,239.9,14,118,247,239.9,118.0,0.004048582995951417,1
15932,34,4,1273.25,44,879,108,318.3125,219.75,0.037037037037037035,0
15934,237,2,2190.66,29,2166,249,1095.33,1083.0,0.008032128514056224,1
15935,58,1,108.03999999999999,11,114,58,108.03999999999999,114.0,0.017241379310344827,1
15936,198,2,282.79,16,211,287,141.395,105.5,0.006968641114982578,1
15938,20,8,665.53,24,401,376,83.19125,50.125,0.02127659574468085,0
15939,15,9,7522.18,50,5233,194,835.7977777777778,581.4444444444445,0.04639175257731959,0
15940,130,1,35.8,1,4,130,35.8,4.0,0.007692307692307693,1
15941,456,1,405.0,6,60,456,405.0,60.0,0.0021929824561403508,1
15943,469,2,271.28999999999996,12,183,497,135.64499999999998,91.5,0.004024144869215292,1
15944,96,4,2164.24,25,859,545,541.06,214.75,0.007339449541284404,1
15945,184,4,827.27,24,397,557,206.8175,99.25,0.00718132854578097,1
15946,322,3,2304.18,25,1614,453,768.06,538.0,0.006622516556291391,1
15948,244,1,553.85,35,285,244,553.85,285.0,0.004098360655737705,0
15950,179,7,5805.02,194,2770,502,829.2885714285715,395.7142857142857,0.013944223107569721,0
15951,105,2,680.12,35,281,200,340.06,140.5,0.01,0
15952,44,1,232.65,14,123,44,232.65,123.0,0.022727272727272728,0
15953,31,14,2814.84,69,1400,555,201.06,100.0,0.025225225225225224,0
15954,408,1,187.8,19,118,408,187.8,118.0,0.0024509803921568627,1
15955,23,11,5687.72,130,2668,473,517.0654545454546,242.54545454545453,0.023255813953488372,0
15956,370,2,617.6,18,278,546,308.8,139.0,0.003663003663003663,1
15957,240,2,492.36,88,242,240,246.18,121.0,0.008333333333333333,0
15958,223,3,357.77,45,121,370,119.25666666666666,40.333333333333336,0.008108108108108109,0
15959,501,3,542.89,58,269,501,180.96333333333334,89.66666666666667,0.005988023952095809,1
15960,193,4,410.95,24,258,254,102.7375,64.5,0.015748031496062992,1
15961,198,1,451.28999999999996,42,154,198,451.28999999999996,154.0,0.005050505050505051,1
15962,268,1,289.48,43,228,268,289.48,228.0,0.0037313432835820895,1
15964,482,1,269.21000000000004,20,93,482,269.21000000000004,93.0,0.002074688796680498,1
15965,186,10,2275.45,144,1027,556,227.545,102.7,0.017985611510791366,0
15966,270,1,426.53000000000003,27,275,270,426.53000000000003,275.0,0.003703703703703704,1
15967,138,11,2730.22,290,1038,557,248.20181818181817,94.36363636363636,0.019748653500897665,0
15968,207,1,401.8,69,242,207,401.8,242.0,0.004830917874396135,1
15969,5,3,769.65,23,143,341,256.55,47.666666666666664,0.008797653958944282,0
15970,123,2,1017.32,19,498,418,508.66,249.0,0.004784688995215311,1
15971,61,10,2784.1800000000003,8,1060,551,278.418,106.0,0.018148820326678767,0
15972,275,5,1769.33,104,468,419,353.866,93.6,0.011933174224343675,1
15973,186,2,973.44,7,300,248,486.72,150.0,0.008064516129032258,1
15974,3,4,2054.85,90,1300,108,513.7125,325.0,0.037037037037037035,0
15976,39,5,1462.66,239,894,370,292.53200000000004,178.8,0.013513513513513514,0
15978,251,2,2180.64,72,1556,463,1090.32,778.0,0.004319654427645789,0
15979,422,1,329.22,22,450,422,329.22,450.0,0.002369668246445498,1
15980,73,5,4905.0,83,3854,375,981.0,770.8,0.013333333333333334,0
15981,30,17,7576.49,124,3817,440,445.6758823529412,224.52941176470588,0.038636363636363635,0
15982,424,1,324.51,45,131,424,324.51,131.0,0.0023584905660377358,1
15983,180,7,3597.27,117,2234,552,513.8957142857142,319.14285714285717,0.012681159420289856,0
15984,52,25,6510.42,318,4327,557,260.4168,173.08,0.04488330341113106,0
15985,56,6,2472.44,48,2542,380,412.0733333333333,423.6666666666667,0.015789473684210527,0
15986,201,1,186.3,11,100,201,186.3,100.0,0.004975124378109453,0
15987,19,5,732.78,50,1230,198,146.55599999999998,246.0,0.025252525252525252,0
15988,371,2,579.61,92,294,476,289.805,147.0,0.004201680672268907,0
15989,195,2,368.31,81,169,556,184.155,84.5,0.0035971223021582736,1
15990,106,6,1607.01,95,814,469,267.835,135.66666666666666,0.01279317697228145,0
15991,353,1,150.55,6,41,353,150.55,41.0,0.0028328611898017,1
15992,215,2,854.61,51,497,273,427.305,248.5,0.007326007326007326,0
15994,231,2,761.4100000000001,69,289,455,380.70500000000004,144.5,0.004395604395604396,0
15995,233,1,694.54,108,352,233,694.54,352.0,0.004291845493562232,1
15996,83,4,1244.24,104,614,216,311.06,153.5,0.018518518518518517,0
15998,82,13,6969.34,596,4419,558,536.103076923077,339.9230769230769,0.023297491039426525,0
15999,555,1,20.4,1,24,555,20.4,24.0,0.0018018018018018018,1
16001,200,1,583.39,29,337,200,583.39,337.0,0.005,1
16002,444,1,169.21,42,70,444,169.21,70.0,0.0022522522522522522,1
16003,179,6,4059.46,102,1209,555,676.5766666666667,201.5,0.010810810810810811,0
16004,294,5,2146.39,63,1076,502,429.27799999999996,215.2,0.0099601593625498,1
16005,2,8,2061.77,231,1104,269,257.72125,138.0,0.02973977695167286,0
16006,30,2,332.82,75,205,207,166.41,102.5,0.00966183574879227,1
16007,0,5,2086.92,269,1824,362,417.384,364.8,0.013812154696132596,0
16008,24,13,4999.5,58,2989,450,384.5769230769231,229.92307692307693,0.028888888888888888,0
16010,65,11,1694.86,122,919,231,154.0781818181818,83.54545454545455,0.047619047619047616,1
16011,3,20,3702.96,155,2212,558,185.148,110.6,0.035842293906810034,0
16012,220,2,1563.3,138,961,349,781.65,480.5,0.0057306590257879654,0
16013,3,60,32811.159999999996,35,15212,551,546.8526666666666,253.53333333333333,0.1088929219600726,0
16014,110,3,707.08,168,306,497,235.69333333333336,102.0,0.006036217303822937,0
16016,15,7,1771.98,127,717,221,253.14000000000001,102.42857142857143,0.03167420814479638,0
16017,236,4,1333.7,81,533,523,333.425,133.25,0.0076481835564053535,0
16018,215,2,289.23,26,313,551,144.615,156.5,0.003629764065335753,0
16019,51,24,16032.42,192,6110,544,668.0175,254.58333333333334,0.04411764705882353,0
16021,214,2,487.03,117,276,364,243.515,138.0,0.005494505494505495,1
16022,79,1,602.63,68,255,79,602.63,255.0,0.012658227848101266,1
16023,11,2,500.69,59,227,85,250.345,113.5,0.023529411764705882,0
16024,231,2,232.96,21,107,231,116.48,53.5,0.008658008658008658,0
16027,38,12,1630.41,14,1462,519,135.8675,121.83333333333333,0.023121387283236993,0
16028,415,1,82.2,5,18,415,82.2,18.0,0.0024096385542168677,1
16029,2,74,69787.81,38,33383,551,943.0785135135135,451.1216216216216,0.13430127041742287,0
16030,129,1,331.24,28,283,129,331.24,283.0,0.007751937984496124,1
16031,66,1,305.63,39,219,66,305.63,219.0,0.015151515151515152,0
16032,275,6,1965.72,130,1467,342,327.62,244.5,0.017543859649122806,1
16033,20,18,5251.0,328,1857,304,291.72222222222223,103.16666666666667,0.05921052631578947,0
16034,15,6,911.3199999999999,43,585,228,151.88666666666666,97.5,0.02631578947368421,1
16035,379,1,217.73,21,33,379,217.73,33.0,0.002638522427440633,1
16036,82,3,1986.65,88,780,439,662.2166666666667,260.0,0.00683371298405467,0
16037,89,5,1509.34,62,766,468,301.868,153.2,0.010683760683760684,1
16038,21,1,316.95,19,187,21,316.95,187.0,0.047619047619047616,0
16039,243,2,456.4,27,409,447,228.2,204.5,0.0044742729306487695,1
16040,88,5,1525.78,69,786,429,305.156,157.2,0.011655011655011656,0
16042,151,4,1092.8,50,692,273,273.2,173.0,0.014652014652014652,0
16043,30,7,1759.0900000000001,48,850,301,251.29857142857145,121.42857142857143,0.023255813953488372,0
16044,254,1,340.84000000000003,19,170,254,340.84000000000003,170.0,0.003937007874015748,1
16045,65,6,2955.48,103,1756,318,492.58,292.6666666666667,0.018867924528301886,0
16046,381,1,235.78,22,248,381,235.78,248.0,0.0026246719160104987,1
16048,192,4,1075.23,30,569,369,268.8075,142.25,0.01084010840108401,1
16049,194,3,777.34,175,369,335,259.11333333333334,123.0,0.008955223880597015,0
16050,202,2,162.8,9,110,220,81.4,55.0,0.00909090909090909,0
16051,501,1,188.44,12,80,501,188.44,80.0,0.001996007984031936,1
16053,233,4,2122.89,101,1274,430,530.7225,318.5,0.009302325581395349,0
16054,238,3,1327.98,49,411,436,442.66,137.0,0.006880733944954129,0
16055,40,1,134.8,8,22,40,134.8,22.0,0.025,1
16057,30,6,2651.27,128,1205,520,441.87833333333333,200.83333333333334,0.011538461538461539,0
16058,225,1,62.7,2,18,225,62.7,18.0,0.0044444444444444444,1
16059,74,9,2359.66,192,1108,388,262.1844444444444,123.11111111111111,0.023195876288659795,0
16060,220,3,541.95,22,243,313,180.65,81.0,0.009584664536741214,1
16061,250,1,89.65,3,19,250,89.65,19.0,0.004,1
16062,60,6,2288.01,115,1568,355,381.33500000000004,261.3333333333333,0.016901408450704224,0
16063,79,1,335.32,23,262,79,335.32,262.0,0.012658227848101266,1
16064,544,1,109.31,17,55,544,109.31,55.0,0.001838235294117647,1
16065,184,8,2359.27,214,1435,282,294.90875,179.375,0.028368794326241134,1
16067,382,3,3269.11,60,1236,494,1089.7033333333334,412.0,0.006072874493927126,1
16068,413,1,115.73,34,48,413,115.73,48.0,0.002421307506053269,1
16069,237,1,457.7,25,138,237,457.7,138.0,0.004219409282700422,1
16071,346,3,750.5600000000001,47,517,474,250.1866666666667,172.33333333333334,0.006329113924050633,0
16072,107,4,4180.09,414,1580,368,1045.0225,395.0,0.010869565217391304,1
16073,116,1,122.39999999999999,1,48,116,122.39999999999999,48.0,0.008620689655172414,1
16074,209,1,252.5,23,38,209,252.5,38.0,0.004784688995215311,1
16075,322,2,736.9300000000001,41,271,383,368.46500000000003,135.5,0.005221932114882507,1
16076,28,1,305.45000000000005,16,137,28,305.45000000000005,137.0,0.03571428571428571,0
16077,445,1,2300.4,8,840,445,2300.4,840.0,0.0022471910112359553,1
16078,103,2,362.99,39,200,488,181.495,100.0,0.004098360655737705,1
16080,93,3,515.66,24,236,269,171.88666666666666,78.66666666666667,0.011152416356877323,0
16081,4,6,2629.51,155,1233,494,438.2516666666667,205.5,0.012145748987854251,0
16082,489,1,106.75,16,39,489,106.75,39.0,0.002044989775051125,1
16083,180,3,1371.78,51,990,208,457.26,330.0,0.014423076923076924,0
16084,118,1,436.18,38,216,118,436.18,216.0,0.00847457627118644,1
16085,56,9,1668.24,195,967,507,185.36,107.44444444444444,0.01775147928994083,0
16086,19,8,2330.66,63,1263,556,291.3325,157.875,0.014388489208633094,0
16087,208,5,1739.92,6,664,509,347.98400000000004,132.8,0.009823182711198428,1
16088,395,2,1437.43,3,373,411,718.715,186.5,0.004866180048661801,1
16089,205,2,263.49,42,119,328,131.745,59.5,0.006097560975609756,1
16090,443,1,180.56,18,58,443,180.56,58.0,0.002257336343115124,1
16091,18,1,157.25,10,83,18,157.25,83.0,0.05555555555555555,0
16092,16,5,1363.81,55,1005,398,272.762,201.0,0.01256281407035176,0
16094,38,8,2869.43,81,1537,421,358.67875,192.125,0.019002375296912115,0
16095,275,1,447.05,30,265,275,447.05,265.0,0.0036363636363636364,1
16096,83,4,1584.97,58,700,464,396.2425,175.0,0.008620689655172414,1
16097,59,1,185.04999999999998,10,87,59,185.04999999999998,87.0,0.01694915254237288,1
16098,4,11,3657.89,75,1853,544,332.5354545454545,168.45454545454547,0.02022058823529412,0
16099,45,5,1159.6,36,732,466,231.92,146.4,0.01072961373390558,0
16100,282,1,582.64,37,438,282,582.64,438.0,0.0035460992907801418,1
16101,254,3,1938.46,94,1087,381,646.1533333333333,362.3333333333333,0.007874015748031496,0
16103,6,19,5567.33,105,2343,520,293.01736842105265,123.3157894736842,0.03653846153846154,0
16104,238,8,2476.25,162,925,553,309.53125,115.625,0.014466546112115732,0
16105,68,5,2386.19,92,2125,423,477.238,425.0,0.01182033096926714,1
16107,2,1,532.9,10,94,2,532.9,94.0,0.5,0
16108,253,3,1393.42,79,858,450,464.47333333333336,286.0,0.006666666666666667,0
16109,38,3,939.48,30,1092,518,313.16,364.0,0.005791505791505791,1
16110,81,3,1138.82,235,502,341,379.6066666666666,167.33333333333334,0.008797653958944282,0
16111,247,1,549.33,72,233,247,549.33,233.0,0.004048582995951417,1
16112,152,2,136.14,10,342,158,68.07,171.0,0.012658227848101266,0
16113,2,1,161.38,30,176,2,161.38,176.0,0.5,1
16115,32,7,1399.22,158,911,394,199.88857142857142,130.14285714285714,0.017766497461928935,0
16116,31,1,612.78,34,248,31,612.78,248.0,0.03225806451612903,1
16117,9,3,654.4,64,321,411,218.13333333333333,107.0,0.0072992700729927005,1
16118,472,1,4376.25,41,2851,472,4376.25,2851.0,0.00211864406779661,1
16119,213,6,1297.45,31,571,543,216.24166666666667,95.16666666666667,0.011049723756906077,0
16120,241,2,1658.3700000000001,60,1283,241,829.1850000000001,641.5,0.008298755186721992,0
16121,35,4,881.32,159,442,385,220.33,110.5,0.01038961038961039,0
16122,152,4,566.76,20,716,244,141.69,179.0,0.01639344262295082,0
16124,136,4,1772.49,63,797,552,443.1225,199.25,0.007246376811594203,1
16125,186,14,4581.7,168,1943,544,327.2642857142857,138.78571428571428,0.025735294117647058,1
16126,3,13,10200.83,128,4553,556,784.6792307692308,350.2307692307692,0.023381294964028777,0
16127,546,1,145.06,35,68,546,145.06,68.0,0.0018315018315018315,0
16128,102,7,2309.13,102,1631,330,329.8757142857143,233.0,0.021212121212121213,0
16129,226,3,1396.05,91,1261,327,465.34999999999997,420.3333333333333,0.009174311926605505,1
16130,241,4,987.48,53,296,436,246.87,74.0,0.009174311926605505,1
16131,26,8,8115.4,117,3758,557,1014.425,469.75,0.01436265709156194,0
16132,363,2,664.1999999999999,14,280,447,332.09999999999997,140.0,0.0044742729306487695,1
16133,5,35,15194.59,191,8639,438,434.13114285714283,246.82857142857142,0.07990867579908675,0
16134,178,4,1810.78,71,1424,360,452.695,356.0,0.011111111111111112,0
16135,82,2,819.45,35,395,403,409.725,197.5,0.004962779156327543,1
16136,97,2,396.72,17,300,483,198.36,150.0,0.004140786749482402,0
16137,499,1,422.7,28,210,499,422.7,210.0,0.002004008016032064,1
16138,198,3,910.35,35,774,410,303.45,258.0,0.007317073170731708,1
16139,26,3,615.54,29,356,555,205.17999999999998,118.66666666666667,0.005405405405405406,0
16140,190,2,956.5600000000001,33,750,261,478.28000000000003,375.0,0.007662835249042145,0
16141,236,1,335.54,20,172,236,335.54,172.0,0.00423728813559322,0
16142,69,1,535.34,37,422,69,535.34,422.0,0.014492753623188406,1
16143,32,10,4060.06,91,1629,549,406.006,162.9,0.018214936247723135,0
16144,66,1,175.2,1,16,66,175.2,16.0,0.015151515151515152,1
16145,45,12,4322.2300000000005,154,3306,403,360.1858333333334,275.5,0.02977667493796526,0
16146,23,3,871.38,34,484,268,290.46,161.33333333333334,0.011194029850746268,0
16147,219,4,2023.91,101,1149,492,505.9775,287.25,0.008130081300813009,0
16148,115,2,386.62,9,250,256,193.31,125.0,0.0078125,1
16149,248,1,141.70000000000002,12,290,248,141.70000000000002,290.0,0.004032258064516129,0
16150,89,7,3307.0499999999997,109,1617,541,472.43571428571425,231.0,0.012939001848428836,0
16152,88,1,1829.04,29,642,88,1829.04,642.0,0.011363636363636364,1
16153,5,9,4009.36,129,3028,382,445.4844444444445,336.44444444444446,0.02356020942408377,0
16155,201,5,796.9,45,495,359,159.38,99.0,0.013927576601671309,1
16156,25,14,4126.71,138,2360,556,294.765,168.57142857142858,0.025179856115107913,0
16158,341,9,628.32,29,182,553,69.81333333333333,20.22222222222222,0.0162748643761302,1
16159,101,4,1232.79,31,635,556,308.1975,158.75,0.007194244604316547,1
16161,17,34,9471.65,348,4837,489,278.5779411764706,142.26470588235293,0.06952965235173825,0
16162,71,1,37.4,2,4,71,37.4,4.0,0.014084507042253521,1
16163,51,6,2849.58,59,768,557,474.93,128.0,0.010771992818671455,1
16165,324,1,79.9,1,2,324,79.9,2.0,0.0030864197530864196,1
16166,247,2,435.83,18,173,510,217.915,86.5,0.00392156862745098,1
16167,233,5,1386.1200000000001,51,1494,558,277.22400000000005,298.8,0.008960573476702509,1
16168,5,49,8244.18,113,3882,556,168.24857142857144,79.22448979591837,0.08812949640287769,0
16170,3,17,5928.82,217,4952,478,348.7541176470588,291.29411764705884,0.03556485355648536,0
16172,61,4,943.72,54,812,332,235.93,203.0,0.012048192771084338,0
16174,311,4,1237.2,15,780,422,309.3,195.0,0.009478672985781991,0
16175,24,5,1265.83,45,619,383,253.166,123.8,0.013054830287206266,0
16176,240,4,2052.69,53,952,439,513.1725,238.0,0.009111617312072893,1
16177,256,7,1915.36,66,926,466,273.62285714285713,132.28571428571428,0.015021459227467811,0
16178,220,1,414.7,17,210,220,414.7,210.0,0.004545454545454545,0
16180,30,9,8741.12,162,5558,353,971.2355555555556,617.5555555555555,0.025495750708215296,0
16182,23,7,5871.0,12,3596,460,838.7142857142857,513.7142857142857,0.015217391304347827,0
16183,214,3,739.1,17,238,226,246.36666666666667,79.33333333333333,0.01327433628318584,0
16184,1,2,447.89,13,165,30,223.945,82.5,0.06666666666666667,0
16185,52,2,450.31,28,214,384,225.155,107.0,0.005208333333333333,0
16186,8,19,6366.52,138,4948,549,335.08000000000004,260.42105263157896,0.03460837887067395,0
16187,22,7,2564.64,89,1545,103,366.3771428571428,220.71428571428572,0.06796116504854369,0
16188,46,3,671.57,46,495,228,223.85666666666668,165.0,0.013157894736842105,0
16190,214,7,2508.4700000000003,88,1143,545,358.3528571428572,163.28571428571428,0.012844036697247707,0
16191,82,19,13112.980000000001,76,7609,548,690.1568421052632,400.4736842105263,0.03467153284671533,0
16192,555,1,351.3,11,208,555,351.3,208.0,0.0018018018018018018,1
16193,56,2,630.43,38,379,230,315.215,189.5,0.008695652173913044,1
16194,194,1,308.59999999999997,8,140,194,308.59999999999997,140.0,0.005154639175257732,1
16195,542,1,323.25,16,123,542,323.25,123.0,0.0018450184501845018,1
16196,308,1,93.3,4,26,308,93.3,26.0,0.003246753246753247,1
16197,288,9,2016.71,52,1420,543,224.07888888888888,157.77777777777777,0.016574585635359115,1
16198,256,1,629.36,18,255,256,629.36,255.0,0.00390625,0
16199,211,7,942.75,2,321,450,134.67857142857142,45.857142857142854,0.015555555555555555,1
16200,202,10,4539.23,241,2552,556,453.92299999999994,255.2,0.017985611510791366,0
16201,235,1,248.65,13,135,235,248.65,135.0,0.00425531914893617,0
16202,180,9,2501.9900000000002,105,1307,557,277.9988888888889,145.22222222222223,0.01615798922800718,1
16203,46,4,839.9399999999999,47,487,323,209.98499999999999,121.75,0.01238390092879257,0
16204,199,2,534.53,47,453,550,267.265,226.5,0.0036363636363636364,0
16205,216,3,1062.48,89,936,362,354.16,312.0,0.008287292817679558,0
16206,28,11,2328.81,173,1259,503,211.71,114.45454545454545,0.02186878727634195,0
16208,108,9,3273.78,164,1451,472,363.75333333333333,161.22222222222223,0.019067796610169493,0
16209,6,6,2452.2200000000003,42,1234,366,408.7033333333334,205.66666666666666,0.01639344262295082,0
16210,32,24,27976.420000000002,116,10876,556,1165.6841666666667,453.1666666666667,0.04316546762589928,0
16211,240,2,543.5699999999999,12,365,257,271.78499999999997,182.5,0.007782101167315175,0
16212,102,3,1101.52,61,478,489,367.17333333333335,159.33333333333334,0.006134969325153374,0
16214,72,3,1725.17,78,1208,254,575.0566666666667,402.6666666666667,0.011811023622047244,0
16216,86,1,914.9300000000001,37,254,86,914.9300000000001,254.0,0.011627906976744186,1
16217,54,2,304.25,13,91,101,152.125,45.5,0.019801980198019802,1
16218,26,10,3084.05,68,2365,380,308.40500000000003,236.5,0.02631578947368421,0
16219,320,1,40.8,1,48,320,40.8,48.0,0.003125,1
16221,95,8,1639.72,116,1053,305,204.965,131.625,0.02622950819672131,0
16222,137,2,1272.05,133,463,540,636.025,231.5,0.003703703703703704,1
16223,194,2,1087.05,101,643,215,543.525,321.5,0.009302325581395349,1
16224,59,3,864.45,62,924,206,288.15000000000003,308.0,0.014563106796116505,0
16225,96,12,2179.6,149,988,490,181.63333333333333,82.33333333333333,0.024489795918367346,0
16226,22,5,672.1700000000001,23,521,233,134.43400000000003,104.2,0.02145922746781116,1
16227,44,3,1027.22,28,436,354,342.4066666666667,145.33333333333334,0.00847457627118644,1
16228,204,3,885.71,45,555,219,295.2366666666667,185.0,0.0136986301369863,1
16229,32,5,2215.46,120,1066,383,443.092,213.2,0.013054830287206266,0
16230,9,2,542.03,32,365,39,271.015,182.5,0.05128205128205128,1
16231,198,4,1074.47,69,563,417,268.6175,140.75,0.009592326139088728,1
16232,34,5,2088.56,59,1530,369,417.712,306.0,0.013550135501355014,0
16233,149,8,1755.53,37,605,556,219.44125,75.625,0.014388489208633094,0
16234,295,3,333.18,13,170,381,111.06,56.666666666666664,0.007874015748031496,1
16235,6,7,1851.69,75,709,290,264.52714285714285,101.28571428571429,0.02413793103448276,0
16237,256,1,136.65,7,57,256,136.65,57.0,0.00390625,1
16238,242,1,63.66,6,85,242,63.66,85.0,0.004132231404958678,1
16239,9,5,1425.9,21,646,282,285.18,129.2,0.01773049645390071,0
16241,32,7,2505.71,317,1272,229,357.9585714285714,181.71428571428572,0.03056768558951965,0
16242,33,9,4217.69,263,2126,453,468.6322222222222,236.22222222222223,0.019867549668874173,0
16244,31,2,2579.38,88,1474,192,1289.69,737.0,0.010416666666666666,1
16245,76,1,453.98,30,258,76,453.98,258.0,0.013157894736842105,0
16246,279,2,821.35,79,336,489,410.675,168.0,0.00408997955010225,1
16249,20,2,1020.53,26,487,58,510.265,243.5,0.034482758620689655,0
16250,80,3,791.38,29,376,206,263.79333333333335,125.33333333333333,0.014563106796116505,1
16251,331,1,128.31,20,44,331,128.31,44.0,0.0030211480362537764,1
16252,202,1,295.09000000000003,21,158,202,295.09000000000003,158.0,0.0049504950495049506,1
16253,74,6,5238.74,169,4136,550,873.1233333333333,689.3333333333334,0.01090909090909091,0
16254,197,3,967.44,65,543,451,322.48,181.0,0.0066518847006651885,1
16255,65,11,3346.01,163,1925,504,304.1827272727273,175.0,0.021825396825396824,0
16256,86,3,1579.37,26,1589,417,526.4566666666666,529.6666666666666,0.007194244604316547,1
16258,38,11,7771.47,192,4578,458,706.4972727272727,416.1818181818182,0.024017467248908297,0
16259,229,3,340.94,75,143,424,113.64666666666666,47.666666666666664,0.007075471698113208,1
16261,65,3,565.14,83,290,261,188.38,96.66666666666667,0.011494252873563218,0
16262,197,1,755.15,46,446,197,755.15,446.0,0.005076142131979695,1
16263,242,1,348.16,19,197,242,348.16,197.0,0.004132231404958678,1
16264,257,2,823.53,62,616,265,411.765,308.0,0.007547169811320755,1
16265,80,8,4163.31,146,1883,226,520.41375,235.375,0.035398230088495575,0
16266,19,10,1267.9,58,543,492,126.79,54.3,0.02032520325203252,0
16267,410,1,186.66,7,198,410,186.66,198.0,0.0024390243902439024,1
16269,257,1,717.57,53,579,257,717.57,579.0,0.0038910505836575876,1
16270,172,1,1141.24,54,688,172,1141.24,688.0,0.005813953488372093,1
16271,177,5,2111.4,121,1462,462,422.28000000000003,292.4,0.010822510822510822,0
16273,467,2,318.34000000000003,15,40,475,159.17000000000002,20.0,0.004210526315789474,1
16274,192,1,663.1,63,302,192,663.1,302.0,0.005208333333333333,1
16275,16,3,2151.11,105,1268,460,717.0366666666667,422.6666666666667,0.006521739130434782,1
16276,298,2,1818.79,16,1047,427,909.395,523.5,0.00468384074941452,0
16277,553,1,188.69,23,33,553,188.69,33.0,0.0018083182640144665,1
16278,299,2,551.46,30,228,318,275.73,114.0,0.006289308176100629,0
16279,205,6,4195.5,165,2637,415,699.25,439.5,0.014457831325301205,0
16280,544,1,238.05,16,101,544,238.05,101.0,0.001838235294117647,1
16281,243,2,1361.96,19,636,501,680.98,318.0,0.003992015968063872,0
16282,159,3,1307.58,31,790,538,435.85999999999996,263.3333333333333,0.0055762081784386614,1
16283,27,4,3057.32,312,1791,468,764.33,447.75,0.008547008547008548,0
16284,212,1,205.8,30,139,212,205.8,139.0,0.0047169811320754715,0
16285,465,1,176.9,31,60,465,176.9,60.0,0.002150537634408602,1
16286,296,2,328.95,17,101,443,164.475,50.5,0.004514672686230248,1
16287,195,4,864.48,18,1128,509,216.12,282.0,0.007858546168958742,0
16288,289,1,129.85,7,19,289,129.85,19.0,0.0034602076124567475,1
16289,281,1,136.31,21,97,281,136.31,97.0,0.0035587188612099642,1
16290,284,4,1957.7,85,957,385,489.425,239.25,0.01038961038961039,1
16292,199,4,951.51,38,497,423,237.8775,124.25,0.009456264775413711,0
16293,27,9,3538.7000000000003,130,1553,548,393.1888888888889,172.55555555555554,0.016423357664233577,0
16294,296,1,126.05000000000001,8,54,296,126.05000000000001,54.0,0.0033783783783783786,1
16296,445,4,1313.67,56,645,541,328.4175,161.25,0.0073937153419593345,1
16297,88,1,301.9,20,206,88,301.9,206.0,0.011363636363636364,1
16298,6,5,601.8,20,160,261,120.35999999999999,32.0,0.019157088122605363,0
16299,296,1,193.65,12,107,296,193.65,107.0,0.0033783783783783786,1
16300,249,3,1367.32,190,643,495,455.7733333333333,214.33333333333334,0.006060606060606061,1
16301,556,1,107.33,6,41,556,107.33,41.0,0.0017985611510791368,1
16303,152,5,3394.82,82,1618,450,678.964,323.6,0.011111111111111112,0
16304,514,1,381.66,25,228,514,381.66,228.0,0.0019455252918287938,1
16306,33,7,1192.82,55,742,254,170.40285714285713,106.0,0.027559055118110236,1
16307,248,3,1194.92,69,1123,396,398.3066666666667,374.3333333333333,0.007575757575757576,1
16308,36,5,3520.0,1,11000,543,704.0,2200.0,0.009208103130755065,0
16309,60,1,334.2,21,304,60,334.2,304.0,0.016666666666666666,0
16310,233,2,460.08,26,270,461,230.04,135.0,0.004338394793926247,1
16312,251,1,171.15,10,53,251,171.15,53.0,0.00398406374501992,1
16314,209,3,1491.4,58,636,292,497.1333333333334,212.0,0.010273972602739725,1
16315,150,2,402.71,21,143,355,201.355,71.5,0.005633802816901409,1
16316,26,10,4635.11,172,2477,312,463.51099999999997,247.7,0.03205128205128205,0
16317,116,3,1421.6200000000001,69,728,404,473.8733333333334,242.66666666666666,0.007425742574257425,0
16319,37,1,404.40000000000003,3,72,37,404.40000000000003,72.0,0.02702702702702703,1
16320,32,5,5443.21,184,3241,500,1088.642,648.2,0.01,0
16321,124,5,454.55,14,187,558,90.91,37.4,0.008960573476702509,0
16323,15,2,353.66,4,146,397,176.83,73.0,0.005037783375314861,1
16325,65,10,3194.08,100,2332,554,319.408,233.2,0.018050541516245487,0
16326,34,13,2113.31,151,504,499,162.56230769230768,38.76923076923077,0.026052104208416832,0
16327,18,14,9283.41,269,7502,544,663.1007142857143,535.8571428571429,0.025735294117647058,0
16328,382,1,310.83,16,141,382,310.83,141.0,0.002617801047120419,1
16329,247,4,1664.92,83,797,558,416.23,199.25,0.007168458781362007,1
16330,243,4,373.46999999999997,71,179,482,93.36749999999999,44.75,0.008298755186721992,0
16331,251,6,2037.7,33,756,462,339.6166666666667,126.0,0.012987012987012988,1
16332,124,5,536.99,48,365,408,107.398,73.0,0.012254901960784314,0
16333,11,16,13087.2,8,22092,129,817.95,1380.75,0.12403100775193798,0
16334,311,1,263.73,54,206,311,263.73,206.0,0.003215434083601286,1
16335,371,7,2753.52,193,1004,555,393.36,143.42857142857142,0.012612612612612612,1
16336,240,4,3517.69,64,1473,451,879.4225,368.25,0.008869179600886918,1
16339,103,1,94.05,17,21,103,94.05,21.0,0.009708737864077669,1
16340,258,2,961.93,170,833,370,480.965,416.5,0.005405405405405406,0
16341,20,4,2676.57,81,2158,429,669.1425,539.5,0.009324009324009324,0
16343,226,1,285.54,28,170,226,285.54,170.0,0.004424778761061947,0
16344,329,3,741.3199999999999,42,688,488,247.10666666666665,229.33333333333334,0.006147540983606557,0
16345,302,1,613.33,68,323,302,613.33,323.0,0.0033112582781456954,0
16346,204,1,224.51,15,289,204,224.51,289.0,0.004901960784313725,1
16347,207,9,2595.51,167,1374,457,288.39000000000004,152.66666666666666,0.019693654266958426,0
16348,10,4,885.5,115,642,249,221.375,160.5,0.01606425702811245,0
16349,110,1,53.5,9,9,110,53.5,9.0,0.00909090909090909,1
16350,153,6,1514.1200000000001,59,728,247,252.35333333333335,121.33333333333333,0.024291497975708502,0
16351,152,13,3330.0299999999997,124,2165,554,256.1561538461538,166.53846153846155,0.023465703971119134,1
16353,37,26,5479.03,63,2319,551,210.73192307692307,89.1923076923077,0.047186932849364795,0
16354,199,3,723.66,87,442,410,241.22,147.33333333333334,0.007317073170731708,0
16355,194,1,416.35,47,179,194,416.35,179.0,0.005154639175257732,1
16356,17,6,415.87,27,190,371,69.31166666666667,31.666666666666668,0.016172506738544475,1
16357,33,2,347.39,20,165,200,173.695,82.5,0.01,0
16358,3,2,1354.3000000000002,61,984,214,677.1500000000001,492.0,0.009345794392523364,0
16359,33,12,1963.09,72,1238,481,163.59083333333334,103.16666666666667,0.02494802494802495,0
16362,257,1,212.17,13,127,257,212.17,127.0,0.0038910505836575876,0
16365,72,9,2256.14,65,870,548,250.6822222222222,96.66666666666667,0.016423357664233577,0
16366,401,3,1220.83,57,626,543,406.9433333333333,208.66666666666666,0.0055248618784530384,0
16367,182,2,716.9,119,547,202,358.45,273.5,0.009900990099009901,0
16368,255,1,141.53,20,56,255,141.53,56.0,0.00392156862745098,0
16369,16,5,1465.6,42,758,430,293.12,151.6,0.011627906976744186,0
16370,2,2,543.21,88,325,44,271.605,162.5,0.045454545454545456,0
16371,268,1,157.2,11,108,268,157.2,108.0,0.0037313432835820895,1
16372,228,3,934.58,203,564,426,311.5266666666667,188.0,0.007042253521126761,0
16373,201,2,309.49,25,119,230,154.745,59.5,0.008695652173913044,1
16374,81,4,1404.97,226,583,407,351.2425,145.75,0.009828009828009828,0
16375,289,2,104.0,11,74,289,52.0,37.0,0.006920415224913495,1
16377,86,2,1308.48,6,2928,437,654.24,1464.0,0.004576659038901602,1
16378,66,3,362.95,22,267,130,120.98333333333333,89.0,0.023076923076923078,1
16381,215,2,247.85,60,108,237,123.925,54.0,0.008438818565400843,1
16382,227,2,353.1,42,167,370,176.55,83.5,0.005405405405405406,1
16383,87,6,2553.69,218,1421,492,425.615,236.83333333333334,0.012195121951219513,0
16384,83,3,1183.55,71,801,409,394.51666666666665,267.0,0.007334963325183374,0
16385,185,3,620.89,64,352,451,206.96333333333334,117.33333333333333,0.0066518847006651885,0
16386,73,2,826.69,55,521,207,413.345,260.5,0.00966183574879227,0
16387,142,5,882.46,68,448,458,176.49200000000002,89.6,0.010917030567685589,1
16388,473,1,186.05,13,83,473,186.05,83.0,0.0021141649048625794,1
16389,24,2,670.17,16,307,102,335.085,153.5,0.0196078431372549,0
16390,356,3,467.5,16,122,498,155.83333333333334,40.666666666666664,0.006024096385542169,1
16391,220,4,1048.86,260,713,381,262.215,178.25,0.010498687664041995,1
16392,89,3,755.45,124,603,381,251.8166666666667,201.0,0.007874015748031496,1
16393,4,16,3411.15,279,2075,558,213.196875,129.6875,0.02867383512544803,0
16394,67,2,619.3,47,768,109,309.65,384.0,0.01834862385321101,0
16395,143,11,2486.06,353,1806,553,226.00545454545454,164.1818181818182,0.019891500904159132,0
16396,295,1,137.8,8,80,295,137.8,80.0,0.003389830508474576,1
16397,447,1,123.13,9,43,447,123.13,43.0,0.0022371364653243847,1
16398,73,1,1169.95,63,503,73,1169.95,503.0,0.0136986301369863,0
16399,54,2,398.81,64,330,208,199.405,165.0,0.009615384615384616,0
16400,214,8,2755.92,187,1894,551,344.49,236.75,0.014519056261343012,0
16401,30,16,4411.0199999999995,86,3744,374,275.68874999999997,234.0,0.0427807486631016,0
16402,84,2,499.1,55,248,188,249.55,124.0,0.010638297872340425,1
16403,131,1,177.5,10,114,131,177.5,114.0,0.007633587786259542,1
16405,121,2,167.25,3,187,129,83.625,93.5,0.015503875968992248,1
16406,270,2,374.01,85,141,473,187.005,70.5,0.004228329809725159,0
16407,13,9,1471.76,71,741,251,163.5288888888889,82.33333333333333,0.035856573705179286,0
16408,410,1,231.93,45,227,410,231.93,227.0,0.0024390243902439024,1
16409,61,9,4433.32,312,2895,545,492.5911111111111,321.6666666666667,0.01651376146788991,0
16410,553,1,130.32,5,348,553,130.32,348.0,0.0018083182640144665,1
16411,188,3,801.79,119,468,247,267.2633333333333,156.0,0.012145748987854251,0
16412,213,4,457.2,72,225,492,114.3,56.25,0.008130081300813009,0
16413,195,1,259.83,32,135,195,259.83,135.0,0.005128205128205128,0
16414,99,4,475.76,56,190,514,118.94,47.5,0.007782101167315175,0
16415,403,2,496.49,78,330,496,248.245,165.0,0.004032258064516129,0
16416,209,6,1906.48,92,1526,474,317.74666666666667,254.33333333333334,0.012658227848101266,0
16417,312,1,35.7,1,6,312,35.7,6.0,0.003205128205128205,1
16418,45,3,543.53,71,371,242,181.17666666666665,123.66666666666667,0.012396694214876033,0
16419,94,4,1021.9200000000001,48,478,487,255.48000000000002,119.5,0.008213552361396304,0
16420,215,1,75.0,2,120,215,75.0,120.0,0.004651162790697674,1
16421,195,3,526.27,35,123,289,175.42333333333332,41.0,0.010380622837370242,1
16422,5,84,47933.07,106,51823,516,570.6317857142857,616.9404761904761,0.16279069767441862,0
16424,10,2,443.06,10,212,202,221.53,106.0,0.009900990099009901,1
16425,121,1,302.7,21,199,121,302.7,199.0,0.008264462809917356,1
16426,95,1,328.37,11,157,95,328.37,157.0,0.010526315789473684,0
16427,82,2,241.06,8,156,103,120.53,78.0,0.019417475728155338,1
16428,233,3,638.49,121,575,317,212.83,191.66666666666666,0.00946372239747634,1
16430,200,5,802.09,16,203,501,160.418,40.6,0.00998003992015968,0
16431,32,3,623.28,51,442,116,207.76,147.33333333333334,0.02586206896551724,1
16433,228,1,200.26,17,108,228,200.26,108.0,0.0043859649122807015,0
16434,11,8,1878.61,79,935,510,234.82625,116.875,0.01568627450980392,0
16435,331,3,1003.0699999999999,119,608,333,334.3566666666666,202.66666666666666,0.009009009009009009,1
16436,487,3,319.14,37,227,552,106.38,75.66666666666667,0.005434782608695652,1
16437,200,2,301.25,17,197,249,150.625,98.5,0.008032128514056224,1
16439,541,1,310.70000000000005,9,74,541,310.70000000000005,74.0,0.0018484288354898336,1
16440,34,2,488.76,58,205,313,244.38,102.5,0.006389776357827476,0
16441,110,4,842.98,59,414,446,210.745,103.5,0.008968609865470852,0
16442,47,4,715.11,165,489,546,178.7775,122.25,0.007326007326007326,0
16443,340,1,162.24,1,96,340,162.24,96.0,0.0029411764705882353,1
16444,14,15,3211.29,188,1672,444,214.08599999999998,111.46666666666667,0.033783783783783786,0
16445,206,3,352.65,93,176,231,117.55,58.666666666666664,0.012987012987012988,0
16446,25,1,2.9,2,2,25,2.9,2.0,0.04,0
16447,409,2,471.19,27,94,479,235.595,47.0,0.0041753653444676405,0
16448,17,2,361.12,45,176,290,180.56,88.0,0.006896551724137931,1
16449,17,2,707.69,40,367,100,353.845,183.5,0.02,1
16450,403,2,1193.81,27,481,475,596.905,240.5,0.004210526315789474,0
16451,380,2,746.1800000000001,50,404,554,373.09000000000003,202.0,0.0036101083032490976,0
16452,450,2,332.17,14,199,513,166.085,99.5,0.003898635477582846,1
16453,350,2,251.71,15,139,367,125.855,69.5,0.005449591280653951,1
16454,430,1,1.55,1,1,430,1.55,1.0,0.002325581395348837,0
16455,24,9,3669.47,92,2725,439,407.71888888888884,302.77777777777777,0.02050113895216401,0
16456,47,11,6206.58,217,3397,440,564.2345454545455,308.8181818181818,0.025,0
16457,37,1,208.36,9,140,37,208.36,140.0,0.02702702702702703,1
16458,7,19,3513.85,74,2031,381,184.93947368421053,106.89473684210526,0.049868766404199474,0
16459,549,1,71.78999999999999,5,59,549,71.78999999999999,59.0,0.0018214936247723133,1
16461,410,2,1396.91,195,879,465,698.455,439.5,0.004301075268817204,0
16462,5,2,68.0,1,8,103,34.0,4.0,0.019417475728155338,0
16463,23,1,319.37,19,179,23,319.37,179.0,0.043478260869565216,0
16465,240,2,746.24,45,504,264,373.12,252.0,0.007575757575757576,1
16466,0,11,2691.42,154,1309,461,244.67454545454547,119.0,0.02386117136659436,0
16467,328,7,2869.16,14,7384,557,409.88,1054.857142857143,0.012567324955116697,1
16468,289,2,712.62,37,340,300,356.31,170.0,0.006666666666666667,0
16469,65,3,446.78000000000003,73,183,333,148.92666666666668,61.0,0.009009009009009009,0
16470,12,9,2009.74,240,983,548,223.30444444444444,109.22222222222223,0.016423357664233577,0
16471,94,4,1189.98,48,670,472,297.495,167.5,0.00847457627118644,1
16472,253,2,789.6,39,252,417,394.8,126.0,0.004796163069544364,1
16473,106,3,372.53000000000003,21,246,193,124.17666666666668,82.0,0.015544041450777202,0
16475,93,1,310.0,20,192,93,310.0,192.0,0.010752688172043012,0
16476,251,1,350.35,24,187,251,350.35,187.0,0.00398406374501992,1
16477,33,9,3378.07,152,2087,304,375.3411111111111,231.88888888888889,0.029605263157894735,0
16481,501,1,453.38,16,201,501,453.38,201.0,0.001996007984031936,1
16483,11,1,139.35,19,44,11,139.35,44.0,0.09090909090909091,1
16484,10,1,285.7,18,152,10,285.7,152.0,0.1,0
16485,251,4,1923.54,93,918,553,480.885,229.5,0.007233273056057866,0
16486,357,1,134.36,7,24,357,134.36,24.0,0.0028011204481792717,1
16487,396,2,209.4,28,163,478,104.7,81.5,0.0041841004184100415,1
16489,199,2,303.7,4,38,255,151.85,19.0,0.00784313725490196,1
16490,255,1,205.41000000000003,13,113,255,205.41000000000003,113.0,0.00392156862745098,1
16491,232,1,801.66,48,582,232,801.66,582.0,0.004310344827586207,0
16492,360,1,385.56,23,235,360,385.56,235.0,0.002777777777777778,1
16493,104,5,1148.26,54,1068,442,229.652,213.6,0.011312217194570135,0
16494,116,1,826.53,47,675,116,826.53,675.0,0.008620689655172414,1
16495,95,2,246.51,32,166,95,123.255,83.0,0.021052631578947368,0
16496,27,5,1916.29,101,1437,328,383.258,287.4,0.01524390243902439,0
16497,22,22,5280.29,204,2443,555,240.0131818181818,111.04545454545455,0.03963963963963964,0
16499,179,8,2578.34,104,1364,366,322.2925,170.5,0.02185792349726776,1
16500,150,4,608.05,20,264,362,152.0125,66.0,0.011049723756906077,0
16501,202,1,1191.23,181,628,202,1191.23,628.0,0.0049504950495049506,1
16502,439,2,258.55,41,220,439,129.275,110.0,0.004555808656036446,1
16503,33,10,3275.8,157,1411,355,327.58000000000004,141.1,0.028169014084507043,0
16507,391,1,142.71,37,111,391,142.71,111.0,0.0025575447570332483,1
16508,449,1,240.95,42,103,449,240.95,103.0,0.0022271714922048997,1
16509,116,1,363.7,13,64,116,363.7,64.0,0.008620689655172414,1
16510,191,6,2005.35,93,1019,511,334.22499999999997,169.83333333333334,0.011741682974559686,1
16511,86,4,1170.51,165,478,468,292.6275,119.5,0.008547008547008548,0
16515,66,7,2174.26,150,1050,360,310.60857142857145,150.0,0.019444444444444445,0
16517,96,1,162.7,17,96,96,162.7,96.0,0.010416666666666666,1
16518,103,3,665.75,39,321,375,221.91666666666666,107.0,0.008,0
16519,184,3,431.38,25,144,467,143.79333333333332,48.0,0.006423982869379015,0
16520,5,6,2474.14,251,1262,466,412.3566666666666,210.33333333333334,0.012875536480686695,1
16521,234,3,1136.36,211,1013,467,378.78666666666663,337.6666666666667,0.006423982869379015,1
16522,255,2,433.36,16,212,269,216.68,106.0,0.007434944237918215,1
16523,19,15,5333.46,107,1967,503,355.564,131.13333333333333,0.02982107355864811,0
16524,265,2,306.19,50,259,510,153.095,129.5,0.00392156862745098,1
16525,4,38,19722.4,108,11556,556,519.0105263157895,304.10526315789474,0.0683453237410072,0
16526,403,1,426.85,20,173,403,426.85,173.0,0.0024813895781637717,0
16527,243,1,1004.88,58,602,243,1004.88,602.0,0.00411522633744856,0
16529,9,4,1986.8,87,739,349,496.7,184.75,0.011461318051575931,1
16530,487,1,48.349999999999994,3,17,487,48.349999999999994,17.0,0.002053388090349076,1
16531,113,7,1538.57,80,1301,261,219.79571428571427,185.85714285714286,0.02681992337164751,0
16532,158,3,3918.24,1,1008,440,1306.08,336.0,0.006818181818181818,0
16534,461,1,635.9,36,168,461,635.9,168.0,0.0021691973969631237,1
16535,204,1,358.28999999999996,35,307,204,358.28999999999996,307.0,0.004901960784313725,0
16537,460,1,10.55,2,19,460,10.55,19.0,0.002173913043478261,1
16538,360,3,395.07,35,254,414,131.69,84.66666666666667,0.007246376811594203,1
16539,39,9,3396.81,81,1259,351,377.42333333333335,139.88888888888889,0.02564102564102564,0
16540,233,1,205.75,25,105,233,205.75,105.0,0.004291845493562232,1
16541,554,1,424.03,38,173,554,424.03,173.0,0.0018050541516245488,1
16542,220,1,137.7,9,96,220,137.7,96.0,0.004545454545454545,0
16543,411,1,292.21,18,317,411,292.21,317.0,0.0024330900243309003,1
16544,339,4,376.70000000000005,8,150,481,94.17500000000001,37.5,0.008316008316008316,1
16545,195,1,350.52,5,244,195,350.52,244.0,0.005128205128205128,0
16546,110,5,5606.47,75,4367,261,1121.294,873.4,0.019157088122605363,1
16547,365,1,104.25999999999999,25,108,365,104.25999999999999,108.0,0.0027397260273972603,1
16548,418,1,30.15,6,6,418,30.15,6.0,0.0023923444976076554,1
16549,153,25,8866.39,647,4849,440,354.6556,193.96,0.056818181818181816,0
16550,4,16,8489.7,242,5059,557,530.60625,316.1875,0.02872531418312388,0
16551,156,5,1626.07,54,1387,545,325.214,277.4,0.009174311926605505,0
16552,62,2,475.02000000000004,17,258,193,237.51000000000002,129.0,0.010362694300518135,1
16553,24,30,15595.37,191,15771,485,519.8456666666667,525.7,0.061855670103092786,0
16554,41,7,2318.73,90,1073,544,331.2471428571429,153.28571428571428,0.012867647058823529,0
16555,324,4,1629.79,46,1641,324,407.4475,410.25,0.012345679012345678,0
16556,21,14,6337.61,227,3389,552,452.68642857142856,242.07142857142858,0.025362318840579712,0
16558,12,28,8985.6,273,4906,555,320.9142857142857,175.21428571428572,0.05045045045045045,0
16559,216,1,175.0,17,61,216,175.0,61.0,0.004629629629629629,1
16560,177,7,2539.15,111,1272,551,362.7357142857143,181.71428571428572,0.012704174228675136,0
16562,296,1,223.85999999999999,34,264,296,223.85999999999999,264.0,0.0033783783783783786,1
16563,219,5,3334.82,46,2098,557,666.964,419.6,0.008976660682226212,0
16564,388,1,87.8,5,40,388,87.8,40.0,0.002577319587628866,1
16565,183,4,773.05,7,211,375,193.2625,52.75,0.010666666666666666,1
16566,12,2,280.12,6,128,112,140.06,64.0,0.017857142857142856,0
16567,13,2,865.6,34,996,156,432.8,498.0,0.01282051282051282,1
16568,247,2,1020.9000000000001,5,366,460,510.45000000000005,183.0,0.004347826086956522,1
16569,450,4,1331.03,23,895,542,332.7575,223.75,0.007380073800738007,0
16570,24,13,5169.14,97,3067,439,397.6261538461539,235.92307692307693,0.029612756264236904,0
16571,101,8,3263.73,118,2842,451,407.96625,355.25,0.017738359201773836,0
16572,95,1,342.58,21,202,95,342.58,202.0,0.010526315789473684,0
16573,109,1,292.63,16,111,109,292.63,111.0,0.009174311926605505,0
16574,243,2,850.34,58,586,478,425.17,293.0,0.0041841004184100415,0
16576,239,2,540.87,32,323,341,270.435,161.5,0.005865102639296188,1
16577,486,1,380.0,23,142,486,380.0,142.0,0.00205761316872428,1
16578,445,1,156.6,9,108,445,156.6,108.0,0.0022471910112359553,1
16579,245,1,295.05,14,119,245,295.05,119.0,0.004081632653061225,1
16581,2,1,105.84,9,134,2,105.84,134.0,0.5,1
16583,193,2,531.4,18,264,493,265.7,132.0,0.004056795131845842,1
16584,73,4,2832.03,52,1755,481,708.0075,438.75,0.008316008316008316,0
16585,413,2,341.59,16,151,514,170.795,75.5,0.0038910505836575876,1
16586,68,3,1462.78,27,348,455,487.5933333333333,116.0,0.006593406593406593,1
16587,51,1,225.15,13,71,51,225.15,71.0,0.0196078431372549,1
16588,205,4,1361.28,64,882,393,340.32,220.5,0.010178117048346057,1
16589,269,1,153.12,11,168,269,153.12,168.0,0.0037174721189591076,0
16590,220,2,605.9,26,240,234,302.95,120.0,0.008547008547008548,1
16592,3,20,5215.21,159,3733,540,260.7605,186.65,0.037037037037037035,0
16593,9,7,996.61,53,346,554,142.37285714285716,49.42857142857143,0.01263537906137184,0
16595,195,4,1397.59,286,996,511,349.3975,249.0,0.007827788649706457,0
16596,185,3,450.13,17,177,548,150.04333333333332,59.0,0.005474452554744526,0
16598,105,1,145.04999999999998,10,73,105,145.04999999999998,73.0,0.009523809523809525,1
16599,205,1,172.8,12,159,205,172.8,159.0,0.004878048780487805,1
16600,72,9,1577.3500000000001,77,1643,540,175.26111111111112,182.55555555555554,0.016666666666666666,0
16601,210,2,434.3,38,258,442,217.15,129.0,0.004524886877828055,0
16602,208,1,235.25,11,93,208,235.25,93.0,0.004807692307692308,0
16604,382,2,432.45,10,175,387,216.225,87.5,0.00516795865633075,1
16605,543,1,60.48,1,144,543,60.48,144.0,0.001841620626151013,1
16606,223,2,357.66,16,148,253,178.83,74.0,0.007905138339920948,1
16607,27,18,4076.22,148,2597,408,226.45666666666665,144.27777777777777,0.04411764705882353,0
16608,273,2,1286.6200000000001,94,612,483,643.3100000000001,306.0,0.004140786749482402,1
16609,16,3,1987.6200000000001,87,823,72,662.5400000000001,274.3333333333333,0.041666666666666664,0
16610,38,1,75.66,6,66,38,75.66,66.0,0.02631578947368421,1
16611,5,6,1785.13,86,874,458,297.5216666666667,145.66666666666666,0.013100436681222707,1
16612,6,7,2766.67,96,1245,555,395.23857142857145,177.85714285714286,0.012612612612612612,0
16614,2,3,1179.79,37,349,397,393.2633333333333,116.33333333333333,0.007556675062972292,1
16615,445,1,291.5,19,211,445,291.5,211.0,0.0022471910112359553,1
16617,55,1,151.85,5,91,55,151.85,91.0,0.01818181818181818,1
16618,30,4,1441.29,44,771,142,360.3225,192.75,0.028169014084507043,0
16619,83,4,1938.33,103,1055,475,484.5825,263.75,0.008421052631578947,1
16620,80,5,1675.73,74,1106,557,335.146,221.2,0.008976660682226212,0
16621,35,2,490.7,14,142,97,245.35,71.0,0.020618556701030927,0
16622,363,1,225.4,12,44,363,225.4,44.0,0.0027548209366391185,1
16623,65,4,1015.24,44,442,411,253.81,110.5,0.009732360097323601,1
16624,16,1,426.43,21,196,16,426.43,196.0,0.0625,0
16625,94,5,1654.03,82,1057,363,330.806,211.4,0.013774104683195593,1
16626,4,2,1391.8799999999999,68,754,86,695.9399999999999,377.0,0.023255813953488372,0
16628,37,4,842.96,43,409,461,210.74,102.25,0.008676789587852495,0
16630,226,1,106.80000000000001,4,72,226,106.80000000000001,72.0,0.004424778761061947,1
16631,301,7,1892.52,46,775,471,270.36,110.71428571428571,0.014861995753715499,1
16632,305,2,406.4,22,256,400,203.2,128.0,0.005,1
16633,0,2,703.32,38,301,53,351.66,150.5,0.03773584905660377,0
16634,42,6,1814.61,72,1321,507,302.435,220.16666666666666,0.011834319526627219,1
16635,226,1,473.0,25,277,226,473.0,277.0,0.004424778761061947,1
16636,257,4,3802.04,62,2186,465,950.51,546.5,0.008602150537634409,1
16637,45,1,303.62,16,140,45,303.62,140.0,0.022222222222222223,0
16638,76,11,1961.25,99,1059,297,178.29545454545453,96.27272727272727,0.037037037037037035,0
16639,26,3,961.62,48,400,228,320.54,133.33333333333334,0.013157894736842105,0
16640,217,1,179.4,13,146,217,179.4,146.0,0.004608294930875576,1
16641,521,1,323.40000000000003,24,198,521,323.40000000000003,198.0,0.0019193857965451055,0
16642,27,2,696.85,33,427,234,348.425,213.5,0.008547008547008548,0
16643,65,2,923.11,48,553,242,461.555,276.5,0.008264462809917356,1
16644,31,1,722.41,54,751,31,722.41,751.0,0.03225806451612903,0
16645,555,1,160.39,14,117,555,160.39,117.0,0.0018018018018018018,1
16646,268,1,678.8,29,1072,268,678.8,1072.0,0.0037313432835820895,1
16647,24,3,455.59,25,315,363,151.86333333333332,105.0,0.008264462809917356,0
16648,275,2,382.14,18,222,409,191.07,111.0,0.004889975550122249,0
16649,339,1,306.58000000000004,20,82,339,306.58000000000004,82.0,0.0029498525073746312,1
16650,239,6,1397.69,53,1139,338,232.94833333333335,189.83333333333334,0.01775147928994083,0
16651,406,1,136.2,6,60,406,136.2,60.0,0.0024630541871921183,1
16652,32,12,13831.04,108,5628,452,1152.5866666666668,469.0,0.02654867256637168,0
16654,6,7,1647.45,61,641,431,235.35,91.57142857142857,0.016241299303944315,0
16655,5,9,3864.44,281,2087,496,429.38222222222225,231.88888888888889,0.018145161290322582,0
16656,12,21,11764.85,21,10063,554,560.2309523809524,479.1904761904762,0.03790613718411552,0
16657,74,1,215.43,65,394,74,215.43,394.0,0.013513513513513514,0
16658,187,5,804.07,48,309,438,160.81400000000002,61.8,0.01141552511415525,1
16659,8,1,39.12,2,72,8,39.12,72.0,0.125,1
16660,30,5,996.26,10,648,514,199.252,129.6,0.009727626459143969,0
16661,359,4,932.76,50,364,541,233.19,91.0,0.0073937153419593345,1
16662,213,1,151.05,28,35,213,151.05,35.0,0.004694835680751174,1
16663,548,1,165.0,1,100,548,165.0,100.0,0.0018248175182481751,1
16664,388,1,109.2,8,24,388,109.2,24.0,0.002577319587628866,1
16665,181,1,135.39999999999998,9,59,181,135.39999999999998,59.0,0.0055248618784530384,1
16666,440,1,98.73,15,121,440,98.73,121.0,0.0022727272727272726,0
16667,103,1,200.4,20,77,103,200.4,77.0,0.009708737864077669,0
16668,2,10,752.4399999999999,27,623,450,75.244,62.3,0.022222222222222223,0
16670,67,14,5882.47,201,3239,548,420.1764285714286,231.35714285714286,0.025547445255474453,0
16672,4,10,4154.34,22,1566,86,415.434,156.6,0.11627906976744186,0
16673,498,1,171.13,19,95,498,171.13,95.0,0.002008032128514056,1
16675,261,2,608.86,21,296,297,304.43,148.0,0.006734006734006734,1
16676,32,5,1868.28,90,703,237,373.656,140.6,0.02109704641350211,0
16677,230,2,880.62,45,457,471,440.31,228.5,0.004246284501061571,1
16678,17,5,1266.65,52,801,102,253.33,160.2,0.049019607843137254,0
16679,185,3,793.06,15,276,366,264.3533333333333,92.0,0.00819672131147541,1
16680,347,2,637.75,16,283,354,318.875,141.5,0.005649717514124294,0
16681,24,4,1027.34,17,819,460,256.835,204.75,0.008695652173913044,0
16682,7,1,525.5,11,514,7,525.5,514.0,0.14285714285714285,0
16683,353,1,320.25,18,190,353,320.25,190.0,0.0028328611898017,1
16684,25,40,105565.15,149,73184,551,2639.12875,1829.6,0.07259528130671507,0
16686,13,13,3116.82,355,2453,552,239.75538461538463,188.69230769230768,0.02355072463768116,0
16687,210,1,157.63,8,141,210,157.63,141.0,0.004761904761904762,1
16690,21,3,213.95,7,117,270,71.31666666666666,39.0,0.011111111111111112,0
16691,237,2,178.83,11,92,380,89.415,46.0,0.005263157894736842,1
16692,75,4,1764.6999999999998,2,877,261,441.17499999999995,219.25,0.01532567049808429,1
16693,91,4,855.03,117,505,476,213.7575,126.25,0.008403361344537815,0
16694,542,1,98.30000000000001,3,26,542,98.30000000000001,26.0,0.0018450184501845018,1
16695,381,2,191.9,30,184,381,95.95,92.0,0.005249343832020997,1
16696,22,3,558.9000000000001,7,126,67,186.30000000000004,42.0,0.04477611940298507,0
16697,60,1,112.75,20,27,60,112.75,27.0,0.016666666666666666,1
16698,46,2,1998.0,4,840,72,999.0,420.0,0.027777777777777776,1
16699,199,7,994.6,51,640,554,142.0857142857143,91.42857142857143,0.01263537906137184,1
16700,20,19,7039.39,229,5165,557,370.4942105263158,271.8421052631579,0.03411131059245961,0
16701,9,19,6716.72,113,6540,557,353.51157894736843,344.2105263157895,0.03411131059245961,0
16702,234,4,1109.53,83,690,551,277.3825,172.5,0.007259528130671506,1
16704,437,2,664.16,50,433,491,332.08,216.5,0.004073319755600814,1
16705,27,30,36088.551,350,19835,549,1202.9517,661.1666666666666,0.0546448087431694,0
16707,219,4,533.41,64,396,459,133.3525,99.0,0.008714596949891068,1
16709,19,13,8010.73,199,2931,549,616.2099999999999,225.46153846153845,0.023679417122040074,0
16710,26,18,5452.61,496,3632,554,302.92277777777775,201.77777777777777,0.032490974729241874,0
16711,121,6,1816.25,11,483,556,302.7083333333333,80.5,0.01079136690647482,0
16712,31,6,1819.78,171,889,220,303.2966666666667,148.16666666666666,0.02727272727272727,0
16713,55,25,10230.84,410,5514,544,409.2336,220.56,0.04595588235294118,0
16714,136,3,1482.33,94,827,490,494.10999999999996,275.6666666666667,0.006122448979591836,1
16715,382,1,323.8,9,532,382,323.8,532.0,0.002617801047120419,0
16716,86,3,2149.6800000000003,7,912,450,716.5600000000001,304.0,0.006666666666666667,1
16717,185,9,3435.1000000000004,141,1435,551,381.6777777777778,159.44444444444446,0.016333938294010888,0
16718,188,5,3612.13,123,2331,552,722.426,466.2,0.009057971014492754,1
16719,55,11,3144.81,179,1828,546,285.89181818181817,166.1818181818182,0.020146520146520148,0
16720,195,2,413.79,106,274,541,206.895,137.0,0.0036968576709796672,0
16721,81,1,292.47,37,172,81,292.47,172.0,0.012345679012345678,1
16722,3,15,6511.73,130,5703,555,434.1153333333333,380.2,0.02702702702702703,0
16723,263,2,654.96,72,560,554,327.48,280.0,0.0036101083032490976,0
16724,224,1,147.35,17,69,224,147.35,69.0,0.004464285714285714,1
16725,121,13,1808.96,241,763,545,139.15076923076924,58.69230769230769,0.023853211009174313,1
16726,15,6,1482.3,117,890,230,247.04999999999998,148.33333333333334,0.02608695652173913,0
16727,183,4,1377.77,158,1066,508,344.4425,266.5,0.007874015748031496,1
16728,56,2,326.93,82,210,83,163.465,105.0,0.024096385542168676,0
16729,1,11,3364.91,121,2497,60,305.90090909090907,227.0,0.18333333333333332,0
16730,54,2,480.94,35,750,138,240.47,375.0,0.014492753623188406,0
16731,467,1,170.3,40,124,467,170.3,124.0,0.0021413276231263384,1
16732,222,3,3783.89,177,2097,550,1261.2966666666666,699.0,0.005454545454545455,0
16733,349,1,259.68,12,112,349,259.68,112.0,0.0028653295128939827,1
16735,59,11,5014.77,143,3356,551,455.88818181818186,305.09090909090907,0.019963702359346643,0
16736,325,5,2956.56,116,1050,555,591.312,210.0,0.009009009009009009,1
16737,397,1,417.59999999999997,1,288,397,417.59999999999997,288.0,0.0025188916876574307,0
16738,117,1,3.75,1,3,117,3.75,3.0,0.008547008547008548,1
16739,356,1,463.43,25,219,356,463.43,219.0,0.0028089887640449437,0
16740,214,1,226.91,30,110,214,226.91,110.0,0.004672897196261682,1
16741,444,1,173.06,11,81,444,173.06,81.0,0.0022522522522522522,1
16742,312,13,2334.97,50,2557,542,179.6130769230769,196.69230769230768,0.023985239852398525,1
16743,30,10,3060.77,85,2535,415,306.077,253.5,0.024096385542168676,0
16745,3,10,4109.4400000000005,126,4212,131,410.9440000000001,421.2,0.07633587786259542,0
16746,13,32,14236.57,313,8793,554,444.8928125,274.78125,0.05776173285198556,0
16748,37,12,3031.63,48,1739,549,252.63583333333335,144.91666666666666,0.02185792349726776,0
16749,410,2,4157.88,53,1910,543,2078.94,955.0,0.003683241252302026,1
16750,51,1,118.7,10,18,51,118.7,18.0,0.0196078431372549,0
16752,192,1,415.0,9,108,192,415.0,108.0,0.005208333333333333,1
16754,191,29,67502.47,38,67831,461,2327.671379310345,2339.0,0.06290672451193059,1
16755,45,6,2297.7200000000003,175,1611,549,382.9533333333334,268.5,0.01092896174863388,0
16756,34,7,1312.3700000000001,64,707,459,187.48142857142858,101.0,0.015250544662309368,1
16757,138,2,270.48,13,180,228,135.24,90.0,0.008771929824561403,1
16760,249,1,228.0,17,168,249,228.0,168.0,0.004016064257028112,1
16763,18,2,964.6999999999999,44,492,557,482.34999999999997,246.0,0.003590664272890485,1
16765,113,2,454.75,52,311,201,227.375,155.5,0.009950248756218905,1
16766,92,2,1145.6,17,536,92,572.8,268.0,0.021739130434782608,1
16767,2,8,5520.05,151,5034,409,690.00625,629.25,0.019559902200488997,0
16768,91,7,1403.73,88,625,552,200.53285714285715,89.28571428571429,0.012681159420289856,0
16769,79,4,1117.05,76,295,545,279.2625,73.75,0.007339449541284404,1
16770,56,8,1802.01,174,1017,293,225.25125,127.125,0.027303754266211604,0
16771,94,8,3330.2400000000002,261,1853,550,416.28000000000003,231.625,0.014545454545454545,0
16772,242,3,3698.0499999999997,54,687,541,1232.6833333333332,229.0,0.005545286506469501,1
16773,255,2,249.65,34,81,552,124.825,40.5,0.0036231884057971015,0
16774,242,4,905.96,60,452,480,226.49,113.0,0.008333333333333333,0
16775,25,9,2053.03,92,726,261,228.11444444444447,80.66666666666667,0.034482758620689655,0
16776,235,1,220.97,48,181,235,220.97,181.0,0.00425531914893617,0
16777,76,4,1243.08,118,456,452,310.77,114.0,0.008849557522123894,0
16778,93,1,93.18,5,66,93,93.18,66.0,0.010752688172043012,0
16779,2,42,26797.94,267,16651,555,638.0461904761904,396.45238095238096,0.07567567567567568,0
16780,78,2,336.05,44,181,226,168.025,90.5,0.008849557522123894,0
16781,191,2,934.25,36,305,488,467.125,152.5,0.004098360655737705,1
16782,23,32,9068.72,565,3811,550,283.3975,119.09375,0.05818181818181818,0
16783,256,1,391.95,25,163,256,391.95,163.0,0.00390625,1
16784,196,4,784.73,137,470,440,196.1825,117.5,0.00909090909090909,0
16785,229,1,533.78,35,313,229,533.78,313.0,0.004366812227074236,1
16786,213,1,51.839999999999996,1,72,213,51.839999999999996,72.0,0.004694835680751174,1
16787,217,4,1017.53,102,472,518,254.3825,118.0,0.007722007722007722,1
16788,73,4,1627.36,291,841,490,406.84,210.25,0.00816326530612245,0
16791,32,12,2806.85,293,1360,555,233.90416666666667,113.33333333333333,0.021621621621621623,0
16792,101,5,623.46,90,324,523,124.69200000000001,64.8,0.009560229445506692,1
16794,200,5,856.1999999999999,151,653,443,171.23999999999998,130.6,0.011286681715575621,0
16795,184,3,2477.29,306,1453,502,825.7633333333333,484.3333333333333,0.00597609561752988,1
16797,212,5,1802.02,289,898,556,360.404,179.6,0.008992805755395683,1
16798,373,3,841.16,141,205,548,280.38666666666666,68.33333333333333,0.005474452554744526,1
16799,251,2,452.78000000000003,81,162,273,226.39000000000001,81.0,0.007326007326007326,1
16801,12,3,1453.38,70,478,92,484.46000000000004,159.33333333333334,0.03260869565217391,0
16802,498,2,582.61,48,369,549,291.305,184.5,0.0036429872495446266,1
16804,89,1,118.05,19,34,89,118.05,34.0,0.011235955056179775,0
16805,179,3,830.52,180,850,544,276.84,283.3333333333333,0.0055147058823529415,0
16806,39,2,370.68,27,184,58,185.34,92.0,0.034482758620689655,0
16807,35,5,1654.12,94,1134,442,330.82399999999996,226.8,0.011312217194570135,0
16808,93,1,166.5,19,116,93,166.5,116.0,0.010752688172043012,0
16809,27,6,1155.82,94,717,424,192.63666666666666,119.5,0.014150943396226415,0
16810,11,2,842.0400000000001,34,372,239,421.02000000000004,186.0,0.008368200836820083,1
16812,180,4,2392.0,98,1116,201,598.0,279.0,0.01990049751243781,1
16813,11,2,301.66,110,207,23,150.83,103.5,0.08695652173913043,0
16814,12,27,9869.4,223,3833,427,365.5333333333333,141.96296296296296,0.06323185011709602,0
16815,273,2,406.02,66,237,356,203.01,118.5,0.0056179775280898875,1
16816,132,2,325.45,20,191,177,162.725,95.5,0.011299435028248588,0
16817,5,11,2379.58,90,1317,251,216.32545454545453,119.72727272727273,0.043824701195219126,0
16818,2,4,1193.17,71,667,25,298.2925,166.75,0.16,0
16819,284,2,182.59,17,253,284,91.295,126.5,0.007042253521126761,1
16821,201,1,113.35,7,13,201,113.35,13.0,0.004975124378109453,1
16822,505,1,181.39,11,171,505,181.39,171.0,0.0019801980198019802,1
16823,46,7,2243.09,149,1166,557,320.4414285714286,166.57142857142858,0.012567324955116697,1
16824,213,1,225.6,13,154,213,225.6,154.0,0.004694835680751174,0
16825,5,4,1370.41,35,1089,353,342.6025,272.25,0.0113314447592068,0
16827,212,5,387.18,9,124,408,77.436,24.8,0.012254901960784314,1
16829,207,1,316.1,16,116,207,316.1,116.0,0.004830917874396135,0
16830,262,3,881.59,47,435,546,293.86333333333334,145.0,0.005494505494505495,0
16831,384,1,91.8,6,48,384,91.8,48.0,0.0026041666666666665,1
16832,3,5,417.61,19,179,278,83.522,35.8,0.017985611510791366,1
16833,79,5,1973.8,74,744,442,394.76,148.8,0.011312217194570135,0
16834,47,2,898.96,43,760,493,449.48,380.0,0.004056795131845842,1
16835,192,5,1439.31,54,473,389,287.86199999999997,94.6,0.012853470437017995,0
16836,226,2,530.5,31,374,393,265.25,187.0,0.005089058524173028,0
16837,17,8,1814.74,76,707,65,226.8425,88.375,0.12307692307692308,0
16838,16,4,1159.61,53,509,482,289.9025,127.25,0.008298755186721992,1
16839,5,24,12759.41,95,6411,485,531.6420833333333,267.125,0.049484536082474224,0
16840,422,2,139.85,9,117,494,69.925,58.5,0.004048582995951417,1
16841,4,9,3079.42,142,2006,516,342.15777777777777,222.88888888888889,0.01744186046511628,0
16842,121,1,520.5699999999999,30,370,121,520.5699999999999,370.0,0.008264462809917356,0
16843,16,25,13216.76,181,10481,549,528.6704,419.24,0.04553734061930783,0
16844,382,2,614.34,26,281,402,307.17,140.5,0.004975124378109453,1
16845,437,1,253.88,20,167,437,253.88,167.0,0.002288329519450801,1
16846,396,2,628.09,36,382,459,314.045,191.0,0.004357298474945534,0
16847,437,1,421.45000000000005,25,177,437,421.45000000000005,177.0,0.002288329519450801,0
16848,196,3,1130.2,64,598,252,376.73333333333335,199.33333333333334,0.011904761904761904,0
16849,6,1,124.57,8,33,6,124.57,33.0,0.16666666666666666,1
16850,153,1,332.41,19,249,153,332.41,249.0,0.006535947712418301,1
16854,236,2,1408.96,72,997,459,704.48,498.5,0.004357298474945534,1
16856,237,2,323.09000000000003,15,159,261,161.54500000000002,79.5,0.007662835249042145,0
16857,262,1,352.8,11,168,262,352.8,168.0,0.003816793893129771,1
16858,188,10,4668.28,75,1514,544,466.828,151.4,0.01838235294117647,1
16859,80,6,1444.44,57,1448,465,240.74,241.33333333333334,0.012903225806451613,0
16860,272,3,1610.62,35,625,481,536.8733333333333,208.33333333333334,0.006237006237006237,1
16861,209,3,772.83,38,476,328,257.61,158.66666666666666,0.009146341463414634,0
16862,366,4,662.33,34,513,520,165.5825,128.25,0.007692307692307693,1
16863,186,2,659.97,27,441,229,329.985,220.5,0.008733624454148471,0
16864,253,2,409.25,17,283,418,204.625,141.5,0.004784688995215311,1
16865,221,1,130.95,15,157,221,130.95,157.0,0.004524886877828055,1
16867,509,1,76.74000000000001,6,58,509,76.74000000000001,58.0,0.0019646365422396855,1
16868,213,3,384.56,47,112,413,128.18666666666667,37.333333333333336,0.007263922518159807,1
16870,288,1,450.15999999999997,28,278,288,450.15999999999997,278.0,0.003472222222222222,1
16871,30,4,2037.82,104,861,90,509.455,215.25,0.044444444444444446,0
16872,3,4,921.47,10,861,282,230.3675,215.25,0.014184397163120567,0
16873,17,9,10727.22,170,6360,487,1191.9133333333332,706.6666666666666,0.018480492813141684,0
16874,198,1,209.89000000000001,31,78,198,209.89000000000001,78.0,0.005050505050505051,1
16875,115,9,2944.09,115,1421,523,327.12111111111113,157.88888888888889,0.017208413001912046,0
16876,223,1,136.01,32,181,223,136.01,181.0,0.004484304932735426,1
16877,27,1,77.75,25,35,27,77.75,35.0,0.037037037037037035,0
16880,8,2,591.66,36,326,312,295.83,163.0,0.00641025641025641,0
16882,58,2,215.70000000000002,15,102,136,107.85000000000001,51.0,0.014705882352941176,0
16883,6,19,2374.09,159,1070,555,124.9521052631579,56.31578947368421,0.03423423423423423,1
16884,376,2,641.13,39,200,390,320.565,100.0,0.005128205128205128,0
16885,176,2,410.89,65,214,204,205.445,107.0,0.00980392156862745,0
16886,275,1,134.0,8,48,275,134.0,48.0,0.0036363636363636364,1
16887,220,2,465.84000000000003,65,267,557,232.92000000000002,133.5,0.003590664272890485,0
16888,220,3,434.2,44,145,520,144.73333333333332,48.333333333333336,0.0057692307692307696,1
16889,14,6,2526.65,163,1611,385,421.10833333333335,268.5,0.015584415584415584,1
16890,296,3,277.91,16,241,401,92.63666666666667,80.33333333333333,0.007481296758104738,1
16891,191,7,1420.03,245,559,555,202.86142857142858,79.85714285714286,0.012612612612612612,0
16892,3,3,339.54,57,208,550,113.18,69.33333333333333,0.005454545454545455,0
16893,186,2,395.40000000000003,79,178,195,197.70000000000002,89.0,0.010256410256410256,1
16894,321,3,1306.96,186,503,354,435.65333333333336,167.66666666666666,0.00847457627118644,1
16895,258,4,900.63,82,330,485,225.1575,82.5,0.008247422680412371,0
16896,374,1,103.95,18,18,374,103.95,18.0,0.00267379679144385,1
16897,118,2,289.78,37,73,133,144.89,36.5,0.015037593984962405,1
16898,188,3,608.34,110,471,396,202.78,157.0,0.007575757575757576,0
16899,26,4,772.26,68,430,216,193.065,107.5,0.018518518518518517,0
16901,548,1,204.26,23,42,548,204.26,42.0,0.0018248175182481751,1
16903,199,2,678.55,107,470,234,339.275,235.0,0.008547008547008548,0
16904,44,11,2591.66,313,1307,230,235.60545454545453,118.81818181818181,0.04782608695652174,0
16905,56,13,2743.25,105,898,548,211.01923076923077,69.07692307692308,0.023722627737226276,0
16906,6,6,1243.47,140,509,394,207.245,84.83333333333333,0.015228426395939087,0
16907,53,7,1253.16,88,399,345,179.02285714285716,57.0,0.020289855072463767,0
16908,541,1,252.59,20,61,541,252.59,61.0,0.0018484288354898336,1
16911,455,2,255.25,30,161,480,127.625,80.5,0.004166666666666667,1
16912,27,9,3050.79,95,1137,550,338.9766666666667,126.33333333333333,0.016363636363636365,0
16913,109,3,423.90999999999997,18,229,471,141.3033333333333,76.33333333333333,0.006369426751592357,1
16915,67,7,1088.29,35,105,388,155.47,15.0,0.01804123711340206,0
16916,191,3,726.57,99,420,234,242.19000000000003,140.0,0.01282051282051282,0
16917,96,2,1851.88,45,792,451,925.94,396.0,0.004434589800443459,1
16918,136,11,2413.5,235,1518,556,219.4090909090909,138.0,0.019784172661870502,0
16919,11,22,4571.11,215,1964,296,207.77772727272725,89.27272727272727,0.07432432432432433,0
16920,230,1,355.45,23,81,230,355.45,81.0,0.004347826086956522,1
16921,261,2,255.03,28,121,419,127.515,60.5,0.00477326968973747,0
16922,392,1,611.08,122,281,392,611.08,281.0,0.002551020408163265,1
16923,7,24,9772.79,309,4500,497,407.19958333333335,187.5,0.0482897384305835,0
16925,359,1,125.65,18,123,359,125.65,123.0,0.002785515320334262,1
16926,190,5,1399.8600000000001,63,232,345,279.97200000000004,46.4,0.014492753623188406,1
16927,95,2,341.45,5,513,181,170.725,256.5,0.011049723756906077,0
16928,9,16,2201.69,121,1338,494,137.605625,83.625,0.032388663967611336,0
16931,14,11,2532.51,277,1526,216,230.22818181818184,138.72727272727272,0.05092592592592592,0
16932,242,2,262.32,77,135,390,131.16,67.5,0.005128205128205128,0
16933,58,8,2760.8,193,1372,549,345.1,171.5,0.014571948998178506,0
16934,203,4,1152.1100000000001,77,539,441,288.02750000000003,134.75,0.009070294784580499,0
16935,201,3,530.86,55,273,240,176.95333333333335,91.0,0.0125,1
16936,205,1,286.39,81,168,205,286.39,168.0,0.004878048780487805,0
16937,318,1,196.25,49,123,318,196.25,123.0,0.0031446540880503146,1
16938,128,6,4551.28,429,2628,479,758.5466666666666,438.0,0.012526096033402923,0
16939,308,3,433.85,38,229,468,144.61666666666667,76.33333333333333,0.00641025641025641,1
16940,109,6,4135.46,249,2883,550,689.2433333333333,480.5,0.01090909090909091,0
16941,431,1,33.0,2,12,431,33.0,12.0,0.002320185614849188,1
16942,8,4,898.54,89,346,47,224.635,86.5,0.0851063829787234,0
16943,31,3,816.73,23,145,137,272.24333333333334,48.333333333333336,0.021897810218978103,1
16944,429,1,101.36,7,27,429,101.36,27.0,0.002331002331002331,1
16945,21,22,5976.34,195,4283,550,271.6518181818182,194.6818181818182,0.04,0
16946,202,5,1222.04,69,509,467,244.408,101.8,0.010706638115631691,1
16947,55,4,946.71,49,654,466,236.6775,163.5,0.008583690987124463,1
16948,81,6,674.2900000000001,17,723,475,112.38166666666667,120.5,0.01263157894736842,0
16949,5,4,893.75,32,386,136,223.4375,96.5,0.029411764705882353,0
16950,186,8,2699.21,83,1844,504,337.40125,230.5,0.015873015873015872,0
16951,123,1,1053.79,70,1066,123,1053.79,1066.0,0.008130081300813009,0
16952,260,3,628.22,61,251,547,209.40666666666667,83.66666666666667,0.005484460694698354,0
16954,74,14,4938.28,81,3622,509,352.7342857142857,258.7142857142857,0.0275049115913556,0
16955,4,6,1309.41,33,823,497,218.235,137.16666666666666,0.012072434607645875,1
16957,58,2,416.64,15,172,101,208.32,86.0,0.019801980198019802,1
16958,254,1,778.49,69,514,254,778.49,514.0,0.003937007874015748,1
16960,72,6,1683.41,300,1280,466,280.5683333333333,213.33333333333334,0.012875536480686695,0
16961,207,2,560.39,38,357,351,280.195,178.5,0.005698005698005698,0
16962,229,1,251.04,15,158,229,251.04,158.0,0.004366812227074236,1
16963,6,1,110.55000000000001,7,35,6,110.55000000000001,35.0,0.16666666666666666,1
16964,552,2,207.85,6,49,552,103.925,24.5,0.0036231884057971015,1
16965,46,1,192.07,25,243,46,192.07,243.0,0.021739130434782608,1
16966,17,3,1154.3999999999999,8,1176,59,384.79999999999995,392.0,0.05084745762711865,0
16967,8,1,319.02,21,333,8,319.02,333.0,0.125,1
16969,11,1,397.36,27,388,11,397.36,388.0,0.09090909090909091,0
16970,445,1,71.4,2,12,445,71.4,12.0,0.0022471910112359553,1
16972,202,2,749.0,54,183,276,374.5,91.5,0.007246376811594203,1
16973,205,1,127.0,6,60,205,127.0,60.0,0.004878048780487805,1
16974,342,2,365.5,5,70,384,182.75,35.0,0.005208333333333333,1
16975,242,3,926.12,44,586,325,308.70666666666665,195.33333333333334,0.009230769230769232,1
16976,86,1,251.51999999999998,2,88,86,251.51999999999998,88.0,0.011627906976744186,1
16977,214,4,496.0,25,142,451,124.0,35.5,0.008869179600886918,1
16978,485,2,424.55,28,119,485,212.275,59.5,0.004123711340206186,0
16979,117,4,1354.8899999999999,41,679,269,338.72249999999997,169.75,0.01486988847583643,0
16980,74,3,1422.8300000000002,91,990,247,474.2766666666667,330.0,0.012145748987854251,1
16983,90,7,2370.49,92,1535,266,338.64142857142855,219.28571428571428,0.02631578947368421,0
16984,223,7,5891.01,476,2747,461,841.5728571428572,392.42857142857144,0.015184381778741865,0
16985,31,19,8374.4,116,2352,548,440.7578947368421,123.78947368421052,0.03467153284671533,0
16986,264,9,3015.55,64,1499,492,335.06111111111113,166.55555555555554,0.018292682926829267,0
16987,24,5,1095.7,119,316,556,219.14000000000001,63.2,0.008992805755395683,0
16988,199,1,256.55,13,115,199,256.55,115.0,0.005025125628140704,0
16990,38,2,344.0,1,200,242,172.0,100.0,0.008264462809917356,1
16991,240,1,1041.21,74,793,240,1041.21,793.0,0.004166666666666667,1
16992,19,10,4533.34,184,1557,486,453.334,155.7,0.0205761316872428,0
16993,283,2,1950.9499999999998,19,285,395,975.4749999999999,142.5,0.005063291139240506,1
16996,64,7,1367.5300000000002,30,631,237,195.3614285714286,90.14285714285714,0.029535864978902954,0
16997,107,3,702.0,7,360,145,234.0,120.0,0.020689655172413793,1
16998,23,4,394.1,2,102,263,98.525,25.5,0.015209125475285171,0
17000,215,2,406.3,26,305,227,203.15,152.5,0.00881057268722467,1
17001,27,13,4453.17,86,2582,444,342.5515384615385,198.6153846153846,0.02927927927927928,0
17002,35,6,2071.34,48,1008,460,345.22333333333336,168.0,0.013043478260869565,0
17003,221,4,828.21,90,494,398,207.0525,123.5,0.010050251256281407,1
17004,211,2,1012.22,21,462,243,506.11,231.0,0.00823045267489712,0
17005,290,2,622.36,14,691,408,311.18,345.5,0.004901960784313725,1
17006,211,4,853.49,77,300,463,213.3725,75.0,0.008639308855291577,0
17007,21,5,692.9,40,407,256,138.57999999999998,81.4,0.01953125,0
17008,248,1,81.36,1,24,248,81.36,24.0,0.004032258064516129,1
17009,370,1,242.06,10,336,370,242.06,336.0,0.002702702702702703,1
17011,466,2,400.8,12,606,471,200.4,303.0,0.004246284501061571,0
17012,544,1,360.61,34,251,544,360.61,251.0,0.001838235294117647,1
17015,4,1,520.55,116,546,4,520.55,546.0,0.25,0
17016,396,1,552.4,41,309,396,552.4,309.0,0.0025252525252525255,1
17017,24,20,9910.17,104,7439,555,495.5085,371.95,0.036036036036036036,0
17018,145,5,1772.6,18,340,554,354.52,68.0,0.009025270758122744,0
17019,81,10,3683.66,307,2451,557,368.366,245.1,0.017953321364452424,0
17020,361,2,935.62,64,860,466,467.81,430.0,0.004291845493562232,1
17021,261,6,1182.22,35,992,408,197.03666666666666,165.33333333333334,0.014705882352941176,1
17022,252,1,189.0,9,72,252,189.0,72.0,0.003968253968253968,0
17023,236,3,800.18,48,530,516,266.72666666666663,176.66666666666666,0.005813953488372093,1
17025,192,4,1313.84,28,928,460,328.46,232.0,0.008695652173913044,0
17026,4,3,208.98,4,132,236,69.66,44.0,0.012711864406779662,1
17027,102,6,866.3,86,419,549,144.38333333333333,69.83333333333333,0.01092896174863388,0
17028,400,3,1593.83,85,856,540,531.2766666666666,285.3333333333333,0.005555555555555556,1
17029,56,6,1779.3,19,1065,483,296.55,177.5,0.012422360248447204,0
17031,197,4,2393.5,22,1360,400,598.375,340.0,0.01,0
17032,422,5,2896.69,180,1664,548,579.338,332.8,0.009124087591240875,1
17033,33,3,910.75,22,311,216,303.5833333333333,103.66666666666667,0.013888888888888888,0
17034,107,3,672.7,31,382,332,224.23333333333335,127.33333333333333,0.009036144578313253,0
17035,65,4,613.59,29,327,556,153.3975,81.75,0.007194244604316547,1
17036,202,1,176.9,12,76,202,176.9,76.0,0.0049504950495049506,1
17038,234,1,630.77,41,507,234,630.77,507.0,0.004273504273504274,0
17039,423,1,1954.99,44,689,423,1954.99,689.0,0.002364066193853428,1
17040,369,1,13.52,1,8,369,13.52,8.0,0.0027100271002710027,0
17041,180,4,888.21,58,566,419,222.0525,141.5,0.00954653937947494,0
17042,16,2,487.59,51,445,66,243.795,222.5,0.030303030303030304,0
17043,85,5,1033.07,97,780,549,206.61399999999998,156.0,0.009107468123861567,0
17044,194,11,11013.82,91,5218,552,1001.2563636363636,474.3636363636364,0.019927536231884056,0
17045,67,3,528.19,29,189,248,176.06333333333336,63.0,0.012096774193548387,0
17046,263,4,1264.05,57,1126,439,316.0125,281.5,0.009111617312072893,0
17047,24,5,1937.76,98,1003,551,387.552,200.6,0.009074410163339383,0
17048,102,6,1906.73,83,1007,509,317.78833333333336,167.83333333333334,0.011787819253438114,0
17049,34,13,5869.3,205,2216,465,451.4846153846154,170.46153846153845,0.02795698924731183,0
17050,6,9,3780.21,187,2170,501,420.0233333333333,241.11111111111111,0.017964071856287425,0
17051,13,4,706.49,107,507,447,176.6225,126.75,0.008948545861297539,1
17054,26,3,918.82,46,544,64,306.27333333333337,181.33333333333334,0.046875,0
17055,265,1,232.85,24,83,265,232.85,83.0,0.0037735849056603774,1
17056,557,1,128.60000000000002,8,26,557,128.60000000000002,26.0,0.0017953321364452424,1
17057,415,1,288.79,47,122,415,288.79,122.0,0.0024096385542168677,1
17058,18,2,819.66,42,455,59,409.83,227.5,0.03389830508474576,0
17059,16,7,4004.21,250,2568,501,572.03,366.85714285714283,0.013972055888223553,0
17060,85,1,234.24,5,216,85,234.24,216.0,0.011764705882352941,1
17061,12,7,3250.23,46,1050,51,464.31857142857143,150.0,0.13725490196078433,0
17062,133,6,1169.06,81,866,259,194.84333333333333,144.33333333333334,0.023166023166023165,1
17063,108,8,2496.76,111,1314,558,312.095,164.25,0.014336917562724014,0
17064,2,2,457.40000000000003,36,187,146,228.70000000000002,93.5,0.0136986301369863,0
17065,457,2,194.7,6,82,457,97.35,41.0,0.00437636761487965,1
17066,545,1,228.34,17,93,545,228.34,93.0,0.001834862385321101,1
17067,544,3,454.54,8,322,551,151.51333333333335,107.33333333333333,0.0054446460980036296,1
17068,8,37,7236.79,225,3417,440,195.58891891891892,92.35135135135135,0.08409090909090909,0
17069,46,9,4157.65,146,2294,556,461.96111111111105,254.88888888888889,0.01618705035971223,0
17070,229,1,133.18,41,101,229,133.18,101.0,0.004366812227074236,0
17071,7,8,2408.7,99,1239,503,301.0875,154.875,0.015904572564612324,0
17072,444,1,273.35,20,212,444,273.35,212.0,0.0022522522522522522,1
17074,382,1,203.05,4,19,382,203.05,19.0,0.002617801047120419,1
17075,72,9,2098.58,140,734,545,233.17555555555555,81.55555555555556,0.01651376146788991,0
17076,93,5,735.87,27,331,555,147.174,66.2,0.009009009009009009,0
17077,397,1,306.0,1,36,397,306.0,36.0,0.0025188916876574307,1
17080,89,6,746.23,19,475,345,124.37166666666667,79.16666666666667,0.017391304347826087,0
17081,215,4,660.48,121,304,474,165.12,76.0,0.008438818565400843,0
17082,137,5,3365.12,74,1793,544,673.024,358.6,0.009191176470588236,0
17083,115,8,3640.03,29,1745,488,455.00375,218.125,0.01639344262295082,0
17084,215,1,2253.22,132,1476,215,2253.22,1476.0,0.004651162790697674,0
17085,70,27,7491.52,394,3396,553,277.46370370370374,125.77777777777777,0.048824593128390596,0
17087,557,1,221.53,12,113,557,221.53,113.0,0.0017953321364452424,1
17088,2,2,1399.1100000000001,72,525,73,699.5550000000001,262.5,0.0273972602739726,0
17089,205,1,128.45,4,35,205,128.45,35.0,0.004878048780487805,1
17090,47,9,1754.58,23,754,327,194.95333333333332,83.77777777777777,0.027522935779816515,0
17091,5,15,5955.85,222,3100,542,397.0566666666667,206.66666666666666,0.027675276752767528,0
17092,96,8,3872.28,201,2747,494,484.035,343.375,0.016194331983805668,0
17093,412,1,235.88,13,114,412,235.88,114.0,0.0024271844660194173,1
17094,141,2,402.20000000000005,18,212,243,201.10000000000002,106.0,0.00823045267489712,1
17095,118,6,1792.05,83,1311,544,298.675,218.5,0.011029411764705883,0
17096,81,8,2809.29,132,1335,374,351.16125,166.875,0.0213903743315508,0
17097,143,3,651.3,97,305,249,217.1,101.66666666666667,0.012048192771084338,0
17098,201,3,591.0699999999999,10,125,360,197.0233333333333,41.666666666666664,0.008333333333333333,1
17099,352,1,582.17,40,317,352,582.17,317.0,0.002840909090909091,1
17101,214,3,885.3199999999999,28,360,369,295.1066666666666,120.0,0.008130081300813009,0
17102,81,1,25.5,1,2,81,25.5,2.0,0.012345679012345678,1
17103,541,1,424.3,32,471,541,424.3,471.0,0.0018484288354898336,1
17104,243,1,474.03,19,149,243,474.03,149.0,0.00411522633744856,1
17105,125,1,319.4,38,359,125,319.4,359.0,0.008,0
17106,208,1,481.58,51,153,208,481.58,153.0,0.004807692307692308,1
17107,28,6,9372.6,279,4554,496,1562.1000000000001,759.0,0.012096774193548387,0
17108,483,1,174.95,9,31,483,174.95,31.0,0.002070393374741201,1
17109,51,4,875.01,70,448,317,218.7525,112.0,0.012618296529968454,0
17110,340,2,336.59999999999997,32,86,429,168.29999999999998,43.0,0.004662004662004662,0
17111,244,1,227.97,19,299,244,227.97,299.0,0.004098360655737705,0
17112,322,1,197.57,44,130,322,197.57,130.0,0.003105590062111801,1
17113,393,6,2305.59,122,913,517,384.26500000000004,152.16666666666666,0.01160541586073501,1
17114,27,4,444.44,59,129,154,111.11,32.25,0.025974025974025976,0
17115,2,6,2536.81,98,773,554,422.8016666666667,128.83333333333334,0.010830324909747292,0
17116,467,1,389.78,47,392,467,389.78,392.0,0.0021413276231263384,1
17117,107,1,116.19999999999999,9,68,107,116.19999999999999,68.0,0.009345794392523364,1
17118,137,1,157.02,10,154,137,157.02,154.0,0.0072992700729927005,1
17120,52,1,307.46,18,120,52,307.46,120.0,0.019230769230769232,1
17121,222,1,314.74,12,106,222,314.74,106.0,0.0045045045045045045,1
17122,207,3,432.18,19,288,319,144.06,96.0,0.009404388714733543,0
17123,259,2,621.37,30,405,392,310.685,202.5,0.00510204081632653,0
17124,4,1,294.24,31,129,4,294.24,129.0,0.25,1
17126,119,6,1521.15,220,902,284,253.525,150.33333333333334,0.02112676056338028,0
17127,248,5,1155.0300000000002,27,340,554,231.00600000000003,68.0,0.009025270758122744,1
17128,154,1,157.09,14,76,154,157.09,76.0,0.006493506493506494,1
17129,339,1,31.85,2,5,339,31.85,5.0,0.0029498525073746312,1
17132,271,2,1220.9099999999999,62,963,307,610.4549999999999,481.5,0.006514657980456026,1
17133,9,8,12208.880000000001,21,8502,448,1526.1100000000001,1062.75,0.017857142857142856,0
17134,84,2,530.8,29,122,261,265.4,61.0,0.007662835249042145,0
17135,109,5,1292.78,84,1100,398,258.556,220.0,0.01256281407035176,0
17136,481,1,231.68,14,256,481,231.68,256.0,0.002079002079002079,1
17137,235,6,1099.81,125,680,497,183.30166666666665,113.33333333333333,0.012072434607645875,1
17138,95,7,4417.27,234,2024,492,631.0385714285715,289.14285714285717,0.014227642276422764,1
17139,30,17,13621.89,348,6654,517,801.2876470588235,391.4117647058824,0.03288201160541586,0
17140,66,1,454.12,16,296,66,454.12,296.0,0.015151515151515152,1
17141,237,4,727.58,138,423,503,181.895,105.75,0.007952286282306162,1
17142,58,4,1275.25,78,322,503,318.8125,80.5,0.007952286282306162,1
17143,236,2,880.97,82,314,334,440.485,157.0,0.005988023952095809,1
17145,332,4,3120.91,168,2591,478,780.2275,647.75,0.008368200836820083,1
17146,82,12,5666.74,162,2184,495,472.2283333333333,182.0,0.024242424242424242,0
17147,26,7,2458.47,74,943,517,351.21,134.71428571428572,0.013539651837524178,0
17149,270,1,143.10000000000002,6,18,270,143.10000000000002,18.0,0.003703703703703704,1
17150,196,6,1357.95,64,397,553,226.32500000000002,66.16666666666667,0.0108499095840868,1
17151,554,1,231.90000000000003,4,42,554,231.90000000000003,42.0,0.0018050541516245488,1
17152,14,4,2016.5,9,577,245,504.125,144.25,0.0163265306122449,1
17155,347,5,640.76,31,745,556,128.152,149.0,0.008992805755395683,0
17156,311,1,591.87,39,391,311,591.87,391.0,0.003215434083601286,1
17157,299,17,4832.9,69,1920,554,284.2882352941176,112.94117647058823,0.030685920577617327,0
17158,52,4,1411.58,61,830,461,352.895,207.5,0.008676789587852495,0
17159,297,2,560.71,27,237,464,280.355,118.5,0.004310344827586207,0
17160,44,13,7896.2,184,6485,555,607.4,498.84615384615387,0.023423423423423424,0
17161,263,1,856.01,52,537,263,856.01,537.0,0.0038022813688212928,1
17162,10,8,1165.28,70,689,125,145.66,86.125,0.064,0
17163,265,2,406.68,24,465,495,203.34,232.5,0.00404040404040404,0
17164,32,2,943.22,49,602,92,471.61,301.0,0.021739130434782608,0
17165,103,6,1794.32,77,788,548,299.05333333333334,131.33333333333334,0.010948905109489052,1
17166,23,1,127.59,10,57,23,127.59,57.0,0.043478260869565216,0
17167,199,3,867.11,64,429,264,289.0366666666667,143.0,0.011363636363636364,1
17168,318,1,400.2,21,220,318,400.2,220.0,0.0031446540880503146,1
17169,2,2,629.63,31,247,397,314.815,123.5,0.005037783375314861,0
17170,193,2,178.68,8,152,208,89.34,76.0,0.009615384615384616,1
17171,108,2,384.59,25,225,481,192.295,112.5,0.004158004158004158,1
17172,250,2,638.81,24,735,546,319.405,367.5,0.003663003663003663,0
17174,37,1,59.9,4,41,37,59.9,41.0,0.02702702702702703,1
17175,0,2,821.7,30,514,115,410.85,257.0,0.017391304347826087,0
17176,21,3,902.3199999999999,37,576,496,300.7733333333333,192.0,0.006048387096774193,1
17177,324,1,119.5,29,40,324,119.5,40.0,0.0030864197530864196,1
17178,550,1,432.96,31,100,550,432.96,100.0,0.0018181818181818182,1
17179,51,5,1283.78,69,543,382,256.756,108.6,0.013089005235602094,0
17180,60,10,2005.6,179,1655,506,200.56,165.5,0.019762845849802372,0
17181,193,2,380.97,7,459,415,190.485,229.5,0.004819277108433735,0
17182,242,2,321.3,4,54,537,160.65,27.0,0.0037243947858473,1
17184,388,2,198.41000000000003,14,73,549,99.20500000000001,36.5,0.0036429872495446266,1
17185,411,3,229.46,38,119,417,76.48666666666666,39.666666666666664,0.007194244604316547,1
17187,46,2,467.71,21,426,345,233.855,213.0,0.005797101449275362,1
17188,135,9,3543.14,106,1951,550,393.6822222222222,216.77777777777777,0.016363636363636365,0
17189,178,4,796.45,87,477,557,199.1125,119.25,0.00718132854578097,0
17190,26,6,1474.99,143,2054,463,245.83166666666668,342.3333333333333,0.012958963282937365,0
17191,11,13,3902.4700000000003,224,2001,557,300.19,153.92307692307693,0.02333931777378815,0
17192,355,1,75.28,20,45,355,75.28,45.0,0.0028169014084507044,1
17193,205,2,610.74,12,414,557,305.37,207.0,0.003590664272890485,0
17194,180,2,776.66,56,413,349,388.33,206.5,0.0057306590257879654,1
17195,474,1,562.98,31,486,474,562.98,486.0,0.002109704641350211,1
17196,247,1,327.75,84,154,247,327.75,154.0,0.004048582995951417,1
17198,184,2,1043.32,73,484,190,521.66,242.0,0.010526315789473684,0
17199,401,1,135.04000000000002,8,232,401,135.04000000000002,232.0,0.0024937655860349127,1
17200,206,4,356.71,25,367,471,89.1775,91.75,0.008492569002123142,1
17201,343,3,842.8199999999999,118,748,487,280.94,249.33333333333334,0.006160164271047228,0
17202,240,1,160.65,8,55,240,160.65,55.0,0.004166666666666667,1
17203,207,4,2004.01,84,1751,207,501.0025,437.75,0.01932367149758454,0
17204,60,7,5190.29,107,2513,367,741.47,359.0,0.01907356948228883,0
17205,235,2,615.27,18,1330,383,307.635,665.0,0.005221932114882507,0
17207,471,1,291.77,54,232,471,291.77,232.0,0.0021231422505307855,1
17208,215,1,111.15,21,101,215,111.15,101.0,0.004651162790697674,1
17209,468,3,595.7,36,723,556,198.5666666666667,241.0,0.00539568345323741,1
17210,212,1,251.72,47,242,212,251.72,242.0,0.0047169811320754715,1
17211,52,10,2983.37,166,1767,545,298.337,176.7,0.01834862385321101,0
17212,72,3,794.41,29,727,306,264.80333333333334,242.33333333333334,0.00980392156862745,1
17213,135,9,3338.02,91,1326,544,370.8911111111111,147.33333333333334,0.016544117647058824,0
17214,68,4,611.97,56,177,178,152.9925,44.25,0.02247191011235955,0
17215,283,1,186.15,11,104,283,186.15,104.0,0.0035335689045936395,1
17216,373,1,63.6,13,21,373,63.6,21.0,0.002680965147453083,1
17217,53,2,210.1,27,93,438,105.05,46.5,0.0045662100456621,1
17218,33,13,3168.54,192,1630,502,243.73384615384614,125.38461538461539,0.025896414342629483,0
17219,236,1,144.9,24,99,236,144.9,99.0,0.00423728813559322,0
17220,25,12,2726.69,276,1459,508,227.22416666666666,121.58333333333333,0.023622047244094488,0
17221,411,3,642.14,58,426,426,214.04666666666665,142.0,0.007042253521126761,0
17222,296,5,1234.96,70,733,517,246.99200000000002,146.6,0.009671179883945842,0
17223,129,3,780.88,61,217,194,260.29333333333335,72.33333333333333,0.015463917525773196,1
17224,320,1,100.86,8,65,320,100.86,65.0,0.003125,1
17225,401,1,131.15,5,36,401,131.15,36.0,0.0024937655860349127,1
17226,128,3,895.47,51,853,484,298.49,284.3333333333333,0.006198347107438017,1
17227,76,8,1448.01,47,1224,512,181.00125,153.0,0.015625,0
17228,27,9,1957.47,132,1644,457,217.49666666666667,182.66666666666666,0.019693654266958426,0
17230,83,18,9388.49,141,3753,550,521.5827777777778,208.5,0.03272727272727273,1
17231,9,21,5644.83,436,2861,551,268.8014285714286,136.23809523809524,0.038112522686025406,0
17233,267,2,369.98,32,167,544,184.99,83.5,0.003676470588235294,0
17234,2,1,149.89000000000001,14,55,2,149.89000000000001,55.0,0.5,1
17235,191,7,1696.72,41,873,372,242.38857142857142,124.71428571428571,0.01881720430107527,0
17236,61,10,1576.95,81,647,461,157.695,64.7,0.021691973969631236,0
17237,195,2,679.44,58,309,201,339.72,154.5,0.009950248756218905,0
17238,4,24,5514.0,401,2544,558,229.75,106.0,0.043010752688172046,0
17239,132,4,1189.45,18,515,346,297.3625,128.75,0.011560693641618497,1
17240,415,1,130.6,7,108,415,130.6,108.0,0.0024096385542168677,1
17241,204,12,2736.64,116,859,481,228.0533333333333,71.58333333333333,0.02494802494802495,1
17242,276,3,1754.24,27,848,504,584.7466666666667,282.6666666666667,0.005952380952380952,0
17243,56,54,14686.43,297,5730,557,271.97092592592594,106.11111111111111,0.09694793536804308,0
17244,202,4,871.14,85,803,553,217.785,200.75,0.007233273056057866,0
17245,24,2,371.63,24,307,508,185.815,153.5,0.003937007874015748,1
17246,366,2,38.92,6,36,557,19.46,18.0,0.003590664272890485,1
17248,301,1,181.89000000000001,34,63,301,181.89000000000001,63.0,0.0033222591362126247,0
17249,248,1,68.03,27,79,248,68.03,79.0,0.004032258064516129,1
17250,80,1,162.65,23,70,80,162.65,70.0,0.0125,0
17251,182,3,798.98,65,377,544,266.32666666666665,125.66666666666667,0.0055147058823529415,1
17252,5,1,337.01,85,190,5,337.01,190.0,0.2,0
17254,220,1,198.29,36,146,220,198.29,146.0,0.004545454545454545,0
17255,118,3,598.48,131,429,265,199.49333333333334,143.0,0.011320754716981131,0
17256,131,4,386.83,18,226,419,96.7075,56.5,0.00954653937947494,0
17257,255,2,189.78,14,187,256,94.89,93.5,0.0078125,1
17258,216,2,417.3,46,188,484,208.65,94.0,0.004132231404958678,1
17259,187,5,1607.06,159,968,474,321.412,193.6,0.010548523206751054,0
17260,230,1,120.95,6,23,230,120.95,23.0,0.004347826086956522,1
17261,329,1,221.59,43,95,329,221.59,95.0,0.00303951367781155,1
17262,46,10,2459.62,10,669,544,245.962,66.9,0.01838235294117647,0
17263,27,1,63.440000000000005,23,36,27,63.440000000000005,36.0,0.037037037037037035,1
17264,243,1,268.28,70,217,243,268.28,217.0,0.00411522633744856,1
17265,0,1,377.84000000000003,72,214,0,377.84000000000003,214.0,1.0,0
17266,318,2,205.14,43,90,460,102.57,45.0,0.004347826086956522,0
17268,63,9,1246.73,24,935,551,138.52555555555557,103.88888888888889,0.016333938294010888,0
17269,205,1,491.81,110,314,205,491.81,314.0,0.004878048780487805,1
17270,288,2,601.4499999999999,45,420,551,300.72499999999997,210.0,0.003629764065335753,1
17271,555,1,204.3,46,113,555,204.3,113.0,0.0018018018018018018,1
17272,18,2,1409.44,59,1161,82,704.72,580.5,0.024390243902439025,0
17273,243,1,141.12,12,133,243,141.12,133.0,0.00411522633744856,1
17274,215,1,465.4,52,194,215,465.4,194.0,0.004651162790697674,0
17275,202,1,114.1,23,71,202,114.1,71.0,0.0049504950495049506,1
17276,221,1,501.24,49,186,221,501.24,186.0,0.004524886877828055,1
17277,47,2,1065.3500000000001,67,430,142,532.6750000000001,215.0,0.014084507042253521,1
17278,60,2,271.24,17,195,384,135.62,97.5,0.005208333333333333,1
17280,257,1,118.85999999999999,6,74,257,118.85999999999999,74.0,0.0038910505836575876,1
17281,193,6,797.8499999999999,2,295,492,132.975,49.166666666666664,0.012195121951219513,1
17282,119,3,1346.98,167,1072,368,448.99333333333334,357.3333333333333,0.008152173913043478,0
17283,198,1,188.46,15,179,198,188.46,179.0,0.005050505050505051,1
17284,55,3,1834.47,224,1477,208,611.49,492.3333333333333,0.014423076923076924,0
17285,447,2,400.44,40,132,482,200.22,66.0,0.004149377593360996,1
17286,219,2,237.81,46,251,219,118.905,125.5,0.0091324200913242,0
17287,25,18,3500.84,243,1747,556,194.4911111111111,97.05555555555556,0.03237410071942446,0
17288,26,9,1714.5,139,1160,213,190.5,128.88888888888889,0.04225352112676056,0
17289,195,6,1110.78,130,724,460,185.13,120.66666666666667,0.013043478260869565,0
17290,201,6,914.47,95,598,545,152.41166666666666,99.66666666666667,0.011009174311926606,0
17291,127,1,550.8000000000001,1,72,127,550.8000000000001,72.0,0.007874015748031496,1
17292,291,2,271.75,14,131,398,135.875,65.5,0.005025125628140704,1
17293,127,10,2365.92,91,1396,555,236.592,139.6,0.018018018018018018,0
17294,488,2,467.78999999999996,17,297,488,233.89499999999998,148.5,0.004098360655737705,1
17296,549,1,338.13,32,216,549,338.13,216.0,0.0018214936247723133,1
17298,193,3,439.94,37,463,461,146.64666666666668,154.33333333333334,0.006507592190889371,0
17299,258,2,336.62,52,251,300,168.31,125.5,0.006666666666666667,0
17300,210,2,393.64,37,467,301,196.82,233.5,0.006644518272425249,1
17301,443,1,131.15,52,79,443,131.15,79.0,0.002257336343115124,0
17302,28,2,303.12,35,190,125,151.56,95.0,0.016,0
17303,180,1,250.04,53,144,180,250.04,144.0,0.005555555555555556,1
17304,353,1,111.5,5,73,353,111.5,73.0,0.0028328611898017,1
17305,468,1,2135.46,9,1006,468,2135.46,1006.0,0.002136752136752137,1
17306,23,10,4346.7,11,7262,223,434.66999999999996,726.2,0.04484304932735426,0
17307,214,11,3999.8900000000003,22,3667,508,363.6263636363637,333.3636363636364,0.021653543307086614,1
17308,212,2,4511.76,5,5148,272,2255.88,2574.0,0.007352941176470588,1
17309,200,2,237.64000000000001,22,140,492,118.82000000000001,70.0,0.0040650406504065045,0
17310,206,2,1025.1,1,402,354,512.55,201.0,0.005649717514124294,1
17311,136,5,2738.17,93,2160,494,547.634,432.0,0.010121457489878543,0
17314,76,12,3163.51,117,2147,556,263.62583333333333,178.91666666666666,0.02158273381294964,0
17315,11,25,6209.72,315,3062,258,248.3888,122.48,0.09689922480620156,0
17316,239,1,124.45,35,44,239,124.45,44.0,0.0041841004184100415,1
17318,544,1,157.32999999999998,17,59,544,157.32999999999998,59.0,0.001838235294117647,1
17319,488,1,29.1,3,14,488,29.1,14.0,0.0020491803278688526,1
17320,55,5,2605.25,67,1224,506,521.05,244.8,0.009881422924901186,0
17321,213,4,1008.05,159,426,397,252.0125,106.5,0.010075566750629723,0
17322,195,5,922.59,115,631,556,184.518,126.2,0.008992805755395683,1
17323,34,7,932.19,120,908,518,133.17000000000002,129.71428571428572,0.013513513513513514,0
17324,151,10,2013.87,85,1299,540,201.387,129.9,0.018518518518518517,0
17325,99,3,609.5699999999999,39,465,461,203.18999999999997,155.0,0.006507592190889371,1
17326,227,2,312.35,82,136,348,156.175,68.0,0.005747126436781609,1
17327,229,2,152.35,3,59,382,76.175,29.5,0.005235602094240838,1
17328,492,1,104.7,6,86,492,104.7,86.0,0.0020325203252032522,1
17329,134,4,718.78,73,355,555,179.695,88.75,0.007207207207207207,0
17330,364,2,59.900000000000006,2,2,467,29.950000000000003,1.0,0.004282655246252677,0
17332,347,5,827.77,81,769,475,165.554,153.8,0.010526315789473684,1
17334,121,3,635.15,20,566,226,211.71666666666667,188.66666666666666,0.01327433628318584,1
17335,203,2,497.04,34,210,504,248.52,105.0,0.003968253968253968,1
17336,291,1,81.12,1,48,291,81.12,48.0,0.003436426116838488,1
17337,30,3,1946.66,420,1221,129,648.8866666666667,407.0,0.023255813953488372,0
17338,24,14,9016.64,478,4310,458,644.0457142857142,307.85714285714283,0.03056768558951965,0
17339,184,2,179.0,5,52,328,89.5,26.0,0.006097560975609756,0
17340,12,11,15738.74,244,8393,482,1430.7945454545454,763.0,0.022821576763485476,0
17341,186,3,1423.14,180,880,359,474.38000000000005,293.3333333333333,0.008356545961002786,0
17342,199,4,1227.54,31,521,489,306.885,130.25,0.0081799591002045,1
17343,174,6,1259.94,61,454,555,209.99,75.66666666666667,0.010810810810810811,1
17344,548,1,299.74,36,135,548,299.74,135.0,0.0018248175182481751,0
17345,16,8,1192.32,128,1728,557,149.04,216.0,0.01436265709156194,0
17346,6,17,3432.48,372,2555,420,201.9105882352941,150.2941176470588,0.04047619047619048,0
17348,117,5,1434.54,205,1537,459,286.908,307.4,0.010893246187363835,0
17349,199,4,674.16,66,670,450,168.54,167.5,0.008888888888888889,0
17350,213,3,612.381,65,408,495,204.12699999999998,136.0,0.006060606060606061,0
17351,92,10,1575.83,29,295,548,157.583,29.5,0.01824817518248175,0
17352,515,1,36.25,5,15,515,36.25,15.0,0.001941747572815534,1
17353,311,2,1502.0,6,968,443,751.0,484.0,0.004514672686230248,0
17354,247,3,1740.8999999999999,73,1525,247,580.3,508.3333333333333,0.012145748987854251,0
17355,205,1,273.31,28,249,205,273.31,249.0,0.004878048780487805,1
17356,131,5,946.47,73,925,508,189.294,185.0,0.00984251968503937,1
17358,122,5,861.01,126,430,472,172.202,86.0,0.01059322033898305,1
17359,467,1,156.6,23,76,467,156.6,76.0,0.0021413276231263384,0
17360,3,4,953.17,137,460,254,238.2925,115.0,0.015748031496062992,0
17361,5,4,647.51,41,286,495,161.8775,71.5,0.00808080808080808,0
17362,58,7,1024.04,99,549,522,146.29142857142855,78.42857142857143,0.013409961685823755,1
17363,214,3,920.46,34,499,221,306.82,166.33333333333334,0.013574660633484163,1
17364,24,21,9237.22,386,6011,551,439.86761904761903,286.23809523809524,0.038112522686025406,0
17365,19,11,5310.12,311,5270,496,482.73818181818183,479.09090909090907,0.02217741935483871,0
17366,251,2,1077.24,120,504,275,538.62,252.0,0.007272727272727273,1
17367,57,1,167.55,33,149,57,167.55,149.0,0.017543859649122806,1
17368,78,9,1768.34,139,2023,543,196.48222222222222,224.77777777777777,0.016574585635359115,0
17369,275,1,979.1999999999999,1,1152,275,979.1999999999999,1152.0,0.0036363636363636364,1
17371,180,4,325.11,61,167,551,81.2775,41.75,0.007259528130671506,0
17372,2,24,3849.09,363,1636,555,160.37875,68.16666666666667,0.043243243243243246,0
17373,132,4,665.83,44,419,468,166.4575,104.75,0.008547008547008548,0
17374,38,3,727.11,34,155,214,242.37,51.666666666666664,0.014018691588785047,1
17375,18,4,660.55,77,480,251,165.1375,120.0,0.01593625498007968,1
17376,130,3,356.29,37,193,342,118.76333333333334,64.33333333333333,0.008771929824561403,0
17377,75,65,15766.83,427,6137,557,242.56661538461537,94.41538461538461,0.11669658886894076,0
17378,193,1,10.95,1,1,193,10.95,1.0,0.0051813471502590676,1
17380,253,3,645.0,5,252,354,215.0,84.0,0.00847457627118644,1
17381,23,25,33544.89,49,36633,367,1341.7956,1465.32,0.0681198910081744,0
17382,255,7,836.88,14,432,389,119.55428571428571,61.714285714285715,0.017994858611825194,0
17383,272,1,110.69999999999999,2,12,272,110.69999999999999,12.0,0.003676470588235294,0
17384,38,2,398.8,7,76,286,199.4,38.0,0.006993006993006993,0
17386,204,1,126.35000000000001,10,53,204,126.35000000000001,53.0,0.004901960784313725,0
17388,30,9,2179.01,29,2207,549,242.11222222222224,245.22222222222223,0.01639344262295082,0
17389,4,41,30509.19,57,11536,555,744.1265853658537,281.3658536585366,0.07387387387387387,0
17390,240,1,149.3,12,49,240,149.3,49.0,0.004166666666666667,1
17392,126,3,579.92,65,448,269,193.30666666666664,149.33333333333334,0.011152416356877323,1
17393,230,2,381.15,45,238,307,190.575,119.0,0.006514657980456026,1
17394,38,1,203.86999999999998,4,241,38,203.86999999999998,241.0,0.02631578947368421,1
17395,327,1,97.5,3,66,327,97.5,66.0,0.0030581039755351682,1
17396,191,7,1873.8,11,520,260,267.68571428571425,74.28571428571429,0.026923076923076925,0
17397,235,1,516.87,44,441,235,516.87,441.0,0.00425531914893617,0
17398,30,2,528.45,26,259,74,264.225,129.5,0.02702702702702703,0
17400,29,7,3832.06,278,1698,541,547.4371428571428,242.57142857142858,0.012939001848428836,0
17401,360,1,114.85,11,34,360,114.85,34.0,0.002777777777777778,1
17402,2,15,3472.33,101,1101,542,231.48866666666666,73.4,0.027675276752767528,0
17403,270,1,118.95,13,77,270,118.95,77.0,0.003703703703703704,0
17404,31,14,29709.92,83,32782,521,2122.137142857143,2341.5714285714284,0.026871401151631478,0
17406,152,13,4889.05,155,2117,552,376.08076923076925,162.84615384615384,0.02355072463768116,1
17407,231,1,552.9,23,426,231,552.9,426.0,0.004329004329004329,1
17408,319,2,283.44000000000005,6,160,333,141.72000000000003,80.0,0.006006006006006006,0
17409,4,10,7793.51,50,4089,548,779.351,408.9,0.01824817518248175,1
17410,34,1,302.4,15,100,34,302.4,100.0,0.029411764705882353,0
17411,80,3,932.02,46,428,556,310.67333333333335,142.66666666666666,0.00539568345323741,0
17412,15,13,3869.28,143,2224,556,297.6369230769231,171.07692307692307,0.023381294964028777,0
17413,224,2,560.14,10,302,389,280.07,151.0,0.005141388174807198,1
17414,4,5,2069.52,6,5536,555,413.904,1107.2,0.009009009009009009,0
17416,16,18,13853.04,279,6490,544,769.6133333333333,360.55555555555554,0.03308823529411765,0
17417,368,1,164.18,16,76,368,164.18,76.0,0.002717391304347826,1
17418,143,2,373.99,24,371,206,186.995,185.5,0.009708737864077669,0
17419,69,13,4319.75,140,2183,502,332.28846153846155,167.92307692307693,0.025896414342629483,0
17420,193,4,616.45,24,287,220,154.1125,71.75,0.01818181818181818,0
17421,205,3,1059.41,46,807,554,353.1366666666667,269.0,0.005415162454873646,1
17422,40,7,2243.46,95,1632,354,320.4942857142857,233.14285714285714,0.01977401129943503,0
17423,37,2,869.96,28,645,213,434.98,322.5,0.009389671361502348,0
17426,101,8,4234.39,151,2639,479,529.29875,329.875,0.016701461377870562,0
17428,32,30,21851.73,330,12800,557,728.391,426.6666666666667,0.05385996409335727,0
17429,4,4,1208.68,70,996,249,302.17,249.0,0.01606425702811245,0
17430,184,3,582.01,24,385,299,194.00333333333333,128.33333333333334,0.010033444816053512,0
17431,132,1,403.3,41,292,132,403.3,292.0,0.007575757575757576,1
17432,204,7,1363.23,174,801,555,194.74714285714285,114.42857142857143,0.012612612612612612,0
17433,204,1,266.8,39,120,204,266.8,120.0,0.004901960784313725,0
17435,230,1,331.35,15,195,230,331.35,195.0,0.004347826086956522,1
17436,46,4,440.15999999999997,5,136,552,110.03999999999999,34.0,0.007246376811594203,0
17437,349,1,369.68,52,283,349,369.68,283.0,0.0028653295128939827,1
17438,73,5,1422.77,49,553,460,284.554,110.6,0.010869565217391304,1
17439,475,1,325.74,8,370,475,325.74,370.0,0.002105263157894737,1
17440,67,3,261.78,4,198,368,87.25999999999999,66.0,0.008152173913043478,0
17441,551,1,293.35,21,245,551,293.35,245.0,0.0018148820326678765,1
17442,40,11,3186.57,145,2170,481,289.6881818181818,197.27272727272728,0.02286902286902287,0
17443,39,1,534.24,1,504,39,534.24,504.0,0.02564102564102564,1
17446,129,1,68.10000000000001,5,102,129,68.10000000000001,102.0,0.007751937984496124,0
17448,348,41,14448.67,568,11529,464,352.4065853658537,281.1951219512195,0.08836206896551724,1
17449,53,9,3668.63,235,1967,549,407.6255555555556,218.55555555555554,0.01639344262295082,0
17450,12,19,108182.56,95,34655,257,5693.818947368421,1823.9473684210527,0.07392996108949416,0
17454,11,10,1547.94,98,727,512,154.794,72.7,0.01953125,1
17455,23,1,131.7,8,66,23,131.7,66.0,0.043478260869565216,1
17456,184,2,1225.42,59,730,275,612.71,365.0,0.007272727272727273,1
17457,24,13,5644.75,23,2541,551,434.21153846153845,195.46153846153845,0.023593466424682397,0
17458,201,1,213.08,32,112,201,213.08,112.0,0.004975124378109453,0
17460,45,15,2068.42,90,921,505,137.89466666666667,61.4,0.0297029702970297,0
17462,103,1,463.40999999999997,14,155,103,463.40999999999997,155.0,0.009708737864077669,0
17463,53,4,1585.11,169,913,408,396.2775,228.25,0.00980392156862745,0
17464,341,2,617.1800000000001,28,388,438,308.59000000000003,194.0,0.0045662100456621,0
17465,245,7,2542.79,103,1477,555,363.2557142857143,211.0,0.012612612612612612,1
17467,214,1,102.6,4,20,214,102.6,20.0,0.004672897196261682,1
17468,194,1,57.8,3,68,194,57.8,68.0,0.005154639175257732,0
17469,24,13,3485.64,137,1647,542,268.12615384615384,126.6923076923077,0.023985239852398525,0
17470,37,9,2302.91,89,2051,327,255.87888888888887,227.88888888888889,0.027522935779816515,0
17471,294,1,321.65000000000003,19,153,294,321.65000000000003,153.0,0.003401360544217687,1
17472,10,4,922.35,183,551,447,230.5875,137.75,0.008948545861297539,1
17473,228,2,607.0,33,270,275,303.5,135.0,0.007272727272727273,1
17474,419,1,1047.0,6,200,419,1047.0,200.0,0.002386634844868735,1
17476,215,2,489.86,29,224,557,244.93,112.0,0.003590664272890485,1
17477,432,2,1144.3,44,225,467,572.15,112.5,0.004282655246252677,1
17478,227,2,1272.8,40,516,452,636.4,258.0,0.004424778761061947,1
17479,452,1,389.26000000000005,18,266,452,389.26000000000005,266.0,0.0022123893805309734,1
17480,264,1,370.40999999999997,24,243,264,370.40999999999997,243.0,0.003787878787878788,0
17482,306,2,775.64,50,240,397,387.82,120.0,0.005037783375314861,1
17483,2,2,332.79,14,124,234,166.395,62.0,0.008547008547008548,0
17484,395,2,209.57,14,339,443,104.785,169.5,0.004514672686230248,1
17486,80,1,396.87,24,191,80,396.87,191.0,0.0125,1
17487,547,1,160.55,8,37,547,160.55,37.0,0.0018281535648994515,1
17488,460,1,336.5,18,136,460,336.5,136.0,0.002173913043478261,1
17489,32,1,208.56,16,232,32,208.56,232.0,0.03125,0
17490,207,2,658.18,37,397,389,329.09,198.5,0.005141388174807198,0
17491,3,11,3747.06,73,2538,410,340.64181818181817,230.72727272727272,0.026829268292682926,0
17492,67,3,1122.42,32,450,337,374.14000000000004,150.0,0.008902077151335312,1
17493,204,1,100.91000000000001,8,62,204,100.91000000000001,62.0,0.004901960784313725,1
17494,321,1,54.699999999999996,3,26,321,54.699999999999996,26.0,0.003115264797507788,1
17495,210,1,309.16,21,138,210,309.16,138.0,0.004761904761904762,0
17496,178,4,1412.89,54,675,513,353.2225,168.75,0.007797270955165692,1
17497,209,2,287.25,7,59,430,143.625,29.5,0.004651162790697674,1
17499,109,2,1341.39,66,1086,381,670.695,543.0,0.005249343832020997,1
17501,40,2,288.6,18,160,40,144.3,80.0,0.05,1
17504,25,18,9490.17,244,5420,489,527.2316666666667,301.1111111111111,0.03680981595092025,1
17505,25,4,1776.63,65,955,424,444.1575,238.75,0.009433962264150943,0
17507,81,2,605.58,79,359,128,302.79,179.5,0.015625,1
17508,100,8,4579.23,199,2891,552,572.40375,361.375,0.014492753623188406,1
17510,240,1,206.07999999999998,15,208,240,206.07999999999998,208.0,0.004166666666666667,0
17511,25,44,120291.57,502,79943,557,2733.899318181818,1816.8863636363637,0.07899461400359066,0
17512,19,14,3845.25,80,3923,548,274.6607142857143,280.2142857142857,0.025547445255474453,0
17513,228,2,645.6,12,186,298,322.8,93.0,0.006711409395973154,0
17514,488,1,313.35,41,149,488,313.35,149.0,0.0020491803278688526,0
17515,25,8,1534.86,90,504,369,191.8575,63.0,0.02168021680216802,0
17516,36,4,634.63,115,415,198,158.6575,103.75,0.020202020202020204,0
17517,128,1,153.94,11,102,128,153.94,102.0,0.0078125,1
17518,245,2,329.42,71,267,440,164.71,133.5,0.004545454545454545,1
17519,26,12,4221.05,124,2744,558,351.75416666666666,228.66666666666666,0.021505376344086023,0
17521,18,3,714.41,37,403,254,238.13666666666666,134.33333333333334,0.011811023622047244,0
17522,2,3,782.98,49,737,37,260.99333333333334,245.66666666666666,0.08108108108108109,0
17524,180,3,539.14,37,362,257,179.71333333333334,120.66666666666667,0.011673151750972763,1
17525,179,3,1161.9,19,338,248,387.3,112.66666666666667,0.012096774193548387,1
17526,110,11,3842.94,61,1312,541,349.35818181818183,119.27272727272727,0.02033271719038817,0
17527,37,1,292.11,7,57,37,292.11,57.0,0.02702702702702703,0
17529,429,2,1240.25,78,790,517,620.125,395.0,0.0038684719535783366,1
17530,25,8,2085.88,270,1210,552,260.735,151.25,0.014492753623188406,0
17531,9,3,1266.82,54,472,437,422.2733333333333,157.33333333333334,0.006864988558352402,1
17532,205,1,65.34,4,30,205,65.34,30.0,0.004878048780487805,1
17533,254,1,34.8,1,24,254,34.8,24.0,0.003937007874015748,1
17534,270,4,1445.47,69,757,471,361.3675,189.25,0.008492569002123142,0
17535,99,1,164.4,13,136,99,164.4,136.0,0.010101010101010102,1
17536,240,2,288.33,13,195,502,144.165,97.5,0.00398406374501992,0
17537,122,1,620.75,60,369,122,620.75,369.0,0.00819672131147541,0
17539,447,3,1161.84,131,707,546,387.28,235.66666666666666,0.005494505494505495,1
17540,135,5,1280.5,35,458,419,256.1,91.6,0.011933174224343675,0
17541,329,1,119.86,31,44,329,119.86,44.0,0.00303951367781155,1
17542,89,3,340.85,57,323,461,113.61666666666667,107.66666666666667,0.006507592190889371,1
17543,369,1,120.05,13,62,369,120.05,62.0,0.0027100271002710027,1
17544,209,3,944.82,80,410,209,314.94,136.66666666666666,0.014354066985645933,1
17545,209,3,767.54,112,345,397,255.84666666666666,115.0,0.007556675062972292,0
17547,195,2,727.85,22,223,484,363.925,111.5,0.004132231404958678,1
17548,53,4,731.26,22,494,215,182.815,123.5,0.018604651162790697,1
17550,16,9,2506.64,250,968,489,278.5155555555555,107.55555555555556,0.018404907975460124,1
17551,178,1,290.34,39,142,178,290.34,142.0,0.0056179775280898875,1
17552,191,10,2453.4,64,1520,447,245.34,152.0,0.02237136465324385,0
17553,292,3,2270.0,2,1240,430,756.6666666666666,413.3333333333333,0.0069767441860465115,0
17555,154,4,760.88,174,547,405,190.22,136.75,0.009876543209876543,0
17556,25,2,300.67,13,184,198,150.335,92.0,0.010101010101010102,1
17557,552,1,34.0,1,4,552,34.0,4.0,0.0018115942028985507,0
17558,212,1,259.17,28,54,212,259.17,54.0,0.0047169811320754715,1
17559,332,1,167.62,12,270,332,167.62,270.0,0.0030120481927710845,1
17560,23,6,1526.9,33,1232,480,254.48333333333335,205.33333333333334,0.0125,0
17561,210,3,537.9,129,237,552,179.29999999999998,79.0,0.005434782608695652,0
17563,397,2,392.38,27,256,431,196.19,128.0,0.004640371229698376,1
17565,406,1,131.83,30,67,406,131.83,67.0,0.0024630541871921183,1
17567,52,5,2898.52,99,1529,261,579.704,305.8,0.019157088122605363,0
17568,452,1,374.45,61,275,452,374.45,275.0,0.0022123893805309734,1
17569,151,1,344.14,29,159,151,344.14,159.0,0.006622516556291391,1
17571,97,3,563.54,95,364,362,187.84666666666666,121.33333333333333,0.008287292817679558,0
17572,58,8,648.46,14,312,544,81.0575,39.0,0.014705882352941176,0
17574,62,1,185.65,8,77,62,185.65,77.0,0.016129032258064516,1
17575,486,1,171.7,5,72,486,171.7,72.0,0.00205761316872428,1
17576,2,32,6957.86,317,3707,555,217.433125,115.84375,0.05765765765765766,0
17577,464,2,348.75,20,179,488,174.375,89.5,0.004098360655737705,1
17578,37,7,1047.33,57,529,349,149.6185714285714,75.57142857142857,0.02005730659025788,1
17579,397,1,304.38,43,117,397,304.38,117.0,0.0025188916876574307,0
17580,72,5,538.07,77,222,241,107.614,44.4,0.02074688796680498,1
17581,32,28,11132.27,291,5624,556,397.5810714285714,200.85714285714286,0.050359712230215826,0
17582,55,5,1446.95,92,603,443,289.39,120.6,0.011286681715575621,1
17583,379,1,135.95,7,55,379,135.95,55.0,0.002638522427440633,1
17584,287,4,4067.12,73,2006,503,1016.78,501.5,0.007952286282306162,0
17585,82,5,1469.56,206,1513,297,293.912,302.6,0.016835016835016835,0
17586,438,1,167.4,8,68,438,167.4,68.0,0.00228310502283105,1
17587,447,1,173.76,41,66,447,173.76,66.0,0.0022371364653243847,1
17588,52,5,2096.55,30,759,457,419.31000000000006,151.8,0.010940919037199124,0
17589,6,16,12614.77,552,7849,461,788.423125,490.5625,0.03470715835140998,0
17591,22,6,2147.2200000000003,93,968,510,357.87000000000006,161.33333333333334,0.011764705882352941,0
17592,558,1,148.3,13,38,558,148.3,38.0,0.0017921146953405018,1
17593,172,7,4831.36,163,2880,554,690.1942857142857,411.42857142857144,0.01263537906137184,0
17594,74,3,1819.7,52,1038,424,606.5666666666667,346.0,0.007075471698113208,0
17596,10,9,3362.95,206,5239,543,373.6611111111111,582.1111111111111,0.016574585635359115,0
17597,33,5,3484.09,109,2215,402,696.818,443.0,0.012437810945273632,1
17598,200,1,409.98,10,126,200,409.98,126.0,0.005,1
17599,297,1,52.05,3,11,297,52.05,11.0,0.003367003367003367,1
17601,58,2,412.65999999999997,68,294,199,206.32999999999998,147.0,0.010050251256281407,1
17602,143,9,3067.06,270,2563,438,340.78444444444443,284.77777777777777,0.02054794520547945,0
17603,437,3,1393.66,93,564,549,464.55333333333334,188.0,0.00546448087431694,0
17604,36,6,942.38,142,614,501,157.06333333333333,102.33333333333333,0.011976047904191617,1
17605,409,1,160.75,13,71,409,160.75,71.0,0.0024449877750611247,1
17606,556,1,87.30000000000001,6,42,556,87.30000000000001,42.0,0.0017985611510791368,1
17607,195,1,333.81,22,269,195,333.81,269.0,0.005128205128205128,1
17608,268,2,296.07,90,299,426,148.035,149.5,0.004694835680751174,0
17609,121,8,1305.83,230,855,428,163.22875,106.875,0.018691588785046728,0
17610,359,5,1511.94,114,893,552,302.38800000000003,178.6,0.009057971014492754,1
17611,20,19,6325.25,636,4152,557,332.9078947368421,218.52631578947367,0.03411131059245961,0
17612,34,14,4012.16,157,2200,542,286.5828571428571,157.14285714285714,0.025830258302583026,0
17613,14,7,2512.41,163,1460,125,358.9157142857143,208.57142857142858,0.056,0
17615,23,5,664.5,44,348,304,132.9,69.6,0.01644736842105263,0
17616,74,3,897.5999999999999,1,352,271,299.2,117.33333333333333,0.01107011070110701,0
17617,378,1,385.19,18,249,378,385.19,249.0,0.0026455026455026454,1
17618,67,10,3696.84,196,1714,504,369.684,171.4,0.01984126984126984,0
17619,131,1,214.37,71,124,131,214.37,124.0,0.007633587786259542,1
17621,131,5,2697.0,52,906,251,539.4,181.2,0.0199203187250996,0
17622,417,2,1130.21,19,379,417,565.105,189.5,0.004796163069544364,1
17623,228,6,1838.72,108,534,544,306.4533333333333,89.0,0.011029411764705883,0
17624,37,3,1125.45,71,716,539,375.15000000000003,238.66666666666666,0.0055658627087198514,0
17625,77,5,4500.53,343,2698,544,900.106,539.6,0.009191176470588236,0
17626,422,1,254.0,18,202,422,254.0,202.0,0.002369668246445498,1
17627,298,1,296.36,10,676,298,296.36,676.0,0.003355704697986577,1
17629,34,5,1247.59,78,718,240,249.51799999999997,143.6,0.020833333333333332,0
17630,51,1,335.5,19,112,51,335.5,112.0,0.0196078431372549,0
17631,51,5,772.71,49,349,549,154.542,69.8,0.009107468123861567,0
17633,199,3,732.55,29,255,208,244.1833333333333,85.0,0.014423076923076924,0
17634,32,5,1811.29,131,455,157,362.258,91.0,0.03184713375796178,0
17635,243,3,1265.58,60,770,410,421.85999999999996,256.6666666666667,0.007317073170731708,1
17638,466,2,842.4,2,432,541,421.2,216.0,0.0036968576709796672,1
17639,95,6,615.17,59,576,303,102.52833333333332,96.0,0.019801980198019802,1
17640,198,5,2547.28,47,1442,446,509.456,288.4,0.011210762331838564,0
17642,248,3,1112.2,58,1001,553,370.73333333333335,333.6666666666667,0.0054249547920434,0
17643,192,2,541.25,30,297,324,270.625,148.5,0.006172839506172839,1
17644,22,12,4054.73,117,2188,481,337.89416666666665,182.33333333333334,0.02494802494802495,0
17646,38,12,4149.79,124,1418,543,345.81583333333333,118.16666666666667,0.022099447513812154,1
17647,488,2,198.6,5,52,488,99.3,26.0,0.004098360655737705,0
17648,12,4,1526.26,96,756,204,381.565,189.0,0.0196078431372549,0
17649,289,2,710.4,45,324,291,355.2,162.0,0.006872852233676976,0
17651,318,6,1758.52,84,974,346,293.08666666666664,162.33333333333334,0.017341040462427744,0
17652,2,4,1629.4,68,828,100,407.35,207.0,0.04,0
17654,96,1,117.55,22,41,96,117.55,41.0,0.010416666666666666,1
17655,29,6,2616.2400000000002,57,1154,236,436.04,192.33333333333334,0.025423728813559324,0
17657,249,1,126.0,7,60,249,126.0,60.0,0.004016064257028112,1
17658,30,1,317.59999999999997,9,216,30,317.59999999999997,216.0,0.03333333333333333,0
17659,4,7,1963.3500000000001,73,885,205,280.47857142857146,126.42857142857143,0.03414634146341464,0
17660,556,1,163.47,42,138,556,163.47,138.0,0.0017985611510791368,0
17662,481,2,412.92,14,184,542,206.46,92.0,0.0036900369003690036,1
17663,17,13,4163.7300000000005,125,1845,465,320.28692307692313,141.92307692307693,0.02795698924731183,0
17664,31,3,887.78,51,863,439,295.9266666666667,287.6666666666667,0.00683371298405467,0
17665,312,1,563.1,19,690,312,563.1,690.0,0.003205128205128205,1
17666,297,3,1319.6399999999999,17,956,347,439.87999999999994,318.6666666666667,0.008645533141210375,0
17667,30,7,3251.86,135,1880,474,464.5514285714286,268.57142857142856,0.014767932489451477,0
17669,29,6,4346.63,70,2481,436,724.4383333333334,413.5,0.013761467889908258,0
17670,47,1,205.7,11,110,47,205.7,110.0,0.02127659574468085,1
17671,30,3,1617.36,40,716,195,539.12,238.66666666666666,0.015384615384615385,0
17672,128,5,3663.4100000000003,127,1710,460,732.682,342.0,0.010869565217391304,0
17673,5,10,3612.0099999999998,183,2754,449,361.20099999999996,275.4,0.022271714922048998,0
17674,188,1,601.32,11,698,188,601.32,698.0,0.005319148936170213,0
17675,7,52,25630.93,215,11008,548,492.90250000000003,211.69230769230768,0.0948905109489051,0
17676,185,5,1678.8600000000001,57,1158,439,335.77200000000005,231.6,0.011389521640091117,0
17677,32,35,26574.76,279,15885,543,759.2788571428571,453.85714285714283,0.06445672191528545,0
17678,83,2,599.76,27,368,422,299.88,184.0,0.004739336492890996,1
17679,341,5,1585.5,41,1026,555,317.1,205.2,0.009009009009009009,0
17680,202,2,313.05,9,59,330,156.525,29.5,0.006060606060606061,0
17681,416,5,731.2,12,450,513,146.24,90.0,0.009746588693957114,1
17682,12,8,3089.86,73,1699,461,386.2325,212.375,0.01735357917570499,0
17683,205,3,819.01,41,781,373,273.00333333333333,260.3333333333333,0.00804289544235925,1
17685,86,10,4264.36,81,2786,485,426.436,278.6,0.020618556701030927,0
17686,19,6,5594.1,209,2328,353,932.35,388.0,0.0169971671388102,0
17687,240,1,432.68,26,210,240,432.68,210.0,0.004166666666666667,1
17688,213,1,304.2,19,114,213,304.2,114.0,0.004694835680751174,1
17689,207,2,317.08,17,300,293,158.54,150.0,0.006825938566552901,1
17690,6,15,5717.9800000000005,192,2387,493,381.1986666666667,159.13333333333333,0.030425963488843813,0
17691,177,4,780.0500000000001,37,373,366,195.01250000000002,93.25,0.01092896174863388,1
17692,46,11,2842.96,87,2182,360,258.4509090909091,198.36363636363637,0.030555555555555555,0
17694,331,2,1412.85,45,1309,382,706.425,654.5,0.005235602094240838,0
17695,213,3,980.7,20,1030,500,326.90000000000003,343.3333333333333,0.006,0
17696,5,23,6231.47,163,4681,548,270.93347826086955,203.52173913043478,0.041970802919708027,0
17697,55,1,338.95,19,93,55,338.95,93.0,0.01818181818181818,1
17698,80,1,154.95,8,93,80,154.95,93.0,0.0125,1
17699,296,2,442.0,17,208,381,221.0,104.0,0.005249343832020997,1
17700,32,12,5270.9,211,2702,558,439.2416666666666,225.16666666666666,0.021505376344086023,0
17701,72,1,417.95,24,109,72,417.95,109.0,0.013888888888888888,1
17702,25,3,1759.47,96,1284,220,586.49,428.0,0.013636363636363636,0
17703,237,1,296.1,23,307,237,296.1,307.0,0.004219409282700422,0
17704,59,1,387.29,16,175,59,387.29,175.0,0.01694915254237288,0
17705,34,5,617.68,37,567,396,123.53599999999999,113.4,0.012626262626262626,0
17706,7,19,11436.76,305,4677,509,601.9347368421053,246.1578947368421,0.03732809430255403,0
17707,4,8,609.3000000000001,9,546,552,76.16250000000001,68.25,0.014492753623188406,1
17708,7,4,884.1800000000001,57,387,243,221.04500000000002,96.75,0.01646090534979424,1
17709,289,4,533.56,31,278,422,133.39,69.5,0.009478672985781991,0
17710,243,1,293.5,20,158,243,293.5,158.0,0.00411522633744856,1
17711,109,1,220.53000000000003,13,107,109,220.53000000000003,107.0,0.009174311926605505,0
17713,201,4,1198.09,55,989,368,299.5225,247.25,0.010869565217391304,1
17714,140,5,1410.18,69,608,333,282.036,121.6,0.015015015015015015,1
17715,20,2,489.59999999999997,1,576,412,244.79999999999998,288.0,0.0048543689320388345,1
17716,68,15,11752.6,261,6568,556,783.5066666666667,437.8666666666667,0.02697841726618705,0
17717,240,1,376.92,26,344,240,376.92,344.0,0.004166666666666667,1
17718,51,2,439.18,22,274,464,219.59,137.0,0.004310344827586207,1
17719,9,5,1971.46,66,1294,75,394.29200000000003,258.8,0.06666666666666667,0
17720,45,8,2105.35,69,1239,398,263.16875,154.875,0.020100502512562814,0
17721,478,1,307.21000000000004,11,107,478,307.21000000000004,107.0,0.0020920502092050207,1
17722,9,4,4107.2,145,2765,195,1026.8,691.25,0.020512820512820513,0
17723,10,4,1263.8000000000002,6,404,195,315.95000000000005,101.0,0.020512820512820513,0
17725,11,4,1269.63,53,685,86,317.4075,171.25,0.046511627906976744,0
17726,214,7,1092.06,52,444,501,156.00857142857143,63.42857142857143,0.013972055888223553,1
17728,223,2,1362.75,79,677,272,681.375,338.5,0.007352941176470588,0
17729,415,1,438.65000000000003,23,247,415,438.65000000000003,247.0,0.0024096385542168677,1
17730,5,12,4506.72,121,3158,409,375.56,263.1666666666667,0.029339853300733496,0
17731,2,4,1131.45,50,395,488,282.8625,98.75,0.00819672131147541,0
17732,192,8,2470.39,90,1151,307,308.79875,143.875,0.026058631921824105,1
17733,81,1,216.95000000000002,12,87,81,216.95000000000002,87.0,0.012345679012345678,0
17734,53,4,854.67,49,385,461,213.6675,96.25,0.008676789587852495,0
17735,6,17,10256.07,306,6394,316,603.2982352941176,376.11764705882354,0.05379746835443038,0
17738,101,10,3084.43,139,2039,450,308.443,203.9,0.022222222222222223,0
17739,16,14,6010.01,47,1885,552,429.2864285714286,134.64285714285714,0.025362318840579712,0
17740,208,6,426.9,5,222,516,71.14999999999999,37.0,0.011627906976744186,1
17741,226,2,101.1,6,114,380,50.55,57.0,0.005263157894736842,1
17742,152,10,2045.94,52,635,557,204.594,63.5,0.017953321364452424,0
17743,267,1,229.2,3,96,267,229.2,96.0,0.003745318352059925,1
17744,70,5,1615.7,63,2100,200,323.14,420.0,0.025,0
17745,297,2,600.34,27,164,375,300.17,82.0,0.005333333333333333,1
17746,59,4,904.1800000000001,32,688,429,226.04500000000002,172.0,0.009324009324009324,1
17748,346,1,358.15,17,111,346,358.15,111.0,0.002890173410404624,1
17749,75,2,720.67,41,383,365,360.335,191.5,0.005479452054794521,0
17751,240,1,157.85999999999999,31,147,240,157.85999999999999,147.0,0.004166666666666667,1
17752,178,1,80.64,1,192,178,80.64,192.0,0.0056179775280898875,1
17753,283,4,382.06,63,124,521,95.515,31.0,0.007677543186180422,1
17754,79,9,3050.81,137,2898,547,338.9788888888889,322.0,0.016453382084095063,0
17756,195,3,728.75,54,399,213,242.91666666666666,133.0,0.014084507042253521,1
17757,10,41,6198.900000000001,289,3192,514,151.1926829268293,77.85365853658537,0.07976653696498054,0
17758,27,7,2607.71,230,1809,387,372.53000000000003,258.42857142857144,0.01808785529715762,0
17759,212,2,441.92,41,268,403,220.96,134.0,0.004962779156327543,0
17760,192,5,803.88,44,622,469,160.776,124.4,0.010660980810234541,0
17762,275,1,129.75,16,129,275,129.75,129.0,0.0036363636363636364,1
17763,82,4,86.15,11,41,478,21.5375,10.25,0.008368200836820083,1
17764,30,4,971.69,76,436,555,242.9225,109.0,0.007207207207207207,0
17765,30,3,414.67,60,155,268,138.22333333333333,51.666666666666664,0.011194029850746268,0
17766,200,2,299.61,21,155,200,149.805,77.5,0.01,1
17767,229,1,141.85,18,70,229,141.85,70.0,0.004366812227074236,0
17768,206,4,1210.83,69,1217,557,302.7075,304.25,0.00718132854578097,0
17769,98,9,3972.71,242,1849,509,441.4122222222222,205.44444444444446,0.01768172888015717,0
17770,18,5,1143.27,33,365,101,228.654,73.0,0.04950495049504951,1
17771,142,3,257.4,36,196,408,85.8,65.33333333333333,0.007352941176470588,0
17772,212,1,187.3,45,58,212,187.3,58.0,0.0047169811320754715,0
17773,333,2,575.37,48,254,509,287.685,127.0,0.003929273084479371,1
17774,68,7,2654.09,240,1287,488,379.1557142857143,183.85714285714286,0.014344262295081968,0
17775,74,1,56.4,3,72,74,56.4,72.0,0.013513513513513514,1
17776,206,2,329.3,73,270,542,164.65,135.0,0.0036900369003690036,1
17778,481,1,197.70000000000002,10,214,481,197.70000000000002,214.0,0.002079002079002079,1
17780,486,3,346.56,76,156,504,115.52,52.0,0.005952380952380952,1
17781,72,1,102.0,2,8,72,102.0,8.0,0.013888888888888888,0
17782,202,2,679.02,29,538,202,339.51,269.0,0.009900990099009901,1
17783,67,2,205.9,54,137,332,102.95,68.5,0.006024096385542169,0
17784,369,1,112.86,19,72,369,112.86,72.0,0.0027100271002710027,1
17785,264,2,271.44,38,160,384,135.72,80.0,0.005208333333333333,0
17786,136,1,103.35,24,52,136,103.35,52.0,0.007352941176470588,0
17787,124,3,2404.8,87,1185,190,801.6,395.0,0.015789473684210527,0
17789,100,2,397.15,27,199,480,198.575,99.5,0.004166666666666667,1
17790,18,15,1712.1200000000001,120,929,363,114.14133333333334,61.93333333333333,0.04132231404958678,0
17792,286,2,368.35,45,149,297,184.175,74.5,0.006734006734006734,1
17794,506,2,147.3,7,46,508,73.65,23.0,0.003937007874015748,1
17795,84,1,155.69,15,155,84,155.69,155.0,0.011904761904761904,0
17796,133,6,1275.14,147,357,240,212.52333333333334,59.5,0.025,0
17797,2,6,1463.85,172,837,543,243.975,139.5,0.011049723756906077,0
17798,401,1,172.17,42,136,401,172.17,136.0,0.0024937655860349127,1
17799,61,16,4594.99,398,2672,545,287.186875,167.0,0.029357798165137616,0
17800,37,3,354.85,18,222,153,118.28333333333335,74.0,0.0196078431372549,0
17801,270,3,770.03,66,820,511,256.6766666666667,273.3333333333333,0.005870841487279843,1
17802,191,8,3861.58,246,2103,545,482.6975,262.875,0.014678899082568808,0
17803,211,1,184.66,27,98,211,184.66,98.0,0.004739336492890996,1
17804,195,3,383.78000000000003,82,194,558,127.92666666666668,64.66666666666667,0.005376344086021506,1
17805,429,1,414.72,1,648,429,414.72,648.0,0.002331002331002331,0
17807,214,3,437.87,88,262,523,145.95666666666668,87.33333333333333,0.0057361376673040155,1
17808,368,4,262.64,29,143,400,65.66,35.75,0.01,1
17809,37,14,8576.18,32,1878,556,612.5842857142858,134.14285714285714,0.025179856115107913,0
17810,488,2,343.21,50,117,503,171.605,58.5,0.003976143141153081,1
17811,6,26,5786.96,434,2968,265,222.57538461538462,114.15384615384616,0.09811320754716982,0
17812,187,4,598.78,79,369,349,149.695,92.25,0.011461318051575931,0
17814,194,2,1609.37,112,1435,241,804.685,717.5,0.008298755186721992,1
17815,212,1,591.96,13,612,212,591.96,612.0,0.0047169811320754715,1
17816,88,4,97.07,36,88,543,24.2675,22.0,0.007366482504604052,0
17817,96,5,670.17,97,312,241,134.034,62.4,0.02074688796680498,0
17818,557,1,124.78,42,86,557,124.78,86.0,0.0017953321364452424,1
17819,2,11,6376.12,66,1809,545,579.6472727272727,164.45454545454547,0.02018348623853211,0
17820,193,1,180.60999999999999,39,111,193,180.60999999999999,111.0,0.0051813471502590676,1
17821,225,1,334.62,6,162,225,334.62,162.0,0.0044444444444444444,1
17822,239,5,2154.08,151,1372,380,430.816,274.4,0.013157894736842105,1
17823,240,2,449.25,88,252,240,224.625,126.0,0.008333333333333333,1
17825,418,4,701.96,24,516,545,175.49,129.0,0.007339449541284404,1
17826,193,1,133.34,33,84,193,133.34,84.0,0.0051813471502590676,1
17827,61,5,1969.31,191,1299,441,393.86199999999997,259.8,0.011337868480725623,0
17828,4,1,673.16,43,374,4,673.16,374.0,0.25,0
17829,118,5,4756.74,121,3009,474,951.348,601.8,0.010548523206751054,1
17830,81,2,287.65000000000003,15,65,108,143.82500000000002,32.5,0.018518518518518517,0
17833,542,1,338.46000000000004,28,143,542,338.46000000000004,143.0,0.0018450184501845018,1
17834,234,2,689.6700000000001,54,639,264,344.83500000000004,319.5,0.007575757575757576,1
17838,111,11,5441.7,111,3214,450,494.7,292.1818181818182,0.024444444444444446,0
17840,263,1,175.9,44,128,263,175.9,128.0,0.0038022813688212928,1
17841,2,137,42351.52,1788,20621,556,309.1351824817518,150.5182481751825,0.24640287769784172,0
17842,421,1,430.69,18,89,421,430.69,89.0,0.0023752969121140144,1
17843,122,2,312.65,57,226,231,156.325,113.0,0.008658008658008658,1
17845,374,4,596.09,42,195,395,149.0225,48.75,0.010126582278481013,1
17847,335,2,125.74000000000001,8,28,464,62.870000000000005,14.0,0.004310344827586207,1
17848,68,25,3025.63,90,1218,552,121.0252,48.72,0.04528985507246377,0
17849,37,8,1063.76,24,224,454,132.97,28.0,0.01762114537444934,1
17850,191,155,56600.08,100,22785,554,365.1618064516129,147.0,0.27978339350180503,1
17851,241,6,1552.35,185,933,555,258.72499999999997,155.5,0.010810810810810811,1
17852,208,3,543.47,62,319,550,181.15666666666667,106.33333333333333,0.005454545454545455,0
17853,226,3,1596.29,84,625,555,532.0966666666667,208.33333333333334,0.005405405405405406,1
17854,4,6,1068.5,113,607,551,178.08333333333334,101.16666666666667,0.010889292196007259,1
17855,192,1,417.94,17,394,192,417.94,394.0,0.005208333333333333,1
17856,52,3,1142.63,6,577,101,380.8766666666667,192.33333333333334,0.0297029702970297,0
17857,26,10,10587.04,12,7920,461,1058.7040000000002,792.0,0.021691973969631236,0
17858,80,24,10219.04,106,4904,552,425.79333333333335,204.33333333333334,0.043478260869565216,0
17859,124,1,141.92000000000002,23,102,124,141.92000000000002,102.0,0.008064516129032258,1
17860,188,4,943.84,127,789,547,235.96,197.25,0.007312614259597806,1
17861,72,12,3448.39,224,2913,549,287.36583333333334,242.75,0.02185792349726776,0
17862,143,4,1254.89,90,440,382,313.7225,110.0,0.010471204188481676,1
17863,74,9,3957.1,100,3432,472,439.67777777777775,381.3333333333333,0.019067796610169493,0
17864,95,3,522.57,57,656,247,174.19000000000003,218.66666666666666,0.012145748987854251,0
17865,24,33,19947.53,326,9573,558,604.470606060606,290.09090909090907,0.05913978494623656,0
17866,304,2,805.3000000000001,15,361,544,402.65000000000003,180.5,0.003676470588235294,0
17867,22,10,1006.9000000000001,61,421,556,100.69000000000001,42.1,0.017985611510791366,0
17868,205,1,227.15,18,85,205,227.15,85.0,0.004878048780487805,1
17869,34,5,910.74,65,536,366,182.148,107.2,0.01366120218579235,0
17870,186,2,1540.1999999999998,2,604,201,770.0999999999999,302.0,0.009950248756218905,0
17871,24,5,1068.95,64,665,512,213.79000000000002,133.0,0.009765625,1
17872,201,1,235.87,15,176,201,235.87,176.0,0.004975124378109453,1
17873,3,17,6068.860000000001,63,4155,542,356.99176470588236,244.41176470588235,0.03136531365313653,0
17874,4,6,683.46,37,221,75,113.91000000000001,36.833333333333336,0.08,1
17875,507,1,167.1,25,98,507,167.1,98.0,0.0019723865877712033,1
17876,219,3,3424.02,3,1958,494,1141.34,652.6666666666666,0.006072874493927126,1
17878,214,2,999.48,56,613,214,499.74,306.5,0.009345794392523364,0
17880,184,3,824.9200000000001,43,466,549,274.97333333333336,155.33333333333334,0.00546448087431694,1
17881,123,1,133.35000000000002,8,32,123,133.35000000000002,32.0,0.008130081300813009,1
17882,198,2,291.56,47,130,198,145.78,65.0,0.010101010101010102,1
17883,65,4,443.43,46,150,471,110.8575,37.5,0.008492569002123142,0
17884,131,19,2911.46,286,2708,554,153.23473684210526,142.52631578947367,0.03429602888086643,0
17886,30,5,1080.98,91,460,409,216.196,92.0,0.012224938875305624,0
17888,31,20,1260.17,107,752,537,63.008500000000005,37.6,0.037243947858473,0
17889,31,7,746.42,97,403,438,106.63142857142857,57.57142857142857,0.01598173515981735,1
17890,142,2,586.89,88,402,180,293.445,201.0,0.011111111111111112,1
17893,44,1,107.21,15,149,44,107.21,149.0,0.022727272727272728,1
17894,104,16,2158.9700000000003,186,891,288,134.93562500000002,55.6875,0.05555555555555555,0
17897,186,8,2332.57,174,936,395,291.57125,117.0,0.020253164556962026,0
17898,26,3,246.96,41,185,386,82.32000000000001,61.666666666666664,0.007772020725388601,0
17900,9,2,112.19999999999999,4,73,9,56.099999999999994,36.5,0.2222222222222222,1
17901,341,2,149.7,3,14,341,74.85,7.0,0.005865102639296188,0
17902,366,1,216.39999999999998,24,526,366,216.39999999999998,526.0,0.00273224043715847,1
17903,213,1,381.09000000000003,44,142,213,381.09000000000003,142.0,0.004694835680751174,1
17905,171,11,1962.78,122,1110,499,178.43454545454546,100.9090909090909,0.022044088176352707,0
17906,66,1,72.9,12,26,66,72.9,26.0,0.015151515151515152,1
17907,460,1,291.76,13,1046,460,291.76,1046.0,0.002173913043478261,1
17908,193,5,1374.5,178,839,545,274.9,167.8,0.009174311926605505,1
17909,556,1,110.05,8,35,556,110.05,35.0,0.0017985611510791368,1
17910,545,1,261.7,25,121,545,261.7,121.0,0.001834862385321101,1
17912,129,6,371.6,47,210,194,61.93333333333334,35.0,0.030927835051546393,1
17913,175,13,3234.4900000000002,212,1527,555,248.80692307692308,117.46153846153847,0.023423423423423424,0
17915,370,1,225.78,27,184,370,225.78,184.0,0.002702702702702703,1
17916,448,2,43.87,15,90,552,21.935,45.0,0.0036231884057971015,1
17917,75,2,226.71,57,130,182,113.355,65.0,0.01098901098901099,0
17918,320,3,388.44,33,351,324,129.48,117.0,0.009259259259259259,1
17919,258,1,536.28,17,696,258,536.28,696.0,0.003875968992248062,0
17920,19,42,21626.08,477,11083,553,514.9066666666668,263.8809523809524,0.0759493670886076,0
17921,85,7,1852.2,172,703,331,264.6,100.42857142857143,0.021148036253776436,0
17922,362,1,170.4,8,49,362,170.4,49.0,0.0027624309392265192,1
17923,101,3,497.0,2,140,363,165.66666666666666,46.666666666666664,0.008264462809917356,1
17924,121,3,1076.4,3,216,234,358.8,72.0,0.01282051282051282,0
17925,192,1,488.16,1,144,192,488.16,144.0,0.005208333333333333,1
17926,23,4,849.9300000000001,21,400,398,212.48250000000002,100.0,0.010050251256281407,0
17927,541,1,294.0,10,108,541,294.0,108.0,0.0018484288354898336,1
17928,65,2,206.96,21,128,390,103.48,64.0,0.005128205128205128,0
17929,74,10,2674.1,5,386,550,267.40999999999997,38.6,0.01818181818181818,0
17930,58,9,2925.34,25,2373,465,325.0377777777778,263.6666666666667,0.01935483870967742,0
17931,75,13,3291.08,265,1834,480,253.16,141.07692307692307,0.027083333333333334,0
17932,30,1,589.01,42,391,30,589.01,391.0,0.03333333333333333,0
17933,451,1,105.99,11,57,451,105.99,57.0,0.0022172949002217295,1
17934,226,1,344.90000000000003,20,150,226,344.90000000000003,150.0,0.004424778761061947,0
17935,220,5,540.35,33,162,554,108.07000000000001,32.4,0.009025270758122744,0
17937,77,4,3327.48,19,1248,181,831.87,312.0,0.022099447513812154,0
17938,239,1,144.29,29,53,239,144.29,53.0,0.0041841004184100415,1
17940,37,9,27745.08,9,82736,556,3082.786666666667,9192.888888888889,0.01618705035971223,0
17941,410,3,1128.72,3,856,521,376.24,285.3333333333333,0.005758157389635317,0
17944,242,1,74.99,24,84,242,74.99,84.0,0.004132231404958678,1
17945,516,3,359.5,65,243,516,119.83333333333333,81.0,0.005813953488372093,1
17946,52,2,149.57999999999998,18,75,78,74.78999999999999,37.5,0.02564102564102564,1
17949,8,87,61749.0,37,33446,557,709.7586206896551,384.4367816091954,0.1561938958707361,0
17950,184,6,1210.43,110,665,523,201.73833333333334,110.83333333333333,0.011472275334608031,0
17951,177,3,1037.0400000000002,15,502,223,345.68000000000006,167.33333333333334,0.013452914798206279,0
17952,197,4,788.46,85,477,361,197.115,119.25,0.0110803324099723,1
17953,359,1,148.67000000000002,19,73,359,148.67000000000002,73.0,0.002785515320334262,1
17954,4,15,3132.82,384,2577,549,208.85466666666667,171.8,0.0273224043715847,0
17955,18,6,949.9,16,681,484,158.31666666666666,113.5,0.012396694214876033,1
17956,68,1,12.75,1,1,68,12.75,1.0,0.014705882352941176,1
17958,547,1,465.42,29,200,547,465.42,200.0,0.0018281535648994515,0
17959,411,1,140.75,2,49,411,140.75,49.0,0.0024330900243309003,1
17960,342,2,61.300000000000004,11,19,461,30.650000000000002,9.5,0.004338394793926247,0
17961,2,82,2598.6,437,1290,557,31.690243902439022,15.731707317073171,0.14721723518850988,0
17962,368,3,563.5,125,505,514,187.83333333333334,168.33333333333334,0.005836575875486381,0
17963,290,4,643.16,98,341,508,160.79,85.25,0.007874015748031496,1
17964,191,1,523.52,35,390,191,523.52,390.0,0.005235602094240838,0
17965,72,21,5878.04,476,3591,544,279.90666666666664,171.0,0.03860294117647059,0
17966,4,7,1148.99,39,2022,509,164.14142857142858,288.85714285714283,0.0137524557956778,0
17967,191,2,335.69,59,184,235,167.845,92.0,0.00851063829787234,1
17968,193,4,855.54,106,503,331,213.885,125.75,0.012084592145015106,1
17969,180,19,2251.29,108,993,552,118.48894736842105,52.26315789473684,0.034420289855072464,0
17970,30,1,562.79,27,513,30,562.79,513.0,0.03333333333333333,1
17971,367,1,161.94,21,62,367,161.94,62.0,0.0027247956403269754,1
17972,61,1,135.19,30,36,61,135.19,36.0,0.01639344262295082,1
17974,39,4,1199.17,177,774,226,299.7925,193.5,0.017699115044247787,0
17975,12,18,5304.04,153,1592,310,294.6688888888889,88.44444444444444,0.05806451612903226,0
17976,191,1,643.58,56,186,191,643.58,186.0,0.005235602094240838,1
17977,219,1,1223.31,83,1606,219,1223.31,1606.0,0.0045662100456621,0
17978,184,4,1460.9099999999999,62,1796,550,365.22749999999996,449.0,0.007272727272727273,1
17979,79,2,231.67,53,79,79,115.835,39.5,0.02531645569620253,0
17980,23,3,764.02,40,545,212,254.67333333333332,181.66666666666666,0.014150943396226415,0
17981,230,1,239.12,17,260,230,239.12,260.0,0.004347826086956522,1
17982,500,1,138.18,13,117,500,138.18,117.0,0.002,1
17983,214,1,171.71,23,108,214,171.71,108.0,0.004672897196261682,1
17984,211,4,996.01,164,840,558,249.0025,210.0,0.007168458781362007,0
17987,4,5,965.4399999999999,139,981,370,193.088,196.2,0.013513513513513514,1
17988,146,7,349.56,91,150,551,49.93714285714286,21.428571428571427,0.012704174228675136,0
17989,198,1,207.32999999999998,26,300,198,207.32999999999998,300.0,0.005050505050505051,1
17990,56,6,1527.6100000000001,40,777,551,254.6016666666667,129.5,0.010889292196007259,1
17991,44,3,298.65,36,92,411,99.55,30.666666666666668,0.0072992700729927005,1
17992,208,1,252.88,49,130,208,252.88,130.0,0.004807692307692308,1
17993,436,1,225.99,60,108,436,225.99,108.0,0.0022935779816513763,1
17994,9,10,2143.32,225,2051,440,214.33200000000002,205.1,0.022727272727272728,0
17995,101,3,495.48,28,263,206,165.16,87.66666666666667,0.014563106796116505,1
17996,199,3,469.73,62,527,366,156.57666666666668,175.66666666666666,0.00819672131147541,1
17998,199,3,639.24,57,561,557,213.08,187.0,0.005385996409335727,1
17999,185,2,528.75,77,255,197,264.375,127.5,0.01015228426395939,0
18000,383,1,124.25,6,109,383,124.25,109.0,0.0026109660574412533,1
18001,269,4,509.01,69,512,556,127.2525,128.0,0.007194244604316547,0
18002,195,4,237.62,51,70,551,59.405,17.5,0.007259528130671506,1
18003,195,1,353.51,23,297,195,353.51,297.0,0.005128205128205128,1
18004,181,1,157.92,32,75,181,157.92,75.0,0.0055248618784530384,1
18006,201,3,524.83,36,175,542,174.94333333333336,58.333333333333336,0.005535055350553505,0
18007,212,1,215.22,46,246,212,215.22,246.0,0.0047169811320754715,1
18008,22,21,19708.3,75,7761,522,938.4904761904761,369.57142857142856,0.040229885057471264,0
18009,54,8,2144.23,145,651,472,268.02875,81.375,0.01694915254237288,1
18010,76,1,174.8,14,60,76,174.8,60.0,0.013157894736842105,1
18011,192,2,513.58,63,196,386,256.79,98.0,0.0051813471502590676,1
18012,542,1,115.3,13,63,542,115.3,63.0,0.0018450184501845018,1
18016,5,5,959.76,79,385,500,191.952,77.0,0.01,0
18017,129,2,330.0,1,200,250,165.0,100.0,0.008,0
18018,18,3,213.3,16,134,240,71.10000000000001,44.666666666666664,0.0125,0
18020,363,1,190.48000000000002,12,67,363,190.48000000000002,67.0,0.0027548209366391185,1
18021,329,2,216.41,32,168,331,108.205,84.0,0.006042296072507553,1
18022,204,4,893.9,202,605,365,223.475,151.25,0.010958904109589041,0
18025,199,6,1177.72,83,1053,438,196.28666666666666,175.5,0.0136986301369863,1
18026,320,2,2074.07,12,530,324,1037.035,265.0,0.006172839506172839,1
18028,402,1,192.05,4,133,402,192.05,133.0,0.0024875621890547263,1
18029,461,1,433.77,18,253,461,433.77,253.0,0.0021691973969631237,1
18031,198,1,451.3,49,298,198,451.3,298.0,0.005050505050505051,1
18032,153,1,73.5,5,42,153,73.5,42.0,0.006535947712418301,1
18034,195,1,334.67,96,391,195,334.67,391.0,0.005128205128205128,0
18035,204,2,546.34,8,550,204,273.17,275.0,0.00980392156862745,0
18036,65,9,1252.32,199,591,541,139.14666666666665,65.66666666666667,0.0166358595194085,0
18037,44,14,158.22,30,35,557,11.301428571428572,2.5,0.025134649910233394,0
18038,375,1,141.48,25,80,375,141.48,80.0,0.0026666666666666666,1
18039,193,4,548.22,137,555,460,137.055,138.75,0.008695652173913044,1
18040,65,1,239.0,12,96,65,239.0,96.0,0.015384615384615385,0
18041,2,31,7192.9,346,6570,514,232.02903225806452,211.93548387096774,0.06031128404669261,0
18042,361,1,116.1,9,36,361,116.1,36.0,0.002770083102493075,0
18043,26,2,709.5,87,386,186,354.75,193.0,0.010752688172043012,0
18044,17,14,2300.22,103,1074,379,164.30142857142854,76.71428571428571,0.036939313984168866,0
18046,469,1,189.63,26,44,469,189.63,44.0,0.0021321961620469083,1
18047,200,2,326.09,74,130,200,163.045,65.0,0.01,1
18048,22,3,394.93,56,256,312,131.64333333333335,85.33333333333333,0.009615384615384616,1
18049,256,2,500.5,81,400,409,250.25,200.0,0.004889975550122249,1
18050,178,2,412.06,22,250,212,206.03,125.0,0.009433962264150943,1
18051,453,7,2282.28,41,1661,550,326.04,237.28571428571428,0.012727272727272728,1
18052,384,1,10877.18,16,17766,384,10877.18,17766.0,0.0026041666666666665,1
18053,345,2,271.05,12,107,347,135.525,53.5,0.005763688760806916,0
18054,212,1,176.5,11,96,212,176.5,96.0,0.0047169811320754715,1
18055,23,10,7744.31,227,2489,232,774.431,248.9,0.04310344827586207,0
18056,107,2,554.6,28,334,438,277.3,167.0,0.0045662100456621,1
18057,212,3,1168.14,120,930,510,389.38000000000005,310.0,0.0058823529411764705,1
18058,360,2,603.9,11,306,487,301.95,153.0,0.004106776180698152,0
18060,227,2,1185.46,74,902,384,592.73,451.0,0.005208333333333333,1
18061,1,24,5707.93,26,3383,555,237.83041666666668,140.95833333333334,0.043243243243243246,0
18062,40,5,1398.07,43,791,417,279.614,158.2,0.011990407673860911,0
18063,210,2,186.60000000000002,2,48,452,93.30000000000001,24.0,0.004424778761061947,1
18064,54,10,4075.83,48,2461,495,407.58299999999997,246.1,0.020202020202020204,0
18065,3,22,4865.95,162,1828,549,221.17954545454543,83.0909090909091,0.04007285974499089,0
18066,206,2,1122.4,35,427,235,561.2,213.5,0.00851063829787234,0
18068,108,1,101.69999999999999,1,6,108,101.69999999999999,6.0,0.009259259259259259,1
18069,54,8,3113.79,464,2317,468,389.22375,289.625,0.017094017094017096,0
18070,488,1,314.1,9,86,488,314.1,86.0,0.0020491803278688526,1
18071,77,6,1428.63,52,835,554,238.10500000000002,139.16666666666666,0.010830324909747292,1
18072,5,1,247.44,18,288,5,247.44,288.0,0.2,1
18073,4,3,504.24,6,420,16,168.08,140.0,0.1875,0
18074,193,2,1509.04,37,551,325,754.52,275.5,0.006153846153846154,1
18075,23,16,4442.26,139,2469,318,277.64125,154.3125,0.050314465408805034,0
18076,199,1,151.49,8,164,199,151.49,164.0,0.005025125628140704,1
18077,46,11,2578.63,95,2027,552,234.4209090909091,184.27272727272728,0.019927536231884056,0
18078,36,4,725.53,65,370,447,181.3825,92.5,0.008948545861297539,1
18079,58,2,2203.61,38,5226,311,1101.805,2613.0,0.006430868167202572,0
18080,62,1,841.4999999999999,1,330,62,841.4999999999999,330.0,0.016129032258064516,0
18083,217,1,463.53,36,268,217,463.53,268.0,0.004608294930875576,1
18084,202,2,704.75,6,443,208,352.375,221.5,0.009615384615384616,0
18085,149,4,1645.75,42,585,448,411.4375,146.25,0.008928571428571428,1
18086,93,1,101.34,7,106,93,101.34,106.0,0.010752688172043012,1
18087,110,16,13908.72,43,7774,558,869.295,485.875,0.02867383512544803,1
18089,266,1,428.45,9,95,266,428.45,95.0,0.0037593984962406013,1
18090,241,1,321.9,47,307,241,321.9,307.0,0.004149377593360996,1
18091,412,1,360.85,25,539,412,360.85,539.0,0.0024271844660194173,1
18092,4,14,11781.220000000001,33,6986,555,841.5157142857144,499.0,0.025225225225225224,0
18093,117,6,3463.71,36,2761,438,577.285,460.1666666666667,0.0136986301369863,0
18094,38,9,5151.42,46,3550,521,572.38,394.44444444444446,0.01727447216890595,0
18095,132,5,2303.09,37,1623,418,460.61800000000005,324.6,0.011961722488038277,1
18096,261,3,789.1,153,592,332,263.03333333333336,197.33333333333334,0.009036144578313253,0
18097,24,8,3422.08,77,2140,542,427.76,267.5,0.014760147601476014,0
18098,215,1,527.94,85,215,215,527.94,215.0,0.004651162790697674,1
18100,369,1,451.56,30,440,369,451.56,440.0,0.0027100271002710027,1
18101,193,3,399.61,62,160,493,133.20333333333335,53.333333333333336,0.006085192697768763,0
18102,2,102,441293.98,310,145185,558,4326.411568627451,1423.3823529411766,0.1827956989247312,0
18103,368,1,105.8,10,23,368,105.8,23.0,0.002717391304347826,1
18106,149,6,1441.06,126,506,513,240.17666666666665,84.33333333333333,0.011695906432748537,1
18107,261,1,165.88,38,65,261,165.88,65.0,0.0038314176245210726,1
18108,73,3,848.8100000000001,43,261,557,282.93666666666667,87.0,0.005385996409335727,1
18109,0,24,4717.25,186,2003,346,196.55208333333334,83.45833333333333,0.06936416184971098,0
18110,230,1,193.48000000000002,29,97,230,193.48000000000002,97.0,0.004347826086956522,0
18111,408,1,405.85,27,232,408,405.85,232.0,0.0024509803921568627,1
18112,237,2,420.67,34,188,371,210.335,94.0,0.005390835579514825,0
18113,188,1,152.64000000000001,1,144,188,152.64000000000001,144.0,0.005319148936170213,1
18114,109,1,220.1,28,55,109,220.1,55.0,0.009174311926605505,1
18115,517,1,9.700000000000001,3,3,517,9.700000000000001,3.0,0.0019342359767891683,1
18116,53,12,1967.33,303,1079,230,163.94416666666666,89.91666666666667,0.05217391304347826,0
18118,6,18,4568.99,346,2255,200,253.83277777777778,125.27777777777777,0.09,0
18119,187,1,361.4,29,248,187,361.4,248.0,0.0053475935828877,1
18120,33,1,111.15,17,31,33,111.15,31.0,0.030303030303030304,1
18123,333,1,92.2,22,34,333,92.2,34.0,0.003003003003003003,0
18124,291,1,102.65,20,47,291,102.65,47.0,0.003436426116838488,1
18125,21,3,933.9,146,691,135,311.3,230.33333333333334,0.022222222222222223,0
18127,222,1,209.05,21,63,222,209.05,63.0,0.0045045045045045045,0
18128,356,1,399.29,42,216,356,399.29,216.0,0.0028089887640449437,1
18129,62,1,112.55000000000001,13,48,62,112.55000000000001,48.0,0.016129032258064516,1
18131,451,1,222.95999999999998,4,552,451,222.95999999999998,552.0,0.0022172949002217295,1
18132,323,1,220.13,60,212,323,220.13,212.0,0.0030959752321981426,1
18133,31,1,931.4999999999999,1,1350,31,931.4999999999999,1350.0,0.03225806451612903,1
18134,417,2,445.0,27,128,514,222.5,64.0,0.0038910505836575876,1
18135,9,6,677.53,21,492,453,112.92166666666667,82.0,0.013245033112582781,0
18136,31,4,1447.88,73,776,270,361.97,194.0,0.014814814814814815,0
18137,370,2,145.99,26,59,370,72.995,29.5,0.005405405405405406,1
18138,114,1,152.65,8,38,114,152.65,38.0,0.008771929824561403,1
18140,293,1,536.41,49,395,293,536.41,395.0,0.0034129692832764505,1
18141,221,2,882.47,38,433,408,441.235,216.5,0.004901960784313725,1
18142,35,1,282.48,9,292,35,282.48,292.0,0.02857142857142857,0
18144,31,14,3774.9,49,1679,542,269.6357142857143,119.92857142857143,0.025830258302583026,0
18145,24,9,3771.97,158,3342,551,419.10777777777776,371.3333333333333,0.016333938294010888,0
18146,39,1,76.65,4,27,39,76.65,27.0,0.02564102564102564,0
18148,466,1,112.85000000000001,9,63,466,112.85000000000001,63.0,0.002145922746781116,1
18149,35,6,1491.56,54,839,455,248.59333333333333,139.83333333333334,0.013186813186813187,0
18150,21,1,227.57999999999998,14,140,21,227.57999999999998,140.0,0.047619047619047616,0
18151,109,5,1538.64,78,742,465,307.728,148.4,0.010752688172043012,0
18152,465,1,426.69,10,75,465,426.69,75.0,0.002150537634408602,1
18153,478,1,246.22,17,200,478,246.22,200.0,0.0020920502092050207,1
18154,208,3,533.41,22,371,310,177.8033333333333,123.66666666666667,0.00967741935483871,0
18155,111,1,113.93,8,91,111,113.93,91.0,0.009009009009009009,0
18156,189,1,373.76,50,136,189,373.76,136.0,0.005291005291005291,0
18157,390,1,213.9,25,145,390,213.9,145.0,0.002564102564102564,1
18159,120,1,530.15,23,139,120,530.15,139.0,0.008333333333333333,1
18160,19,2,684.37,41,372,205,342.185,186.0,0.00975609756097561,0
18161,72,3,730.73,31,470,198,243.57666666666668,156.66666666666666,0.015151515151515152,0
18162,551,1,371.51,45,332,551,371.51,332.0,0.0018148820326678765,1
18163,403,1,728.84,33,452,403,728.84,452.0,0.0024813895781637717,1
18166,443,1,175.5,10,90,443,175.5,90.0,0.002257336343115124,1
18168,23,15,3583.65,209,2045,555,238.91,136.33333333333334,0.02702702702702703,0
18170,36,7,2201.9,50,894,519,314.5571428571429,127.71428571428571,0.01348747591522158,0
18171,58,6,1670.59,58,677,523,278.4316666666667,112.83333333333333,0.011472275334608031,0
18172,30,39,13625.72,151,5635,548,349.3774358974359,144.48717948717947,0.07116788321167883,0
18173,18,4,2318.36,31,1538,432,579.59,384.5,0.009259259259259259,0
18174,423,1,58.5,1,30,423,58.5,30.0,0.002364066193853428,0
18175,495,1,176.1,7,70,495,176.1,70.0,0.00202020202020202,1
18176,177,1,476.35,30,283,177,476.35,283.0,0.005649717514124294,1
18177,23,7,1588.55,57,891,543,226.93571428571428,127.28571428571429,0.01289134438305709,0
18178,39,10,5612.87,190,3563,478,561.287,356.3,0.02092050209205021,0
18179,71,6,1857.54,70,1180,482,309.59,196.66666666666666,0.012448132780082987,0
18181,219,4,821.49,119,377,554,205.3725,94.25,0.007220216606498195,0
18182,282,1,291.13,10,167,282,291.13,167.0,0.0035460992907801418,1
18183,46,2,632.07,36,371,94,316.035,185.5,0.02127659574468085,1
18185,68,1,304.25,17,183,68,304.25,183.0,0.014705882352941176,1
18186,542,1,329.58,11,338,542,329.58,338.0,0.0018450184501845018,1
18187,451,1,724.89,48,310,451,724.89,310.0,0.0022172949002217295,1
18188,109,4,1706.15,65,884,443,426.5375,221.0,0.009029345372460496,0
18189,87,2,946.59,54,622,445,473.295,311.0,0.0044943820224719105,0
18190,11,5,745.62,34,490,537,149.124,98.0,0.00931098696461825,1
18191,81,2,529.4,15,332,296,264.7,166.0,0.006756756756756757,1
18193,200,2,963.59,50,802,261,481.795,401.0,0.007662835249042145,0
18194,257,5,3188.2000000000003,16,1142,499,637.6400000000001,228.4,0.01002004008016032,0
18195,206,1,101.16,5,60,206,101.16,60.0,0.0048543689320388345,1
18196,109,3,1219.42,159,842,451,406.47333333333336,280.6666666666667,0.0066518847006651885,0
18197,395,1,230.1,9,166,395,230.1,166.0,0.002531645569620253,1
18198,7,11,3500.7900000000004,48,2909,155,318.2536363636364,264.45454545454544,0.07096774193548387,0
18199,503,1,344.75,20,99,503,344.75,99.0,0.0019880715705765406,1
18201,542,1,447.53000000000003,27,191,542,447.53000000000003,191.0,0.0018450184501845018,1
18202,19,3,1396.99,55,581,130,465.66333333333336,193.66666666666666,0.023076923076923078,1
18203,201,3,322.1,29,66,550,107.36666666666667,22.0,0.005454545454545455,0
18204,11,1,540.98,84,387,11,540.98,387.0,0.09090909090909091,0
18206,372,1,314.65999999999997,19,246,372,314.65999999999997,246.0,0.002688172043010753,1
18207,318,1,544.47,31,325,318,544.47,325.0,0.0031446540880503146,1
18208,385,1,360.08,17,82,385,360.08,82.0,0.0025974025974025974,1
18210,86,2,289.85,14,163,202,144.925,81.5,0.009900990099009901,0
18211,98,1,137.9,8,56,98,137.9,56.0,0.01020408163265306,0
18212,145,2,514.37,40,158,496,257.185,79.0,0.004032258064516129,1
18213,56,1,232.48000000000002,15,232,56,232.48000000000002,232.0,0.017857142857142856,1
18214,350,4,1780.34,38,989,373,445.085,247.25,0.010723860589812333,1
18215,256,4,1933.15,49,1013,442,483.2875,253.25,0.00904977375565611,0
18217,333,2,323.29,7,249,345,161.645,124.5,0.005797101449275362,0
18218,30,4,1121.84,25,1028,479,280.46,257.0,0.008350730688935281,1
18219,34,12,2405.43,71,1163,551,200.4525,96.91666666666667,0.021778584392014518,0
18220,46,6,1921.76,17,1352,544,320.29333333333335,225.33333333333334,0.011029411764705883,1
18221,4,3,920.34,43,510,209,306.78000000000003,170.0,0.014354066985645933,0
18223,25,19,10273.79,159,4952,555,540.7257894736842,260.63157894736844,0.03423423423423423,0
18224,83,1,158.95000000000002,10,69,83,158.95000000000002,69.0,0.012048192771084338,1
18225,23,19,9207.91,217,4998,554,484.62684210526317,263.05263157894734,0.03429602888086643,0
18226,5,21,9251.17,254,6260,464,440.53190476190474,298.0952380952381,0.04525862068965517,0
18227,37,2,388.75,6,22,303,194.375,11.0,0.006600660066006601,1
18229,3,17,6736.71,54,1497,555,396.2770588235294,88.05882352941177,0.03063063063063063,0
18230,26,5,2735.1600000000003,42,1342,345,547.032,268.4,0.014492753623188406,0
18231,11,28,6848.27,217,2913,518,244.58107142857145,104.03571428571429,0.05405405405405406,1
18232,12,2,370.98,24,170,16,185.49,85.0,0.125,0
18233,145,1,440.0,1,4,145,440.0,4.0,0.006896551724137931,1
18234,371,1,179.6,30,80,371,179.6,80.0,0.0026954177897574125,1
18235,36,1,430.46000000000004,29,332,36,430.46000000000004,332.0,0.027777777777777776,0
18236,5,8,1217.6100000000001,59,411,422,152.20125000000002,51.375,0.018957345971563982,0
18238,334,1,270.92,14,114,334,270.92,114.0,0.0029940119760479044,1
18239,38,6,2150.36,85,1052,242,358.3933333333334,175.33333333333334,0.024793388429752067,1
18241,37,5,1279.73,66,661,437,255.946,132.2,0.011441647597254004,0
18242,15,6,2066.8,68,1412,517,344.4666666666667,235.33333333333334,0.01160541586073501,0
18243,233,1,515.78,26,221,233,515.78,221.0,0.004291845493562232,1
18244,250,2,568.64,19,856,322,284.32,428.0,0.006211180124223602,1
18245,31,17,5064.21,275,4333,460,297.8947058823529,254.88235294117646,0.03695652173913044,0
18246,52,2,395.62,2,118,429,197.81,59.0,0.004662004662004662,0
18247,234,3,839.73,28,335,450,279.91,111.66666666666667,0.006666666666666667,1
18248,5,1,496.46000000000004,28,242,5,496.46000000000004,242.0,0.2,0
18250,129,1,349.27,21,199,129,349.27,199.0,0.007751937984496124,1
18251,264,8,21964.14,77,31815,537,2745.5175,3976.875,0.0148975791433892,0
18252,368,5,1015.42,35,698,540,203.084,139.6,0.009259259259259259,0
18253,462,1,317.88,7,128,462,317.88,128.0,0.0021645021645021645,1
18254,400,1,267.9,16,188,400,267.9,188.0,0.0025,1
18255,275,1,199.85,13,127,275,199.85,127.0,0.0036363636363636364,0
18256,207,1,110.7,10,180,207,110.7,180.0,0.004830917874396135,1
18257,26,7,2968.72,161,1643,478,424.1028571428571,234.71428571428572,0.014644351464435146,0
18258,283,6,2059.67,30,1981,392,343.27833333333336,330.1666666666667,0.015306122448979591,1
18259,185,5,2355.9,36,792,551,471.18,158.4,0.009074410163339383,0
18260,25,22,9520.130000000001,205,5067,543,432.7331818181819,230.3181818181818,0.040515653775322284,0
18262,212,2,428.06,27,370,422,214.03,185.0,0.004739336492890996,0
18263,72,1,307.59999999999997,15,328,72,307.59999999999997,328.0,0.013888888888888888,0
18264,318,1,603.25,36,241,318,603.25,241.0,0.0031446540880503146,1
18266,253,1,251.1,14,138,253,251.1,138.0,0.003952569169960474,1
18267,492,1,269.37,17,135,492,269.37,135.0,0.0020325203252032522,1
18268,410,5,1464.73,36,709,548,292.946,141.8,0.009124087591240875,0
18269,185,1,337.2,7,152,185,337.2,152.0,0.005405405405405406,1
18270,86,2,273.35,11,149,252,136.675,74.5,0.007936507936507936,0
18271,429,2,680.85,19,319,551,340.425,159.5,0.003629764065335753,1
18272,44,5,2287.94,94,1618,464,457.588,323.6,0.010775862068965518,0
18273,77,2,204.0,1,80,410,102.0,40.0,0.004878048780487805,0
18275,397,2,741.85,19,417,550,370.925,208.5,0.0036363636363636364,1
18276,212,5,1320.66,69,1060,548,264.132,212.0,0.009124087591240875,0
18277,216,4,1069.67,48,381,314,267.4175,95.25,0.012738853503184714,0
18278,224,1,240.3,15,74,224,240.3,74.0,0.004464285714285714,0
18279,338,1,231.33999999999997,13,630,338,231.33999999999997,630.0,0.0029585798816568047,1
18280,97,2,488.15000000000003,28,194,213,244.07500000000002,97.0,0.009389671361502348,1
18281,0,2,201.14,17,146,397,100.57,73.0,0.005037783375314861,1
18283,20,11,1132.94,239,647,477,102.99454545454546,58.81818181818182,0.023060796645702306,0
18284,251,1,411.68,27,493,251,411.68,493.0,0.00398406374501992,1
18285,480,1,377.0,11,144,480,377.0,144.0,0.0020833333333333333,1
18286,296,2,1246.43,66,607,543,623.215,303.5,0.003683241252302026,1
18287,21,5,3060.99,92,1914,391,612.198,382.8,0.01278772378516624,0
