Customer ID,Month,Revenue,Orders
12346,2010-03,27.05,1
12346,2010-06,142.31,1
12346,2011-01,77183.6,1
12347,2010-10,611.53,1
12347,2010-12,1423.58,1
12347,2011-01,475.39,1
12347,2011-04,636.25,1
12347,2011-06,382.52,1
12347,2011-08,584.9100000000001,1
12347,2011-10,1294.32,1
12347,2011-12,224.82,1
12348,2010-09,221.16,1
12348,2010-12,652.8,1
12348,2011-01,187.44,1
12348,2011-04,327.0,1
12348,2011-09,270.0,1
12349,2010-04,1068.52,1
12349,2010-10,1152.62,1
12349,2011-11,1457.55,1
12350,2011-02,294.4,1
12351,2010-11,300.93,1
12352,2010-11,343.8,2
12352,2011-02,296.5,1
12352,2011-03,345.01,3
12352,2011-09,512.5,2
12352,2011-11,231.73,1
12353,2010-10,317.76,1
12353,2011-05,89.0,1
12354,2011-04,1079.4,1
12355,2010-05,488.21000000000004,1
12355,2011-05,459.4,1
12356,2010-10,798.44,1
12356,2010-11,2325.86,2
12356,2011-01,1947.62,1
12356,2011-04,481.46000000000004,1
12356,2011-11,58.349999999999994,1
12357,2010-11,11229.99,1
12357,2011-11,6207.67,1
12358,2009-12,1429.83,1
12358,2010-06,268.1,1
12358,2010-11,821.08,1
12358,2011-07,404.86,1
12358,2011-12,523.2,1
12359,2009-12,838.89,2
12359,2010-03,683.34,2
12359,2010-06,489.8,1
12359,2010-10,551.33,1
12359,2011-01,547.5,1
12359,2011-02,1838.9099999999999,1
12359,2011-06,1109.32,1
12359,2011-10,2814.3,1
12360,2010-02,118.00000000000001,1
12360,2010-05,502.03999999999996,1
12360,2010-11,690.79,1
12360,2011-05,923.5799999999999,1
12360,2011-08,454.7,1
12360,2011-10,923.78,1
12361,2010-01,94.19999999999999,1
12361,2010-05,83.15,1
12361,2010-09,99.0,1
12361,2011-02,174.9,1
12362,2011-02,434.09999999999997,1
12362,2011-04,450.24,1
12362,2011-07,273.76,1
12362,2011-08,424.25,1
12362,2011-09,769.99,1
12362,2011-10,1491.91,3
12362,2011-11,417.94,1
12362,2011-12,475.04,1
12363,2011-04,299.1,1
12363,2011-08,252.9,1
12364,2011-08,578.92,1
12364,2011-09,64.8,1
12364,2011-10,269.06,1
12364,2011-12,295.32,1
12365,2011-02,320.69,1
12366,2010-03,500.24,1
12367,2011-12,150.9,1
12368,2010-03,917.6999999999999,1
12369,2010-03,308.32,1
12369,2010-09,1059.48,1
12369,2010-10,143.35,1
12370,2010-02,402.96,1
12370,2010-03,131.66,2
12370,2010-12,1744.27,2
12370,2011-03,938.39,1
12370,2011-10,739.28,1
12371,2010-03,487.68,2
12371,2010-10,1331.74,1
12371,2011-10,1527.96,1
12372,2011-02,363.22,1
12372,2011-05,479.7,1
12372,2011-09,353.12,1
12373,2010-02,357.90000000000003,1
12373,2010-03,245.15,1
12373,2011-02,324.6,1
12374,2010-04,1388.54,1
12374,2010-10,657.75,1
12374,2011-11,622.93,1
12375,2011-09,190.3,1
12375,2011-11,187.20000000000002,1
12376,2010-10,352.55,1
12376,2010-11,30.599999999999998,1
12377,2010-04,1210.96,1
12377,2010-11,507.24,1
12377,2010-12,1001.52,1
12377,2011-01,546.6,1
12378,2010-05,1407.7,1
12378,2011-08,4008.62,1
12379,2010-06,322.48,1
12379,2010-10,370.5,1
12379,2011-06,414.84,1
12379,2011-09,362.40000000000003,1
12380,2010-02,1508.65,1
12380,2010-06,2212.35,2
12380,2010-08,1061.84,1
12380,2011-06,562.5500000000001,1
12380,2011-09,572.01,1
12380,2011-10,396.86,1
12380,2011-11,896.39,1
12381,2011-08,1028.74,1
12381,2011-11,339.06,1
12381,2011-12,107.01,1
12383,2010-12,555.72,1
12383,2011-01,591.16,1
12383,2011-03,285.07,1
12383,2011-04,127.16,1
12383,2011-06,69.45,1
12384,2011-08,212.69,1
12384,2011-11,212.58,1
12385,2010-11,1668.4,1
12386,2010-12,517.8,1
12386,2011-01,143.0,1
12387,2010-10,143.94,1
12388,2010-05,461.62,1
12388,2010-09,658.83,1
12388,2011-01,431.3,1
12388,2011-02,124.05000000000001,1
12388,2011-03,210.9,1
12388,2011-07,902.09,1
12388,2011-09,825.9200000000001,1
12388,2011-11,286.4,1
12389,2010-02,164.85,1
12389,2010-05,398.18,1
12389,2010-11,870.3,1
12390,2011-09,504.84000000000003,1
12391,2010-02,750.49,2
12391,2010-04,1151.7,2
12391,2010-09,382.99,1
12391,2011-11,439.66,1
12392,2010-04,234.75000000000003,1
12393,2010-10,303.8,1
12393,2010-11,513.05,1
12393,2011-01,639.5,2
12393,2011-04,421.6,1
12393,2011-09,521.5,1
12394,2011-05,351.08,1
12394,2011-10,729.4,1
12395,2010-04,1035.44,1
12395,2010-08,233.38,1
12395,2010-10,289.72,1
12395,2010-12,900.02,2
12395,2011-02,216.51,1
12395,2011-03,281.5,1
12395,2011-05,301.79,2
12395,2011-06,148.9,1
12395,2011-08,135.95,1
12395,2011-10,316.68,1
12395,2011-11,691.38,3
12396,2010-02,931.43,1
12397,2011-07,1109.81,1
12397,2011-11,1105.09,1
12398,2011-10,1435.66,1
12399,2010-03,190.98,1
12399,2010-07,318.47,1
12399,2010-11,299.20000000000005,1
12399,2011-03,273.05,1
12399,2011-05,450.90000000000003,1
12399,2011-06,115.08,1
12399,2011-08,194.62,1
12400,2010-10,205.25,1
12401,2011-02,69.3,1
12402,2010-02,176.7,1
12402,2010-04,298.65,1
12402,2010-07,189.9,1
12402,2010-09,135.4,1
12402,2010-11,140.65,1
12402,2011-01,195.6,1
12403,2010-07,555.6600000000001,1
12403,2011-10,391.7,1
12405,2011-07,1390.39,1
12406,2010-01,881.2,1
12406,2010-04,748.0,1
12406,2010-11,1345.8600000000001,1
12406,2011-06,1621.25,1
12406,2011-11,1794.05,1
12407,2011-03,211.3,1
12407,2011-04,239.66,1
12407,2011-07,791.4,2
12407,2011-10,264.76,1
12408,2010-07,179.1,1
12408,2010-09,285.06,1
12408,2010-11,823.06,1
12408,2011-03,762.59,2
12408,2011-06,594.18,1
12408,2011-09,582.28,1
12408,2011-11,679.5,1
12409,2010-05,6802.48,1
12409,2010-06,211.2,1
12409,2010-07,101.88,1
12409,2010-10,5231.0599999999995,1
12409,2011-06,6207.08,1
12409,2011-09,4865.59,2
12410,2010-07,240.38,1
12410,2011-02,533.33,2
12411,2010-10,346.9,1
12412,2010-06,634.88,1
12412,2010-08,451.90999999999997,1
12412,2010-11,175.26,1
12412,2011-06,478.5,1
12412,2011-07,358.24,1
12412,2011-09,306.14,1
12413,2010-11,185.35,1
12413,2011-01,425.25,1
12413,2011-04,84.65,1
12413,2011-10,176.20000000000002,1
12414,2010-09,90.0,1
12414,2011-02,113.75999999999999,1
12414,2011-04,202.8,1
12414,2011-05,125.85,1
12415,2010-06,2326.7400000000002,1
12415,2010-07,336.24,1
12415,2010-10,250.98,1
12415,2010-11,16554.88,1
12415,2011-01,7092.9800000000005,2
12415,2011-02,14022.92,1
12415,2011-03,16726.84,1
12415,2011-05,12691.16,2
12415,2011-06,23426.81,2
12415,2011-07,2955.01,3
12415,2011-08,21880.44,1
12415,2011-09,2941.7200000000003,2
12415,2011-10,16471.77,2
12415,2011-11,6354.88,4
12416,2010-02,202.56,1
12417,2009-12,287.6,2
12417,2010-01,359.55,1
12417,2010-03,418.54,1
12417,2010-04,230.76,1
12417,2010-06,286.25,1
12417,2010-07,166.55,1
12417,2010-09,254.8,1
12417,2010-10,768.26,3
12417,2010-12,261.34,1
12417,2011-01,293.44,1
12417,2011-03,365.0,1
12417,2011-04,352.3,1
12417,2011-06,392.19,1
12417,2011-08,819.25,2
12417,2011-10,417.85,1
12417,2011-12,324.73,1
12418,2010-03,343.94,1
12418,2010-05,535.37,1
12418,2010-10,473.31,1
12418,2011-08,668.58,1
12419,2010-10,238.91000000000003,1
12419,2010-11,152.1,1
12420,2011-10,600.39,1
12421,2010-07,49.8,1
12421,2010-10,185.76,1
12421,2011-01,129.45,1
12421,2011-06,183.35,1
12421,2011-08,175.76,1
12421,2011-11,150.48,1
12422,2009-12,75.0,1
12422,2010-02,662.25,1
12422,2010-04,396.2,1
12422,2010-05,404.44,1
12422,2010-07,227.73,1
12422,2010-09,278.67,1
12422,2010-10,621.55,2
12422,2010-11,289.95,1
12422,2011-01,238.5,1
12422,2011-06,297.36,1
12422,2011-09,147.7,1
12423,2010-08,262.8,1
12423,2010-11,404.28000000000003,1
12423,2010-12,192.93,1
12423,2011-02,177.31,1
12423,2011-03,317.35,1
12423,2011-04,225.36,1
12423,2011-05,303.82,1
12423,2011-06,69.92,1
12423,2011-08,153.98,1
12423,2011-12,193.64000000000001,1
12424,2010-06,446.54,1
12424,2010-10,1132.53,1
12424,2011-06,1760.96,2
12425,2010-09,964.21,1
12425,2011-09,777.2,1
12426,2010-02,690.48,1
12426,2011-05,510.73,1
12427,2010-12,499.0,1
12427,2011-10,246.58,1
12427,2011-11,203.72,1
12428,2011-03,4865.62,4
12428,2011-04,253.72,1
12428,2011-07,472.44,1
12428,2011-08,485.14,1
12428,2011-11,328.34000000000003,1
12429,2010-06,1407.3600000000001,2
12429,2010-09,1046.65,2
12429,2010-12,2275.0,1
12429,2011-04,381.98,1
12429,2011-06,963.4,1
12429,2011-11,905.52,1
12430,2011-10,216.4,1
12431,2010-01,985.27,1
12431,2010-03,394.59,1
12431,2010-05,452.9,2
12431,2010-06,441.5,1
12431,2010-07,844.26,2
12431,2010-08,176.0,1
12431,2010-09,127.0,1
12431,2010-10,365.75,1
12431,2010-12,1064.7,2
12431,2011-01,384.68,1
12431,2011-02,977.65,2
12431,2011-05,947.25,2
12431,2011-07,1107.28,3
12431,2011-08,608.76,1
12431,2011-10,981.44,3
12431,2011-11,601.44,1
12432,2011-06,3316.6600000000003,2
12432,2011-10,1042.66,2
12433,2010-08,152.4,1
12433,2010-09,973.69,1
12433,2010-11,2292.18,1
12433,2010-12,7574.24,2
12433,2011-09,2608.11,1
12433,2011-10,1498.66,1
12433,2011-11,2843.29,1
12433,2011-12,2638.69,2
12434,2010-11,297.29,1
12434,2011-03,286.25,1
12434,2011-09,519.89,1
12435,2009-12,1008.0,1
12435,2010-03,728.88,1
12435,2010-08,1838.32,1
12435,2010-11,2520.84,1
12435,2011-03,3978.9900000000002,1
12435,2011-09,3850.9,1
12436,2011-09,429.01000000000005,1
12437,2009-12,524.28,1
12437,2010-01,537.78,1
12437,2010-02,1651.61,1
12437,2010-03,635.65,2
12437,2010-04,425.9,2
12437,2010-06,689.0600000000001,2
12437,2010-08,205.75,1
12437,2010-09,586.44,4
12437,2010-10,897.11,3
12437,2010-11,681.41,3
12437,2011-01,338.7,1
12437,2011-02,536.26,3
12437,2011-03,129.70999999999998,1
12437,2011-04,191.10000000000002,1
12437,2011-05,563.3199999999999,2
12437,2011-06,447.64,1
12437,2011-09,503.28,3
12437,2011-10,227.46,1
12437,2011-11,1398.04,4
12437,2011-12,111.9,1
12438,2011-07,770.0699999999999,1
12438,2011-11,1696.78,1
12439,2009-12,1066.3600000000001,1
12439,2010-01,76.52000000000001,1
12440,2009-12,488.51,1
12440,2010-09,250.69,1
12441,2010-12,311.1,1
12442,2011-12,144.06,1
12443,2009-12,365.31,1
12444,2011-06,1870.2,1
12444,2011-08,477.07,1
12444,2011-09,482.54,1
12444,2011-10,559.01,1
12444,2011-11,696.64,1
12445,2010-10,301.58000000000004,1
12445,2011-11,77.4,1
12446,2011-10,1002.3100000000001,1
12447,2011-04,431.49,1
12448,2011-10,365.45,1
12449,2010-09,678.6,1
12449,2011-06,768.9300000000001,1
12449,2011-08,687.95,1
12449,2011-09,922.7,1
12449,2011-11,1216.71,1
12450,2010-08,148.42000000000002,1
12450,2010-09,105.6,1
12450,2010-11,236.3,1
12450,2011-06,101.88,1
12450,2011-07,96.0,1
12451,2010-06,2151.27,1
12451,2010-09,1483.09,2
12451,2011-01,2919.5099999999998,1
12451,2011-05,2388.31,1
12451,2011-10,2539.56,1
12451,2011-11,1148.14,2
12452,2011-11,348.57,1
12453,2011-07,707.09,1
12454,2010-10,8832.48,2
12454,2010-11,4098.96,1
12454,2011-10,3528.34,1
12455,2009-12,1636.43,1
12455,2010-03,777.91,1
12455,2010-05,500.61,1
12455,2010-09,468.14,1
12455,2011-02,1683.9,1
12455,2011-06,236.4,1
12455,2011-07,106.5,1
12455,2011-08,50.56,1
12455,2011-09,262.5,1
12456,2011-03,780.17,1
12456,2011-07,1045.23,1
12456,2011-10,755.64,1
12457,2010-09,512.68,1
12457,2011-04,907.25,3
12457,2011-09,939.63,2
12457,2011-10,196.35,1
12458,2010-08,345.61,1
12458,2010-10,369.48,1
12458,2011-02,361.92,1
12458,2011-09,425.48,1
12459,2010-04,398.36,1
12460,2010-09,296.65,1
12461,2011-07,626.88,1
12462,2011-02,594.11,1
12462,2011-11,343.47999999999996,1
12463,2011-04,314.57,1
12463,2011-05,261.38,1
12463,2011-06,301.84000000000003,1
12463,2011-10,322.99,1
12464,2011-02,288.84999999999997,2
12464,2011-05,151.0,2
12464,2011-07,30.599999999999998,1
12464,2011-08,145.1,1
12464,2011-11,341.5,2
12465,2011-06,410.94,1
12465,2011-11,271.25,1
12467,2010-10,132.8,1
12468,2010-01,405.23,1
12468,2010-04,1618.31,1
12468,2010-07,557.66,1
12468,2011-01,184.59,1
12468,2011-06,472.95000000000005,1
12469,2010-06,1956.84,1
12469,2010-07,1113.7,1
12470,2010-01,211.95,1
12471,2009-12,2939.22,7
12471,2010-01,890.35,3
12471,2010-02,783.2,2
12471,2010-03,1158.7,5
12471,2010-04,1573.79,3
12471,2010-05,576.58,1
12471,2010-06,1387.5,5
12471,2010-08,923.0,3
12471,2010-09,1894.26,6
12471,2010-10,2177.65,4
12471,2010-11,3407.0,5
12471,2010-12,3262.96,3
12471,2011-01,663.4499999999999,1
12471,2011-02,1173.7,2
12471,2011-03,734.3199999999999,2
12471,2011-04,620.29,2
12471,2011-05,809.1999999999999,2
12471,2011-07,840.26,2
12471,2011-08,1560.82,3
12471,2011-09,591.76,2
12471,2011-10,2145.38,1
12471,2011-11,2988.0,6
12471,2011-12,1998.51,1
12472,2009-12,1196.43,1
12472,2010-02,921.53,2
12472,2010-03,623.47,2
12472,2010-04,1164.86,2
12472,2010-06,1670.48,1
12472,2010-07,610.58,1
12472,2010-08,812.8,1
12472,2010-09,699.4399999999999,1
12472,2010-11,1203.59,1
12472,2010-12,3046.6,1
12472,2011-01,771.36,1
12472,2011-03,556.18,1
12472,2011-06,1140.66,1
12472,2011-07,558.1,1
12472,2011-10,1268.43,1
12472,2011-11,250.07999999999998,1
12473,2011-06,589.6899999999999,1
12473,2011-08,424.06,1
12473,2011-10,1571.98,1
12474,2010-02,140.7,1
12474,2010-04,821.6899999999999,2
12474,2010-06,77.68,1
12474,2010-07,256.12,1
12474,2010-08,559.3299999999999,1
12474,2010-09,1089.68,2
12474,2010-10,837.78,1
12474,2010-11,833.68,2
12474,2011-01,545.8,3
12474,2011-02,251.58,1
12474,2011-03,973.67,2
12474,2011-05,696.08,2
12474,2011-06,436.01,2
12474,2011-07,651.24,2
12474,2011-09,429.68,1
12474,2011-10,1691.0,3
12474,2011-11,1019.03,2
12475,2010-10,396.26,1
12475,2011-10,669.38,1
12476,2010-07,1105.74,1
12476,2010-09,1364.92,2
12476,2010-10,1445.24,2
12476,2010-11,2505.59,2
12476,2010-12,12.45,1
12476,2011-01,459.58,1
12476,2011-02,142.2,1
12476,2011-04,1213.67,1
12476,2011-05,239.2,1
12476,2011-07,620.57,1
12476,2011-09,461.6,1
12476,2011-10,953.16,2
12476,2011-11,1795.99,2
12477,2010-03,2021.23,1
12477,2010-07,2464.63,1
12477,2010-11,2570.77,1
12477,2011-02,2355.9500000000003,1
12477,2011-04,2221.02,1
12477,2011-08,4257.0599999999995,1
12477,2011-10,2348.02,2
12477,2011-11,2037.69,1
12478,2011-12,545.99,1
12479,2011-11,473.2,1
12480,2010-07,397.9,1
12480,2010-10,904.15,1
12480,2010-11,647.1700000000001,1
12480,2011-01,744.25,1
12480,2011-03,645.02,1
12480,2011-07,503.68,1
12480,2011-11,992.68,1
12481,2010-04,2969.6,1
12481,2010-09,1683.35,1
12481,2010-10,609.88,1
12481,2010-11,766.86,1
12481,2010-12,806.72,2
12481,2011-01,549.09,1
12481,2011-03,760.34,2
12481,2011-05,785.28,2
12481,2011-06,911.21,1
12481,2011-10,1163.76,1
12481,2011-11,168.79999999999998,1
12482,2010-02,6437.76,5
12482,2010-04,11947.2,12
12482,2010-05,3556.7599999999998,10
12483,2010-01,221.70000000000002,1
12483,2010-02,47.400000000000006,1
12483,2010-03,399.4,2
12483,2010-04,201.0,1
12483,2010-06,166.20000000000002,1
12483,2010-09,452.8,2
12483,2010-11,669.7,3
12483,2011-01,347.56,1
12483,2011-04,283.0,1
12483,2011-05,84.10000000000001,2
12483,2011-06,283.95,1
12483,2011-09,291.45,1
12483,2011-10,374.2,1
12483,2011-11,246.72000000000003,1
12484,2010-01,576.15,2
12484,2010-02,45.0,1
12484,2010-07,881.23,1
12484,2010-08,115.4,1
12484,2011-01,1026.67,1
12484,2011-06,941.99,1
12484,2011-08,1241.99,1
12484,2011-11,728.67,1
12485,2010-06,708.1,1
12486,2010-10,917.28,1
12487,2009-12,285.29999999999995,1
12488,2011-09,553.39,1
12488,2011-10,214.06,1
12488,2011-11,477.21000000000004,1
12489,2011-01,298.93,1
12490,2009-12,531.94,1
12490,2010-01,284.26,1
12490,2010-02,480.26,1
12490,2010-03,530.55,2
12490,2010-05,399.15999999999997,1
12490,2010-07,455.0,1
12490,2010-09,398.02,1
12490,2010-10,337.86,1
12490,2010-11,487.66,1
12490,2011-01,774.22,1
12490,2011-05,295.5,1
12490,2011-06,430.06,1
12490,2011-07,376.93,1
12490,2011-08,370.06,1
12490,2011-09,963.82,1
12490,2011-11,1241.04,3
12490,2011-12,408.3,1
12491,2011-11,424.40000000000003,1
12492,2010-11,380.0,1
12492,2011-08,108.39000000000001,1
12492,2011-10,118.82000000000001,1
12493,2011-05,196.5,1
12493,2011-06,183.24,1
12494,2010-05,290.87,1
12494,2010-10,188.3,1
12494,2010-12,84.15,2
12494,2011-02,214.0,1
12494,2011-05,367.09000000000003,1
12494,2011-07,135.22,1
12494,2011-10,196.74,1
12494,2011-11,126.5,1
12495,2010-03,277.4,1
12496,2010-03,45.34,2
12497,2010-03,1049.76,1
12497,2010-11,3993.6400000000003,1
12497,2011-09,953.1,1
12498,2011-10,211.25000000000003,1
12498,2011-11,138.45,2
12499,2010-05,357.72,1
12500,2010-02,619.89,3
12500,2010-03,105.60000000000001,1
12500,2010-04,439.55,1
12500,2010-07,127.50000000000001,1
12500,2010-09,206.85,1
12500,2011-01,326.94,1
12500,2011-02,355.98,1
12500,2011-03,455.28000000000003,2
12500,2011-06,149.64000000000001,1
12500,2011-08,360.0,1
12500,2011-10,1812.94,4
12500,2011-11,599.04,1
12501,2011-01,2025.39,1
12502,2011-02,505.25,1
12502,2011-03,562.8,1
12502,2011-05,410.6,1
12502,2011-08,620.87,1
12502,2011-09,896.35,1
12503,2010-05,896.0,1
12504,2010-04,116.4,1
12504,2010-10,144.60000000000002,1
12504,2011-11,428.04999999999995,2
12505,2010-10,787.2,1
12506,2011-04,73.5,1
12507,2010-05,455.25,1
12507,2011-02,362.16,1
12507,2011-07,690.65,2
12508,2011-11,397.88,2
12509,2011-02,158.5,1
12510,2009-12,323.88,1
12510,2010-01,896.46,1
12510,2010-02,17.0,1
12510,2010-03,345.90000000000003,1
12510,2010-09,641.22,1
12510,2011-01,597.05,1
12510,2011-07,217.52,1
12511,2010-10,3084.02,1
12512,2011-10,132.18,2
12513,2011-08,558.29,1
12514,2010-03,580.08,1
12514,2011-03,1017.68,1
12515,2010-12,278.7,1
12516,2010-04,509.46000000000004,1
12516,2010-10,593.1,1
12516,2011-06,529.2,1
12516,2011-09,656.86,1
12517,2011-06,749.7,1
12517,2011-08,681.75,1
12517,2011-09,381.2,1
12517,2011-11,488.95,1
12518,2011-08,288.83,1
12518,2011-09,470.90000000000003,1
12518,2011-10,345.06,1
12518,2011-11,432.96000000000004,1
12518,2011-12,303.14,1
12519,2010-08,349.7,1
12519,2011-10,276.84,1
12520,2011-03,1107.96,2
12520,2011-05,409.59999999999997,1
12520,2011-07,312.29,1
12520,2011-09,516.41,1
12521,2011-07,545.68,1
12522,2011-10,156.72,2
12523,2009-12,74.56,1
12523,2010-02,483.18,2
12523,2010-03,199.3,1
12523,2010-05,422.43,1
12523,2010-06,244.88,1
12523,2010-07,327.73,2
12523,2010-09,266.59000000000003,1
12523,2010-10,166.58,1
12523,2010-11,125.33,2
12523,2011-01,102.95,1
12523,2011-02,125.4,1
12523,2011-03,115.09,1
12523,2011-04,138.75,1
12523,2011-07,186.75,1
12523,2011-08,258.81,2
12523,2011-09,124.38,1
12523,2011-10,385.22,2
12523,2011-11,262.42,1
12524,2010-02,486.9,1
12524,2010-03,1471.68,2
12524,2010-08,1018.8,1
12524,2010-09,1461.6100000000001,3
12524,2010-10,733.5,1
12524,2010-11,675.9,1
12524,2011-01,283.39,1
12524,2011-02,435.34,1
12524,2011-03,439.44,1
12524,2011-05,1315.21,2
12524,2011-06,271.1,1
12524,2011-10,929.44,1
12524,2011-11,271.79999999999995,1
12525,2010-03,476.43,1
12525,2010-06,147.4,1
12525,2010-07,259.9,1
12526,2011-09,484.3,1
12526,2011-10,447.28000000000003,1
12526,2011-12,241.08,1
12527,2010-06,301.8,1
12527,2010-08,85.0,1
12527,2011-01,114.52000000000001,1
12527,2011-02,152.4,1
12527,2011-09,63.790000000000006,1
12528,2011-01,439.53000000000003,1
12528,2011-03,242.13,1
12528,2011-07,227.71,1
12528,2011-08,180.0,1
12528,2011-10,238.51,1
12528,2011-11,317.6,1
12529,2010-06,316.48,1
12530,2010-03,321.0,1
12530,2010-04,264.54,1
12530,2010-08,473.2,1
12530,2010-09,430.81,1
12530,2010-10,391.43,1
12530,2011-01,333.40000000000003,1
12530,2011-04,381.6,1
12530,2011-08,380.65000000000003,1
12530,2011-10,404.63,1
12531,2010-01,1645.98,1
12531,2011-11,125.22,1
12532,2011-11,313.83000000000004,1
12533,2009-12,821.92,1
12533,2010-03,401.96999999999997,1
12534,2011-08,981.18,1
12535,2011-06,371.45,1
12535,2011-09,344.9,1
12536,2011-10,4279.71,1
12537,2010-10,612.94,1
12538,2010-11,276.5,1
12538,2011-11,363.95,1
12539,2009-12,5149.06,2
12539,2010-09,469.34000000000003,1
12539,2011-01,3431.7,2
12539,2011-03,1085.99,1
12539,2011-11,1050.66,1
12540,2009-12,328.6,1
12540,2010-01,648.24,1
12540,2010-02,380.04,1
12540,2010-03,691.74,2
12540,2010-04,323.62,1
12540,2010-05,1021.33,3
12540,2010-06,587.64,1
12540,2010-08,710.08,1
12540,2010-09,825.54,1
12540,2010-10,1200.42,1
12540,2010-11,953.0,2
12540,2010-12,741.01,1
12540,2011-01,979.18,1
12540,2011-02,260.98,1
12540,2011-03,916.76,1
12540,2011-05,2266.6,2
12540,2011-06,301.99,1
12540,2011-07,1551.01,2
12540,2011-08,453.34000000000003,1
12540,2011-09,1513.12,3
12540,2011-10,1302.27,2
12540,2011-11,1293.98,2
12541,2011-03,284.40000000000003,1
12541,2011-06,195.74,1
12541,2011-11,361.03999999999996,1
12542,2010-03,364.79,1
12542,2010-08,117.09,1
12543,2010-09,840.25,1
12544,2011-11,316.7,1
12545,2011-03,544.15,1
12545,2011-09,288.24,1
12546,2011-09,676.2,1
12546,2011-10,345.3,1
12547,2010-07,147.78,1
12547,2011-03,131.4,1
12547,2011-05,20.4,1
12548,2011-06,67.19999999999999,1
12549,2010-01,1154.3700000000001,3
12549,2010-05,416.31,2
12550,2011-09,824.83,1
12551,2010-12,168.0,1
12552,2011-10,317.82,1
12553,2010-10,483.99,1
12553,2010-11,342.48,1
12553,2011-01,592.31,1
12553,2011-02,6.3,1
12553,2011-03,585.16,2
12553,2011-05,316.85,1
12553,2011-07,248.75,1
12553,2011-08,364.21999999999997,1
12553,2011-10,441.55,1
12553,2011-11,464.12,1
12553,2011-12,259.02,1
12554,2010-09,384.5,1
12556,2011-07,308.75,1
12556,2011-10,290.81,1
12557,2009-12,1952.64,1
12557,2010-06,1708.56,1
12557,2010-10,2443.98,1
12557,2010-12,1240.0,1
12557,2011-01,3417.1200000000003,1
12557,2011-03,817.5,1
12557,2011-07,4146.34,1
12557,2011-11,2990.0,1
12558,2011-12,269.96,1
12559,2011-01,450.11,1
12559,2011-02,75.60000000000001,1
12560,2011-07,1292.31,1
12560,2011-12,625.7,1
12561,2011-02,238.85,1
12562,2010-09,390.0,1
12562,2010-11,651.18,1
12562,2011-05,390.96,1
12562,2011-06,456.27,1
12562,2011-08,596.0,1
12562,2011-09,334.64,1
12562,2011-10,477.6,1
12562,2011-11,529.9,1
12562,2011-12,600.37,1
12563,2010-10,221.24,1
12564,2011-03,402.9,1
12565,2011-02,145.92,1
12566,2011-09,297.65,1
12567,2010-02,486.28000000000003,1
12567,2010-05,312.85,1
12567,2010-06,224.6,1
12567,2010-08,755.17,1
12567,2010-11,353.3,1
12567,2010-12,3452.76,2
12567,2011-02,1128.73,1
12567,2011-05,615.21,1
12567,2011-06,2078.7799999999997,3
12567,2011-08,779.06,1
12567,2011-09,837.8199999999999,1
12567,2011-11,1443.3,1
12568,2010-03,52.0,1
12569,2011-04,562.4,3
12569,2011-05,277.92,2
12569,2011-06,201.42000000000002,2
12569,2011-07,148.25,2
12569,2011-08,225.03,3
12569,2011-09,230.66,3
12569,2011-10,580.72,6
12569,2011-11,447.27,5
12569,2011-12,479.02000000000004,6
12571,2011-08,248.35,1
12571,2011-10,271.26,1
12572,2011-10,478.74,1
12572,2011-12,433.68,1
12573,2010-08,152.01999999999998,1
12573,2010-10,165.46,1
12573,2010-11,239.39,2
12573,2011-04,160.54000000000002,1
12574,2011-01,182.45000000000002,1
12575,2010-07,305.8,1
12575,2010-09,263.02,1
12576,2010-07,294.75,1
12576,2010-09,180.87,1
12576,2010-11,271.27,1
12576,2011-02,266.85,1
12576,2011-05,154.8,1
12576,2011-07,239.2,1
12576,2011-09,275.7,1
12576,2011-11,379.28,1
12577,2009-12,210.55,1
12577,2010-10,452.66999999999996,2
12577,2010-11,327.28,2
12577,2010-12,195.89,1
12577,2011-11,426.76,2
12578,2010-09,899.86,1
12578,2010-11,724.08,1
12578,2011-01,1412.66,1
12578,2011-11,989.85,1
12579,2011-09,386.42,1
12580,2010-05,583.1999999999999,1
12580,2011-04,379.7,1
12581,2011-10,179.71,1
12582,2010-05,837.11,1
12582,2010-10,631.9300000000001,1
12582,2011-02,165.16,1
12582,2011-04,186.2,1
12583,2009-12,745.4399999999999,1
12583,2010-02,538.05,1
12583,2010-04,642.0,1
12583,2010-05,718.36,2
12583,2010-06,303.59999999999997,1
12583,2010-07,500.8,1
12583,2010-08,247.79999999999998,1
12583,2010-09,487.84,1
12583,2010-10,578.06,1
12583,2010-11,1026.25,2
12583,2010-12,1603.72,1
12583,2011-01,676.16,1
12583,2011-02,285.56,1
12583,2011-03,676.8499999999999,1
12583,2011-05,385.96,1
12583,2011-06,563.48,2
12583,2011-07,293.24,1
12583,2011-08,225.1,1
12583,2011-09,778.03,2
12583,2011-10,296.20000000000005,1
12583,2011-11,1082.17,2
12583,2011-12,640.77,1
12584,2011-03,379.63,1
12584,2011-06,159.11,1
12584,2011-07,147.1,1
12584,2011-08,12.75,1
12584,2011-09,279.8,1
12584,2011-10,661.0600000000001,2
12584,2011-11,414.25,1
12584,2011-12,200.45000000000002,1
12585,2010-12,1154.85,1
12585,2011-04,669.25,1
12586,2009-12,422.35,1
12586,2010-10,627.0500000000001,1
12586,2010-11,816.3299999999999,1
12586,2011-11,196.94000000000003,1
12587,2011-12,104.0,1
12588,2010-04,248.9,1
12588,2010-11,294.98,1
12588,2011-10,174.89999999999998,1
12589,2010-01,661.5,1
12589,2010-09,1055.75,1
12589,2010-10,1002.98,2
12589,2011-07,113.5,1
12589,2011-11,461.18,1
12590,2011-05,9341.26,1
12591,2010-10,572.95,1
12591,2010-11,173.15,1
12591,2011-01,368.85,1
12592,2010-07,1322.04,2
12592,2011-05,213.8,1
12592,2011-09,187.8,1
12593,2011-05,200.0,1
12593,2011-08,182.1,2
12594,2010-03,119.14,1
12594,2010-06,219.7,1
12594,2010-09,368.7,1
12594,2010-10,679.1500000000001,1
12594,2010-11,295.20000000000005,1
12594,2011-01,285.0,1
12594,2011-02,228.0,1
12594,2011-03,279.5,1
12594,2011-04,255.04000000000002,1
12594,2011-05,587.45,1
12594,2011-06,42.96,1
12594,2011-08,721.95,1
12594,2011-10,722.4000000000001,1
12594,2011-11,85.92,1
12595,2010-07,281.02,1
12596,2011-04,213.95,1
12596,2011-10,236.32,1
12597,2011-03,432.15000000000003,1
12597,2011-06,688.66,1
12597,2011-10,1896.45,1
12597,2011-11,177.96,1
12598,2010-03,595.71,2
12598,2010-09,789.3,1
12598,2011-02,612.86,1
12598,2011-05,528.88,1
12598,2011-07,280.64,1
12598,2011-09,325.76,1
12598,2011-11,1058.94,3
12599,2010-05,463.48,1
12599,2010-06,71.2,1
12599,2010-08,140.28,1
12599,2010-10,135.9,1
12599,2010-11,327.28,2
12599,2011-02,258.46000000000004,2
12599,2011-05,133.4,1
12599,2011-06,116.28,1
12599,2011-07,60.6,1
12599,2011-08,162.3,1
12599,2011-11,157.54,1
12600,2009-12,379.89000000000004,2
12600,2010-01,376.54,1
12600,2010-02,209.07000000000002,1
12600,2010-05,223.74,1
12600,2010-08,129.11,1
12600,2010-09,159.8,1
12600,2010-10,221.01000000000002,1
12600,2010-11,375.65000000000003,2
12600,2010-12,297.3,2
12600,2011-02,373.94000000000005,1
12600,2011-03,106.08000000000001,1
12600,2011-04,268.88,1
12600,2011-05,184.26000000000002,1
12600,2011-07,309.23,1
12600,2011-08,239.37,1
12600,2011-09,264.90000000000003,1
12600,2011-11,325.58000000000004,1
12601,2010-10,86.2,1
12601,2011-01,126.25999999999999,1
12601,2011-02,95.10000000000001,1
12601,2011-03,93.0,1
12601,2011-05,122.6,1
12601,2011-06,50.1,1
12602,2011-10,153.12,1
12603,2011-11,613.1999999999999,1
12604,2011-03,160.5,1
12604,2011-09,75.68,1
12605,2010-09,220.98999999999998,1
12605,2010-10,499.92,1
12605,2010-11,404.03999999999996,1
12607,2011-10,1579.51,1
12608,2010-10,415.79,1
12609,2009-12,294.6,1
12609,2010-04,353.95,1
12609,2010-05,269.2,1
12609,2010-07,405.81,1
12609,2010-10,334.9,1
12609,2010-11,398.55,1
12609,2011-01,251.93,1
12609,2011-06,422.8,1
12609,2011-09,290.12,1
12610,2011-08,1104.25,2
12610,2011-10,435.09,1
12610,2011-11,208.2,1
12611,2011-10,1193.32,1
12612,2011-09,668.0400000000001,1
12613,2009-12,1207.1100000000001,1
12613,2010-04,356.62,1
12613,2010-06,733.17,1
12613,2010-08,473.95,1
12613,2010-11,414.14,1
12613,2011-03,749.66,1
12613,2011-05,586.86,2
12613,2011-10,1755.86,1
12614,2011-03,315.6,1
12615,2010-03,1155.48,1
12615,2010-07,1104.0,1
12615,2010-10,1010.31,2
12615,2011-06,580.74,1
12615,2011-09,522.65,1
12615,2011-11,602.95,1
12615,2011-12,386.85,1
12616,2010-11,381.8,1
12616,2011-02,219.6,1
12616,2011-09,421.7,1
12617,2011-11,352.98,1
12618,2011-11,137.31,1
12619,2010-05,140.14,1
12619,2011-03,205.98,1
12619,2011-04,389.67999999999995,1
12619,2011-07,598.0,1
12619,2011-08,342.12,1
12619,2011-09,618.92,2
12619,2011-11,790.86,2
12620,2011-05,561.66,1
12620,2011-09,377.66,1
12620,2011-11,364.09,1
12621,2010-02,238.44,1
12621,2010-03,940.08,1
12621,2010-05,1135.98,2
12621,2010-06,733.74,1
12621,2010-07,666.9,1
12621,2010-08,1757.47,4
12621,2010-09,600.85,1
12621,2010-10,1033.76,1
12621,2010-11,2578.31,3
12621,2010-12,1668.26,2
12621,2011-02,1391.24,2
12621,2011-03,888.0,1
12621,2011-04,1065.8,1
12621,2011-05,2033.13,4
12621,2011-06,647.35,2
12621,2011-07,507.06,1
12621,2011-08,1450.81,2
12621,2011-09,957.6,2
12621,2011-10,576.55,1
12621,2011-11,556.28,1
12621,2011-12,1098.2,1
12622,2011-04,162.1,1
12623,2010-01,1399.72,1
12623,2010-03,308.1,1
12623,2010-04,360.77,1
12623,2010-06,345.2,1
12623,2010-08,306.8,1
12623,2010-10,326.15,1
12623,2011-03,269.1,1
12624,2011-06,263.94,1
12624,2011-08,305.19,1
12625,2010-04,879.69,1
12625,2010-07,1385.37,1
12625,2011-01,1590.62,1
12625,2011-05,823.2,1
12626,2011-01,1094.1,2
12626,2011-06,724.74,1
12626,2011-07,1051.06,1
12626,2011-08,1418.1,2
12626,2011-10,1450.51,2
12626,2011-11,215.97,1
12627,2011-07,696.02,1
12627,2011-08,1032.55,2
12627,2011-09,765.26,1
12627,2011-10,1075.72,1
12627,2011-11,512.98,1
12628,2011-10,315.64,1
12628,2011-11,219.57,1
12628,2011-12,197.25,1
12629,2010-10,584.36,1
12629,2010-11,613.86,1
12630,2011-10,581.79,1
12630,2011-11,449.09000000000003,1
12631,2010-01,738.1800000000001,1
12631,2010-04,926.23,2
12631,2010-06,534.14,1
12631,2010-09,642.52,1
12631,2011-10,480.5,1
12632,2010-05,340.32,1
12632,2010-07,374.56,1
12633,2010-07,2036.3899999999999,1
12633,2010-08,635.09,1
12633,2010-11,554.6999999999999,1
12633,2011-02,904.82,1
12633,2011-05,626.73,1
12633,2011-08,201.2,1
12633,2011-10,197.23000000000002,1
12634,2010-06,360.0,1
12635,2010-09,659.33,1
12635,2010-11,455.9,1
12635,2011-07,629.64,1
12635,2011-09,879.54,1
12637,2010-06,697.84,1
12637,2010-07,206.95,1
12637,2010-11,1376.12,2
12637,2011-01,1408.68,1
12637,2011-03,201.27,2
12637,2011-04,615.1999999999999,1
12637,2011-07,662.35,1
12637,2011-09,2609.4,2
12637,2011-10,308.0,1
12638,2010-03,169.8,1
12638,2011-11,511.69,1
12639,2010-03,213.57999999999998,1
12639,2010-10,492.69,1
12639,2011-04,366.1,1
12640,2011-09,674.59,1
12640,2011-11,319.99,2
12641,2011-08,145.9,1
12642,2011-08,330.45,1
12642,2011-10,255.96,1
12642,2011-11,318.85,1
12643,2010-04,2213.2000000000003,1
12643,2010-05,45.6,1
12643,2010-09,204.0,1
12643,2010-10,639.3,1
12643,2010-11,1660.08,1
12643,2011-01,835.1999999999999,1
12643,2011-05,498.72,2
12643,2011-06,640.5,2
12643,2011-08,1067.22,1
12644,2010-01,671.9300000000001,1
12644,2010-02,178.20000000000002,1
12644,2010-10,572.45,1
12644,2011-08,477.91,1
12645,2010-02,337.65,1
12645,2010-03,419.09,1
12645,2010-09,410.98,1
12645,2010-10,416.40000000000003,1
12645,2011-01,351.29999999999995,1
12645,2011-05,393.6,1
12645,2011-08,475.96000000000004,1
12645,2011-11,410.32,1
12646,2011-10,731.6899999999999,1
12646,2011-12,615.28,1
12647,2010-01,1149.41,1
12647,2010-02,1268.72,5
12647,2010-03,793.33,2
12647,2010-04,956.95,2
12647,2010-05,1678.05,2
12647,2010-06,1707.95,4
12647,2010-07,512.95,1
12647,2010-08,545.25,1
12647,2010-09,799.14,2
12647,2010-10,579.88,1
12647,2010-11,971.1,2
12647,2010-12,1802.4,4
12647,2011-03,410.7,1
12647,2011-04,278.76,1
12647,2011-05,257.25,1
12647,2011-07,258.6,1
12647,2011-08,271.8,1
12647,2011-09,442.96000000000004,2
12647,2011-11,231.15,1
12648,2010-01,204.75,1
12648,2010-03,88.05,1
12648,2010-09,446.15,1
12648,2011-07,300.05,1
12649,2010-01,349.5,2
12649,2010-05,360.29999999999995,1
12649,2010-10,375.59999999999997,1
12649,2010-11,441.74,1
12649,2011-05,339.0,1
12649,2011-08,230.51000000000002,2
12650,2011-12,242.44000000000003,1
12651,2010-08,99.0,1
12651,2010-10,65.45,1
12651,2010-11,99.3,1
12651,2011-01,114.0,1
12652,2010-10,97.05000000000001,1
12652,2011-01,793.98,1
12653,2010-07,1950.98,1
12653,2011-02,779.1,1
12653,2011-07,1430.75,1
12654,2011-02,148.6,1
12654,2011-05,153.15,2
12654,2011-11,228.23000000000002,2
12655,2010-10,243.35000000000002,1
12656,2010-05,819.0,1
12656,2010-07,481.25,1
12656,2010-10,804.41,1
12656,2011-04,469.2,1
12656,2011-05,956.4,1
12656,2011-08,1089.07,1
12656,2011-09,590.75,1
12656,2011-11,513.75,1
12657,2011-09,546.44,1
12657,2011-10,42.5,1
12657,2011-11,838.24,2
12658,2011-11,632.05,1
12659,2011-11,73.68,1
12660,2011-11,227.1,1
12661,2010-09,162.0,1
12662,2010-04,440.36,1
12662,2010-05,419.25,2
12662,2010-06,247.78,1
12662,2010-07,339.3,1
12662,2010-08,278.56,1
12662,2010-09,343.82,1
12662,2010-11,517.69,2
12662,2010-12,486.96,1
12662,2011-02,300.70000000000005,1
12662,2011-03,283.4,1
12662,2011-04,408.82,1
12662,2011-06,457.68,1
12662,2011-07,395.66,1
12662,2011-08,347.92,1
12662,2011-10,485.62,1
12662,2011-11,413.55,2
12662,2011-12,206.95000000000002,1
12663,2010-02,117.75,1
12663,2010-03,67.65,1
12664,2009-12,469.08000000000004,1
12664,2010-07,559.08,1
12664,2011-01,581.58,1
12664,2011-04,602.0,1
12664,2011-07,573.9,1
12664,2011-09,279.6,1
12664,2011-10,568.8000000000001,2
12664,2011-11,976.0,2
12664,2011-12,810.0,1
12665,2010-02,150.8,1
12665,2010-10,63.8,1
12665,2011-01,45.0,1
12666,2010-11,1248.42,1
12667,2011-10,460.13,1
12668,2010-01,1521.74,1
12668,2010-03,1966.84,1
12668,2010-05,544.77,1
12668,2010-10,1685.15,1
12668,2010-11,1010.38,1
12668,2010-12,397.87,1
12668,2011-01,883.8,1
12668,2011-03,1156.8,1
12668,2011-11,738.68,1
12669,2011-03,1028.3,1
12669,2011-07,399.43,1
12670,2010-02,207.60000000000002,1
12670,2010-11,484.64,1
12670,2011-04,579.05,1
12670,2011-05,357.34,1
12670,2011-09,554.0799999999999,1
12670,2011-11,1253.58,2
12671,2010-04,2622.481,1
12672,2010-04,181.15,1
12672,2011-01,225.89999999999998,1
12673,2010-11,565.5,1
12673,2011-01,220.9,1
12673,2011-12,353.62,1
12674,2011-05,550.74,1
12674,2011-06,354.06,1
12674,2011-09,407.2,1
12674,2011-11,532.6,1
12675,2010-05,860.5,1
12675,2010-06,12.75,1
12676,2010-08,454.03000000000003,2
12676,2010-10,787.67,2
12676,2011-02,469.5,1
12676,2011-03,157.9,1
12676,2011-06,81.55,1
12676,2011-08,129.10000000000002,1
12676,2011-09,111.68,1
12676,2011-11,141.66,1
12677,2010-02,172.7,1
12677,2010-06,186.4,1
12678,2010-01,2130.3,1
12678,2010-05,6564.37,1
12678,2010-07,816.6,1
12678,2010-08,1720.24,1
12678,2010-10,4215.74,1
12678,2010-11,816.47,1
12678,2010-12,53.28,1
12678,2011-02,335.43,1
12678,2011-03,3243.13,1
12678,2011-06,1741.52,1
12678,2011-07,770.46,1
12678,2011-08,1330.44,1
12678,2011-09,344.24,1
12678,2011-10,8512.96,2
12679,2011-03,722.06,1
12679,2011-05,76.32000000000001,1
12679,2011-09,76.32000000000001,1
12679,2011-10,76.32000000000001,1
12680,2011-08,275.78,1
12680,2011-09,265.58,2
12680,2011-12,249.45,1
12681,2009-12,942.54,1
12681,2010-01,1130.07,2
12681,2010-02,1086.58,2
12681,2010-03,622.16,2
12681,2010-04,1304.96,2
12681,2010-05,701.86,2
12681,2010-06,1866.33,2
12681,2010-07,498.72,1
12681,2010-09,2069.15,3
12681,2010-10,618.78,1
12681,2010-11,3730.07,4
12681,2010-12,2917.63,2
12681,2011-01,2676.42,4
12681,2011-03,1288.81,3
12681,2011-04,509.57,1
12681,2011-05,912.02,2
12681,2011-06,637.91,1
12681,2011-07,967.74,2
12681,2011-09,718.54,1
12681,2011-10,522.11,2
12681,2011-11,2176.31,4
12682,2009-12,964.95,3
12682,2010-01,782.35,1
12682,2010-02,1515.6200000000001,3
12682,2010-03,635.45,1
12682,2010-04,791.64,1
12682,2010-05,539.49,1
12682,2010-06,1253.12,3
12682,2010-07,362.53999999999996,1
12682,2010-08,404.66999999999996,1
12682,2010-09,758.1,2
12682,2010-10,459.2,1
12682,2010-11,1249.27,2
12682,2010-12,1898.58,2
12682,2011-01,763.11,1
12682,2011-02,911.74,2
12682,2011-03,425.40000000000003,1
12682,2011-04,513.55,1
12682,2011-05,1156.2,4
12682,2011-06,713.09,2
12682,2011-07,915.46,4
12682,2011-08,1026.08,3
12682,2011-09,561.29,2
12682,2011-10,372.58,2
12682,2011-11,2129.4,6
12682,2011-12,582.63,1
12683,2009-12,1107.36,2
12683,2010-02,288.3,1
12683,2010-05,660.42,1
12683,2010-09,777.05,2
12683,2010-12,1910.16,2
12683,2011-01,642.14,1
12683,2011-03,1428.08,3
12683,2011-05,924.27,3
12683,2011-06,615.36,1
12683,2011-08,1022.9499999999999,1
12683,2011-09,368.31,1
12683,2011-10,948.9,1
12683,2011-12,707.48,1
12684,2011-05,815.1,2
12684,2011-06,426.38,1
12684,2011-10,229.76,1
12684,2011-11,440.99,1
12684,2011-12,161.39999999999998,1
12685,2011-09,1667.02,3
12685,2011-10,548.94,2
12685,2011-11,359.12,1
12686,2010-12,142.28,1
12687,2010-08,1858.91,1
12688,2011-08,4873.8099999999995,1
12689,2011-08,475.03,1
12689,2011-11,664.5799999999999,1
12690,2011-05,335.01,1
12691,2010-10,116.6,1
12691,2010-12,162.0,1
12691,2011-01,190.2,1
12691,2011-07,132.1,1
12691,2011-10,285.1,1
12691,2011-11,158.39999999999998,1
12692,2010-03,110.95,1
12693,2010-07,489.35,1
12693,2010-09,121.96000000000001,1
12693,2010-11,91.80000000000001,1
12693,2011-01,126.05000000000001,1
12693,2011-03,203.85,1
12693,2011-05,192.87,1
12693,2011-08,189.14000000000001,1
12694,2010-10,901.68,1
12694,2011-06,385.5,1
12694,2011-09,376.17,1
12695,2010-02,493.66,1
12695,2010-04,213.70000000000002,1
12695,2010-06,81.66,1
12695,2011-05,89.25,1
12695,2011-08,244.65,1
12695,2011-10,163.1,1
12695,2011-12,85.1,1
12696,2010-07,277.15,1
12696,2010-10,454.76,1
12697,2011-06,310.5,1
12697,2011-07,263.40999999999997,1
12697,2011-11,183.68,1
12698,2010-04,285.75,1
12699,2010-10,566.11,1
12700,2011-05,984.43,1
12700,2011-07,966.62,1
12700,2011-10,1386.19,1
12700,2011-12,1188.75,1
12701,2010-03,511.32,1
12701,2010-06,1011.38,3
12701,2011-04,301.08,1
12701,2011-09,424.63,1
12702,2011-11,201.0,1
12703,2010-01,503.53000000000003,1
12703,2010-03,129.45,2
12703,2011-09,265.55,1
12704,2011-06,289.56,1
12704,2011-08,611.36,2
12704,2011-09,165.55,1
12704,2011-11,515.61,3
12704,2011-12,158.76,1
12705,2010-06,1544.87,1
12705,2010-09,1009.5,1
12705,2010-10,1421.29,1
12705,2010-11,756.15,2
12705,2010-12,696.0,1
12705,2011-04,1321.25,1
12705,2011-05,912.85,1
12705,2011-07,998.4200000000001,1
12705,2011-09,752.62,1
12705,2011-10,896.45,1
12705,2011-11,804.7,2
12707,2011-02,603.42,1
12708,2009-12,187.47,1
12708,2010-01,287.65,1
12708,2010-02,243.2,1
12708,2010-04,527.46,2
12708,2010-06,294.5,1
12708,2010-09,215.32,1
12708,2010-10,361.15,1
12708,2010-12,356.88,1
12708,2011-01,248.62,1
12708,2011-03,264.65999999999997,1
12708,2011-04,184.5,1
12708,2011-05,335.95,1
12708,2011-06,253.77,1
12708,2011-08,367.83,1
12708,2011-09,331.37,1
12708,2011-11,277.77,2
12709,2009-12,1196.6799999999998,1
12709,2010-01,1854.54,2
12709,2010-03,2917.7599999999998,1
12709,2010-04,4124.0199999999995,3
12709,2010-05,1224.36,1
12709,2010-06,2060.93,2
12709,2010-07,3158.11,3
12709,2010-09,1866.98,1
12709,2010-10,776.76,1
12709,2010-11,906.52,2
12709,2010-12,1586.39,2
12709,2011-01,1086.9,1
12709,2011-03,1145.2,2
12709,2011-04,50.0,1
12709,2011-05,246.07999999999998,1
12709,2011-06,1225.26,1
12709,2011-07,1225.98,2
12709,2011-09,1586.51,2
12709,2011-10,765.8000000000001,2
12709,2011-11,879.1,1
12710,2011-05,646.96,1
12710,2011-07,53.400000000000006,1
12710,2011-09,322.66,1
12711,2010-02,477.3,1
12711,2010-04,735.75,1
12712,2009-12,297.8,1
12712,2010-02,192.57999999999998,1
12712,2010-04,221.62,1
12712,2010-05,246.75,1
12712,2010-07,207.60000000000002,1
12712,2010-08,274.96,1
12712,2010-10,373.45,1
12712,2010-11,242.14000000000001,1
12712,2010-12,833.26,2
12712,2011-01,214.65,1
12712,2011-02,278.15000000000003,1
12712,2011-03,466.0,2
12712,2011-05,640.05,2
12712,2011-06,555.4,1
12712,2011-07,704.0500000000001,1
12712,2011-08,224.15000000000003,1
12712,2011-10,232.40000000000003,1
12712,2011-11,196.65,1
12713,2011-12,794.55,1
12714,2009-12,556.65,1
12714,2010-01,1790.19,1
12714,2010-03,1074.3500000000001,1
12714,2010-04,1134.63,1
12714,2010-06,734.0600000000001,1
12714,2010-09,1840.74,1
12714,2010-11,1390.23,1
12714,2011-02,878.3,1
12714,2011-05,739.62,1
12714,2011-06,441.26,1
12714,2011-08,1006.52,1
12714,2011-11,1229.16,1
12715,2011-08,263.36,1
12716,2011-07,623.9,1
12716,2011-12,339.59,1
12717,2010-04,227.93,1
12717,2011-04,509.74,1
12717,2011-07,321.24,1
12718,2011-09,202.25,1
12719,2011-10,247.60000000000002,1
12719,2011-12,325.35,1
12720,2010-07,824.49,1
12720,2010-08,359.09999999999997,2
12720,2010-10,605.96,1
12720,2010-12,932.52,2
12720,2011-01,243.3,1
12720,2011-02,150.9,1
12720,2011-03,390.32,1
12720,2011-04,293.24,1
12720,2011-05,408.88,4
12720,2011-06,240.93,1
12720,2011-07,367.36,2
12720,2011-08,328.44,2
12720,2011-09,459.82,3
12720,2011-10,671.84,3
12720,2011-11,737.1,3
12720,2011-12,292.47,1
12721,2010-08,679.55,1
12721,2010-11,569.4,1
12721,2010-12,268.6,1
12721,2011-02,401.02,1
12721,2011-04,312.2,1
12721,2011-06,519.09,1
12721,2011-09,324.90000000000003,1
12721,2011-11,560.3199999999999,1
12722,2011-07,302.92,1
12722,2011-08,626.73,2
12722,2011-09,49.980000000000004,1
12723,2011-10,299.40999999999997,2
12723,2011-11,348.38,2
12723,2011-12,59.28,1
12724,2010-06,517.4,1
12724,2010-07,366.15999999999997,1
12724,2010-11,276.55,1
12724,2011-01,136.9,1
12724,2011-06,107.46000000000001,1
12724,2011-09,488.81,1
12724,2011-12,190.24,1
12725,2010-05,1008.9499999999999,1
12725,2010-10,526.01,1
12725,2010-12,743.6,1
12726,2010-03,345.36,1
12726,2010-06,137.51999999999998,1
12726,2010-10,521.46,1
12726,2010-11,275.16,1
12726,2010-12,152.28,1
12726,2011-01,365.58000000000004,1
12726,2011-03,298.02,1
12726,2011-05,205.4,1
12726,2011-06,338.03999999999996,1
12726,2011-09,321.32,1
12726,2011-11,730.46,1
12727,2010-02,669.32,1
12727,2010-06,462.43000000000006,1
12727,2010-09,333.08000000000004,1
12727,2011-01,406.5,1
12727,2011-02,829.66,1
12727,2011-03,501.16,2
12727,2011-06,703.08,1
12727,2011-09,429.3,1
12727,2011-11,571.0,1
12728,2010-11,197.84,1
12728,2011-01,216.54,1
12728,2011-02,182.72,1
12728,2011-03,128.05,1
12728,2011-09,201.01999999999998,1
12729,2011-08,417.01,1
12730,2010-07,703.25,1
12731,2010-03,1626.4,1
12731,2010-05,1209.1399999999999,1
12731,2010-06,505.56,1
12731,2010-07,1443.2,1
12731,2010-09,2095.5,1
12731,2010-12,927.9,1
12731,2011-01,3174.4300000000003,1
12731,2011-03,2350.46,2
12731,2011-04,252.0,1
12731,2011-05,1381.3,1
12731,2011-06,1359.58,1
12731,2011-07,1734.58,1
12731,2011-09,3570.4,2
12731,2011-10,2503.74,1
12731,2011-11,1497.52,1
12732,2011-06,218.26000000000002,1
12733,2010-01,1130.22,1
12733,2010-07,507.25,1
12733,2010-11,402.59999999999997,1
12733,2011-04,383.95,1
12734,2010-11,493.25,2
12734,2010-12,110.39999999999999,1
12735,2011-01,689.5699999999999,2
12736,2011-01,144.0,1
12738,2010-12,274.7,1
12739,2010-11,1445.69,1
12739,2011-09,975.54,1
12740,2011-10,427.6,1
12741,2010-06,236.07,1
12742,2010-03,1201.52,1
12743,2011-07,540.13,2
12744,2010-04,1252.95,1
12744,2010-09,2784.82,3
12744,2011-01,2053.07,1
12744,2011-04,2118.74,1
12744,2011-07,3949.32,1
12744,2011-10,999.26,1
12745,2010-05,456.91999999999996,1
12745,2010-08,266.93,1
12746,2010-06,254.55,1
12747,2009-12,1032.0,3
12747,2010-02,260.0,2
12747,2010-03,210.89000000000001,1
12747,2010-04,213.28,1
12747,2010-05,267.37,1
12747,2010-06,646.75,2
12747,2010-08,629.68,2
12747,2010-10,1047.75,2
12747,2010-11,394.75,1
12747,2010-12,1064.83,2
12747,2011-01,303.03999999999996,1
12747,2011-03,310.78,1
12747,2011-05,771.31,2
12747,2011-06,376.3,1
12747,2011-08,301.70000000000005,1
12747,2011-10,675.38,1
12747,2011-11,312.73,1
12747,2011-12,438.5,1
12748,2009-12,1831.21,7
12748,2010-01,308.3,5
12748,2010-02,1609.9,10
12748,2010-03,1144.35,8
12748,2010-04,241.94,4
12748,2010-05,1202.24,7
12748,2010-06,701.61,6
12748,2010-07,630.45,9
12748,2010-08,750.3,5
12748,2010-09,2149.47,10
12748,2010-10,2522.81,20
12748,2010-11,4433.38,25
12748,2010-12,6071.99,35
12748,2011-01,417.12,4
12748,2011-02,351.59,5
12748,2011-03,1165.37,12
12748,2011-04,665.57,5
12748,2011-05,2219.17,24
12748,2011-06,1923.62,16
12748,2011-07,1081.45,13
12748,2011-08,887.67,12
12748,2011-09,6047.51,12
12748,2011-10,2149.3,15
12748,2011-11,9601.49,44
12748,2011-12,998.15,9
12749,2010-07,832.9,1
12749,2010-10,1198.82,1
12749,2010-11,774.76,2
12749,2011-05,859.1,1
12749,2011-08,1896.13,2
12749,2011-11,522.59,1
12749,2011-12,763.0600000000001,1
12750,2011-08,275.88,1
12751,2010-09,268.27,1
12752,2011-09,4366.78,1
12753,2010-12,3590.59,1
12753,2011-02,5735.24,1
12753,2011-03,15.299999999999999,1
12753,2011-04,3599.38,1
12753,2011-07,3680.4,1
12753,2011-11,4808.48,1
12754,2011-02,45.57,1
12754,2011-03,16.05,1
12754,2011-04,2949.12,1
12755,2010-01,2.95,1
12755,2010-02,34.06,1
12755,2010-03,110.4,1
12755,2010-07,1253.3,3
12755,2010-11,23.6,3
12755,2010-12,7588.799999999999,1
12755,2011-03,17.549999999999997,1
12756,2011-09,112.07999999999998,1
12757,2011-05,602.83,1
12757,2011-06,243.2,1
12757,2011-07,835.65,1
12757,2011-10,1855.57,3
12757,2011-11,639.5,3
12758,2009-12,2454.68,1
12758,2010-03,1885.3700000000001,1
12758,2010-04,85.53999999999999,1
12758,2010-06,1590.1100000000001,1
12758,2010-09,1095.95,1
12758,2011-03,1570.19,1
12758,2011-08,1221.4,1
12759,2009-12,454.26,1
12759,2010-05,1120.42,1
12759,2010-07,451.45,1
12759,2010-09,548.38,1
12759,2010-11,632.79,1
12759,2011-03,414.8,1
12759,2011-06,592.72,1
12759,2011-10,403.92,1
12760,2010-09,317.8,1
12761,2010-09,712.95,1
12762,2011-11,405.59,1
12762,2011-12,1296.93,1
12763,2010-12,640.16,1
12763,2011-07,174.0,1
12764,2011-01,1693.88,1
12765,2010-03,132.0,1
12765,2010-04,217.5,1
12765,2010-05,118.79999999999998,1
12765,2010-07,207.39999999999998,1
12765,2010-08,623.88,2
12766,2010-10,790.36,1
12766,2010-11,887.0,1
12766,2010-12,1962.58,1
12766,2011-01,602.48,1
12766,2011-02,805.65,1
12766,2011-04,1206.29,1
12766,2011-07,936.48,1
12766,2011-10,1319.01,1
12766,2011-12,606.4300000000001,1
12767,2010-11,949.82,1
12768,2010-09,168.69000000000003,1
12769,2011-04,1143.6,1
12770,2010-09,1895.0,1
12770,2011-05,1351.45,1
12771,2010-08,226.3,1
12772,2011-10,752.47,1
12773,2010-05,124.25,1
12774,2010-06,83.7,1
12775,2010-10,157.12,1
12775,2010-11,112.96,1
12775,2011-02,184.45,1
12775,2011-03,220.71,1
12775,2011-05,264.72,1
12775,2011-06,404.8,1
12775,2011-11,206.36,1
12776,2010-02,27.5,1
12777,2010-09,519.45,1
12778,2010-04,348.6,1
12778,2010-09,162.41,1
12778,2010-11,337.44,1
12778,2011-01,119.47999999999999,1
12778,2011-03,243.57999999999998,2
12778,2011-06,69.0,1
12778,2011-10,156.93,1
12778,2011-11,104.24,1
12779,2009-12,371.82,1
12779,2010-03,318.86,1
12779,2010-06,556.16,1
12779,2010-08,527.4399999999999,1
12779,2010-09,168.6,1
12779,2010-11,549.87,1
12779,2010-12,496.32,1
12779,2011-01,613.22,1
12779,2011-02,337.2,1
12779,2011-03,317.78,1
12779,2011-04,705.8399999999999,1
12779,2011-05,752.2099999999999,1
12779,2011-06,25.0,1
12779,2011-11,981.95,1
12780,2010-04,322.4,1
12781,2011-02,549.26,1
12781,2011-10,237.48,1
12782,2010-07,232.1,1
12782,2010-09,527.37,2
12782,2010-10,500.43,1
12782,2010-11,663.42,2
12782,2010-12,379.5,1
12782,2011-01,571.9300000000001,1
12782,2011-03,359.52000000000004,1
12782,2011-07,403.72,1
12782,2011-12,224.25,1
12783,2011-09,283.02,1
12783,2011-10,530.01,1
12783,2011-11,194.26000000000002,1
12783,2011-12,288.58,1
12784,2010-06,1034.33,1
12784,2011-11,476.82,1
12785,2009-12,310.9,1
12785,2010-06,337.55,1
12785,2010-12,255.95,1
12786,2010-04,668.5,1
12787,2010-10,380.52,1
12787,2011-05,143.1,1
12787,2011-09,171.56,1
12787,2011-11,104.0,1
12788,2010-06,146.1,1
12788,2010-07,123.6,2
12788,2010-09,115.2,1
12789,2010-01,74.25,1
12789,2010-07,74.25,1
12789,2011-10,76.85,1
12790,2010-10,251.92999999999998,1
12790,2011-05,294.92,1
12791,2010-03,263.35999999999996,2
12791,2010-04,115.07,1
12791,2010-11,100.80000000000001,1
12791,2010-12,355.20000000000005,1
12792,2010-06,370.47,1
12792,2011-03,344.53999999999996,1
12793,2010-11,284.05,1
12793,2010-12,207.6,1
12793,2011-01,357.68,1
12794,2011-09,317.0,1
12794,2011-10,543.41,1
12795,2011-11,318.48,1
12796,2010-03,351.0,1
12797,2010-10,242.05,1
12797,2010-12,452.06,1
12798,2010-10,1533.8899999999999,1
12798,2011-06,1607.04,1
12798,2011-10,1718.4,1
12798,2011-11,3651.6,1
12799,2010-06,219.35,1
12800,2010-02,347.33,1
12800,2010-08,152.92,1
12801,2010-07,871.82,1
12802,2010-05,714.25,1
12802,2010-06,286.69,1
12802,2010-08,453.49,1
12802,2010-09,334.41,1
12802,2011-06,397.58,1
12803,2010-11,1017.81,1
12804,2010-07,178.28,1
12804,2010-08,147.09,1
12805,2010-02,236.5,1
12805,2010-04,181.7,1
12805,2010-08,399.15000000000003,1
12805,2010-11,413.6,1
12806,2010-04,1069.5,1
12806,2010-05,1489.46,1
12807,2010-11,250.35,1
12808,2010-09,293.05,2
12808,2010-12,202.8,1
12808,2011-06,151.95000000000002,1
12808,2011-11,202.3,1
12809,2010-03,514.08,1
12809,2010-05,464.95,1
12809,2011-06,405.31,1
12810,2010-02,159.66,1
12810,2010-06,375.33,1
12811,2010-10,226.95000000000002,1
12811,2010-11,208.1,1
12811,2011-02,212.25,1
12811,2011-03,246.60000000000002,1
12812,2011-10,229.64000000000001,1
12813,2010-01,226.2,1
12813,2010-05,776.6,1
12813,2010-07,619.0,1
12814,2011-08,85.92,1
12815,2011-05,495.36,1
12815,2011-07,368.1,1
12816,2011-06,238.65,1
12816,2011-09,213.55,1
12817,2010-10,155.60000000000002,1
12817,2010-11,289.34,1
12817,2011-03,126.03999999999999,1
12818,2011-03,1182.0800000000002,1
12819,2010-09,540.52,1
12820,2009-12,148.3,1
12820,2010-01,334.99,1
12820,2010-02,371.56,1
12820,2010-05,228.45,1
12820,2010-07,207.33,1
12820,2010-10,278.0,1
12820,2010-11,178.55,1
12820,2011-01,170.46,1
12820,2011-09,217.77,1
12820,2011-10,343.76,1
12820,2011-12,210.35000000000002,1
12821,2010-04,128.07999999999998,1
12821,2011-05,92.72,1
12822,2011-09,948.88,2
12823,2010-01,416.5,1
12823,2010-03,508.0,2
12823,2010-04,317.5,1
12823,2010-05,317.5,1
12823,2010-06,381.0,2
12823,2010-07,508.0,2
12823,2010-09,381.0,1
12823,2010-11,1912.5,3
12823,2011-02,535.5,2
12823,2011-03,459.0,1
12823,2011-08,229.5,1
12823,2011-09,535.5,1
12824,2011-10,397.12,1
12825,2010-03,214.82999999999998,1
12825,2010-07,303.8,1
12826,2009-12,458.20000000000005,1
12826,2010-07,307.66,1
12826,2010-08,300.87,1
12826,2010-10,259.3,2
12826,2010-12,310.0,1
12826,2011-01,542.1,2
12826,2011-06,121.52,1
12826,2011-09,234.0,1
12826,2011-11,279.5,1
12826,2011-12,142.6,1
12827,2011-10,217.75,1
12827,2011-11,100.95,1
12827,2011-12,111.45,1
12828,2011-08,338.2,2
12828,2011-09,77.31,1
12828,2011-10,245.8,1
12828,2011-12,357.40000000000003,2
12829,2010-06,92.30000000000001,1
12829,2010-12,85.75,1
12829,2011-01,207.25,1
12830,2011-06,2221.84,1
12830,2011-07,2982.16,3
12830,2011-09,1210.3200000000002,1
12830,2011-11,400.32000000000005,1
12831,2010-09,236.06,2
12831,2011-03,215.05,1
12832,2011-09,267.8,1
12832,2011-11,115.23,1
12833,2011-07,417.38,1
12834,2011-03,312.38,1
12835,2009-12,1040.31,5
12835,2010-01,557.78,5
12835,2010-02,675.3100000000001,5
12835,2010-03,1189.81,3
12835,2010-04,450.48,4
12835,2010-05,552.33,6
12835,2010-06,641.51,6
12835,2010-07,323.41,2
12835,2010-08,237.08,2
12835,2010-09,95.43,2
12835,2010-10,233.38,1
12836,2009-12,407.97,1
12836,2010-01,260.0,1
12836,2010-02,340.35,1
12836,2010-03,405.0,1
12836,2010-04,425.6,1
12836,2010-06,326.85,1
12836,2010-07,370.65999999999997,2
12836,2010-08,239.94,1
12836,2010-10,531.6,1
12836,2010-11,641.4,1
12836,2011-02,846.69,1
12836,2011-05,814.71,1
12836,2011-07,451.13,1
12836,2011-10,497.83000000000004,1
12837,2010-05,528.5600000000001,1
12837,2011-06,134.1,1
12838,2010-04,228.05,1
12838,2010-05,94.25,1
12838,2010-06,217.54,1
12838,2010-09,980.25,2
12838,2010-10,568.97,2
12838,2010-11,214.9,1
12838,2010-12,781.58,1
12838,2011-11,281.16,1
12839,2009-12,969.78,3
12839,2010-01,125.30000000000001,1
12839,2010-03,302.52,1
12839,2010-04,460.43,1
12839,2010-05,303.95,1
12839,2010-07,329.8,1
12839,2010-08,494.88,1
12839,2010-10,215.86,1
12839,2010-11,875.18,2
12839,2010-12,1140.06,2
12839,2011-02,351.56,1
12839,2011-05,306.88,1
12839,2011-06,304.48,1
12839,2011-07,653.0,2
12839,2011-08,330.44,1
12839,2011-09,692.24,2
12839,2011-10,387.8,1
12839,2011-11,1075.18,2
12839,2011-12,752.39,1
12840,2010-02,150.0,1
12840,2010-06,491.69,1
12840,2010-09,673.51,1
12840,2011-04,854.0699999999999,1
12840,2011-05,723.9,1
12840,2011-06,572.8,1
12840,2011-07,576.0,1
12841,2010-07,549.14,2
12841,2010-08,98.45,1
12841,2010-09,436.75,3
12841,2010-10,518.08,3
12841,2010-11,1364.2,6
12841,2010-12,1011.98,2
12841,2011-01,497.89,3
12841,2011-02,389.19,3
12841,2011-03,269.90000000000003,2
12841,2011-04,160.67,1
12841,2011-05,116.09,1
12841,2011-06,199.73,1
12841,2011-07,416.68,2
12841,2011-08,273.77,2
12841,2011-09,215.87,1
12841,2011-10,505.35,3
12841,2011-11,289.44,2
12841,2011-12,151.01,2
12842,2009-12,397.20000000000005,1
12842,2010-10,401.8,1
12842,2011-02,310.73,1
12842,2011-09,808.26,1
12843,2009-12,71.78999999999999,1
12843,2010-01,15.9,1
12843,2010-03,717.86,2
12843,2010-05,1101.9,2
12843,2010-06,1448.59,5
12843,2010-07,633.65,2
12843,2010-08,116.05,2
12843,2010-10,76.32000000000001,1
12843,2010-11,577.55,4
12843,2011-03,93.4,1
12843,2011-05,533.66,2
12843,2011-06,770.95,3
12843,2011-07,294.3,1
12843,2011-10,9.95,1
12844,2010-04,123.03,1
12844,2010-09,199.60999999999999,1
12844,2011-08,174.88,1
12844,2011-11,151.08,1
12845,2011-02,65.09,1
12845,2011-03,289.0,3
12847,2010-11,765.36,1
12847,2011-11,843.64,1
12848,2010-02,208.0,1
12849,2010-04,455.95,1
12849,2010-10,550.67,1
12849,2010-11,1016.71,2
12849,2011-03,651.2099999999999,1
12849,2011-11,341.44,1
12850,2010-09,330.0,1
12851,2010-08,148.95,1
12851,2011-09,131.81,1
12852,2011-02,311.55,1
12853,2010-02,413.0,1
12853,2010-06,511.04,1
12853,2010-07,428.96000000000004,2
12853,2010-10,597.4,1
12853,2011-01,427.40000000000003,1
12853,2011-04,457.6,2
12853,2011-07,1072.1,3
12854,2009-12,522.44,1
12854,2010-02,715.5,2
12854,2010-05,416.78000000000003,1
12854,2011-01,389.90000000000003,1
12854,2011-04,420.46999999999997,1
12854,2011-09,505.88,1
12855,2010-11,574.74,3
12855,2010-12,76.2,1
12856,2011-10,1347.12,3
12856,2011-11,610.5600000000001,2
12856,2011-12,213.1,1
12857,2010-01,204.60000000000002,1
12857,2010-04,440.05,1
12857,2010-08,829.35,1
12857,2010-09,1107.6,1
12857,2011-02,801.6,1
12857,2011-05,304.8,1
12858,2010-11,147.27,1
12859,2010-09,575.1,1
12860,2010-01,54.22,1
12861,2010-03,68.25,1
12862,2010-08,490.73,1
12862,2010-10,493.89,1
12863,2010-04,632.35,1
12863,2010-05,311.09999999999997,1
12863,2010-06,421.4,1
12863,2010-07,322.09999999999997,1
12863,2010-11,584.4,1
12863,2011-10,521.2,1
12864,2010-07,152.45,1
12864,2011-07,147.12,1
12865,2010-08,1043.15,1
12865,2010-11,712.09,1
12865,2011-08,981.38,1
12865,2011-11,586.85,1
12866,2010-07,312.83,1
12866,2010-08,280.4,1
12866,2011-03,499.12,1
12867,2009-12,286.49,1
12867,2010-02,699.93,1
12867,2010-05,621.2,1
12867,2010-07,598.01,1
12867,2010-09,694.73,1
12867,2010-11,919.56,1
12867,2010-12,362.79,1
12867,2011-02,424.15999999999997,1
12867,2011-03,491.19,1
12867,2011-05,451.25,1
12867,2011-06,613.91,1
12867,2011-09,672.66,1
12867,2011-11,993.38,1
12868,2010-11,436.7,2
12868,2010-12,406.6,1
12868,2011-01,469.91,2
12868,2011-03,248.27,1
12868,2011-05,437.52000000000004,1
12868,2011-06,248.06,1
12869,2010-01,337.66999999999996,1
12870,2010-03,209.3,1
12870,2010-08,282.70000000000005,1
12870,2010-11,1184.95,1
12871,2010-09,363.38,1
12871,2011-05,132.0,1
12871,2011-09,248.64,1
12872,2009-12,407.22,1
12872,2010-01,240.33,1
12872,2010-02,278.29,1
12872,2010-03,315.28,1
12872,2010-05,337.33,1
12872,2010-06,134.37,1
12872,2010-07,276.34000000000003,1
12872,2010-09,206.94,1
12872,2010-10,209.04000000000002,1
12872,2010-11,278.85,1
12872,2010-12,757.0600000000001,1
12872,2011-01,221.44,1
12873,2010-01,492.4,1
12873,2010-11,1160.9,1
12873,2011-03,374.0,1
12874,2010-06,459.26,1
12874,2010-11,414.15999999999997,1
12875,2010-01,305.28,1
12875,2010-04,354.24,1
12875,2010-08,354.24,1
12875,2010-12,293.76000000000005,1
12875,2011-07,49.470000000000006,1
12876,2010-04,795.5400000000001,1
12876,2010-11,903.23,1
12876,2011-05,666.43,1
12876,2011-10,1386.59,1
12877,2010-01,299.49,1
12877,2010-04,182.45000000000002,1
12877,2010-06,124.82,1
12877,2010-07,73.06,1
12877,2010-08,208.51,1
12877,2010-10,336.5,2
12877,2010-11,181.54000000000002,1
12877,2010-12,150.06,1
12877,2011-01,100.2,1
12877,2011-02,79.2,1
12877,2011-03,83.16000000000001,1
12877,2011-04,87.10000000000001,1
12877,2011-05,182.32,2
12877,2011-06,276.79,1
12877,2011-08,100.4,1
12877,2011-09,101.14,1
12877,2011-11,275.74,1
12877,2011-12,99.66,1
12878,2011-03,315.18,1
12878,2011-04,539.81,1
12879,2011-09,507.7,2
12879,2011-10,65.52000000000001,1
12880,2010-05,337.18,1
12880,2010-11,302.95,1
12881,2011-03,298.0,1
12882,2011-11,1463.04,2
12883,2011-09,291.63,1
12883,2011-11,411.84000000000003,3
12884,2011-09,309.05,1
12885,2011-08,645.35,1
12885,2011-10,529.87,2
12886,2011-05,775.0,1
12886,2011-10,603.4,1
12887,2010-11,222.4,1
12888,2011-03,272.76,1
12888,2011-05,81.36,1
12889,2010-07,99.41,1
12889,2010-08,71.6,1
12889,2010-10,165.60000000000002,1
12889,2010-11,48.85,1
12890,2010-11,329.3,1
12890,2011-11,376.71999999999997,1
12891,2010-02,21.0,1
12891,2010-03,63.0,1
12891,2010-05,73.5,1
12891,2010-06,42.0,1
12891,2010-07,242.00000000000003,3
12891,2010-09,68.0,1
12891,2011-02,42.0,1
12891,2011-05,204.00000000000003,1
12891,2011-06,85.0,1
12892,2010-11,263.38,1
12893,2011-11,176.55,1
12894,2010-05,157.35,1
12895,2011-09,267.8,1
12895,2011-10,105.0,1
12897,2010-06,104.15,1
12897,2010-11,193.60000000000002,1
12897,2011-02,128.8,1
12897,2011-05,87.7,1
12898,2010-02,143.57,1
12898,2010-09,152.64000000000001,1
12899,2010-10,366.4,1
12900,2010-10,340.33,1
12901,2011-03,3190.92,3
12901,2011-04,1447.56,4
12901,2011-05,3147.08,4
12901,2011-06,1772.88,5
12901,2011-07,1301.03,2
12901,2011-08,780.0,1
12901,2011-09,1519.8,1
12901,2011-10,1758.96,3
12901,2011-11,1956.31,4
12901,2011-12,780.0,1
12902,2011-03,138.68,1
12903,2010-10,833.53,1
12904,2011-06,244.69,1
12904,2011-11,251.37,1
12905,2010-01,593.66,1
12905,2010-05,424.76,1
12906,2011-09,1936.5900000000001,2
12906,2011-11,983.22,3
12907,2010-08,328.43,1
12907,2010-11,180.48,1
12908,2010-03,318.0,1
12908,2010-07,318.0,1
12908,2010-11,390.0,1
12908,2011-01,318.0,1
12908,2011-06,432.0,1
12909,2010-02,284.11,1
12909,2010-05,302.5,1
12909,2010-10,337.90999999999997,1
12909,2011-03,903.45,2
12909,2011-05,624.92,1
12909,2011-09,328.98,1
12909,2011-10,321.32,1
12910,2010-03,1017.96,1
12910,2010-08,321.42,1
12910,2010-09,881.92,2
12910,2010-11,500.18,1
12910,2011-04,720.22,1
12910,2011-05,422.28000000000003,2
12910,2011-07,344.4,1
12910,2011-09,563.28,1
12910,2011-10,566.4,1
12910,2011-11,458.46000000000004,2
12911,2010-06,1651.72,1
12912,2011-10,318.06,1
12912,2011-11,540.0,2
12912,2011-12,804.24,2
12913,2009-12,741.96,2
12913,2010-01,478.77000000000004,1
12913,2010-03,300.87,1
12913,2010-05,382.14,1
12913,2010-10,602.37,1
12913,2010-11,1293.5,2
12913,2010-12,835.24,1
12913,2011-02,313.8,1
12913,2011-03,134.97,1
12913,2011-11,1082.14,1
12913,2011-12,535.1,1
12914,2010-11,223.98,1
12915,2010-04,206.3,1
12915,2010-08,405.15,1
12915,2010-12,399.3,1
12915,2011-07,164.0,1
12916,2010-01,379.33,1
12916,2010-04,663.2,1
12916,2010-09,492.25,1
12916,2011-01,807.05,1
12916,2011-03,649.78,1
12916,2011-05,794.75,1
12916,2011-07,693.37,1
12917,2009-12,1552.9,1
12917,2010-05,549.1,1
12917,2010-07,984.1999999999999,1
12917,2010-11,679.0,2
12917,2011-08,594.0,1
12919,2011-06,206.2,1
12919,2011-07,52.8,1
12919,2011-08,182.65,1
12919,2011-11,605.64,2
12919,2011-12,287.9,1
12920,2009-12,138.9,2
12920,2010-05,184.96,1
12920,2011-11,162.78,1
12921,2009-12,2443.7000000000003,4
12921,2010-01,880.67,2
12921,2010-02,549.5,1
12921,2010-03,2019.88,3
12921,2010-04,943.94,2
12921,2010-05,1743.17,2
12921,2010-06,1159.04,2
12921,2010-07,948.36,3
12921,2010-08,668.9000000000001,2
12921,2010-09,3522.28,6
12921,2010-10,1907.31,7
12921,2010-11,1859.4,3
12921,2010-12,1375.6000000000001,2
12921,2011-01,481.7,1
12921,2011-02,2003.88,4
12921,2011-03,1063.8700000000001,2
12921,2011-05,1277.19,4
12921,2011-06,556.88,2
12921,2011-07,2192.78,6
12921,2011-08,660.45,1
12921,2011-09,2471.43,5
12921,2011-10,1328.07,3
12921,2011-11,3863.04,7
12922,2011-07,405.38,1
12923,2010-05,426.2,1
12923,2010-11,171.4,1
12923,2011-10,171.57,1
12924,2009-12,280.35,3
12924,2010-03,138.89,1
12924,2010-05,728.75,1
12924,2010-09,116.76,1
12924,2010-10,113.63,1
12924,2010-11,157.32,1
12924,2011-01,58.190000000000005,1
12924,2011-03,221.85,1
12924,2011-05,367.28000000000003,1
12924,2011-09,278.43,1
12925,2010-04,35.28,1
12925,2011-09,368.31,1
12925,2011-12,325.74,1
12926,2009-12,370.77,1
12926,2010-03,221.74,1
12926,2010-10,931.08,2
12927,2010-11,197.31,1
12928,2010-06,818.39,2
12928,2010-07,292.5,1
12928,2010-09,392.44,3
12928,2010-11,738.86,1
12928,2010-12,392.34000000000003,1
12928,2011-04,387.7,1
12928,2011-07,356.1,1
12928,2011-10,334.0,1
12928,2011-11,592.5600000000001,1
12929,2011-02,117.85,1
12930,2011-06,221.56,1
12930,2011-09,194.24,1
12931,2009-12,1268.75,2
12931,2010-01,505.2,2
12931,2010-02,1196.0,3
12931,2010-03,2345.04,6
12931,2010-04,794.6,4
12931,2010-05,13320.17,6
12931,2010-06,192.89999999999998,1
12931,2010-08,4610.0199999999995,3
12931,2010-09,1710.8,2
12931,2010-10,16058.6,6
12931,2010-11,8289.3,7
12931,2010-12,177.0,2
12931,2011-02,1696.4,1
12931,2011-03,62.5,1
12931,2011-04,1488.0,1
12931,2011-05,496.79999999999995,2
12931,2011-08,28610.0,4
12931,2011-10,1909.36,1
12931,2011-11,7615.9,3
12932,2010-02,424.71999999999997,1
12932,2010-03,111.3,1
12932,2010-04,213.85,2
12932,2010-05,75.84,1
12932,2010-06,872.85,3
12933,2009-12,155.79,1
12933,2010-09,257.56,2
12933,2010-11,615.75,2
12933,2011-03,110.75,1
12933,2011-06,246.73999999999998,1
12933,2011-11,250.04,1
12934,2009-12,181.65,1
12935,2010-04,498.46,2
12935,2010-05,333.19,2
12935,2010-06,308.38,1
12935,2010-07,347.3,1
12935,2010-10,285.8,1
12935,2010-11,310.03,1
12935,2011-01,431.63,1
12935,2011-05,434.6,1
12935,2011-07,353.09,1
12935,2011-08,316.02,1
12935,2011-11,281.58,1
12935,2011-12,343.78,2
12936,2011-09,798.46,1
12936,2011-11,265.44,3
12937,2009-12,314.57,2
12937,2010-06,587.87,1
12937,2010-08,328.05,1
12937,2010-09,362.85,1
12937,2011-03,217.43,1
12937,2011-05,210.8,1
12937,2011-09,398.21,1
12937,2011-11,677.83,1
12938,2011-11,114.14,1
12939,2010-01,495.0,1
12939,2010-02,292.5,1
12939,2010-04,585.0,1
12939,2010-06,877.5,2
12939,2010-07,3417.12,1
12939,2010-09,2175.0,2
12939,2010-10,1689.12,1
12939,2010-11,4151.76,3
12939,2011-01,1933.2,1
12939,2011-02,3376.08,1
12939,2011-03,1919.04,1
12939,2011-07,761.76,1
12939,2011-09,1046.04,2
12939,2011-10,2545.68,2
12940,2011-09,361.27,1
12940,2011-10,538.42,1
12941,2009-12,377.49,1
12942,2010-12,517.5,1
12942,2011-05,137.77,1
12942,2011-07,279.08,1
12943,2010-04,315.85,1
12943,2010-05,180.64999999999998,1
12944,2010-12,286.95,1
12944,2011-11,317.56,1
12945,2010-02,437.16,1
12945,2011-02,462.95,1
12946,2010-09,324.45,1
12947,2010-12,608.08,1
12947,2011-01,301.66,1
12947,2011-04,429.57,1
12947,2011-06,344.42,2
12947,2011-07,224.3,1
12948,2009-12,252.48000000000002,2
12948,2011-03,528.96,2
12948,2011-05,357.3,1
12948,2011-08,537.7,1
12948,2011-10,431.05,2
12948,2011-11,209.94,1
12949,2009-12,1794.7,1
12949,2010-01,1431.27,2
12949,2010-02,443.06,1
12949,2010-03,673.28,1
12949,2010-04,934.2,3
12949,2010-07,1389.12,1
12949,2010-08,790.98,1
12949,2010-09,547.09,1
12949,2010-11,3355.78,3
12949,2011-04,1534.3,1
12949,2011-05,716.4,2
12949,2011-08,1198.72,4
12949,2011-11,717.8,1
12950,2011-11,311.6,1
12950,2011-12,1531.4,2
12951,2010-01,168.3,1
12951,2010-02,190.1,1
12951,2010-03,155.05,1
12951,2010-05,192.15,1
12951,2010-06,180.85000000000002,1
12951,2010-07,224.45000000000002,1
12951,2010-09,322.95,1
12951,2010-11,715.8,2
12951,2011-01,306.09000000000003,2
12951,2011-04,155.19000000000003,1
12951,2011-05,163.60000000000002,1
12951,2011-06,126.9,1
12951,2011-12,312.29,1
12952,2011-09,731.54,1
12952,2011-10,358.52,2
12952,2011-12,297.73,1
12953,2010-07,498.96000000000004,1
12953,2011-11,329.85,1
12954,2010-03,162.45,1
12955,2011-03,473.82,1
12955,2011-05,223.6,2
12955,2011-06,293.96,1
12955,2011-07,355.53999999999996,1
12955,2011-09,496.44,1
12955,2011-10,269.76,1
12955,2011-11,1836.82,2
12955,2011-12,807.22,2
12956,2009-12,276.7,2
12956,2010-01,137.12,1
12956,2011-02,108.07,1
12957,2009-12,1107.95,1
12957,2010-03,1609.01,1
12957,2010-04,720.34,1
12957,2010-06,1252.13,2
12957,2011-01,413.68,1
12957,2011-03,330.51,1
12957,2011-05,384.58,1
12957,2011-06,586.52,1
12957,2011-09,925.4300000000001,2
12957,2011-11,1376.82,2
12958,2010-05,166.89,1
12958,2010-11,300.45,1
12959,2010-08,150.95,1
12960,2010-02,413.67,1
12960,2010-05,319.90000000000003,1
12960,2010-08,412.3,1
12960,2010-10,176.2,1
12961,2010-11,211.99,1
12962,2011-08,170.54000000000002,1
12962,2011-12,95.85000000000001,1
12963,2010-07,716.08,1
12963,2010-08,60.599999999999994,1
12963,2010-09,602.48,2
12963,2010-12,731.6,1
12963,2011-09,253.91,1
12963,2011-10,105.22,1
12963,2011-11,867.0500000000001,4
12963,2011-12,264.65000000000003,1
12964,2010-09,132.24,1
12965,2011-09,769.8100000000001,1
12966,2011-11,160.18,1
12967,2010-11,1277.6200000000001,1
12967,2010-12,3029.3,2
12968,2011-08,135.95,1
12969,2010-04,122.45,1
12970,2009-12,236.93,1
12970,2010-11,810.14,5
12970,2011-01,23.8,2
12970,2011-12,381.67,2
12971,2009-12,61.45,1
12971,2010-01,343.20000000000005,2
12971,2010-02,399.29999999999995,1
12971,2010-04,785.2,2
12971,2010-05,318.1,2
12971,2010-06,346.3,2
12971,2010-07,281.5,2
12971,2010-08,216.60000000000002,2
12971,2010-09,328.40000000000003,2
12971,2010-10,301.20000000000005,3
12971,2010-11,1133.44,11
12971,2010-12,704.38,5
12971,2011-01,657.28,6
12971,2011-02,582.1,6
12971,2011-03,1158.44,10
12971,2011-04,1196.2,6
12971,2011-05,608.01,6
12971,2011-06,577.42,6
12971,2011-07,1923.96,11
12971,2011-08,715.1600000000001,5
12971,2011-09,799.04,6
12971,2011-10,460.76,4
12971,2011-11,1913.45,13
12971,2011-12,161.9,2
12972,2010-02,469.51,1
12972,2010-03,164.10000000000002,1
12972,2010-05,385.43,1
12972,2010-10,142.16000000000003,1
12973,2010-10,385.55,1
12974,2010-05,264.15,1
12974,2011-05,144.8,1
12975,2009-12,441.63,1
12975,2010-07,806.56,2
12975,2010-09,851.9,3
12976,2010-02,377.62,1
12976,2010-03,306.6,1
12976,2010-04,513.0,1
12976,2010-05,421.8,1
12976,2010-08,393.1,2
12976,2010-11,405.66,1
12976,2011-05,738.6,1
12977,2010-07,474.64,3
12977,2011-07,39.239999999999995,1
12978,2009-12,945.58,1
12978,2010-01,502.25,2
12978,2010-03,498.63,1
12978,2010-11,556.36,1
12979,2009-12,517.7,1
12980,2009-12,754.2,1
12980,2010-01,726.6,1
12980,2010-02,1110.48,1
12980,2010-03,502.80000000000007,1
12980,2010-05,419.40000000000003,1
12980,2010-06,324.0,1
12980,2010-07,559.2,1
12980,2010-08,1145.4,1
12980,2010-09,380.40000000000003,1
12980,2010-10,1617.3600000000001,2
12980,2010-11,1331.0400000000002,1
12980,2010-12,889.32,1
12980,2011-01,721.9200000000001,1
12980,2011-02,1223.7,2
12980,2011-03,838.8000000000001,1
12980,2011-05,892.62,1
12980,2011-06,1969.74,2
12980,2011-07,838.8000000000001,1
12981,2011-07,187.18,1
12981,2011-11,185.04,1
12982,2010-04,1062.67,2
12982,2010-05,309.55,1
12982,2010-06,306.24,1
12982,2010-07,97.80000000000001,1
12982,2010-10,410.15999999999997,1
12982,2010-11,167.85,1
12982,2011-04,390.54,1
12983,2010-04,490.08000000000004,1
12984,2011-11,97.5,1
12985,2011-11,754.38,1
12985,2011-12,485.0,1
12986,2010-01,303.87,1
12986,2010-03,456.85,1
12986,2010-06,646.5,3
12986,2010-07,377.45,1
12986,2010-09,546.51,1
12986,2010-10,398.66,3
12987,2010-01,282.33,1
12987,2010-04,178.35,1
12987,2010-10,292.83,1
12987,2011-05,304.3,1
12987,2011-09,254.4,1
12988,2011-02,505.82,1
12989,2009-12,413.1,1
12989,2010-01,138.24,2
12989,2010-02,499.20000000000005,2
12989,2010-03,598.1,2
12989,2010-04,1384.5,3
12989,2010-06,307.0,1
12989,2010-07,1127.5,3
12989,2010-09,810.0,2
12989,2010-10,1350.0,2
12989,2010-12,202.5,1
12989,2011-01,810.0,1
12989,2011-02,901.6,1
12989,2011-03,437.40000000000003,1
12989,2011-04,277.56,1
12989,2011-05,698.88,2
12989,2011-07,1141.2,1
12989,2011-09,637.9200000000001,1
12989,2011-10,1332.96,3
12989,2011-11,354.96000000000004,1
12989,2011-12,129.13,2
12990,2010-03,117.0,1
12990,2010-07,156.0,1
12990,2010-09,214.5,1
12990,2010-10,58.5,1
12990,2011-02,97.5,1
12990,2011-06,166.4,1
12990,2011-11,145.6,1
12991,2010-11,261.06,1
12991,2011-08,303.56,1
12991,2011-11,200.2,1
12992,2009-12,93.35000000000001,1
12993,2010-02,169.55,1
12993,2010-03,266.9,1
12993,2010-09,408.42,2
12993,2011-02,102.89999999999999,1
12993,2011-05,72.4,1
12993,2011-08,197.1,1
12993,2011-11,42.36000000000001,1
12994,2011-03,352.6,1
12994,2011-08,292.87,1
12994,2011-12,328.95,1
12995,2011-09,211.32,1
12996,2010-11,355.5,1
12997,2010-04,2.95,1
12997,2010-05,271.75,1
12997,2010-08,303.78000000000003,1
12997,2010-11,305.54,1
12997,2011-01,305.55,1
12997,2011-04,302.92,1
12997,2011-09,307.92,1
12997,2011-11,310.5,1
12998,2010-02,300.2,1
12998,2010-04,303.90000000000003,1
12998,2010-08,315.98,1
12999,2011-04,320.28000000000003,1
12999,2011-05,135.6,2
13000,2009-12,497.65000000000003,1
13000,2010-12,201.75,1
13000,2011-03,256.78,1
13000,2011-08,76.32000000000001,1
13001,2009-12,869.9300000000001,1
13001,2010-01,1051.92,1
13001,2010-02,826.0,1
13001,2010-03,949.4100000000001,2
13001,2010-04,1300.1200000000001,2
13001,2010-05,1826.8200000000002,2
13001,2010-06,1333.66,2
13001,2010-07,1314.45,2
13001,2010-08,1059.52,2
13001,2010-09,1989.78,2
13001,2010-10,1735.07,3
13001,2011-01,1369.8400000000001,2
13001,2011-02,2098.9500000000003,2
13001,2011-03,1941.68,3
13001,2011-04,636.45,1
13001,2011-05,1264.0800000000002,1
13001,2011-06,501.5,1
13001,2011-07,770.07,1
13001,2011-11,612.39,1
13001,2011-12,591.01,1
13002,2010-10,293.18,2
13002,2011-01,120.94999999999999,1
13003,2011-05,59.050000000000004,1
13003,2011-07,30.0,1
13003,2011-08,60.0,1
13004,2009-12,306.54,1
13004,2010-01,793.17,2
13004,2010-02,607.99,2
13004,2010-03,625.84,2
13004,2010-04,328.66,1
13004,2010-05,681.66,2
13004,2010-07,622.64,2
13004,2010-08,307.7,1
13004,2010-09,668.52,2
13004,2010-10,327.45,1
13004,2010-11,724.77,2
13004,2010-12,357.01,1
13004,2011-01,645.38,2
13004,2011-02,589.65,2
13004,2011-04,451.78,1
13004,2011-05,404.2,1
13004,2011-06,700.56,3
13004,2011-07,308.44,1
13004,2011-08,328.07,1
13004,2011-09,340.21,1
13004,2011-10,483.7,2
13004,2011-11,1046.91,3
13005,2010-09,229.73,1
13005,2010-10,256.25,1
13005,2011-04,321.65,1
13005,2011-06,192.05,1
13006,2011-10,81.57,1
13007,2010-05,175.25,1
13008,2009-12,189.31,1
13008,2010-11,193.35,1
13008,2011-01,229.46999999999997,1
13009,2010-02,234.0,1
13010,2010-03,177.12,1
13010,2010-11,153.0,1
13011,2010-12,101.10000000000001,1
13012,2010-04,381.89,1
13012,2010-07,405.62,1
13012,2010-10,523.48,1
13012,2011-02,377.27000000000004,1
13012,2011-05,330.12,2
13012,2011-07,304.92,1
13012,2011-09,178.53,1
13012,2011-11,456.0,3
13013,2009-12,756.51,1
13013,2010-03,212.0,1
13013,2010-04,1831.88,2
13013,2010-05,675.25,2
13013,2010-06,598.6,2
13013,2010-07,660.52,2
13013,2010-09,357.6,1
13013,2010-10,890.23,3
13013,2010-11,303.90000000000003,2
13013,2010-12,3056.68,2
13013,2011-04,649.32,1
13013,2011-05,194.63,1
13013,2011-07,560.84,2
13013,2011-08,449.66,2
13013,2011-09,303.3,1
13013,2011-10,216.81,1
13013,2011-11,612.94,2
13013,2011-12,295.1,1
13014,2010-10,1914.8,1
13014,2011-03,833.18,2
13014,2011-05,494.84999999999997,1
13014,2011-06,460.75,1
13014,2011-08,233.7,1
13014,2011-09,399.15,1
13014,2011-11,1044.65,4
13015,2010-04,1259.85,2
13015,2010-07,637.44,1
13015,2010-09,1342.85,3
13015,2011-04,979.37,3
13015,2011-05,783.67,1
13015,2011-10,1576.6,1
13016,2011-08,425.25,1
13016,2011-09,364.64,2
13017,2011-12,204.0,1
13018,2010-03,818.7,2
13018,2010-05,645.65,3
13018,2010-09,757.3100000000001,1
13018,2010-10,263.8,1
13018,2011-02,642.45,2
13018,2011-03,332.6,1
13018,2011-04,1623.92,4
13018,2011-05,1074.99,4
13018,2011-06,178.94,1
13018,2011-07,683.99,4
13018,2011-08,251.96,1
13018,2011-09,889.32,4
13018,2011-10,412.17,1
13018,2011-11,1187.36,6
13019,2009-12,445.3,2
13019,2010-04,166.23,1
13019,2010-05,169.32,1
13019,2010-10,258.15000000000003,1
13019,2010-11,190.95,1
13020,2010-02,448.01,1
13020,2010-05,170.95000000000002,1
13021,2009-12,233.70999999999998,1
13021,2010-03,419.55,1
13021,2010-04,309.13,1
13021,2010-07,268.28,1
13021,2010-10,738.7,3
13021,2010-11,301.49,1
13021,2010-12,157.35000000000002,1
13021,2011-03,259.35,1
13021,2011-05,348.3,1
13021,2011-06,387.47,1
13021,2011-09,466.81,2
13021,2011-11,691.67,2
13021,2011-12,305.43,1
13022,2010-10,50.3,1
13023,2010-06,651.13,1
13023,2011-08,291.40000000000003,1
13023,2011-10,308.5,1
13024,2010-05,247.83,1
13024,2010-08,308.04,1
13025,2009-12,323.39,1
13026,2009-12,335.98,1
13026,2010-03,250.02,1
13026,2010-04,110.88000000000001,1
13026,2010-08,60.839999999999996,1
13026,2011-03,84.36,1
13026,2011-05,159.35999999999999,1
13026,2011-09,360.48,1
13026,2011-11,170.64,1
13026,2011-12,200.52,1
13027,2010-01,576.0,2
13027,2010-02,576.0,1
13027,2010-03,1248.0,2
13027,2010-04,1008.0,1
13027,2010-05,1056.0,1
13027,2010-06,924.0,1
13027,2010-08,1939.2,2
13027,2010-10,2328.0,2
13027,2010-11,672.0,1
13027,2010-12,1440.0,1
13027,2011-03,384.0,1
13027,2011-04,2016.0,1
13027,2011-07,1536.0,2
13027,2011-08,1536.0,1
13028,2011-10,355.94,1
13028,2011-11,305.38,1
13029,2010-07,347.7,1
13029,2010-11,332.09999999999997,1
13029,2010-12,382.5,1
13029,2011-07,390.7,1
13029,2011-11,474.29999999999995,1
13030,2010-12,804.72,1
13030,2011-11,350.08,1
13031,2010-06,948.72,1
13031,2010-07,560.74,1
13031,2010-08,636.9200000000001,1
13031,2010-09,813.91,1
13031,2010-10,332.55,1
13032,2010-09,734.3,5
13032,2010-10,511.55,1
13032,2010-11,559.93,1
13032,2011-09,496.3,1
13032,2011-10,513.88,1
13033,2010-10,30.0,1
13033,2010-12,190.55,1
13034,2010-11,114.05000000000001,1
13034,2010-12,331.72,1
13034,2011-10,476.90999999999997,1
13035,2010-10,442.32,1
13035,2011-03,333.0,1
13035,2011-09,588.88,1
13036,2010-01,307.1,1
13037,2009-12,313.19,1
13037,2010-01,291.5,1
13037,2010-03,744.86,2
13037,2010-04,384.31,1
13037,2010-06,448.78000000000003,1
13037,2010-08,379.53000000000003,1
13037,2010-09,317.41,1
13037,2010-11,154.3,1
13037,2011-03,250.42000000000002,1
13037,2011-05,326.9,1
13037,2011-07,303.75,1
13038,2011-02,395.1,1
13038,2011-06,196.66,1
13038,2011-09,316.70000000000005,1
13039,2009-12,162.8,1
13039,2010-03,300.35,1
13039,2010-04,174.4,1
13039,2010-05,373.18,1
13040,2011-11,303.25,1
13040,2011-12,373.74,1
13041,2010-04,256.16,1
13041,2010-07,350.92,2
13041,2010-09,192.05,1
13042,2009-12,665.15,1
13042,2010-02,307.55,1
13042,2010-04,515.89,1
13043,2011-03,516.42,1
13044,2010-01,177.35000000000002,1
13044,2010-02,1110.81,2
13044,2010-03,276.49,1
13044,2010-04,1205.72,2
13044,2010-05,689.63,2
13044,2010-07,358.8,1
13044,2010-08,468.78000000000003,1
13044,2011-02,560.47,1
13045,2010-08,325.44,1
13045,2010-11,178.2,1
13045,2011-09,305.28000000000003,1
13046,2010-09,319.94,1
13046,2011-03,197.72,1
13046,2011-11,431.59,1
13047,2009-12,306.3,1
13047,2010-01,563.98,1
13047,2010-03,356.24,1
13047,2010-04,1095.33,2
13047,2010-05,695.37,1
13047,2010-06,30.0,1
13047,2010-07,623.58,2
13047,2010-08,887.94,3
13047,2010-10,632.25,2
13047,2010-12,733.26,3
13047,2011-02,458.9,1
13047,2011-03,427.15000000000003,1
13047,2011-05,419.0,1
13047,2011-06,562.4,1
13047,2011-08,447.93,1
13047,2011-10,550.58,1
13048,2010-01,394.6,1
13048,2010-04,429.25,1
13048,2010-05,95.5,1
13048,2010-07,944.69,1
13048,2010-09,365.68,1
13048,2011-01,477.61,1
13048,2011-04,445.81,1
13048,2011-08,435.13,1
13048,2011-11,460.86,1
13049,2010-11,751.5600000000001,2
13049,2011-01,153.78,1
13049,2011-10,502.90000000000003,1
13050,2009-12,327.91,1
13050,2010-01,343.2,1
13050,2010-02,304.65,1
13050,2010-03,302.9,1
13050,2010-04,953.62,2
13050,2010-06,584.6,2
13050,2010-07,313.02,1
13050,2010-08,607.72,2
13050,2010-09,621.72,2
13050,2010-10,1081.34,2
13050,2010-11,603.5,2
13050,2010-12,1527.88,4
13050,2011-01,323.09000000000003,1
13050,2011-02,606.5699999999999,2
13050,2011-03,401.35,1
13050,2011-05,343.08,1
13050,2011-06,581.42,1
13050,2011-07,339.38,1
13050,2011-08,711.23,2
13050,2011-10,614.77,2
13050,2011-11,712.35,2
13051,2010-03,75.0,1
13051,2010-05,80.8,1
13052,2010-02,560.97,1
13052,2010-04,589.48,1
13052,2010-05,727.39,1
13052,2010-06,179.54,1
13052,2010-10,712.95,2
13052,2011-05,348.15000000000003,1
13053,2010-03,127.65,1
13055,2010-10,1106.7,1
13055,2011-05,344.86,1
13055,2011-09,869.55,2
13056,2010-06,209.48,1
13057,2010-03,353.49,1
13057,2010-06,356.1,2
13058,2011-07,47.550000000000004,1
13058,2011-10,90.15,1
13058,2011-11,133.7,1
13059,2010-03,614.69,2
13059,2010-06,358.59,2
13059,2010-07,227.65,1
13059,2010-08,706.04,2
13059,2010-10,201.4,2
13059,2011-04,183.4,1
13060,2011-03,307.53,1
13061,2011-09,248.61,1
13062,2011-06,346.98,1
13063,2010-08,188.4,1
13064,2010-04,239.65,1
13064,2010-06,321.6,1
13064,2011-01,203.3,1
13064,2011-07,455.95,1
13064,2011-09,183.08,1
13064,2011-11,263.26,1
13065,2010-06,187.57,1
13065,2010-08,210.47000000000003,1
13065,2010-10,225.8,1
13065,2010-11,225.35000000000002,1
13065,2010-12,411.72,1
13066,2011-11,470.8,2
13067,2010-09,251.39999999999998,1
13067,2010-10,141.65,1
13067,2011-09,115.46000000000001,1
13068,2011-01,165.0,1
13068,2011-11,179.0,1
13069,2010-06,1211.53,3
13069,2010-07,823.7,2
13069,2010-08,677.47,2
13069,2010-09,202.14000000000001,1
13069,2010-10,830.89,2
13069,2010-11,1107.28,4
13069,2010-12,976.62,4
13069,2011-01,340.94,1
13069,2011-02,255.03,1
13069,2011-03,269.3,1
13069,2011-04,625.85,3
13069,2011-05,391.62,3
13069,2011-06,378.39,3
13069,2011-07,302.04,1
13069,2011-08,185.97,2
13069,2011-09,476.76000000000005,1
13069,2011-10,125.09,2
13069,2011-11,156.09,1
13069,2011-12,280.24,1
13070,2009-12,154.2,1
13070,2010-04,154.2,1
13070,2010-09,214.5,1
13070,2011-05,228.8,1
13071,2010-04,129.22,1
13072,2011-03,177.15,1
13073,2010-09,302.88,1
13073,2010-10,115.2,1
13074,2009-12,313.3,1
13074,2010-01,320.7,1
13074,2010-04,428.24,1
13074,2010-07,316.5,1
13075,2011-08,919.61,1
13076,2010-09,135.4,1
13077,2009-12,638.59,2
13077,2010-04,334.7,1
13077,2010-06,231.58,1
13077,2010-09,308.43,1
13077,2010-10,119.81,1
13077,2010-11,379.52,1
13077,2010-12,627.44,1
13077,2011-02,262.47,2
13077,2011-12,151.83,1
13078,2009-12,2319.03,4
13078,2010-01,902.1,2
13078,2010-02,881.1,2
13078,2010-03,1365.44,2
13078,2010-04,701.32,1
13078,2010-05,1100.97,3
13078,2010-06,1240.26,3
13078,2010-07,1050.02,3
13078,2010-08,1289.0,3
13078,2010-09,1147.2,2
13078,2010-10,1408.53,2
13078,2010-11,2985.15,4
13078,2010-12,1395.55,2
13078,2011-01,764.58,2
13078,2011-02,348.57000000000005,1
13078,2011-03,1229.52,2
13078,2011-04,756.63,2
13078,2011-05,486.7,1
13078,2011-06,776.4200000000001,2
13078,2011-07,572.9300000000001,1
13078,2011-08,1100.64,2
13078,2011-09,1495.5,2
13078,2011-10,1412.28,4
13078,2011-11,1963.93,4
13078,2011-12,839.08,1
13079,2010-10,199.08,1
13079,2011-07,23.8,1
13079,2011-09,148.60000000000002,2
13079,2011-11,17.700000000000003,1
13079,2011-12,30.0,1
13080,2010-04,70.3,1
13080,2010-05,90.45,1
13080,2010-11,61.9,1
13080,2011-06,58.08,1
13081,2009-12,2285.58,1
13081,2010-01,3677.9,1
13081,2010-02,1009.9399999999999,1
13081,2010-03,3176.34,1
13081,2010-04,2525.86,1
13081,2010-05,1669.61,3
13081,2010-07,3832.6,2
13081,2010-08,2484.16,1
13081,2010-10,4870.92,3
13081,2010-11,2968.0800000000004,3
13081,2010-12,4733.56,2
13081,2011-01,3527.64,1
13081,2011-02,1573.19,2
13081,2011-03,2340.05,1
13081,2011-05,4655.85,1
13081,2011-07,4406.61,1
13081,2011-11,9467.26,3
13082,2009-12,192.18,2
13082,2010-03,485.52000000000004,1
13082,2010-05,1263.92,2
13082,2010-06,211.92000000000002,1
13082,2010-07,482.40000000000003,2
13082,2010-08,399.18,1
13082,2010-09,252.0,1
13082,2010-10,435.0,2
13082,2011-01,379.44,1
13082,2011-03,706.5,2
13082,2011-04,874.24,2
13082,2011-06,285.35,2
13082,2011-07,1278.1,1
13082,2011-08,90.0,1
13083,2010-10,91.67999999999999,1
13083,2011-09,192.39,1
13083,2011-12,111.36,1
13084,2010-08,122.39999999999999,1
13085,2009-12,1096.8,4
13085,2010-01,920.4,2
13085,2011-02,278.1,1
13085,2011-07,137.98000000000002,1
13086,2010-11,439.33000000000004,1
13087,2009-12,313.64,1
13088,2010-10,236.11,1
13089,2009-12,3128.5,5
13089,2010-01,3265.87,5
13089,2010-02,3404.35,7
13089,2010-03,3417.09,7
13089,2010-04,3606.51,8
13089,2010-05,3098.44,10
13089,2010-06,5820.36,12
13089,2010-07,2663.96,4
13089,2010-08,5977.79,17
13089,2010-09,7830.97,15
13089,2010-10,3180.13,5
13089,2010-11,9260.86,11
13089,2010-12,9183.83,8
13089,2011-01,5543.9800000000005,10
13089,2011-02,4060.43,6
13089,2011-03,4409.06,6
13089,2011-04,3442.71,9
13089,2011-05,4466.8,12
13089,2011-06,3747.98,6
13089,2011-07,3692.18,6
13089,2011-08,3630.55,6
13089,2011-09,7350.570000000001,9
13089,2011-10,3320.9,8
13089,2011-11,4462.09,7
13089,2011-12,4681.62,4
13090,2010-08,1070.77,4
13090,2010-10,757.05,1
13090,2010-11,2353.1,5
13090,2010-12,1986.8,2
13090,2011-01,302.76,1
13090,2011-02,485.03999999999996,1
13090,2011-03,555.3,1
13090,2011-04,760.1,1
13090,2011-06,832.02,1
13090,2011-07,968.4,1
13090,2011-10,1233.97,2
13090,2011-11,2409.45,2
13090,2011-12,355.38,1
13091,2009-12,762.98,1
13091,2011-11,345.82,1
13092,2010-02,448.05,1
13092,2010-03,86.25,1
13092,2010-04,254.4,1
13092,2010-06,307.25,1
13092,2010-08,300.2,1
13092,2010-09,135.85,1
13092,2010-10,130.45,1
13092,2010-12,185.45,1
13092,2011-03,110.2,1
13092,2011-04,103.3,1
13092,2011-05,40.8,1
13092,2011-09,38.08,1
13093,2009-12,1943.47,3
13093,2010-01,2222.28,4
13093,2010-02,2600.92,2
13093,2010-03,1633.5,3
13093,2010-04,2411.48,2
13093,2010-05,2910.68,3
13093,2010-06,3297.99,3
13093,2010-07,3212.44,4
13093,2010-08,3294.84,4
13093,2010-09,3756.98,3
13093,2010-10,11348.4,13
13093,2010-11,7678.8,3
13093,2010-12,4594.91,3
13093,2011-01,2272.96,2
13093,2011-02,1459.5,2
13093,2011-03,304.5,1
13094,2010-11,282.12,1
13094,2010-12,447.36,1
13094,2011-01,152.64000000000001,2
13094,2011-02,76.32000000000001,1
13094,2011-03,76.32000000000001,1
13094,2011-05,411.48,2
13094,2011-06,152.64000000000001,1
13094,2011-07,223.68,1
13094,2011-08,228.96000000000004,1
13094,2011-09,228.96000000000004,1
13094,2011-11,152.64000000000001,1
13095,2011-09,74.39999999999999,1
13096,2010-11,419.70000000000005,1
13097,2009-12,1237.73,3
13097,2010-01,532.82,1
13097,2010-03,1037.4,3
13097,2010-04,582.91,1
13097,2010-05,667.24,2
13097,2010-06,801.69,2
13097,2010-08,636.84,2
13097,2010-09,765.71,2
13097,2010-11,749.8,1
13097,2010-12,304.90000000000003,1
13097,2011-01,771.29,1
13097,2011-02,587.01,1
13097,2011-03,878.02,1
13097,2011-04,460.94,1
13097,2011-06,997.6,2
13097,2011-08,636.75,1
13097,2011-09,835.57,1
13097,2011-11,531.14,1
13098,2011-01,648.8,1
13098,2011-02,244.79999999999998,1
13098,2011-03,349.2,1
13098,2011-04,2079.72,2
13098,2011-05,3881.09,3
13098,2011-06,2370.61,3
13098,2011-07,2233.66,4
13098,2011-08,2660.2,2
13098,2011-09,2881.68,2
13098,2011-10,5412.14,3
13098,2011-11,3754.78,3
13098,2011-12,2365.76,3
13099,2011-09,207.35999999999999,1
13101,2010-01,168.54999999999998,1
13101,2010-05,280.76,1
13101,2010-07,144.9,1
13101,2011-04,101.19,1
13102,2010-05,839.95,2
13102,2010-06,493.9,1
13102,2010-07,627.16,2
13102,2010-08,655.03,2
13102,2010-09,201.70999999999998,1
13102,2010-10,203.92,1
13102,2010-11,1934.3400000000001,4
13102,2010-12,990.74,2
13102,2011-01,757.06,3
13102,2011-02,450.82,2
13102,2011-03,676.0799999999999,3
13102,2011-04,574.56,2
13102,2011-05,636.72,3
13102,2011-06,236.44,1
13102,2011-07,956.1,3
13102,2011-09,331.14,1
13102,2011-10,366.12,1
13102,2011-11,263.0,1
13102,2011-12,502.13,2
13103,2010-05,123.34,1
13103,2010-09,342.36,1
13103,2011-10,243.94,1
13104,2010-02,96.66,1
13104,2010-06,181.56,1
13104,2010-10,332.4,1
13104,2010-12,101.76,1
13104,2011-03,111.96,1
13104,2011-07,162.72,1
13104,2011-09,202.56,1
13104,2011-10,180.0,1
13104,2011-12,339.48,1
13105,2010-09,72.0,1
13106,2010-10,526.96,1
13106,2011-07,76.5,1
13107,2010-02,606.3,1
13107,2010-04,696.03,1
13107,2010-06,1002.26,1
13107,2010-09,1182.8600000000001,1
13107,2010-10,234.0,1
13107,2011-01,566.84,1
13107,2011-06,368.38,1
13107,2011-09,472.2,1
13107,2011-10,124.2,1
13108,2010-09,398.4,1
13108,2010-12,700.12,1
13109,2010-06,347.49,1
13109,2011-07,369.85,1
13109,2011-10,416.69,1
13110,2009-12,362.78000000000003,1
13110,2010-01,189.3,1
13110,2010-02,153.72,1
13110,2010-06,241.9,1
13110,2010-09,521.1,1
13110,2011-02,271.55,1
13110,2011-03,460.94,2
13110,2011-07,309.75,2
13110,2011-10,204.7,1
13110,2011-11,241.73000000000002,1
13111,2009-12,321.88000000000005,1
13112,2010-06,20.6,1
13113,2010-03,513.59,1
13113,2010-05,1406.6599999999999,2
13113,2010-07,1443.9099999999999,3
13113,2010-08,392.4,1
13113,2010-09,267.95,1
13113,2010-10,580.0,2
13113,2010-11,1379.6,3
13113,2010-12,745.9399999999999,1
13113,2011-01,1048.8899999999999,2
13113,2011-02,1180.97,2
13113,2011-03,1178.08,3
13113,2011-04,1228.8000000000002,4
13113,2011-05,3846.4500000000003,4
13113,2011-06,787.86,2
13113,2011-08,1143.04,2
13113,2011-10,782.74,2
13113,2011-11,336.96,1
13113,2011-12,339.2,1
13114,2009-12,234.38,1
13115,2010-04,754.5,1
13115,2010-05,204.54,1
13115,2010-06,359.98,1
13115,2010-07,469.48,1
13115,2010-11,1411.42,2
13115,2011-06,878.55,1
13115,2011-10,916.67,2
13115,2011-11,499.56,1
13116,2011-07,501.14,1
13117,2010-03,128.22,1
13117,2010-04,178.87,1
13117,2010-05,100.16,1
13117,2010-06,89.47,1
13117,2010-07,147.95999999999998,2
13117,2010-08,119.11999999999999,1
13117,2010-09,74.79,1
13117,2010-10,278.76,1
13117,2010-11,153.4,1
13117,2010-12,776.3,2
13117,2011-01,111.78,1
13117,2011-03,90.6,1
13117,2011-04,65.28,1
13117,2011-05,95.56,1
13117,2011-08,90.4,1
13117,2011-11,143.14,1
13118,2010-09,221.37,1
13118,2010-10,410.15,1
13118,2010-11,586.08,2
13118,2011-02,190.93,1
13118,2011-03,423.55,1
13118,2011-05,185.22,1
13118,2011-11,398.11,2
13119,2010-02,134.9,1
13120,2011-04,30.599999999999998,1
13121,2011-03,283.73,1
13122,2011-04,903.67,1
13122,2011-09,18.72,1
13123,2010-06,355.44,1
13123,2010-08,151.31,1
13124,2010-11,885.33,1
13124,2010-12,1256.32,1
13124,2011-04,1260.15,1
13124,2011-09,1239.86,1
13125,2010-07,148.62,1
13126,2010-03,464.85,1
13126,2010-04,317.44,1
13126,2010-07,306.55,1
13126,2010-09,283.65,1
13126,2010-10,302.68,1
13126,2010-12,446.88,2
13126,2011-01,323.87,1
13126,2011-03,530.11,2
13126,2011-09,308.56,1
13126,2011-10,344.22,1
13126,2011-12,369.44,1
13127,2011-09,259.17,1
13128,2010-03,263.5,1
13129,2010-06,108.75,1
13129,2010-09,124.5,1
13130,2011-09,64.0,1
13131,2010-02,651.41,1
13131,2010-06,742.17,2
13131,2010-10,846.89,1
13131,2011-06,324.9,1
13131,2011-09,447.3,1
13131,2011-11,301.1,1
13132,2011-03,77.3,1
13133,2010-09,90.65,1
13133,2011-02,52.35,1
13133,2011-03,57.45,1
13134,2010-10,273.85,1
13134,2010-11,407.79999999999995,1
13134,2011-04,525.7,2
13134,2011-06,360.04,1
13134,2011-09,907.84,1
13135,2010-08,275.45,1
13135,2011-05,3096.0,1
13136,2009-12,549.09,1
13136,2010-05,1381.98,1
13136,2010-08,352.45,2
13136,2010-10,880.11,2
13136,2010-11,503.32000000000005,2
13136,2011-05,574.46,1
13136,2011-07,652.22,2
13136,2011-09,921.4,1
13136,2011-10,459.53,1
13137,2010-07,831.25,1
13137,2010-09,558.95,2
13137,2010-10,555.56,2
13137,2010-11,2037.89,3
13137,2011-02,206.63,1
13137,2011-04,640.8100000000001,1
13137,2011-07,290.46,1
13137,2011-08,290.86,1
13137,2011-09,459.56,1
13137,2011-10,571.97,1
13137,2011-11,1143.0,2
13138,2010-11,311.62,1
13138,2010-12,386.46,1
13138,2011-04,193.62,1
13138,2011-07,102.6,1
13138,2011-09,198.44,1
13138,2011-10,143.8,1
13138,2011-11,130.7,1
13139,2010-09,3138.04,1
13139,2011-03,409.5,1
13139,2011-05,760.52,1
13139,2011-08,540.9200000000001,1
13139,2011-09,1873.62,1
13139,2011-11,1480.38,3
13140,2010-08,252.29999999999998,1
13140,2010-10,380.15,1
13140,2010-12,316.52,1
13140,2011-08,264.21,2
13141,2009-12,351.45,1
13141,2010-01,1025.46,1
13141,2010-02,354.87,1
13141,2010-03,222.06,1
13141,2010-05,312.3,1
13141,2010-06,1083.1,3
13141,2010-09,1369.67,2
13141,2010-11,548.42,2
13141,2011-01,524.57,2
13141,2011-04,516.28,1
13141,2011-05,360.18,1
13141,2011-09,987.72,1
13142,2011-11,307.09,1
13143,2010-05,405.1,1
13144,2010-10,24.4,1
13144,2011-01,110.95,1
13145,2010-04,102.0,1
13145,2010-07,102.0,1
13145,2010-10,306.0,1
13145,2010-12,590.0,1
13145,2011-08,118.80000000000001,1
13145,2011-09,85.92,1
13145,2011-10,118.80000000000001,1
13146,2011-11,228.91,1
13147,2011-09,118.80000000000001,1
13147,2011-10,118.80000000000001,1
13147,2011-11,475.20000000000005,2
13148,2009-12,331.40000000000003,1
13148,2010-01,512.5,1
13148,2010-02,313.24,1
13148,2010-03,778.74,2
13148,2010-04,372.67,1
13148,2010-05,501.17,1
13148,2010-07,494.74,2
13148,2010-09,427.59000000000003,1
13148,2010-11,1073.01,4
13148,2010-12,309.40000000000003,1
13148,2011-01,759.3100000000001,3
13148,2011-03,369.09000000000003,1
13148,2011-04,341.58,1
13148,2011-07,986.63,4
13148,2011-11,917.25,2
13149,2011-02,376.74,1
13149,2011-07,506.16,1
13149,2011-08,249.72,1
13149,2011-11,543.4399999999999,1
13150,2010-03,176.51999999999998,1
13150,2010-08,273.45,2
13151,2010-03,1196.84,2
13151,2011-02,1257.8700000000001,1
13152,2010-01,480.47,1
13152,2010-02,330.35,1
13152,2010-04,301.40999999999997,1
13152,2010-05,222.46,1
13152,2010-06,350.56,1
13152,2010-09,196.33,1
13152,2010-10,264.8,1
13153,2011-12,486.22,1
13154,2009-12,337.1,1
13154,2010-07,675.88,1
13154,2010-11,611.86,1
13155,2010-08,235.70000000000002,1
13155,2010-10,163.02,1
13155,2010-12,759.4,1
13155,2011-01,189.5,1
13155,2011-09,313.3,1
13155,2011-11,89.25999999999999,1
13156,2010-02,1239.6,2
13156,2010-11,346.94,1
13157,2010-03,193.2,1
13157,2010-05,1612.6599999999999,1
13157,2010-08,1239.92,2
13157,2010-10,900.36,1
13157,2011-02,197.82,1
13157,2011-04,300.12,1
13157,2011-07,375.26,1
13157,2011-10,868.02,1
13158,2010-11,307.12,1
13158,2011-01,256.40999999999997,1
13158,2011-07,306.42,1
13158,2011-08,305.34000000000003,1
13158,2011-09,332.89,1
13159,2011-08,843.09,2
13159,2011-10,303.7,1
13159,2011-12,282.56,1
13160,2011-11,91.8,1
13161,2010-07,359.38,1
13161,2011-01,112.75,1
13162,2009-12,1585.6100000000001,2
13162,2010-01,1196.88,2
13162,2010-02,737.22,1
13162,2010-03,1995.39,2
13162,2010-05,334.1,1
13162,2010-06,779.6,1
13162,2010-07,330.0,1
13162,2010-08,319.22,1
13162,2010-11,309.18,1
13162,2011-01,753.26,1
13162,2011-04,548.4300000000001,1
13162,2011-06,3.75,1
13162,2011-08,382.85,1
13163,2010-04,17.65,1
13164,2010-02,275.8,1
13164,2010-05,96.4,1
13165,2010-10,429.68,1
13165,2010-12,354.64,1
13165,2011-10,666.84,1
13166,2010-10,458.73,1
13166,2011-03,417.2,1
13167,2010-11,333.82,1
13167,2011-07,242.91,1
13167,2011-08,174.64,1
13167,2011-10,230.12,1
13167,2011-11,131.66,1
13168,2010-06,541.14,1
13168,2011-01,622.33,1
13168,2011-02,199.3,1
13168,2011-05,131.43,1
13168,2011-11,346.53000000000003,1
13169,2010-05,127.2,1
13169,2011-04,505.2,1
13169,2011-10,207.68,1
13170,2011-11,108.81,1
13171,2011-02,140.35,1
13171,2011-10,132.54,1
13171,2011-11,195.52,1
13172,2010-11,69.6,1
13173,2009-12,302.70000000000005,1
13173,2010-01,285.09000000000003,2
13173,2010-02,206.15,1
13173,2010-03,248.76,1
13173,2010-04,504.5,2
13173,2010-05,115.1,1
13173,2010-09,373.87,1
13173,2010-12,331.88,1
13173,2011-12,187.71,1
13174,2009-12,630.39,1
13174,2010-01,916.78,2
13174,2010-03,638.5600000000001,1
13174,2010-04,1011.15,1
13174,2010-05,722.5,1
13174,2010-09,785.63,1
13174,2010-11,528.63,1
13174,2010-12,2738.12,1
13174,2011-01,661.0,1
13174,2011-11,708.76,1
13175,2009-12,319.15,1
13175,2010-05,512.3,1
13176,2011-10,481.49,1
13177,2010-10,229.75,1
13177,2011-10,282.45,1
13178,2009-12,618.79,1
13178,2010-01,608.75,1
13178,2010-02,684.8,1
13178,2010-03,858.08,1
13178,2010-04,1160.1,1
13178,2010-06,1258.2,1
13178,2010-07,1105.5,1
13178,2010-08,823.8,1
13178,2010-09,619.0,1
13178,2010-11,596.7,1
13178,2010-12,710.0,1
13178,2011-02,414.0,1
13178,2011-04,483.0,1
13178,2011-05,1112.2,2
13178,2011-06,591.73,1
13178,2011-07,1080.8,2
13178,2011-09,765.0,1
13178,2011-11,568.74,2
13179,2010-03,572.3100000000001,1
13180,2010-04,86.10000000000001,1
13181,2010-11,359.69,1
13182,2011-10,121.18,1
13183,2010-03,493.44,1
13183,2010-05,385.62,1
13183,2010-06,386.6,1
13183,2010-08,493.56000000000006,1
13183,2010-09,817.1,1
13183,2010-11,502.08000000000004,1
13183,2011-01,625.04,1
13183,2011-03,513.84,1
13183,2011-05,388.20000000000005,1
13183,2011-07,655.94,2
13183,2011-08,211.96,1
13183,2011-09,690.6000000000001,1
13183,2011-11,443.14,1
13183,2011-12,429.06000000000006,1
13184,2011-02,212.52,1
13184,2011-04,532.79,3
13184,2011-06,173.66,1
13184,2011-07,365.02,2
13184,2011-08,187.11,2
13184,2011-11,196.85,1
13185,2011-03,71.4,1
13186,2011-08,988.34,1
13186,2011-09,313.6,1
13186,2011-10,273.95,1
13187,2010-03,92.34,3
13187,2011-01,236.02,1
13188,2011-11,114.60000000000001,1
13189,2011-08,127.0,1
13189,2011-11,133.68,1
13190,2009-12,147.1,1
13190,2010-01,214.95,1
13190,2010-06,208.61,1
13191,2010-02,159.21,1
13192,2010-01,724.92,1
13192,2010-04,641.05,1
13192,2010-06,280.67,2
13192,2011-05,464.32,1
13192,2011-09,447.62,1
13193,2011-10,112.08,1
13194,2010-10,412.08,1
13194,2011-07,60.7,1
13195,2010-10,136.73,1
13196,2010-04,199.97,1
13196,2010-08,423.90999999999997,1
13196,2010-09,647.1800000000001,1
13196,2011-03,512.13,1
13196,2011-09,1074.82,1
13196,2011-11,210.83,2
13197,2010-04,373.01000000000005,1
13198,2010-10,821.84,1
13198,2010-11,751.15,1
13198,2010-12,384.55,1
13198,2011-01,800.19,1
13198,2011-04,903.01,1
13198,2011-07,431.57,1
13198,2011-08,489.86,1
13198,2011-11,392.06,1
13199,2009-12,138.24,1
13199,2010-01,382.32,1
13199,2010-02,327.62,3
13199,2010-03,791.5400000000001,3
13199,2010-04,931.2099999999999,4
13199,2010-05,390.0,1
13199,2010-06,556.1800000000001,2
13199,2010-07,276.48,2
13199,2010-08,496.56,3
13199,2010-09,180.36,1
13199,2010-10,367.68,3
13199,2010-11,1308.9,5
13199,2010-12,1180.48,2
13199,2011-01,428.40000000000003,3
13199,2011-02,719.84,2
13199,2011-03,680.76,2
13199,2011-04,502.4,3
13199,2011-05,681.96,3
13199,2011-06,425.40000000000003,2
13199,2011-07,186.20000000000002,1
13199,2011-08,202.07999999999998,2
13199,2011-09,186.32,1
13199,2011-10,2519.2599999999998,5
13199,2011-11,1915.88,8
13199,2011-12,641.82,3
13200,2011-08,319.32,1
13200,2011-09,307.69,1
13200,2011-11,243.08,2
13201,2010-03,316.75,1
13201,2010-05,328.78000000000003,1
13201,2010-07,587.53,2
13202,2009-12,320.2,1
13202,2010-03,174.1,1
13202,2010-04,283.78000000000003,1
13202,2010-05,273.41,1
13202,2010-06,170.14000000000001,1
13202,2010-09,192.07,1
13202,2010-11,166.6,1
13203,2009-12,339.9,1
13203,2010-03,120.32,1
13203,2010-06,234.1,1
13203,2010-08,307.95,1
13203,2010-10,646.3199999999999,1
13203,2010-11,130.2,1
13203,2011-04,165.71,1
13203,2011-08,144.15,1
13203,2011-10,396.38,1
13203,2011-11,163.22,1
13204,2009-12,966.6600000000001,1
13205,2010-09,2803.2,1
13206,2009-12,2460.92,3
13206,2010-01,1613.96,2
13206,2010-02,923.8000000000001,2
13206,2010-03,658.49,2
13206,2010-05,1814.24,2
13206,2010-08,523.58,1
13206,2010-11,313.2,1
13207,2010-04,214.20000000000002,1
13207,2010-09,71.4,1
13207,2011-07,197.52000000000004,1
13207,2011-11,52.739999999999995,1
13208,2009-12,61.12,1
13208,2010-06,294.17,1
13208,2010-09,403.36,1
13208,2011-02,168.45,1
13208,2011-04,205.28,1
13208,2011-05,320.23,1
13208,2011-07,134.86,1
13208,2011-10,364.35,1
13209,2010-01,257.3,1
13209,2010-03,1307.68,2
13209,2010-05,561.52,1
13209,2010-07,491.4,1
13209,2010-12,318.85,1
13209,2011-01,111.35,1
13209,2011-04,1932.24,1
13209,2011-07,1198.3799999999999,1
13209,2011-08,595.26,1
13209,2011-11,1735.53,3
13210,2011-09,353.48,1
13211,2009-12,235.84,1
13211,2010-03,297.26,2
13211,2010-05,153.6,1
13211,2010-07,199.3,1
13211,2010-11,637.35,2
13211,2010-12,110.7,1
13211,2011-09,673.94,1
13211,2011-11,310.78,1
13212,2011-10,291.47,2
13212,2011-11,495.36,1
13213,2010-05,295.55,1
13213,2010-07,319.40000000000003,1
13213,2010-10,1429.6200000000001,2
13213,2010-11,286.37,2
13213,2011-05,415.28000000000003,2
13213,2011-06,136.25,1
13213,2011-08,412.35,1
13213,2011-10,556.7,1
13214,2010-03,1791.98,2
13214,2010-05,165.85000000000002,1
13214,2010-06,217.32,1
13214,2010-08,217.77,1
13214,2010-09,729.64,1
13214,2010-10,141.67000000000002,1
13215,2010-11,81.6,1
13216,2011-03,333.74,1
13217,2010-02,132.5,1
13217,2011-07,481.96000000000004,2
13217,2011-08,52.02,1
13218,2011-08,62.63999999999999,1
13219,2010-03,76.23,1
13220,2010-05,516.8,1
13220,2011-04,83.4,1
13220,2011-05,476.29,1
13220,2011-06,166.8,1
13220,2011-09,92.8,1
13221,2010-12,498.16,1
13221,2011-04,346.7,1
13222,2010-05,88.5,1
13223,2010-02,216.60000000000002,1
13223,2010-05,186.12,1
13223,2010-06,201.60000000000002,1
13223,2010-10,201.60000000000002,1
13223,2011-04,100.80000000000001,1
13223,2011-05,62.4,1
13224,2011-07,1212.26,1
13224,2011-10,940.69,1
13225,2009-12,1425.3,1
13225,2010-02,1721.79,2
13225,2010-03,924.5400000000001,1
13225,2010-04,1770.44,1
13225,2010-06,1192.6000000000001,1
13225,2010-08,1165.14,1
13225,2010-10,1596.42,2
13225,2010-12,1206.72,1
13225,2011-01,1263.72,1
13225,2011-03,734.44,1
13225,2011-05,537.0,1
13225,2011-07,557.6800000000001,1
13225,2011-10,801.08,1
13225,2011-12,1363.2000000000003,1
13226,2010-11,204.25,1
13226,2011-03,108.21000000000001,1
13227,2011-05,257.7,1
13228,2011-09,358.0,1
13229,2011-04,160.95,1
13230,2010-03,261.25,1
13230,2010-04,172.10999999999999,1
13230,2010-05,287.69,2
13230,2010-06,647.63,4
13230,2010-07,516.63,2
13230,2010-08,147.65,1
13230,2010-09,149.9,1
13230,2010-10,113.6,1
13230,2010-11,1057.42,3
13230,2010-12,186.9,1
13230,2011-01,145.94,1
13230,2011-02,271.13,2
13230,2011-03,275.53,1
13230,2011-04,793.03,3
13230,2011-05,184.55,1
13230,2011-07,431.59999999999997,3
13230,2011-11,169.69,1
13230,2011-12,390.71,1
13232,2011-04,117.43,1
13232,2011-05,556.87,2
13232,2011-06,186.55,1
13232,2011-09,157.6,1
13232,2011-11,309.3,2
13233,2010-01,290.63,1
13233,2010-10,280.71,1
13233,2011-01,304.24,1
13233,2011-09,300.88,1
13234,2009-12,228.4,1
13234,2010-02,118.10000000000001,1
13235,2011-05,1031.07,1
13236,2011-08,439.23,1
13236,2011-11,305.62,1
13237,2010-11,643.0,1
13238,2010-04,117.0,1
13238,2010-10,188.9,1
13238,2010-12,91.15,1
13238,2011-06,227.70000000000002,1
13238,2011-11,381.88,2
13239,2010-07,294.58000000000004,2
13239,2010-08,634.35,1
13239,2010-09,336.2,1
13239,2011-03,329.56,1
13240,2010-02,155.29999999999998,2
13240,2010-04,114.17,1
13240,2010-10,537.22,1
13240,2010-12,448.14,1
13240,2011-03,203.39000000000001,1
13240,2011-06,111.2,1
13240,2011-09,110.04,1
13241,2010-10,112.53,1
13242,2010-02,117.0,1
13242,2010-05,97.5,1
13242,2010-08,175.5,1
13242,2010-09,39.0,1
13242,2011-05,104.0,2
13242,2011-08,166.4,1
13243,2010-03,251.62,1
13243,2010-09,383.64,3
13243,2011-05,585.12,1
13244,2011-09,121.74000000000001,1
13245,2010-10,558.72,1
13245,2011-10,430.5,1
13246,2010-07,157.17,1
13246,2010-09,638.83,2
13246,2010-10,239.99,1
13246,2010-11,354.24,1
13246,2011-01,679.21,2
13246,2011-02,383.95,1
13246,2011-05,562.88,1
13246,2011-06,212.47,1
13246,2011-11,123.01,1
13247,2011-09,305.07,1
13247,2011-10,85.8,1
13247,2011-11,110.25,2
13248,2011-06,387.46999999999997,1
13248,2011-08,78.21000000000001,1
13249,2010-01,76.4,1
13249,2010-03,99.6,1
13249,2010-04,129.6,1
13249,2010-06,169.12,1
13249,2010-08,169.12,1
13249,2010-11,253.68,1
13249,2011-03,291.84000000000003,1
13249,2011-09,419.57000000000005,2
13250,2010-07,133.09,1
13250,2010-09,120.0,1
13251,2010-11,252.68,1
13252,2010-03,346.9,1
13252,2010-11,52.4,1
13253,2010-01,974.39,1
13253,2010-10,946.32,1
13253,2011-01,476.48,1
13253,2011-07,553.92,1
13254,2010-11,51.410000000000004,1
13255,2010-07,279.25,1
13255,2010-12,451.4,1
13255,2011-11,173.81,1
13257,2010-09,149.75,1
13258,2010-11,336.59999999999997,2
13258,2011-05,198.87,1
13258,2011-11,473.96,2
13259,2010-01,333.03,2
13259,2010-02,138.3,1
13259,2010-04,166.73,1
13259,2010-05,163.5,2
13259,2010-11,314.05,2
13259,2011-10,283.18,1
13260,2011-10,557.62,1
13261,2011-02,845.1,1
13261,2011-03,99.0,1
13262,2010-04,232.41,1
13262,2010-11,140.75,1
13262,2011-03,200.29,1
13263,2010-10,627.78,2
13263,2010-11,611.49,2
13263,2011-01,141.66,1
13263,2011-03,1194.39,4
13263,2011-04,982.0,4
13263,2011-05,954.58,5
13263,2011-06,681.55,4
13263,2011-07,308.71,2
13263,2011-08,581.68,3
13263,2011-09,775.8,2
13263,2011-10,921.41,5
13263,2011-11,525.73,2
13263,2011-12,344.2,2
13264,2010-09,722.5600000000001,1
13265,2011-03,307.44,1
13265,2011-04,817.44,1
13265,2011-06,325.78000000000003,1
13265,2011-09,336.64,1
13265,2011-10,305.36,1
13266,2009-12,295.55,1
13266,2010-03,301.33,1
13266,2010-04,342.58,1
13266,2010-05,378.26,1
13266,2010-07,475.54,1
13266,2010-10,507.52,2
13266,2011-03,302.21999999999997,1
13266,2011-04,623.43,2
13266,2011-05,584.92,2
13266,2011-06,315.86,1
13266,2011-07,375.22,1
13266,2011-08,333.93,1
13266,2011-09,305.77,1
13266,2011-10,382.34000000000003,1
13266,2011-11,610.57,2
13267,2009-12,622.94,2
13267,2010-01,766.6,2
13267,2010-03,405.53000000000003,1
13267,2010-04,335.7,1
13267,2010-05,301.09000000000003,1
13267,2010-07,348.02,2
13267,2010-09,580.95,2
13267,2010-10,671.12,2
13267,2010-11,876.37,4
13267,2010-12,950.75,2
13267,2011-01,311.67,1
13267,2011-03,633.07,4
13267,2011-04,313.65,1
13267,2011-05,329.45,3
13267,2011-07,277.45,2
13267,2011-08,313.35,1
13267,2011-09,318.4,1
13267,2011-11,1100.95,3
13267,2011-12,301.20000000000005,1
13268,2011-03,1089.9,2
13268,2011-04,180.43,1
13268,2011-05,540.01,2
13268,2011-06,307.47,1
13268,2011-09,318.57,1
13268,2011-11,716.33,3
13269,2009-12,526.62,3
13269,2010-02,411.59999999999997,2
13269,2010-04,626.77,2
13269,2010-06,310.49,2
13269,2010-07,176.1,1
13269,2010-09,445.55,1
13269,2010-11,696.91,2
13269,2010-12,1013.6,2
13269,2011-04,1072.33,2
13269,2011-05,310.78,1
13269,2011-06,312.44,1
13269,2011-07,305.1,1
13269,2011-08,315.68,1
13269,2011-09,362.18,1
13269,2011-10,574.22,2
13269,2011-11,1094.7,3
13269,2011-12,333.68,1
13270,2010-12,1180.0,1
13271,2011-11,211.49,1
13272,2011-09,140.96,1
13272,2011-11,135.6,1
13273,2011-08,138.98,1
13274,2010-10,360.85,1
13275,2010-03,177.36,1
13275,2010-11,61.5,1
13276,2010-03,384.43,1
13276,2010-07,211.4,1
13276,2010-11,705.15,1
13276,2011-09,137.38,1
13276,2011-10,453.55,1
13277,2010-06,6.9,1
13277,2010-08,146.6,1
13277,2010-11,111.4,1
13277,2011-07,75.9,1
13277,2011-08,50.0,1
13277,2011-11,132.5,2
13278,2010-04,287.19,1
13278,2010-08,336.92,1
13278,2010-11,258.51,1
13278,2011-10,542.73,1
13279,2011-09,137.75,1
13280,2010-03,478.5,1
13280,2010-10,887.18,2
13280,2010-11,129.19,1
13280,2011-01,682.96,2
13280,2011-08,115.5,1
13281,2010-09,350.85,1
13282,2010-10,181.05,1
13282,2011-05,344.70000000000005,1
13282,2011-06,428.40000000000003,1
13282,2011-11,359.04,1
13283,2010-03,127.80000000000001,1
13283,2010-05,151.9,1
13283,2011-06,25.5,1
13283,2011-10,68.16,1
13284,2011-01,201.19,1
13285,2010-03,340.3,1
13285,2010-04,315.17,1
13285,2011-02,666.89,1
13285,2011-04,506.38,1
13285,2011-07,796.83,1
13285,2011-11,739.02,1
13286,2010-04,734.91,1
13287,2010-01,264.38,1
13287,2010-02,222.53,1
13287,2010-04,294.68,1
13288,2010-02,548.64,2
13288,2010-07,303.97,2
13288,2010-09,75.0,1
13289,2009-12,307.95,1
13291,2010-02,179.37,1
13291,2010-04,449.81,2
13291,2010-05,445.87,1
13291,2010-06,379.07,1
13291,2010-07,666.6,1
13291,2010-08,329.89,1
13291,2010-09,164.32,1
13291,2010-10,294.75,2
13291,2011-07,361.11,1
13292,2010-07,210.45000000000002,1
13292,2010-08,133.9,1
13292,2010-10,71.22,1
13292,2011-02,249.57,1
13292,2011-11,329.37,1
13293,2010-02,236.6,1
13293,2010-03,426.27,1
13293,2010-04,83.26,1
13293,2010-06,111.46000000000001,1
13293,2010-11,335.35,2
13294,2010-03,815.79,1
13294,2011-04,483.65,1
13294,2011-06,390.09,1
13295,2010-05,306.5,1
13295,2010-10,279.37,1
13295,2010-11,314.90000000000003,1
13295,2010-12,201.20000000000002,1
13296,2010-05,121.35000000000001,1
13296,2010-06,177.78,1
13296,2010-07,137.36,1
13296,2010-08,141.6,1
13296,2010-10,127.02000000000001,1
13296,2011-07,87.4,1
13297,2010-06,656.5699999999999,1
13297,2010-10,1316.2,1
13297,2010-11,306.0,1
13297,2011-10,1315.3799999999999,1
13297,2011-11,450.95,2
13297,2011-12,323.52,1
13298,2011-12,360.0,1
13299,2010-06,351.18,1
13299,2010-10,725.02,1
13299,2011-03,142.5,1
13300,2010-05,314.98,1
13300,2010-11,598.64,1
13300,2011-06,371.89,1
13301,2011-02,173.91,1
13301,2011-05,153.86,1
13301,2011-07,135.23,1
13301,2011-08,137.19,1
13302,2010-07,95.45,1
13302,2011-07,63.75,1
13303,2010-11,61.72,1
13304,2010-02,307.85,1
13304,2010-06,308.3,1
13304,2010-09,301.42,1
13304,2010-12,300.42,1
13305,2010-03,413.68,1
13305,2010-07,538.56,1
13305,2010-09,316.51,1
13305,2010-10,81.19999999999999,1
13305,2010-11,265.59999999999997,2
13305,2010-12,272.4,1
13305,2011-02,152.7,1
13305,2011-03,156.6,1
13305,2011-04,194.75,1
13305,2011-07,250.95,1
13305,2011-08,194.55,1
13305,2011-09,385.5,2
13305,2011-11,316.45,1
13305,2011-12,213.16,1
13306,2010-10,53.65,1
13307,2010-04,227.74,1
13307,2010-08,30.599999999999998,1
13307,2011-08,15.0,1
13308,2010-04,284.86,1
13308,2011-05,814.95,1
13308,2011-10,284.68,1
13308,2011-11,285.88,1
13309,2010-11,249.58,1
13309,2011-02,390.71,1
13309,2011-05,155.93,1
13309,2011-09,381.5,1
13309,2011-10,293.77,1
13309,2011-12,234.88,1
13310,2010-11,409.17,2
13310,2011-01,410.18,1
13310,2011-05,407.47,1
13310,2011-11,314.38,1
13311,2011-07,490.11,1
13311,2011-12,108.46000000000001,1
13312,2010-09,124.75,1
13313,2009-12,383.89,2
13313,2010-01,312.1,1
13313,2010-03,310.98,1
13313,2010-05,305.7,1
13313,2010-06,305.53,1
13313,2010-08,271.8,1
13313,2011-01,307.3,1
13313,2011-05,302.44,1
13313,2011-07,308.6,1
13313,2011-11,636.98,2
13314,2011-09,499.62,1
13314,2011-10,89.85000000000001,1
13314,2011-12,186.47,1
13315,2010-01,310.26,1
13316,2010-03,2017.3600000000001,1
13316,2010-08,1191.93,1
13316,2010-09,1377.12,1
13316,2010-10,1311.2,1
13316,2010-11,1310.28,2
13316,2011-03,1622.48,1
13316,2011-07,1912.7,1
13316,2011-09,683.58,1
13316,2011-11,1514.17,1
13317,2009-12,416.82,1
13317,2010-02,528.05,1
13317,2010-04,486.24,2
13317,2010-06,337.91,1
13317,2010-07,310.42,1
13317,2010-08,325.31,2
13317,2010-09,370.95000000000005,2
13317,2010-10,344.85,1
13317,2010-11,1091.861,2
13317,2010-12,238.05,2
13317,2011-04,444.63,1
13317,2011-05,631.3,2
13317,2011-10,959.7,1
13318,2011-11,302.96,1
13318,2011-12,337.8,2
13319,2009-12,1260.77,3
13319,2010-01,842.79,2
13319,2010-02,1002.5,4
13319,2010-03,943.61,3
13319,2010-04,689.47,1
13319,2010-05,408.95,3
13319,2010-06,951.54,3
13319,2010-08,801.3000000000001,2
13319,2010-09,778.0400000000001,4
13319,2010-10,807.85,3
13319,2010-11,1990.8500000000001,4
13319,2010-12,2310.36,4
13319,2011-01,510.89,1
13319,2011-02,707.07,2
13319,2011-03,426.04,2
13319,2011-04,599.84,1
13319,2011-05,732.9200000000001,1
13319,2011-06,1055.6,3
13319,2011-07,967.4300000000001,3
13319,2011-08,346.2,1
13319,2011-09,493.4,1
13319,2011-10,858.11,2
13319,2011-11,2287.87,4
13319,2011-12,309.1,1
13320,2010-08,306.6,1
13320,2010-10,372.8,1
13320,2011-05,508.61,2
13320,2011-08,472.54,1
13320,2011-09,551.05,1
13321,2011-09,567.36,2
13322,2011-11,199.48000000000002,1
13323,2011-09,120.30000000000001,1
13323,2011-11,235.0,2
13323,2011-12,432.55,2
13324,2010-05,350.15999999999997,1
13324,2010-06,762.86,2
13324,2010-08,736.05,1
13324,2010-09,1524.75,3
13324,2010-10,17.7,1
13324,2010-12,650.1,1
13324,2011-01,460.5,1
13324,2011-04,1326.87,2
13324,2011-05,1361.52,3
13324,2011-09,2638.84,2
13324,2011-11,684.12,1
13325,2011-09,675.3,1
13326,2010-10,281.76,1
13327,2009-12,914.16,1
13327,2010-01,397.05,1
13327,2010-03,644.25,1
13327,2010-04,540.08,1
13327,2010-05,409.7,1
13327,2010-06,255.9,1
13327,2010-07,362.2,1
13327,2010-08,303.0,1
13327,2010-09,429.51,1
13327,2010-10,338.45000000000005,1
13327,2010-11,830.8000000000001,1
13327,2010-12,1490.0,2
13327,2011-02,202.9,1
13327,2011-03,474.05,1
13327,2011-06,450.40000000000003,1
13327,2011-07,484.1,1
13327,2011-08,382.3,1
13327,2011-11,889.02,1
13328,2011-01,1308.48,1
13329,2009-12,334.65,1
13329,2010-07,654.4,2
13329,2010-10,2366.12,1
13329,2010-11,664.6,2
13329,2010-12,608.4,1
13329,2011-11,484.79999999999995,1
13330,2010-02,628.49,1
13330,2010-05,590.58,1
13330,2010-09,436.1,1
13330,2011-01,335.82,1
13330,2011-06,392.4,1
13330,2011-09,412.71,1
13331,2010-11,262.4,1
13332,2011-11,350.9,1
13333,2010-02,162.18,1
13333,2010-09,701.7,1
13333,2010-10,151.86,1
13334,2010-02,1176.32,1
13334,2010-06,1523.16,1
13334,2011-02,1637.19,1
13334,2011-06,1071.4,1
13334,2011-09,793.73,1
13336,2011-09,795.12,1
13337,2010-06,1575.26,1
13338,2010-01,757.1,1
13338,2010-05,751.65,1
13338,2010-06,399.85,1
13338,2011-07,437.02,1
13339,2011-05,860.12,1
13340,2010-02,6045.54,2
13340,2010-03,940.52,1
13340,2010-07,3485.5,1
13340,2010-10,892.5200000000001,1
13340,2011-03,3678.03,1
13340,2011-07,4594.27,3
13340,2011-08,957.24,1
13340,2011-10,1506.94,2
13341,2011-03,775.85,1
13343,2011-06,303.43,1
13344,2011-03,1656.15,1
13344,2011-10,855.54,2
13345,2011-02,339.5,1
13346,2010-04,45.9,1
13346,2010-05,60.0,1
13346,2010-06,95.4,2
13346,2010-07,45.0,1
13346,2010-09,53.1,1
13347,2011-09,291.36,1
13348,2011-10,233.76,1
13349,2011-11,197.32,1
13350,2011-09,596.57,1
13350,2011-11,282.55,1
13351,2011-10,323.94,1
13352,2011-10,347.97999999999996,1
13354,2011-09,743.53,1
13355,2011-08,674.7,1
13356,2011-09,768.24,1
13357,2010-03,1530.27,2
13357,2010-05,743.87,1
13357,2010-08,911.47,1
13357,2011-03,609.4,1
13358,2011-03,389.03,1
13359,2010-11,553.75,1
13359,2011-10,389.56,1
13360,2010-01,715.15,2
13360,2010-08,317.15999999999997,1
13360,2010-10,471.34,1
13361,2010-04,817.25,1
13361,2010-08,633.25,1
13362,2010-10,1563.56,2
13362,2010-11,739.77,1
13362,2011-02,812.7,1
13362,2011-04,768.83,1
13362,2011-10,756.11,1
13362,2011-11,753.1,1
13363,2010-10,731.36,1
13363,2011-10,553.82,1
13363,2011-11,338.68,1
13364,2011-09,134.95999999999998,1
13365,2011-05,700.6,1
13365,2011-11,1524.77,1
13366,2011-10,56.160000000000004,1
13367,2010-10,460.20000000000005,1
13368,2010-10,448.1,2
13368,2011-01,35.400000000000006,1
13368,2011-03,538.0,1
13369,2010-12,516.5600000000001,1
13370,2010-12,1509.74,1
13371,2010-03,1189.01,1
13371,2010-07,1108.65,1
13372,2011-09,328.64,1
13373,2009-12,748.42,1
13373,2010-03,1406.43,1
13373,2010-10,2120.09,1
13373,2011-03,987.7,1
13373,2011-07,1067.8799999999999,1
13373,2011-10,1256.67,1
13374,2010-09,249.60000000000002,1
13374,2010-10,123.2,1
13375,2010-09,1013.58,1
13375,2011-09,778.65,1
13376,2011-04,326.0,1
13376,2011-05,344.0,1
13376,2011-09,199.76,1
13377,2010-03,765.32,1
13377,2010-11,687.56,1
13379,2011-07,136.29,1
13379,2011-10,299.53,1
13379,2011-11,136.74,1
13380,2010-10,62.4,1
13381,2009-12,17.4,1
13381,2010-02,962.99,1
13381,2010-05,1184.08,1
13381,2010-08,939.4399999999999,1
13381,2010-09,837.26,1
13381,2010-11,643.89,1
13381,2011-02,416.11,1
13381,2011-05,655.24,1
13381,2011-07,709.74,1
13381,2011-08,680.24,1
13381,2011-09,520.9,1
13381,2011-11,657.08,1
13382,2009-12,255.04,1
13382,2010-03,400.61,2
13382,2010-10,508.94,1
13382,2011-03,222.99,1
13383,2010-06,305.28000000000003,1
13384,2010-07,977.21,1
13384,2010-09,963.58,2
13384,2010-11,588.11,1
13384,2011-06,1172.6,1
13384,2011-08,583.24,1
13384,2011-09,1375.63,3
13384,2011-10,298.26,1
13384,2011-11,722.2,1
13385,2011-01,534.57,1
13386,2010-09,313.7,1
13386,2010-10,521.76,1
13387,2010-10,181.84,1
13388,2010-04,508.55,1
13388,2011-07,677.1,2
13389,2011-04,257.89,1
13389,2011-09,322.26,1
13389,2011-11,217.81,1
13390,2011-09,544.08,1
13391,2011-05,59.8,1
13392,2010-01,91.14,1
13393,2009-12,389.7,2
13393,2010-02,498.67,1
13393,2010-05,243.08,1
13394,2009-12,304.53000000000003,1
13394,2010-01,699.83,1
13394,2010-02,615.05,2
13394,2010-04,357.09,1
13394,2010-05,363.6,1
13394,2010-06,404.21999999999997,1
13394,2010-07,340.84000000000003,1
13394,2010-09,315.42,1
13394,2010-10,376.16,1
13394,2010-11,324.94,1
13394,2011-02,313.76,1
13394,2011-03,320.42,1
13394,2011-05,301.15000000000003,1
13394,2011-07,301.26,1
13394,2011-08,306.86,1
13394,2011-09,302.74,1
13394,2011-10,371.73,1
13394,2011-12,302.1,1
13395,2010-10,512.88,1
13395,2010-11,359.63,1
13395,2011-06,307.72,1
13396,2011-01,387.27000000000004,1
13396,2011-11,973.72,1
13397,2010-01,323.0,1
13397,2010-02,393.14000000000004,1
13397,2010-04,304.8,1
13397,2010-05,318.40000000000003,1
13397,2010-09,308.4,1
13397,2011-01,299.92,1
13397,2011-02,301.85,1
13397,2011-06,378.7,1
13397,2011-08,247.72,1
13397,2011-09,315.94,1
13398,2010-09,213.0,1
13398,2011-05,457.34,1
13399,2010-07,177.9,2
13399,2010-09,97.5,1
13400,2010-05,310.83,1
13402,2010-05,290.6,1
13402,2010-07,315.02,1
13402,2010-12,616.5600000000001,1
13402,2011-08,312.95,1
13403,2009-12,78.6,1
13403,2010-11,75.9,1
13403,2011-11,75.0,1
13404,2011-05,217.81,1
13404,2011-12,34.68,1
13405,2009-12,146.45999999999998,1
13405,2010-05,386.3,1
13405,2010-08,108.60000000000001,1
13405,2011-01,160.05,1
13405,2011-05,397.40000000000003,1
13406,2010-03,140.16,1
13406,2010-10,428.76,1
13407,2010-02,1384.02,1
13407,2010-04,800.98,1
13407,2010-05,59.699999999999996,1
13408,2009-12,2497.02,6
13408,2010-01,586.1600000000001,1
13408,2010-02,4020.9719999999998,5
13408,2010-03,2052.27,3
13408,2010-04,2435.16,6
13408,2010-05,2005.64,4
13408,2010-06,377.28,1
13408,2010-07,1516.52,5
13408,2010-08,1421.38,2
13408,2010-09,1528.2,3
13408,2010-10,1556.76,3
13408,2010-11,2060.38,5
13408,2010-12,4589.88,5
13408,2011-01,1840.22,3
13408,2011-02,793.5,1
13408,2011-03,1490.77,4
13408,2011-04,2071.9,6
13408,2011-05,1879.52,6
13408,2011-06,1803.72,6
13408,2011-07,2409.27,3
13408,2011-08,2087.98,6
13408,2011-09,2973.5,6
13408,2011-10,2148.46,6
13408,2011-11,4178.38,7
13408,2011-12,1408.62,3
13410,2009-12,81.12,1
13410,2010-01,601.8000000000001,1
13410,2010-09,299.98,1
13410,2010-11,216.0,1
13410,2011-02,250.23999999999998,1
13410,2011-03,154.4,1
13410,2011-06,140.4,1
13410,2011-09,183.62,1
13410,2011-11,274.40000000000003,1
13411,2011-08,213.55,1
13412,2010-03,487.34999999999997,1
13413,2010-01,17.49,1
13413,2010-02,175.24,1
13413,2010-03,236.71,4
13414,2010-04,219.85999999999999,1
13414,2010-06,571.36,1
13414,2010-09,312.42,1
13414,2011-02,390.0,1
13414,2011-07,1000.5,2
13415,2009-12,466.92,1
13415,2010-03,266.25,2
13415,2010-08,51.0,1
13416,2009-12,228.3,1
13416,2011-09,275.0,1
13416,2011-10,437.5,1
13417,2010-02,604.1,1
13417,2010-03,110.3,1
13417,2010-06,314.26,2
13417,2011-05,236.0,1
13417,2011-12,404.83,1
13418,2009-12,811.76,1
13418,2010-03,546.78,1
13418,2010-04,465.18,1
13418,2010-05,1030.31,3
13418,2010-07,299.52,1
13418,2010-08,341.39000000000004,1
13418,2010-10,1308.53,3
13418,2010-11,628.76,2
13418,2010-12,2202.86,5
13418,2011-04,362.24,1
13418,2011-05,1398.74,3
13418,2011-06,437.72,2
13418,2011-07,300.62,2
13418,2011-08,263.19,1
13418,2011-09,726.0,2
13418,2011-10,370.68,1
13418,2011-11,688.62,1
13419,2011-10,221.06,1
13420,2011-06,55.8,1
13420,2011-07,104.05,1
13421,2010-02,812.74,3
13421,2010-06,321.8,1
13421,2010-08,392.53999999999996,1
13421,2010-10,697.96,1
13421,2011-02,814.54,1
13421,2011-10,1008.67,1
13422,2011-10,2626.3,1
13423,2010-10,217.03,1
13424,2010-09,572.77,1
13425,2010-05,823.36,1
13425,2010-07,942.86,1
13425,2011-02,401.57,1
13425,2011-06,773.08,1
13425,2011-08,449.56,1
13426,2009-12,942.27,2
13426,2010-03,452.96,1
13426,2010-04,396.24,1
13426,2010-05,373.2,1
13426,2010-06,382.91,1
13426,2010-07,420.8,1
13426,2010-09,457.3,1
13426,2010-10,322.4,2
13426,2010-11,777.98,2
13426,2010-12,336.98,1
13426,2011-01,302.45,1
13426,2011-03,306.39,1
13426,2011-04,339.2,1
13426,2011-06,273.66,1
13426,2011-09,451.97,1
13426,2011-10,697.46,1
13426,2011-11,641.4300000000001,2
13426,2011-12,291.78000000000003,1
13427,2009-12,96.0,1
13427,2010-06,151.63,1
13427,2010-08,176.3,1
13427,2011-05,214.5,1
13427,2011-08,250.36,1
13427,2011-11,117.74000000000001,1
13428,2010-07,276.76,2
13428,2011-11,201.78,1
13429,2011-09,330.6,1
13429,2011-10,362.4,2
13429,2011-11,313.8,1
13430,2011-09,336.31,1
13430,2011-11,343.14,1
13431,2010-02,293.45,1
13431,2010-04,237.70000000000002,1
13431,2010-06,264.9,1
13431,2010-09,718.99,2
13431,2010-10,532.1,1
13431,2011-09,853.68,1
13431,2011-10,415.41999999999996,1
13432,2010-04,127.75,1
13432,2010-05,308.8,1
13433,2010-01,95.19999999999999,1
13433,2010-04,315.53999999999996,1
13433,2010-07,247.57999999999998,2
13434,2010-02,339.18,1
13434,2010-09,376.92,1
13434,2010-11,416.52000000000004,1
13434,2011-09,534.24,2
13435,2010-07,323.85,1
13435,2010-11,313.59000000000003,1
13435,2011-06,443.72,1
13435,2011-08,644.4,2
13435,2011-09,884.9,1
13435,2011-10,558.6,1
13435,2011-11,835.97,1
13435,2011-12,442.3,1
13436,2011-12,196.89,1
13437,2011-06,1661.73,2
13437,2011-08,362.52000000000004,1
13437,2011-09,149.35,1
13437,2011-11,1234.46,3
13438,2010-06,46.5,1
13439,2010-07,284.28000000000003,1
13439,2010-11,418.62,1
13439,2011-03,283.71,1
13440,2010-09,1270.5,2
13440,2010-10,24.75,5
13441,2010-10,424.26,1
13441,2011-09,296.64,1
13442,2009-12,198.0,1
13442,2010-01,118.10000000000001,1
13442,2010-02,103.77,1
13443,2010-01,229.76999999999998,1
13443,2010-04,527.82,3
13443,2010-06,315.54,1
13443,2010-09,196.24,1
13444,2010-07,135.29,1
13444,2010-11,483.79,1
13445,2010-03,241.89999999999998,1
13446,2010-02,541.19,1
13446,2010-03,627.6800000000001,2
13446,2010-04,687.8100000000001,2
13446,2010-05,616.5799999999999,2
13446,2010-06,683.27,2
13446,2010-08,437.68,1
13446,2010-10,287.68,1
13447,2011-11,1129.14,3
13448,2009-12,1145.09,2
13448,2010-01,489.31,1
13448,2010-05,1088.2,1
13448,2010-09,1219.35,1
13448,2010-11,909.58,1
13448,2010-12,1273.5,3
13448,2011-05,593.72,1
13448,2011-09,1061.11,1
13448,2011-11,1050.3200000000002,1
13449,2011-11,291.88,1
13450,2010-04,239.64,1
13450,2010-05,308.6,1
13450,2010-06,236.16,1
13450,2010-07,679.14,2
13450,2010-09,312.24,1
13450,2010-11,300.53999999999996,1
13450,2011-05,678.54,2
13450,2011-07,440.64,1
13450,2011-08,302.28,1
13450,2011-09,305.82,1
13450,2011-11,316.44,1
13451,2010-03,866.34,1
13451,2010-05,1281.0,1
13451,2010-06,499.88,1
13451,2010-07,681.27,1
13451,2010-09,419.06,1
13451,2010-11,443.11,1
13451,2011-01,359.19,1
13451,2011-03,607.13,1
13451,2011-05,623.16,1
13451,2011-08,796.02,1
13451,2011-11,512.76,1
13452,2010-08,139.8,1
13452,2011-03,590.0,2
13453,2010-11,424.71,1
13453,2011-02,185.0,1
13453,2011-06,171.98,1
13454,2010-03,219.87,1
13455,2009-12,431.65,2
13455,2010-04,483.15000000000003,1
13455,2010-09,239.85,1
13455,2010-12,1385.88,1
13455,2011-11,365.4,1
13456,2011-05,207.66,1
13456,2011-06,217.4,1
13456,2011-07,430.00000000000006,1
13456,2011-10,454.76,1
13456,2011-11,456.90000000000003,2
13457,2009-12,112.5,1
13457,2010-01,35.72,1
13458,2010-11,2312.7,2
13458,2010-12,1185.8600000000001,1
13458,2011-01,1489.18,1
13458,2011-02,1495.78,2
13458,2011-04,1015.14,1
13458,2011-05,443.65999999999997,1
13458,2011-06,931.24,2
13458,2011-07,794.58,1
13458,2011-09,322.98,1
13458,2011-10,994.22,2
13458,2011-11,389.41,1
13458,2011-12,584.52,1
13459,2010-01,630.79,1
13459,2010-03,529.62,1
13460,2011-10,107.46000000000001,1
13460,2011-11,75.98,1
13461,2010-04,336.6,1
13461,2010-07,1930.8,1
13461,2010-10,447.59999999999997,1
13461,2011-06,576.4,1
13461,2011-07,307.8,1
13461,2011-11,560.8,1
13462,2009-12,171.82,1
13462,2010-01,205.7,1
13462,2010-03,148.94,1
13462,2010-10,475.89,1
13462,2011-04,151.5,1
13464,2010-03,299.34000000000003,1
13464,2010-08,414.82,2
13464,2010-10,587.66,1
13464,2010-11,1121.14,1
13464,2011-10,674.68,1
13465,2010-05,611.5,1
13465,2010-09,319.62,1
13466,2010-03,262.31,1
13466,2010-07,266.44,2
13466,2010-10,176.7,1
13466,2011-06,307.9,1
13467,2011-11,1071.91,2
13468,2009-12,903.15,3
13468,2010-01,554.58,2
13468,2010-02,716.15,3
13468,2010-03,399.38,3
13468,2010-04,339.7,1
13468,2010-05,489.73,2
13468,2010-06,302.0,3
13468,2010-07,649.34,3
13468,2010-08,672.56,3
13468,2010-09,578.33,4
13468,2010-10,727.15,4
13468,2010-11,756.24,4
13468,2010-12,1493.23,4
13468,2011-01,291.85,2
13468,2011-02,406.65000000000003,3
13468,2011-03,690.62,5
13468,2011-04,816.0,4
13468,2011-05,475.0,3
13468,2011-06,102.72,1
13468,2011-07,333.22,3
13468,2011-08,228.47,2
13468,2011-09,599.61,3
13468,2011-10,222.63,2
13468,2011-11,346.26,3
13468,2011-12,280.94,2
13469,2010-02,82.4,1
13470,2011-08,115.5,1
13470,2011-09,49.5,1
13471,2011-10,941.67,1
13471,2011-11,604.73,1
13471,2011-12,955.44,2
13472,2010-06,262.18,1
13472,2010-09,330.06,1
13473,2009-12,388.74,1
13473,2010-03,1083.7,2
13473,2010-04,379.28,2
13473,2010-05,383.4,1
13473,2011-01,241.26,1
13473,2011-10,181.38,1
13474,2010-08,350.6,1
13474,2010-09,69.15,1
13474,2011-04,226.84,1
13475,2011-02,317.12,1
13475,2011-03,589.4,1
13475,2011-05,371.96,1
13475,2011-06,153.3,1
13476,2010-03,240.8,1
13476,2010-08,303.6,1
13476,2010-10,278.6,1
13476,2011-03,727.6,1
13476,2011-06,510.87,1
13477,2010-01,422.70000000000005,1
13477,2010-04,372.14,1
13477,2010-06,179.84,1
13477,2010-09,389.90999999999997,2
13477,2011-02,185.39999999999998,1
13477,2011-05,330.63,1
13477,2011-06,249.76,1
13477,2011-07,133.76,1
13477,2011-10,464.07,1
13477,2011-11,90.96,1
13478,2010-01,386.19,1
13478,2010-03,1264.32,2
13478,2010-06,183.5,1
13478,2010-08,381.77,1
13479,2010-08,387.36,1
13479,2010-09,163.06,1
13479,2011-04,144.35,1
13479,2011-05,156.6,1
13480,2010-01,493.94,1
13480,2010-10,133.88,1
13481,2009-12,311.2,1
13481,2010-03,427.98,1
13481,2010-04,416.86,1
13481,2010-07,419.29,2
13481,2010-11,450.95,1
13481,2011-03,665.28,1
13481,2011-05,313.71000000000004,1
13481,2011-08,382.34,2
13481,2011-10,443.23,1
13482,2010-03,151.45,1
13482,2011-04,184.64,1
13483,2011-10,140.34,1
13484,2010-03,165.78,1
13484,2010-11,311.14,1
13484,2011-04,313.8,1
13485,2009-12,200.70000000000002,2
13485,2010-04,629.58,1
13485,2010-05,474.77,1
13485,2010-07,248.18,1
13485,2010-10,396.17,1
13485,2010-11,611.58,4
13485,2011-04,454.24,1
13486,2011-07,202.16,1
13486,2011-08,617.4499999999999,1
13486,2011-09,302.8,1
13487,2009-12,103.95,1
13487,2010-07,167.52,1
13487,2010-12,193.15,1
13487,2011-05,215.65,1
13487,2011-10,166.6,1
13488,2010-01,350.73,1
13488,2010-05,1305.93,2
13488,2010-06,1106.52,1
13488,2010-08,1135.67,4
13488,2010-10,983.8,1
13488,2010-11,355.0,1
13488,2010-12,2763.84,1
13488,2011-01,1358.29,1
13488,2011-02,655.55,1
13488,2011-03,713.9499999999999,1
13488,2011-05,1420.72,2
13488,2011-07,423.59,2
13488,2011-08,642.36,1
13488,2011-09,770.81,2
13488,2011-10,878.98,1
13488,2011-11,722.14,1
13489,2011-02,235.68,2
13489,2011-07,51.36,1
13489,2011-08,162.48,1
13490,2010-02,154.25,1
13491,2009-12,801.28,3
13491,2010-01,182.46,1
13491,2010-02,243.65,1
13491,2010-03,401.31,1
13491,2010-04,307.26,1
13491,2010-05,414.23,2
13491,2010-06,145.91,2
13491,2010-07,297.04,2
13491,2010-08,120.9,1
13491,2010-09,122.7,1
13491,2010-10,131.25,1
13491,2010-11,83.85,1
13491,2010-12,295.3,2
13491,2011-01,328.34000000000003,2
13491,2011-02,117.09,1
13491,2011-03,252.88,2
13491,2011-04,136.92,1
13491,2011-07,56.82,1
13491,2011-10,127.37,1
13492,2011-05,315.3,1
13492,2011-07,954.54,2
13493,2011-02,139.35,1
13493,2011-03,359.28,1
13494,2011-02,316.26000000000005,1
13495,2009-12,819.91,2
13495,2010-03,390.6,1
13495,2010-10,988.36,1
13495,2010-11,619.57,1
13495,2010-12,1376.38,2
13495,2011-04,207.0,1
13495,2011-11,659.8,1
13495,2011-12,312.64,1
13496,2010-12,501.01,1
13496,2011-11,152.32,1
13497,2010-02,216.95000000000002,1
13497,2010-03,365.28,2
13497,2010-07,236.55,1
13497,2010-12,307.0,1
13497,2011-03,194.55,1
13498,2009-12,327.38,1
13499,2011-03,158.23000000000002,1
13499,2011-04,305.56,1
13499,2011-09,150.06,1
13499,2011-11,545.26,2
13500,2010-11,299.53,1
13500,2011-08,326.4,1
13500,2011-11,840.37,2
13501,2010-05,595.17,1
13501,2010-08,949.62,1
13501,2011-02,1340.32,1
13502,2010-06,307.9,1
13502,2010-10,180.6,1
13502,2011-01,114.6,1
13502,2011-03,74.56,1
13502,2011-11,102.84,1
13503,2010-02,884.87,2
13503,2010-06,371.85,1
13503,2010-08,304.47,1
13503,2011-09,216.85,1
13504,2011-10,295.93,1
13505,2011-04,849.69,1
13505,2011-05,746.4,1
13505,2011-06,547.03,1
13505,2011-09,1490.51,1
13506,2010-09,427.32,1
13506,2010-10,230.49,1
13506,2010-11,221.75,1
13506,2010-12,602.24,1
13506,2011-01,157.4,1
13507,2011-07,1242.3799999999999,1
13507,2011-08,394.09,1
13507,2011-09,386.32,1
13507,2011-12,456.37,1
13508,2010-03,176.07999999999998,1
13508,2011-04,110.97,1
13509,2010-07,135.0,1
13509,2011-02,209.32,1
13509,2011-03,440.7,2
13509,2011-09,40.0,1
13509,2011-10,176.6,1
13509,2011-12,98.10000000000001,1
13510,2009-12,266.7,1
13510,2010-02,388.88,1
13510,2010-04,657.21,1
13510,2010-06,468.42,2
13510,2010-10,528.5600000000001,1
13510,2010-11,456.96,1
13510,2011-06,585.3199999999999,1
13510,2011-09,312.49,1
13510,2011-10,551.89,1
13510,2011-12,341.86,1
13511,2010-02,282.76,1
13512,2010-05,153.3,1
13512,2010-08,120.66,1
13512,2010-11,188.22,1
13512,2011-03,251.21,1
13513,2010-02,299.64,1
13513,2010-09,319.85,1
13513,2011-08,205.1,1
13514,2010-01,346.3,1
13514,2010-05,242.4,1
13514,2010-10,75.0,1
13514,2011-09,152.20000000000002,1
13515,2010-03,188.1,1
13515,2010-09,186.60000000000002,1
13515,2011-04,203.4,1
13515,2011-07,132.16,1
13515,2011-08,188.39999999999998,1
13515,2011-09,367.16,1
13516,2010-10,295.85,1
13516,2011-04,146.0,1
13516,2011-09,474.41,1
13516,2011-11,769.0,1
13517,2011-06,1101.86,1
13517,2011-08,510.32,1
13517,2011-10,516.24,1
13518,2011-09,627.16,1
13519,2010-09,220.46,1
13519,2011-09,122.75,1
13520,2009-12,469.4,1
13520,2010-02,397.68,1
13520,2010-04,608.8,1
13520,2010-08,602.82,1
13520,2010-11,382.95,1
13520,2010-12,446.8,1
13520,2011-01,565.12,1
13520,2011-03,450.78000000000003,1
13520,2011-06,492.68,1
13520,2011-07,656.0,1
13520,2011-10,596.37,1
13521,2011-11,277.48,1
13521,2011-12,792.99,2
13522,2011-11,125.80000000000001,1
13523,2010-11,569.69,1
13523,2010-12,1133.9,1
13523,2011-05,1802.29,2
13523,2011-10,616.8,1
13523,2011-11,978.84,1
13524,2011-05,159.20000000000002,1
13524,2011-06,88.50000000000001,1
13524,2011-08,161.16000000000003,1
13524,2011-09,75.0,1
13524,2011-10,196.32,1
13525,2011-04,282.88,1
13525,2011-11,345.9,1
13526,2009-12,1182.0,2
13527,2010-01,754.6899999999999,2
13527,2010-04,536.77,1
13527,2010-07,483.92,1
13527,2010-10,523.5500000000001,1
13527,2011-01,110.45,1
13527,2011-05,475.19,1
13527,2011-08,776.88,2
13527,2011-09,485.27,2
13527,2011-11,394.57,1
13529,2011-05,181.1,1
13529,2011-09,126.66000000000001,1
13530,2010-03,402.97999999999996,1
13531,2009-12,311.7,1
13531,2010-04,295.61,1
13531,2010-07,341.96,2
13531,2010-12,610.9,1
13531,2011-05,178.35,1
13532,2011-11,210.31,1
13533,2011-03,144.94,2
13533,2011-06,124.14999999999999,1
13534,2010-07,384.74,2
13534,2010-08,357.28,2
13534,2010-09,586.35,3
13534,2010-10,284.25,2
13534,2010-11,238.2,1
13534,2010-12,283.2,2
13534,2011-01,566.95,4
13534,2011-02,179.6,2
13534,2011-03,514.3,2
13534,2011-04,470.15,3
13534,2011-05,634.6,3
13534,2011-06,304.28000000000003,1
13534,2011-07,1080.25,3
13534,2011-08,338.2,1
13534,2011-10,835.15,2
13534,2011-11,306.2,1
13534,2011-12,357.2,1
13535,2010-11,89.5,1
13536,2011-09,455.17,1
13536,2011-10,369.74,1
13536,2011-11,1614.3799999999999,3
13536,2011-12,1005.1,2
13537,2010-09,415.85,1
13537,2010-10,302.0,1
13538,2010-02,803.54,2
13538,2010-09,159.0,1
13538,2010-10,143.8,1
13538,2010-11,715.94,1
13538,2011-01,166.8,1
13538,2011-03,337.5,1
13538,2011-06,115.2,1
13538,2011-07,95.4,1
13538,2011-08,176.85000000000002,1
13538,2011-09,99.0,1
13538,2011-10,290.1,1
13539,2010-04,333.49,1
13539,2010-05,12.600000000000001,1
13539,2010-06,493.53000000000003,1
13539,2010-10,98.4,1
13539,2011-02,164.1,1
13539,2011-04,151.55,1
13539,2011-09,315.69,1
13540,2010-02,369.25,2
13540,2010-08,263.14,1
13541,2010-05,310.35,1
13541,2010-10,474.9,1
13542,2009-12,420.90999999999997,2
13542,2010-01,129.75,1
13542,2010-02,415.0,2
13542,2010-03,376.44,1
13542,2010-04,266.3,1
13542,2010-05,427.86,2
13542,2010-06,466.83,2
13542,2010-07,339.02,2
13542,2010-08,260.22,1
13542,2010-09,308.56,1
13542,2010-10,378.90000000000003,1
13542,2010-11,169.70000000000002,1
13543,2010-01,588.45,1
13543,2010-03,851.16,1
13544,2010-03,181.32,1
13544,2010-06,161.37,2
13544,2010-10,171.45,1
13544,2011-04,113.01,1
13544,2011-10,163.05,1
13545,2010-06,118.17999999999999,1
13545,2010-11,246.75,1
13546,2010-10,192.41,1
13546,2010-11,272.74,1
13546,2011-05,182.26,1
13546,2011-10,230.12,1
13546,2011-11,208.71,1
13547,2010-10,164.53,1
13548,2010-08,223.28,1
13548,2011-04,281.01,1
13548,2011-09,397.15,1
13549,2010-11,87.6,1
13549,2011-04,183.5,1
13549,2011-05,329.05,2
13549,2011-07,249.5,2
13549,2011-10,70.15,1
13549,2011-11,86.0,1
13550,2010-11,342.55,1
13551,2010-02,152.39999999999998,1
13551,2011-01,91.80000000000001,1
13552,2010-02,732.96,2
13552,2010-04,583.0999999999999,1
13552,2010-06,498.9,1
13552,2010-07,477.19,2
13552,2010-09,425.7,2
13552,2010-10,491.0,2
13552,2011-01,313.70000000000005,1
13552,2011-03,469.05,2
13552,2011-05,1078.54,2
13552,2011-06,417.8,2
13552,2011-08,483.82,2
13552,2011-09,551.64,2
13552,2011-10,425.52,1
13553,2010-02,499.6,1
13554,2010-09,541.73,2
13554,2010-10,554.63,3
13554,2010-11,532.99,2
13555,2010-01,815.28,2
13555,2010-03,377.87,1
13555,2010-04,429.0,2
13555,2010-06,680.74,1
13555,2010-09,858.0,1
13555,2010-10,866.99,1
13555,2010-11,765.0799999999999,1
13555,2011-05,1590.05,2
13555,2011-09,2508.83,2
13556,2010-09,107.22,1
13556,2010-10,93.6,1
13557,2009-12,413.5,2
13557,2010-01,612.82,2
13557,2010-03,499.06,2
13557,2010-07,155.73,1
13557,2010-09,327.49,2
13557,2010-10,439.6,2
13557,2011-03,240.68,1
13557,2011-11,343.38,1
13558,2011-10,312.71,2
13558,2011-11,159.13,1
13558,2011-12,122.67999999999999,1
13559,2010-06,330.0,1
13559,2010-07,660.0,1
13560,2011-12,171.42000000000002,1
13561,2010-02,199.5,1
13561,2010-03,162.05,2
13561,2010-04,215.03,1
13561,2010-05,217.55,1
13561,2010-06,240.5,1
13561,2010-08,136.97,1
13561,2010-10,319.93,2
13561,2010-11,170.01,1
13561,2011-05,141.85999999999999,1
13562,2010-01,939.4,1
13562,2010-02,660.6,2
13562,2010-06,677.55,1
13562,2010-11,761.3000000000001,1
13562,2011-04,603.27,1
13562,2011-07,606.46,1
13562,2011-09,589.6,1
13563,2011-07,310.88,1
13563,2011-09,466.65,1
13564,2009-12,744.7,4
13564,2010-01,1093.09,2
13564,2010-02,1082.28,2
13564,2010-03,463.35,1
13564,2010-04,801.9,2
13564,2010-05,1197.34,3
13564,2010-06,900.79,3
13564,2010-07,2213.35,6
13564,2010-08,1694.6,3
13564,2010-09,1422.5,4
13564,2010-10,1839.99,2
13564,2010-11,1252.3,2
13564,2010-12,1710.0800000000002,2
13565,2010-10,174.57999999999998,1
13565,2011-01,110.17999999999999,1
13565,2011-11,130.04,1
13566,2010-03,287.27,1
13566,2010-07,277.96999999999997,1
13566,2010-10,262.67,1
13566,2011-09,567.31,1
13566,2011-10,289.53000000000003,1
13567,2010-06,414.44,1
13567,2010-08,275.1,2
13567,2010-10,389.75,1
13568,2011-06,187.05,1
13569,2010-10,235.96,1
13569,2010-11,151.96,1
13569,2010-12,219.64000000000001,1
13569,2011-11,227.3,1
13570,2011-04,239.49,1
13571,2009-12,111.24000000000001,1
13571,2010-02,160.19,1
13571,2010-03,372.07,2
13571,2010-05,285.83,1
13571,2010-06,478.25,2
13571,2010-07,129.2,1
13571,2010-08,132.37,1
13571,2010-09,171.38,1
13571,2010-10,244.1,2
13571,2010-11,363.69,2
13571,2011-03,145.27,1
13571,2011-04,126.74000000000001,1
13571,2011-05,120.59,1
13571,2011-06,114.71,1
13571,2011-07,126.58,1
13571,2011-08,167.26,1
13571,2011-09,282.68,1
13571,2011-10,338.53000000000003,2
13571,2011-11,666.58,3
13572,2011-05,1384.25,1
13573,2010-03,80.4,1
13573,2010-09,56.72,1
13573,2010-11,475.7,2
13573,2011-03,31.770000000000003,1
13573,2011-10,258.48,1
13574,2010-10,404.45,1
13575,2011-06,88.55,1
13575,2011-07,130.2,1
13575,2011-09,258.46,1
13575,2011-10,147.41,1
13575,2011-11,107.45,1
13576,2009-12,328.8,1
13576,2010-01,430.83,1
13576,2010-02,319.32,1
13576,2010-03,545.48,1
13576,2010-05,1112.3700000000001,2
13576,2010-07,520.52,1
13576,2010-08,365.08,1
13576,2010-09,420.97,1
13576,2010-11,441.88,1
13576,2010-12,698.3,1
13576,2011-01,623.6800000000001,1
13576,2011-02,714.21,2
13576,2011-03,330.24,1
13576,2011-04,426.24,1
13576,2011-05,302.88,1
13576,2011-06,733.0500000000001,2
13576,2011-07,705.72,2
13576,2011-08,332.04,1
13576,2011-09,826.1700000000001,2
13576,2011-10,283.89,1
13576,2011-11,1090.0700000000002,3
13577,2009-12,394.4,3
13577,2010-04,225.07999999999998,1
13577,2010-06,314.99,1
13577,2010-10,662.91,1
13577,2010-11,199.3,1
13577,2011-04,356.75,1
13577,2011-07,465.35,1
13577,2011-09,371.7,1
13577,2011-11,493.8,1
13578,2010-10,147.66,1
13579,2010-02,383.55,1
13579,2010-09,324.7,1
13579,2010-11,199.05,1
13579,2010-12,329.40000000000003,1
13579,2011-11,302.34,1
13580,2010-10,107.75,1
13581,2010-10,162.53,1
13581,2011-02,118.0,1
13582,2010-04,77.5,1
13582,2010-11,164.18,1
13583,2010-01,664.001,1
13583,2011-07,781.03,1
13584,2010-02,1.3,1
13584,2010-07,242.0,1
13584,2011-02,142.4,1
13585,2009-12,12.75,1
13585,2010-05,353.42,1
13585,2010-06,318.37,1
13586,2010-06,127.28,1
13587,2010-02,568.3,1
13587,2010-09,392.8,2
13587,2011-10,712.4,1
13588,2011-03,113.30000000000001,1
13588,2011-07,491.0,1
13588,2011-08,471.32,1
13588,2011-09,530.3199999999999,2
13588,2011-10,425.38,1
13588,2011-11,447.63,3
13589,2009-12,269.15,1
13589,2010-05,159.4,1
13589,2010-06,224.04,1
13589,2010-09,88.5,1
13589,2011-06,147.0,1
13589,2011-11,232.65,1
13590,2009-12,367.28000000000003,1
13590,2010-01,548.34,1
13590,2010-02,304.36,1
13590,2010-04,159.0,1
13590,2010-07,486.33,1
13590,2010-09,320.7,1
13590,2010-10,1486.82,4
13590,2010-11,681.29,2
13590,2011-02,309.06,1
13590,2011-04,301.42,1
13590,2011-05,301.55,1
13590,2011-07,204.35,1
13590,2011-10,552.4,1
13590,2011-11,313.14,1
13591,2009-12,53.2,1
13591,2010-04,495.26,1
13591,2010-05,105.35,1
13591,2010-09,323.0,1
13591,2011-03,462.2,1
13591,2011-05,314.03,1
13591,2011-10,340.9,1
13592,2011-03,76.72,1
13592,2011-05,128.79,2
13592,2011-11,42.45,1
13593,2010-03,893.7,3
13593,2010-04,389.43,1
13593,2010-06,513.26,1
13593,2010-07,611.67,1
13593,2010-08,452.6,1
13593,2010-09,164.35000000000002,1
13593,2010-11,456.40000000000003,1
13593,2011-01,559.85,1
13593,2011-03,437.90000000000003,2
13593,2011-06,368.3,1
13593,2011-08,645.83,1
13594,2010-08,136.35000000000002,1
13594,2011-10,396.97,1
13595,2010-03,532.29,1
13595,2010-05,179.0,1
13595,2010-07,73.19,1
13596,2011-11,378.67,1
13596,2011-12,285.44,1
13597,2010-11,396.71,2
13598,2010-02,268.37,2
13598,2010-05,115.51,1
13598,2010-08,218.04,1
13598,2011-10,160.04,1
13599,2009-12,975.59,2
13599,2010-02,1045.45,1
13599,2010-03,451.68,1
13599,2010-05,436.4,2
13599,2010-09,976.46,2
13599,2010-10,255.51999999999998,2
13599,2010-11,520.02,2
13599,2010-12,705.68,2
13599,2011-01,369.14,1
13599,2011-03,580.57,1
13599,2011-04,331.81,2
13599,2011-05,371.3,1
13599,2011-07,308.18,1
13599,2011-09,520.04,2
13599,2011-11,1996.3600000000001,9
13599,2011-12,319.68,2
13600,2010-03,298.9,1
13600,2011-01,219.52,1
13601,2010-06,182.43,1
13601,2010-11,284.24,1
13601,2011-05,373.2,1
13601,2011-10,320.12,1
13602,2010-05,169.38,1
13602,2010-09,289.2,1
13602,2010-11,137.70000000000002,1
13602,2011-10,428.89,1
13603,2011-11,164.34,1
13604,2010-02,717.62,1
13605,2010-05,169.89,1
13605,2010-11,352.78000000000003,1
13606,2011-02,70.02,1
13606,2011-04,176.60999999999999,1
13606,2011-11,30.119999999999997,1
13607,2010-11,400.3,1
13607,2011-10,675.51,1
13608,2010-06,232.05,1
13609,2010-04,167.35,1
13610,2010-01,451.83,2
13610,2010-03,127.3,1
13610,2010-05,133.35,1
13610,2010-07,80.17,1
13610,2010-09,122.99000000000001,1
13610,2010-11,104.49000000000001,1
13610,2011-02,234.12,1
13610,2011-04,108.55,1
13610,2011-06,121.7,1
13610,2011-07,173.39,1
13610,2011-08,127.0,1
13610,2011-10,204.28,1
13610,2011-11,113.29,1
13611,2009-12,337.93,1
13611,2010-03,302.86,1
13611,2010-04,141.08,1
13611,2010-06,321.24,1
13611,2010-08,374.85,1
13611,2010-11,665.57,2
13611,2010-12,303.15000000000003,1
13611,2011-06,333.57,1
13611,2011-09,517.68,1
13612,2010-03,818.29,1
13613,2010-02,468.0,1
13613,2010-03,159.5,1
13613,2010-09,412.35,3
13614,2010-06,303.4,1
13614,2010-11,443.88,1
13614,2011-01,205.75,1
13614,2011-06,573.13,1
13614,2011-09,302.15,1
13614,2011-11,504.43,1
13615,2010-01,808.15,1
13615,2010-03,351.69,1
13615,2010-05,580.13,1
13615,2010-07,1748.57,1
13615,2010-10,1066.15,2
13615,2010-11,1300.15,1
13615,2011-01,417.69,1
13616,2010-01,178.0,1
13616,2010-05,105.85,1
13617,2010-08,112.19999999999999,1
13617,2010-09,247.25,2
13617,2010-10,375.12,2
13617,2011-06,131.10999999999999,1
13617,2011-08,234.59,1
13617,2011-10,178.48000000000002,1
13618,2011-06,177.34,1
13619,2010-02,98.74,1
13619,2010-06,124.7,1
13620,2010-06,112.34,1
13621,2011-08,213.85,1
13622,2010-01,658.95,1
13623,2009-12,628.14,1
13623,2010-01,413.0,1
13623,2010-06,384.05,1
13623,2010-10,173.95,1
13623,2010-11,206.18,1
13623,2011-02,156.0,1
13623,2011-03,88.60000000000001,1
13623,2011-04,146.99,1
13623,2011-05,147.58,1
13623,2011-11,188.57,1
13624,2010-11,462.08,1
13625,2010-04,301.26,1
13626,2010-11,449.81,1
13626,2011-04,257.23,1
13627,2010-03,304.4,1
13627,2010-08,303.03,1
13627,2010-12,311.19,1
13627,2011-05,294.73,1
13627,2011-06,421.08,1
13627,2011-09,307.18,1
13627,2011-10,304.29,1
13628,2010-02,310.14,1
13629,2010-02,660.0,1
13629,2010-04,660.0,1
13629,2010-05,660.0,1
13629,2010-07,990.0,1
13629,2010-08,495.0,1
13629,2010-09,330.0,1
13629,2010-10,1783.5,2
13629,2011-01,660.0,1
13629,2011-02,765.0,1
13629,2011-04,642.0,1
13629,2011-05,821.0,1
13629,2011-06,778.0,1
13629,2011-07,1231.3600000000001,2
13629,2011-09,821.0,1
13629,2011-10,537.0,1
13629,2011-11,1537.0,2
13630,2011-02,299.14,1
13630,2011-04,431.78,1
13630,2011-06,328.62,2
13630,2011-08,301.92,1
13630,2011-09,438.32,1
13630,2011-12,231.99999999999997,1
13631,2011-03,80.0,1
13631,2011-05,1250.0,3
13631,2011-06,960.72,4
13631,2011-07,727.2,2
13631,2011-09,52.5,1
13632,2010-04,366.19,1
13632,2010-05,515.8000000000001,1
13632,2010-11,644.89,1
13632,2011-04,610.69,2
13632,2011-06,201.57,1
13632,2011-10,854.53,1
13632,2011-11,452.14,1
13634,2010-01,440.3,2
13634,2010-03,237.42000000000002,1
13634,2010-05,1107.84,2
13634,2010-06,392.7,1
13634,2010-09,851.82,2
13634,2010-11,410.64,2
13634,2011-01,334.2,1
13634,2011-04,263.41,1
13634,2011-08,158.36,1
13634,2011-09,588.51,1
13634,2011-11,202.88,1
13635,2009-12,797.15,2
13635,2010-09,1130.98,1
13635,2011-10,1071.03,1
13636,2011-02,154.5,1
13636,2011-03,137.35,1
13636,2011-04,249.60000000000002,1
13636,2011-08,105.1,1
13636,2011-11,302.57,1
13637,2011-04,415.15,1
13637,2011-06,262.25,1
13637,2011-10,125.65,1
13638,2011-11,122.64,1
13639,2010-09,312.93,1
13639,2011-09,1033.34,1
13640,2010-04,405.0,1
13641,2009-12,707.76,3
13641,2010-03,234.60999999999999,1
13642,2010-10,159.92,3
13642,2011-05,312.28,1
13643,2009-12,311.8,1
13643,2010-03,143.45,1
13643,2010-05,96.30000000000001,1
13643,2010-08,135.42000000000002,1
13643,2010-10,305.45,1
13643,2010-11,644.91,2
13643,2011-06,87.9,1
13643,2011-09,171.5,1
13643,2011-11,260.04,1
13644,2011-08,851.09,1
13644,2011-09,547.52,1
13644,2011-10,446.73,1
13644,2011-11,778.92,1
13645,2011-08,252.1,1
13646,2010-11,326.25,2
13647,2010-04,315.5,1
13647,2010-05,516.7,1
13647,2010-08,561.36,2
13647,2011-04,424.64,1
13647,2011-06,379.22,1
13647,2011-09,472.04,1
13647,2011-11,372.22,1
13648,2009-12,263.09000000000003,1
13648,2010-02,310.44,1
13648,2010-04,378.87,1
13648,2010-08,451.82,3
13648,2010-10,310.95,1
13648,2010-11,43.900000000000006,1
13649,2010-06,310.41,1
13649,2010-07,307.1,1
13649,2010-08,111.00000000000001,1
13649,2010-11,378.57,1
13649,2010-12,395.6,1
13649,2011-03,148.8,1
13650,2010-01,505.13,1
13650,2010-05,588.68,1
13650,2010-07,47.25,1
13650,2010-11,310.6,1
13650,2011-03,372.12,1
13650,2011-05,373.4,1
13650,2011-09,317.96,1
13650,2011-10,474.62,2
13650,2011-11,298.24,1
13651,2010-11,132.65,1
13651,2011-10,79.2,1
13652,2010-02,393.96000000000004,1
13652,2010-10,773.01,1
13652,2010-12,617.6,1
13652,2011-03,329.44,1
13652,2011-10,456.84000000000003,1
13653,2010-08,152.2,1
13654,2009-12,159.98000000000002,1
13654,2010-03,98.69999999999999,1
13654,2010-08,484.34999999999997,1
13654,2010-10,1872.44,1
13654,2010-11,985.2,1
13654,2011-03,312.93,1
13654,2011-04,485.31,1
13654,2011-05,374.59999999999997,1
13654,2011-07,541.4300000000001,1
13654,2011-10,993.0600000000001,2
13655,2010-04,580.58,2
13655,2010-10,480.48,1
13655,2010-11,286.48,1
13655,2011-04,383.65,1
13655,2011-08,549.32,1
13656,2010-04,325.15,1
13656,2010-07,374.05,1
13656,2011-01,162.70000000000002,1
13656,2011-06,216.95,1
13657,2011-05,152.34,1
13657,2011-11,229.8,1
13658,2010-02,982.26,1
13658,2010-06,834.25,1
13658,2010-08,889.02,1
13658,2010-11,680.8,1
13658,2011-05,933.3,1
13658,2011-09,1163.47,2
13658,2011-11,542.4,2
13659,2010-02,421.03000000000003,1
13659,2010-03,974.61,2
13659,2010-04,471.11,2
13659,2010-05,641.74,1
13659,2010-06,95.44,1
13659,2010-07,164.7,1
13659,2010-08,258.9,1
13659,2010-10,294.15,1
13659,2011-01,1035.2,1
13659,2011-05,527.8,1
13660,2010-11,306.64,1
13661,2010-04,325.24,1
13662,2010-02,300.47,2
13662,2010-06,428.68,2
13662,2010-09,418.95,2
13662,2010-11,204.25,2
13662,2011-03,227.70000000000002,1
13662,2011-05,288.74,1
13662,2011-09,364.82,1
13663,2010-03,545.45,1
13663,2010-10,1188.8400000000001,2
13663,2010-11,123.75,1
13663,2011-06,189.47,1
13665,2010-07,632.81,1
13665,2010-10,620.5699999999999,1
13665,2010-11,458.28,1
13666,2009-12,19.5,1
13666,2010-10,22.9,1
13666,2011-02,64.05,2
13666,2011-10,20.6,1
13667,2011-07,299.05,1
13668,2009-12,615.3,1
13668,2010-01,216.0,1
13668,2010-03,958.68,3
13668,2010-04,356.0,1
13668,2010-06,767.84,2
13668,2010-07,655.41,1
13668,2010-08,1657.83,2
13668,2010-10,590.0500000000001,1
13668,2010-11,821.54,2
13668,2010-12,177.66,1
13668,2011-01,208.56,1
13668,2011-02,1362.8600000000001,2
13668,2011-03,485.43,2
13668,2011-04,718.74,3
13668,2011-05,779.62,2
13668,2011-06,487.63,2
13668,2011-07,249.36,2
13668,2011-08,431.11,1
13668,2011-10,188.94,1
13668,2011-11,886.9,3
13668,2011-12,333.02,1
13669,2010-10,195.0,1
13669,2011-07,48.150000000000006,1
13669,2011-10,170.39999999999998,1
13670,2011-09,349.7,1
13671,2010-11,172.6,1
13672,2009-12,233.53000000000003,1
13672,2011-01,62.13,1
13672,2011-02,124.26,1
13673,2011-11,387.44,2
13674,2010-10,240.68,1
13675,2011-02,308.44,1
13675,2011-07,178.38000000000002,1
13676,2010-03,128.3,1
13676,2010-06,115.60000000000001,1
13677,2010-07,273.96,1
13677,2010-10,277.28,1
13678,2011-07,232.6,1
13679,2009-12,126.8,1
13679,2010-04,52.75,1
13679,2010-08,101.71000000000001,1
13680,2009-12,2286.2000000000003,3
13680,2010-01,1636.17,1
13680,2010-02,938.6700000000001,1
13680,2010-03,769.89,1
13680,2010-07,1166.46,1
13680,2010-08,903.1600000000001,1
13680,2011-01,2391.59,2
13680,2011-10,692.45,1
13680,2011-12,635.08,1
13681,2011-07,203.46,1
13681,2011-10,327.62,1
13681,2011-11,296.75,2
13682,2011-06,59.5,1
13683,2010-09,258.6,1
13684,2010-03,190.53,1
13684,2010-05,206.39000000000001,1
13684,2010-11,132.83,1
13684,2011-02,65.13,1
13685,2011-10,1934.45,3
13685,2011-12,1184.99,4
13686,2010-11,337.04,2
13686,2011-06,72.0,1
13687,2010-09,11880.84,1
13688,2010-03,375.5,1
13689,2010-09,349.5,1
13689,2011-10,910.0,1
13690,2011-10,172.25,1
13691,2010-11,210.78,1
13692,2010-10,1626.08,2
13692,2011-04,856.63,1
13692,2011-05,14.95,1
13692,2011-11,616.74,1
13693,2009-12,548.65,3
13693,2010-01,355.76,2
13693,2010-04,255.66,1
13693,2010-08,214.1,1
13693,2010-11,637.65,2
13694,2009-12,20427.91,12
13694,2010-01,19601.38,12
13694,2010-02,6715.24,4
13694,2010-03,29300.7,23
13694,2010-04,11712.96,11
13694,2010-05,8656.57,7
13694,2010-06,7368.63,8
13694,2010-07,2924.3199999999997,4
13694,2010-08,2632.8,2
13694,2010-09,8139.8,5
13694,2010-10,7141.04,3
13694,2010-11,5979.72,2
13694,2010-12,3739.16,2
13694,2011-01,4131.98,3
13694,2011-02,3741.14,5
13694,2011-03,8089.22,3
13694,2011-04,2948.29,6
13694,2011-05,6391.68,7
13694,2011-06,6060.47,3
13694,2011-07,1943.43,3
13694,2011-08,9708.39,7
13694,2011-09,5615.42,3
13694,2011-10,5542.18,3
13694,2011-11,4839.22,2
13694,2011-12,3131.16,3
13695,2010-05,266.6,1
13695,2011-03,83.14,1
13695,2011-04,147.74,2
13695,2011-05,54.6,1
13695,2011-06,464.06,2
13695,2011-07,234.96,2
13695,2011-08,401.03,3
13695,2011-09,711.42,2
13695,2011-10,110.4,1
13695,2011-11,296.78000000000003,1
13696,2010-02,306.0,1
13696,2010-04,1080.2,1
13696,2010-10,634.2,1
13697,2011-11,151.29999999999998,1
13698,2010-01,184.3,1
13698,2010-04,267.43,1
13699,2010-06,455.57,1
13699,2011-07,308.58000000000004,1
13700,2010-02,81.55,2
13700,2010-10,266.79,1
13700,2011-01,139.52,2
13700,2011-03,301.04,1
13700,2011-04,486.61,2
13700,2011-06,302.14,1
13700,2011-09,405.46,2
13700,2011-10,305.76,1
13700,2011-11,308.1,1
13701,2010-09,161.0,1
13702,2010-09,135.18,1
13703,2010-10,326.06,1
13703,2011-01,99.5,1
13704,2011-09,1289.4,5
13704,2011-10,616.62,2
13704,2011-11,237.35999999999999,1
13704,2011-12,164.68,1
13705,2010-03,250.45,1
13705,2010-06,279.35,1
13705,2010-07,159.14,1
13705,2010-09,316.39,1
13705,2010-12,636.28,1
13705,2011-07,204.54,1
13705,2011-12,189.18,1
13706,2010-03,300.38,1
13706,2011-02,330.79,1
13707,2010-06,720.5,1
13707,2010-10,1838.95,2
13707,2011-01,583.41,1
13707,2011-03,223.0,1
13708,2011-03,283.33,1
13709,2010-01,306.74,1
13709,2010-03,181.15,1
13709,2010-06,283.44,1
13709,2010-09,492.37,2
13709,2011-01,454.3,1
13709,2011-06,1064.38,2
13709,2011-08,1400.13,2
13709,2011-10,1776.26,3
13709,2011-11,1084.27,3
13709,2011-12,528.3100000000001,2
13710,2010-04,228.0,1
13710,2010-10,101.03999999999999,1
13710,2011-11,180.48,1
13711,2009-12,126.5,1
13711,2010-01,893.4,3
13711,2010-03,163.41,1
13711,2010-05,176.81,1
13711,2010-10,180.08,1
13711,2011-05,252.06,2
13712,2010-04,537.58,1
13712,2011-04,228.84,1
13713,2010-05,247.98000000000002,1
13713,2010-08,340.63,1
13713,2010-10,152.15,1
13714,2010-08,161.35,1
13715,2010-03,828.6800000000001,1
13715,2010-04,183.76,1
13715,2010-05,568.82,1
13715,2010-06,1491.77,3
13715,2010-07,1181.72,2
13715,2010-08,1261.46,2
13715,2010-10,523.24,1
13715,2010-11,1036.2,1
13715,2010-12,767.33,3
13715,2011-01,445.22,1
13715,2011-03,137.49,1
13716,2011-03,138.28,1
13717,2010-08,179.97,1
13717,2010-09,138.32,1
13717,2011-02,298.05,1
13717,2011-04,272.54,1
13717,2011-06,183.63,1
13717,2011-08,201.77,1
13717,2011-10,301.53999999999996,1
13717,2011-11,187.48,1
13718,2011-02,114.05000000000001,1
13718,2011-04,192.5,1
13719,2010-05,381.36,1
13719,2010-06,578.51,2
13719,2010-07,138.3,1
13719,2010-08,159.5,1
13719,2010-11,482.75,1
13719,2011-04,132.9,1
13719,2011-05,205.84,1
13719,2011-10,250.49,1
13719,2011-11,452.45,2
13720,2011-03,266.2,1
13720,2011-04,165.9,1
13720,2011-06,120.45,1
13720,2011-08,247.35,1
13721,2010-11,217.39999999999998,1
13721,2011-11,524.14,1
13722,2010-03,664.54,1
13722,2010-07,1222.46,2
13722,2010-09,894.7,2
13722,2010-10,478.3,2
13722,2011-03,1463.47,1
13722,2011-07,911.94,2
13723,2010-04,320.23,1
13723,2010-05,100.35,1
13723,2010-10,410.83,2
13723,2010-11,162.82,1
13723,2011-05,199.85000000000002,1
13724,2010-03,213.01,1
13725,2011-02,1451.93,4
13725,2011-03,146.87,1
13725,2011-04,152.79999999999998,1
13725,2011-06,114.1,1
13725,2011-10,114.86,1
13726,2011-08,292.68,1
13726,2011-11,786.98,1
13727,2009-12,130.6,1
13727,2010-01,93.05000000000001,1
13727,2010-02,128.55,1
13727,2010-04,388.47,3
13727,2011-11,333.48,2
13728,2009-12,135.0,1
13728,2010-01,194.1,1
13728,2010-02,194.74,1
13728,2010-04,183.3,1
13728,2010-05,237.94,1
13728,2010-07,169.14,1
13728,2010-08,182.58,1
13728,2010-09,210.68,1
13728,2010-10,128.1,1
13728,2010-11,203.45,1
13728,2011-02,158.57999999999998,1
13728,2011-03,183.0,1
13728,2011-05,152.35,1
13728,2011-07,141.15,1
13728,2011-08,161.94,1
13728,2011-11,219.12,1
13729,2010-01,357.88,1
13729,2010-09,366.85,2
13730,2011-07,752.6,2
13731,2011-04,308.12,1
13731,2011-05,302.47,1
13732,2011-11,491.86,1
13733,2009-12,149.10000000000002,1
13733,2010-10,337.93,1
13734,2010-04,279.6,1
13734,2010-07,6416.090000000001,3
13735,2009-12,489.62,1
13735,2010-01,534.7,1
13735,2010-02,986.64,1
13735,2010-04,708.76,1
13735,2010-05,402.91,1
13735,2010-07,545.55,1
13735,2010-11,3211.05,3
13735,2011-04,935.15,1
13735,2011-06,474.54,1
13735,2011-10,989.86,1
13735,2011-11,483.99,1
13736,2009-12,710.84,1
13736,2010-06,646.82,1
13736,2010-09,401.39,2
13736,2010-10,263.62,1
13736,2011-03,357.53,1
13736,2011-12,372.27,1
13737,2011-05,339.59999999999997,1
13738,2010-11,434.78000000000003,1
13739,2010-06,75.3,1
13739,2011-11,216.9,1
13740,2009-12,296.69,1
13740,2010-05,310.9,1
13740,2010-07,309.14,1
13740,2010-10,315.29,1
13740,2011-04,350.75,1
13741,2011-05,162.96,1
13741,2011-06,200.17000000000002,1
13741,2011-09,305.3,1
13742,2011-01,456.98,1
13742,2011-02,698.2,2
13742,2011-04,172.72,1
13742,2011-05,298.43,1
13742,2011-06,1006.24,5
13742,2011-09,142.9,1
13742,2011-11,332.4,1
13743,2011-03,141.72,1
13743,2011-05,211.44,1
13743,2011-07,275.76,1
13743,2011-08,283.2,2
13743,2011-09,153.72,1
13743,2011-12,275.76,1
13744,2011-02,817.3199999999999,1
13744,2011-09,263.2,1
13745,2010-06,477.32,1
13745,2011-06,300.04,1
13746,2010-10,176.69,1
13747,2010-10,90.19999999999999,1
13747,2010-12,159.2,1
13748,2009-12,173.1,1
13748,2010-10,407.2,1
13748,2010-11,535.8,2
13748,2010-12,408.0,1
13748,2011-04,376.85,2
13748,2011-09,367.4,2
13750,2010-04,313.1,1
13750,2010-05,307.66,1
13750,2010-06,317.76,1
13750,2010-10,325.68,1
13750,2010-11,690.72,2
13750,2011-01,325.44,1
13750,2011-02,363.36,1
13750,2011-06,302.39,1
13750,2011-07,325.44,1
13750,2011-10,330.63,1
13751,2011-02,296.25,1
13752,2010-06,404.45000000000005,1
13752,2011-04,277.6,1
13752,2011-05,447.07,2
13752,2011-06,166.86,1
13752,2011-07,90.6,1
13752,2011-08,193.25,1
13753,2009-12,642.2,1
13753,2010-02,335.0,1
13753,2010-04,376.11,1
13753,2011-02,741.26,1
13754,2010-09,164.45000000000002,1
13754,2011-01,156.0,1
13754,2011-07,126.6,1
13755,2011-10,885.46,3
13755,2011-11,1065.7,5
13755,2011-12,156.9,1
13756,2009-12,182.25,1
13756,2010-01,226.89000000000001,1
13756,2010-02,192.14,1
13756,2010-05,267.61,1
13756,2010-06,354.75,1
13756,2010-09,472.82,1
13756,2010-10,421.61,1
13756,2010-11,1348.3600000000001,2
13756,2010-12,1537.2000000000003,3
13756,2011-05,399.21000000000004,1
13756,2011-06,308.2,1
13756,2011-07,525.03,1
13756,2011-08,321.5,1
13756,2011-09,413.99,1
13756,2011-10,292.99,1
13756,2011-11,1077.8,3
13756,2011-12,846.4000000000001,2
13757,2010-02,195.55,1
13758,2009-12,1866.94,2
13758,2010-01,1025.87,1
13758,2010-04,686.52,1
13758,2010-10,782.6,1
13758,2010-11,1042.81,2
13758,2010-12,1437.7,2
13758,2011-01,422.4,1
13758,2011-04,316.90000000000003,1
13758,2011-05,893.37,1
13758,2011-11,839.03,2
13759,2011-09,560.4100000000001,1
13759,2011-11,99.0,1
13760,2010-04,298.32,1
13760,2010-06,375.71999999999997,1
13760,2010-10,402.81,1
13760,2011-03,135.09,1
13760,2011-10,151.70000000000002,1
13761,2010-02,311.9,1
13761,2010-05,277.5,1
13761,2010-07,292.12,2
13761,2011-06,491.71000000000004,1
13761,2011-10,578.9399999999999,1
13762,2010-01,447.36,1
13762,2010-02,679.9200000000001,1
13762,2010-04,1038.48,2
13762,2011-05,306.72,1
13763,2010-09,3196.48,1
13763,2010-10,306.0,1
13763,2011-10,1714.96,1
13764,2010-03,928.29,2
13764,2010-05,463.96000000000004,1
13764,2011-01,499.89,1
13764,2011-07,443.40000000000003,1
13764,2011-09,573.13,1
13765,2010-02,352.821,1
13766,2010-08,190.35,1
13767,2009-12,2511.4,3
13767,2010-01,754.4,2
13767,2010-02,1416.34,3
13767,2010-03,982.4000000000001,3
13767,2010-05,509.04,1
13767,2010-06,1086.77,4
13767,2010-07,688.0600000000001,2
13767,2010-08,1243.16,2
13767,2010-09,1064.3600000000001,2
13767,2010-10,2505.0,4
13767,2010-11,3922.28,10
13767,2010-12,4076.32,6
13767,2011-01,670.88,2
13767,2011-02,1033.58,3
13767,2011-04,1521.64,6
13767,2011-05,1575.83,5
13767,2011-06,687.5,2
13767,2011-07,457.26,1
13767,2011-08,1290.32,3
13767,2011-09,3627.0000000000005,5
13767,2011-10,380.31,1
13767,2011-11,2650.7000000000003,2
13767,2011-12,885.98,1
13768,2009-12,875.97,2
13769,2009-12,214.25,1
13769,2010-02,304.61,1
13769,2010-04,465.19,2
13769,2010-06,318.15,1
13769,2010-07,322.42,1
13769,2010-09,640.29,3
13769,2010-10,416.7,1
13769,2010-12,644.6,1
13769,2011-01,304.02,1
13769,2011-03,300.75,1
13769,2011-04,202.88,1
13769,2011-05,318.06,1
13769,2011-08,282.23,1
13769,2011-09,446.38,2
13769,2011-11,301.97,1
13769,2011-12,317.92,1
13770,2009-12,174.33,1
13770,2010-03,90.0,1
13770,2010-09,343.44,1
13770,2010-10,177.60000000000002,1
13771,2010-02,869.5600000000001,1
13771,2010-05,891.25,2
13771,2010-06,1333.56,2
13771,2011-04,871.6,1
13771,2011-05,593.25,1
13771,2011-10,1169.6,2
13772,2010-02,562.6,1
13772,2010-05,269.48,1
13772,2010-07,264.26,1
13772,2010-11,881.05,2
13772,2011-04,228.42,1
13772,2011-09,454.55,1
13772,2011-11,439.66,1
13773,2010-02,91.4,1
13773,2010-11,210.14000000000001,1
13774,2011-09,345.0,1
13775,2010-04,1049.66,1
13777,2009-12,7125.04,5
13777,2010-01,587.52,1
13777,2010-02,332.40000000000003,1
13777,2010-03,996.1,3
13777,2010-04,625.2,2
13777,2010-06,537.6,3
13777,2010-07,762.46,2
13777,2010-08,215.89999999999998,1
13777,2010-09,820.1800000000001,2
13777,2010-10,5036.9,4
13777,2010-11,6621.8,4
13777,2010-12,13801.94,10
13777,2011-01,332.64,1
13777,2011-02,768.74,3
13777,2011-03,1260.3899999999999,3
13777,2011-04,326.4,1
13777,2011-05,266.7,1
13777,2011-06,1846.47,3
13777,2011-07,270.9,1
13777,2011-08,326.22,1
13777,2011-09,661.26,3
13777,2011-10,3953.35,1
13777,2011-11,6485.56,2
13777,2011-12,2516.75,3
13778,2010-05,352.71,1
13778,2010-06,472.53000000000003,1
13778,2010-08,120.55000000000001,1
13778,2011-08,178.7,1
13779,2010-07,161.13,1
13780,2010-10,372.06,1
13780,2011-06,116.28000000000002,1
13780,2011-12,243.73000000000002,1
13781,2009-12,314.44,1
13781,2010-04,336.55,1
13781,2011-04,127.84,1
13782,2009-12,132.4,1
13782,2010-01,134.73,1
13782,2010-04,162.63,1
13782,2010-05,148.07999999999998,1
13782,2010-07,39.0,1
13782,2010-08,114.63,1
13782,2010-09,145.75,1
13782,2011-01,191.94,1
13782,2011-04,169.35999999999999,1
13782,2011-08,123.49,1
13782,2011-10,254.01,2
13782,2011-11,170.06,1
13783,2010-02,488.88,1
13783,2010-03,496.55999999999995,1
13783,2010-05,349.79999999999995,1
13783,2010-08,206.85,1
13784,2010-09,399.28999999999996,2
13784,2010-10,48.150000000000006,1
13784,2011-01,174.12,2
13784,2011-02,155.51999999999998,1
13784,2011-03,96.75,1
13784,2011-05,346.08,1
13784,2011-06,859.9200000000001,2
13784,2011-08,336.24,1
13784,2011-09,155.51999999999998,1
13784,2011-10,300.48,1
13784,2011-11,38.160000000000004,1
13785,2010-09,311.99,2
13785,2010-10,230.5,2
13786,2009-12,723.09,1
13786,2010-03,661.04,1
13786,2010-04,868.56,2
13786,2010-11,644.9,1
13786,2010-12,460.79999999999995,1
13787,2010-01,164.34,1
13787,2010-02,237.09,1
13787,2010-06,103.5,1
13787,2010-09,408.53,1
13787,2010-12,106.4,1
13787,2011-09,202.64000000000001,1
13788,2010-07,3.75,1
13789,2010-11,239.45999999999998,1
13790,2011-12,348.8,1
13791,2011-06,937.0,1
13791,2011-08,579.0,1
13792,2010-10,188.4,1
13792,2011-02,74.60000000000001,1
13792,2011-10,120.95,1
13793,2010-03,96.0,1
13794,2010-06,126.03,1
13795,2010-03,222.5,1
13795,2010-07,209.85000000000002,1
13795,2010-10,189.6,1
13795,2010-11,214.35,1
13796,2010-07,289.7,1
13797,2010-03,354.49,1
13797,2010-05,312.38,1
13797,2010-09,512.58,1
13798,2009-12,1285.16,3
13798,2010-01,2739.06,5
13798,2010-02,2834.9,3
13798,2010-03,2750.25,6
13798,2010-04,1937.02,4
13798,2010-05,5073.24,5
13798,2010-06,1588.44,4
13798,2010-07,4253.26,4
13798,2010-08,4140.19,3
13798,2010-09,3058.92,5
13798,2010-10,3898.44,4
13798,2010-11,4716.14,7
13798,2010-12,4578.66,2
13798,2011-01,4775.78,5
13798,2011-02,2054.96,4
13798,2011-03,3453.44,6
13798,2011-04,3187.7200000000003,6
13798,2011-05,4649.96,9
13798,2011-06,2505.26,4
13798,2011-07,1235.6399999999999,2
13798,2011-08,2032.82,3
13798,2011-09,2355.26,4
13798,2011-10,2517.2200000000003,4
13798,2011-11,2377.89,5
13798,2011-12,1837.24,3
13799,2010-03,378.3,1
13799,2010-04,384.27000000000004,1
13799,2010-05,148.5,1
13799,2010-06,308.26,1
13799,2010-08,600.8399999999999,2
13799,2010-09,294.54,1
13799,2011-02,341.7,1
13799,2011-08,347.15999999999997,1
13800,2009-12,478.7,1
13800,2010-10,642.54,1
13800,2011-02,558.32,1
13801,2011-10,324.8,1
13802,2010-02,404.76,1
13802,2010-03,707.35,2
13802,2010-04,3275.67,3
13802,2010-05,3332.53,2
13802,2010-06,3612.02,2
13802,2010-07,1583.82,1
13802,2010-08,3459.66,2
13802,2010-09,1676.3600000000001,1
13802,2010-10,1311.6,1
13802,2010-11,2295.92,1
13802,2011-02,969.74,1
13802,2011-03,2161.32,1
13802,2011-07,1468.3600000000001,1
13803,2010-03,433.53000000000003,1
13803,2010-10,628.31,1
13803,2011-03,277.07,1
13804,2010-09,572.73,2
13804,2011-02,723.63,1
13804,2011-07,631.48,2
13804,2011-09,880.47,2
13804,2011-11,352.81,2
13805,2011-08,500.24,1
13805,2011-10,424.36,1
13806,2011-10,256.38,1
13807,2009-12,107.95,1
13807,2010-05,201.65,1
13807,2010-12,225.2,1
13808,2011-09,723.1,2
13808,2011-10,795.4,2
13808,2011-12,229.16,1
13809,2010-09,127.05000000000001,1
13809,2010-11,397.59999999999997,1
13809,2011-02,155.05,1
13810,2011-10,599.5,1
13810,2011-11,228.01,1
13811,2011-04,222.75,1
13811,2011-06,297.0,1
13812,2011-08,260.74,1
13812,2011-10,224.26,2
13813,2009-12,247.15,1
13813,2010-02,229.98000000000002,1
13813,2010-04,323.61,1
13813,2010-06,417.87,1
13813,2011-07,331.14,1
13813,2011-09,484.18,2
13813,2011-10,353.54,1
13814,2010-06,678.2,1
13814,2011-07,617.54,1
13814,2011-09,961.58,1
13815,2010-02,684.86,1
13815,2010-06,1160.18,1
13815,2010-09,474.94,1
13815,2010-10,750.4,1
13815,2011-01,922.01,1
13815,2011-06,1767.74,1
13815,2011-11,977.61,2
13816,2011-10,317.69,1
13816,2011-11,181.98000000000002,1
13817,2010-12,110.7,1
13817,2011-11,218.28,1
13818,2010-10,61.28,1
13819,2009-12,1082.4,2
13819,2010-02,419.6,1
13819,2011-01,408.3,1
13819,2011-02,732.05,2
13820,2010-01,227.22,1
13820,2010-03,159.3,1
13820,2010-10,266.23,1
13821,2010-01,660.55,3
13821,2010-11,332.89,1
13821,2011-03,270.15,1
13821,2011-07,115.49,1
13822,2011-10,468.38,1
13822,2011-12,163.62,1
13823,2009-12,391.55,1
13823,2010-02,532.9300000000001,1
13823,2010-03,306.26,1
13823,2010-08,699.18,1
13823,2010-11,515.87,1
13823,2011-09,650.42,1
13823,2011-11,307.24,1
13824,2010-03,96.96,1
13824,2010-04,390.6,1
13824,2010-05,200.7,1
13824,2010-07,245.76,1
13824,2010-09,186.0,1
13824,2010-10,374.7,1
13824,2010-11,121.1,1
13824,2011-02,442.88,1
13824,2011-04,659.3000000000001,1
13824,2011-05,130.8,1
13824,2011-07,196.86,1
13824,2011-11,269.1,1
13825,2009-12,143.36,1
13825,2010-03,112.23,1
13826,2011-06,189.5,1
13827,2011-07,300.76,2
13827,2011-10,109.04,1
13828,2011-11,209.49,1
13829,2010-10,102.0,1
13830,2010-05,156.85000000000002,1
13831,2009-12,1216.96,2
13831,2010-01,789.06,3
13831,2010-03,448.04999999999995,2
13831,2010-05,352.7,2
13831,2010-06,244.6,1
13831,2010-07,311.4,1
13831,2010-10,1024.32,1
13831,2010-12,816.0,1
13831,2011-05,685.4499999999999,2
13831,2011-07,357.4,1
13831,2011-09,340.2,1
13831,2011-11,407.4,1
13832,2010-10,557.6899999999999,1
13832,2011-11,52.199999999999996,1
13833,2010-10,316.56,1
13833,2011-07,383.85,1
13834,2010-02,202.45,1
13834,2010-05,121.74,1
13835,2010-03,183.95,2
13835,2010-07,76.75,1
13835,2011-05,328.45,1
13835,2011-07,208.89,1
13835,2011-10,205.57,1
13835,2011-11,91.66,1
13836,2010-10,320.87,1
13836,2010-11,299.5,1
13837,2011-01,109.05,1
13837,2011-05,157.54000000000002,1
13838,2010-05,240.44,1
13838,2010-10,774.8100000000001,5
13838,2010-12,461.32,1
13838,2011-08,236.88,2
13838,2011-12,207.28,1
13839,2010-08,139.95000000000002,1
13840,2010-10,651.4,1
13841,2011-04,85.0,1
13842,2010-02,364.14,3
13842,2010-05,156.3,1
13842,2010-06,163.1,1
13842,2010-08,160.77,1
13842,2010-09,539.81,2
13842,2010-10,549.6,1
13842,2010-12,621.14,1
13842,2011-01,303.0,1
13842,2011-02,293.96,1
13842,2011-03,311.07,1
13842,2011-04,308.73,1
13842,2011-05,301.14,1
13842,2011-07,336.8,1
13842,2011-09,638.66,1
13842,2011-10,581.6899999999999,1
13843,2010-11,319.75,1
13844,2011-11,361.62,1
13845,2011-10,312.98,1
13846,2010-11,442.73,1
13846,2010-12,411.4,1
13846,2011-04,252.53,1
13846,2011-11,201.13,1
13847,2009-12,310.72,1
13848,2009-12,480.0,1
13848,2010-03,320.0,1
13848,2010-06,320.0,1
13848,2010-08,320.0,1
13848,2010-10,320.0,1
13848,2010-12,640.0,1
13848,2011-02,615.0,1
13848,2011-09,320.0,1
13849,2010-03,509.65,1
13849,2010-10,917.16,1
13849,2010-11,504.53999999999996,1
13849,2011-06,593.5799999999999,1
13849,2011-10,944.37,1
13850,2011-08,1595.48,1
13851,2010-01,199.29999999999998,1
13851,2010-09,366.7,2
13851,2010-11,1389.0,2
13851,2011-02,246.32,1
13851,2011-08,1106.96,1
13851,2011-09,1298.18,1
13852,2010-04,187.35000000000002,1
13853,2011-10,1090.14,1
13854,2010-01,228.67000000000002,1
13854,2010-02,548.76,2
13854,2010-03,312.39,1
13854,2010-04,357.55,2
13854,2010-05,338.1,1
13854,2010-06,140.79999999999998,1
13854,2010-09,709.35,2
13854,2010-10,733.1899999999999,2
13854,2010-11,466.23,2
13854,2010-12,918.8399999999999,2
13854,2011-01,649.95,2
13854,2011-02,1009.81,3
13854,2011-03,927.18,3
13854,2011-04,946.04,3
13854,2011-05,1017.12,3
13854,2011-07,663.3000000000001,2
13854,2011-08,322.32,1
13854,2011-09,626.2,2
13854,2011-10,316.76,1
13854,2011-11,719.12,2
13854,2011-12,302.28,1
13855,2009-12,809.1,2
13855,2010-04,394.0,1
13855,2010-07,107.24000000000001,1
13856,2010-03,107.58,1
13856,2010-04,196.88,2
13856,2010-05,64.63,1
13856,2010-06,192.16,2
13856,2010-08,83.7,1
13856,2010-09,108.58000000000001,1
13856,2011-05,94.39999999999999,1
13856,2011-06,294.1,2
13857,2010-05,214.65,1
13857,2010-08,186.18,1
13857,2010-09,239.28,1
13857,2010-10,235.5,1
13857,2010-11,125.3,2
13858,2011-10,216.17,1
13859,2010-06,314.7,1
13859,2011-01,201.16,1
13860,2011-09,405.88,1
13860,2011-10,211.93,2
13860,2011-11,308.64,1
13860,2011-12,319.45,1
13861,2010-06,128.43,1
13861,2010-10,144.82999999999998,1
13862,2010-11,346.73,1
13862,2011-01,425.1,1
13862,2011-02,253.75,1
13862,2011-04,173.46,1
13862,2011-06,300.2,1
13862,2011-07,300.86,1
13862,2011-08,327.93,1
13862,2011-09,308.4,1
13862,2011-11,119.66,1
13863,2010-04,304.52000000000004,1
13863,2010-06,327.6,1
13863,2010-08,301.65,1
13863,2011-04,305.78,1
13864,2010-11,662.4000000000001,1
13865,2011-02,123.30000000000001,1
13865,2011-06,159.22,1
13865,2011-07,100.82,1
13865,2011-10,118.22,1
13866,2011-09,145.67000000000002,1
13867,2011-05,138.85,1
13867,2011-09,443.79,1
13867,2011-11,422.45000000000005,1
13868,2011-11,507.54,1
13868,2011-12,2685.0,1
13869,2010-01,1232.88,1
13869,2010-03,496.66,1
13869,2010-06,753.47,1
13869,2010-08,1014.11,1
13869,2010-09,356.69,1
13869,2010-11,1059.41,1
13869,2010-12,323.62,1
13869,2011-01,562.39,1
13869,2011-03,687.15,1
13869,2011-08,1510.49,1
13870,2010-02,611.54,1
13870,2010-05,673.86,1
13870,2010-08,552.78,1
13870,2010-09,303.84000000000003,2
13870,2010-10,447.91999999999996,1
13870,2010-11,351.2,1
13870,2011-02,544.03,1
13870,2011-06,353.97,2
13870,2011-07,469.31000000000006,1
13870,2011-08,812.16,1
13870,2011-10,438.72,2
13870,2011-12,152.75,1
13871,2009-12,554.0,1
13871,2010-03,299.0,1
13871,2010-06,311.0,1
13871,2010-10,318.6,1
13871,2011-02,456.05,1
13871,2011-03,798.85,2
13871,2011-04,509.34000000000003,1
13871,2011-05,631.49,1
13871,2011-06,615.09,1
13871,2011-07,633.07,1
13871,2011-08,430.35,1
13871,2011-09,538.4,1
13871,2011-10,1257.85,3
13871,2011-11,532.76,1
13872,2009-12,252.12,1
13872,2010-03,364.31,1
13872,2010-06,303.14,1
13873,2010-03,149.55,1
13873,2010-05,113.15,1
13873,2010-10,264.96999999999997,2
13873,2010-11,121.65,1
13873,2011-02,121.45,1
13873,2011-05,108.95,1
13873,2011-08,159.20000000000002,1
13874,2010-02,150.35,1
13874,2010-03,285.68,1
13874,2010-04,197.0,1
13874,2010-05,307.95,1
13874,2010-07,567.72,2
13874,2010-12,540.45,1
13875,2009-12,164.59,1
13875,2010-02,450.38,1
13875,2010-03,640.8,2
13875,2010-05,311.75,1
13875,2010-06,377.35,1
13875,2010-07,471.35999999999996,1
13875,2010-09,310.05,1
13875,2010-11,301.3,1
13875,2011-02,340.65,1
13875,2011-03,343.03000000000003,1
13875,2011-06,384.2,1
13875,2011-07,356.92,1
13875,2011-10,361.99,1
13876,2011-10,122.7,1
13877,2010-01,154.83,1
13877,2010-08,177.61,1
13877,2011-09,117.24,1
13878,2010-04,580.98,1
13878,2010-05,404.75,1
13878,2010-06,159.6,1
13878,2011-10,1271.57,1
13879,2010-03,395.5,1
13880,2010-05,225.57,1
13880,2010-08,118.14,1
13880,2010-09,402.90000000000003,1
13880,2010-10,327.48,1
13880,2010-12,195.6,1
13880,2011-02,210.2,1
13880,2011-03,200.10000000000002,1
13880,2011-04,291.63,1
13880,2011-05,226.9,1
13880,2011-06,312.94,1
13880,2011-07,341.19,2
13880,2011-09,820.26,3
13880,2011-10,322.1,1
13880,2011-11,396.65,1
13881,2010-03,3341.3,2
13881,2010-04,3854.06,3
13881,2010-05,2265.8,2
13881,2010-06,1352.96,1
13881,2010-07,4692.92,1
13881,2010-08,334.56,1
13881,2010-09,7409.62,6
13881,2010-10,3467.08,4
13881,2010-11,1301.28,3
13881,2011-02,1025.34,1
13881,2011-03,673.9,1
13881,2011-04,309.88,1
13881,2011-05,1560.3400000000001,1
13881,2011-06,1648.8700000000001,3
13881,2011-07,563.07,1
13881,2011-08,1187.74,1
13881,2011-09,2755.04,3
13881,2011-10,2688.16,2
13881,2011-11,4178.0599999999995,5
13881,2011-12,569.12,1
13882,2011-10,683.31,2
13882,2011-11,314.74,2
13882,2011-12,193.08,1
13883,2010-02,421.35,1
13883,2010-03,321.6,1
13883,2010-04,587.1,2
13883,2010-05,306.74,1
13883,2010-09,1735.46,2
13883,2010-10,299.94,1
13883,2010-11,188.7,1
13883,2011-03,980.41,1
13883,2011-05,762.37,3
13883,2011-11,931.7,1
13884,2010-08,248.45,1
13884,2010-11,788.98,4
13884,2011-03,196.25,3
13884,2011-09,344.25,1
13884,2011-12,247.10000000000002,1
13885,2011-05,399.15,1
13885,2011-06,107.65,1
13886,2011-09,243.56,1
13887,2011-05,349.55,1
13888,2010-05,282.97,2
13888,2010-08,628.85,2
13888,2010-10,494.1,1
13888,2011-05,229.56,1
13888,2011-08,366.11,1
13889,2010-01,319.38,1
13889,2010-02,311.3,1
13889,2010-08,498.90000000000003,1
13889,2010-09,309.75,1
13889,2010-11,135.0,1
13889,2011-09,416.90000000000003,1
13890,2009-12,213.65,1
13890,2010-03,306.54,1
13890,2010-05,210.1,1
13890,2010-11,313.28000000000003,1
13890,2010-12,190.35,1
13890,2011-08,310.76,1
13890,2011-10,103.85,1
13890,2011-11,762.65,4
13890,2011-12,516.2,3
13891,2010-05,398.4,1
13891,2010-10,361.56,1
13891,2010-11,99.25,1
13892,2010-05,525.24,1
13892,2010-08,109.44,1
13892,2011-04,54.519999999999996,1
13892,2011-10,517.25,2
13892,2011-11,61.199999999999996,1
13893,2011-02,821.1,1
13894,2011-02,160.85,1
13894,2011-11,403.77000000000004,2
13895,2009-12,831.0,1
13895,2010-07,584.4499999999999,1
13895,2011-06,382.46000000000004,1
13895,2011-07,554.84,1
13895,2011-10,973.81,1
13895,2011-11,681.96,1
13896,2010-03,388.55,1
13897,2010-01,482.67,1
13897,2010-09,366.89,1
13897,2011-10,311.16,1
13898,2010-10,530.47,1
13898,2011-01,155.93,1
13899,2011-03,298.5,1
13899,2011-11,90.02,1
13900,2010-03,260.5,1
13900,2010-07,322.42,1
13900,2010-11,286.72,1
13900,2011-03,357.58000000000004,1
13900,2011-05,374.87,1
13900,2011-06,8.5,1
13901,2010-01,279.11,1
13901,2010-02,596.48,1
13901,2010-04,540.5699999999999,1
13901,2010-06,370.40999999999997,3
13901,2010-07,285.31,1
13901,2010-08,444.4,2
13901,2010-11,292.86,1
13901,2011-01,214.4,1
13901,2011-03,433.9,1
13901,2011-07,1561.0900000000001,1
13901,2011-08,442.89,1
13901,2011-09,214.92000000000002,1
13902,2009-12,357.66,1
13902,2010-01,6989.4,1
13902,2010-02,19809.899999999998,2
13902,2010-03,6866.3,1
13903,2010-11,165.45000000000002,1
13904,2011-02,201.12,1
13904,2011-11,131.52,1
13905,2009-12,312.65,1
13906,2010-10,42.0,1
13907,2010-01,136.8,1
13908,2011-03,446.0,1
13908,2011-05,335.11,1
13908,2011-08,630.5,1
13908,2011-09,907.94,1
13909,2010-07,112.46,1
13909,2010-10,170.39,1
13911,2010-03,247.5,2
13911,2010-04,457.53999999999996,4
13911,2010-05,82.2,1
13911,2010-06,358.05,2
13911,2010-08,243.2,1
13911,2010-11,265.59,1
13911,2011-02,559.27,2
13911,2011-03,282.28000000000003,1
13911,2011-04,247.95,1
13911,2011-05,614.41,2
13911,2011-07,733.72,2
13911,2011-10,143.28,1
13912,2010-10,124.95,1
13913,2010-07,42.22,1
13914,2011-11,626.45,2
13915,2010-11,70.80000000000001,1
13916,2010-02,364.5,1
13916,2010-06,563.93,2
13916,2010-09,347.38,1
13917,2011-06,65.38,1
13917,2011-10,206.66,1
13918,2011-03,198.2,1
13918,2011-10,1014.64,1
13919,2010-06,581.27,1
13919,2010-10,322.6,1
13919,2011-08,195.15,1
13919,2011-10,153.66,1
13920,2010-05,523.65,1
13920,2010-08,544.01,1
13920,2010-09,385.90000000000003,1
13920,2010-10,321.12,1
13921,2009-12,102.75,1
13921,2010-06,246.35,1
13921,2010-10,194.5,1
13921,2010-11,187.10000000000002,1
13922,2010-08,423.2,1
13922,2010-09,269.75,1
13922,2010-12,172.25,1
13923,2011-10,351.13,1
13924,2011-09,679.03,1
13924,2011-10,309.90000000000003,1
13924,2011-11,547.52,3
13924,2011-12,302.4,1
13925,2011-07,380.12,1
13925,2011-08,115.92999999999999,1
13925,2011-09,182.2,2
13926,2011-11,223.85000000000002,1
13927,2010-09,359.27,1
13927,2011-09,348.99,1
13928,2011-07,104.2,1
13928,2011-08,121.25,1
13928,2011-11,239.12,2
13929,2010-01,179.7,1
13929,2010-02,250.92000000000002,1
13929,2010-04,285.6,1
13929,2010-05,746.3,3
13929,2010-08,468.03,1
13929,2010-09,515.6999999999999,1
13929,2010-10,205.20000000000002,1
13929,2011-01,412.85,1
13929,2011-06,429.79999999999995,1
13930,2011-07,210.0,1
13930,2011-10,127.33999999999999,1
13931,2009-12,1630.06,3
13931,2010-03,501.36,1
13931,2010-09,941.8,1
13931,2010-10,647.35,2
13931,2010-11,299.28000000000003,2
13931,2011-03,378.21000000000004,1
13931,2011-09,859.32,1
13932,2011-02,307.4,1
13933,2011-07,300.99,1
13933,2011-08,307.8,1
13934,2011-03,922.1,1
13935,2010-02,2320.03,1
13935,2010-03,422.09,1
13935,2010-04,3374.8,1
13936,2010-10,408.18,1
13936,2010-11,154.9,1
13936,2011-06,376.58,1
13937,2010-11,721.28,1
13937,2011-06,158.85,1
13938,2011-11,71.66,1
13939,2010-04,293.13,2
13939,2010-06,158.52,1
13939,2010-10,540.76,1
13939,2011-02,184.5,1
13939,2011-08,205.71,1
13939,2011-11,178.34,1
13940,2011-07,218.62,1
13940,2011-08,172.44,1
13940,2011-10,225.24,1
13940,2011-11,222.84,1
13941,2009-12,781.1,1
13941,2010-01,332.03999999999996,1
13941,2010-02,398.16,1
13941,2010-03,1184.9099999999999,2
13941,2010-06,1007.3299999999999,2
13941,2010-10,809.88,2
13941,2010-11,400.79999999999995,1
13941,2010-12,2190.24,1
13941,2011-02,1023.84,1
13941,2011-06,712.3,1
13941,2011-09,1028.04,1
13941,2011-11,1253.66,1
13942,2010-06,320.0,1
13943,2010-05,246.54,1
13944,2010-02,200.43,1
13945,2010-08,515.65,1
13945,2010-11,338.5,1
13946,2009-12,280.2,1
13946,2010-03,480.75,1
13946,2010-11,553.71,1
13946,2011-03,209.85,1
13946,2011-05,276.12,1
13946,2011-09,75.6,1
13947,2011-10,90.6,1
13948,2009-12,155.65,1
13948,2010-03,106.66,1
13948,2010-10,184.45000000000002,1
13948,2010-12,102.0,1
13949,2011-09,909.26,2
13949,2011-10,694.99,2
13949,2011-11,304.84000000000003,1
13949,2011-12,518.23,1
13950,2011-04,179.30999999999997,1
13950,2011-09,144.35,1
13950,2011-11,421.4,2
13951,2011-02,212.56,1
13951,2011-04,303.49,1
13951,2011-06,158.4,1
13952,2009-12,1226.79,1
13952,2010-02,2160.72,1
13952,2010-03,1788.35,2
13952,2010-05,1401.27,3
13952,2010-07,765.0,1
13952,2010-09,805.61,2
13952,2010-10,543.91,1
13952,2010-11,880.8,1
13952,2011-04,2042.761,1
13952,2011-05,1208.31,1
13953,2009-12,500.0,1
13953,2010-02,625.0,1
13953,2010-05,1000.0,1
13953,2010-08,500.0,1
13953,2010-10,500.0,1
13953,2010-12,500.0,1
13953,2011-03,500.0,1
13953,2011-05,750.0,1
13953,2011-06,500.0,1
13953,2011-08,354.36,1
13953,2011-10,500.0,1
13953,2011-12,411.32,1
13954,2011-09,227.41,1
13954,2011-12,212.51,1
13955,2010-11,221.10999999999999,1
13955,2011-02,205.1,1
13955,2011-07,117.86,1
13956,2011-03,118.02,1
13956,2011-04,172.3,1
13956,2011-07,385.75,1
13956,2011-10,189.65,1
13956,2011-12,153.55,1
13957,2010-02,102.84,1
13957,2010-05,156.06,1
13957,2010-10,199.35,1
13958,2009-12,811.5500000000001,2
13958,2010-03,487.75,1
13958,2010-04,643.4,2
13958,2010-07,2000.81,2
13958,2010-11,765.72,1
13959,2010-07,43.25,1
13959,2010-10,290.8,1
13959,2010-11,136.68,1
13959,2010-12,214.74,1
13959,2011-03,122.7,1
13959,2011-09,256.6,1
13960,2011-09,128.1,1
13960,2011-11,102.12,1
13961,2010-11,538.4,1
13962,2010-09,193.25,1
13962,2011-04,117.6,1
13962,2011-11,51.95,1
13963,2010-04,305.33,1
13963,2010-05,98.84,1
13963,2010-06,168.95,1
13963,2010-07,315.63,3
13963,2010-08,218.41,2
13963,2010-09,203.64000000000001,2
13963,2010-10,331.87,1
13963,2010-11,553.36,2
13963,2010-12,302.6,1
13963,2011-01,331.09,2
13963,2011-02,182.15,1
13964,2010-10,305.65,1
13964,2010-11,133.25,1
13965,2010-01,588.3100000000001,1
13965,2010-02,197.7,1
13965,2010-08,210.6,1
13966,2010-09,384.26,1
13967,2010-11,85.6,1
13967,2011-07,80.7,1
13968,2010-10,123.66,1
13969,2010-03,360.95,1
13969,2010-04,201.5,1
13969,2010-05,111.95,1
13969,2010-06,198.9,1
13969,2010-07,717.66,4
13969,2010-08,215.25,1
13969,2010-09,783.35,4
13969,2010-10,499.83,2
13969,2010-11,859.9,2
13969,2010-12,635.1800000000001,1
13969,2011-01,345.24,1
13969,2011-03,145.55,1
13969,2011-04,251.79,1
13969,2011-05,443.01,2
13969,2011-06,1041.02,2
13969,2011-07,353.02,1
13969,2011-08,986.01,2
13969,2011-10,2101.78,2
13969,2011-11,1897.26,3
13969,2011-12,1141.9,2
13970,2010-09,288.55,1
13970,2010-11,558.0,1
13971,2010-01,267.21999999999997,1
13971,2010-04,319.69,1
13971,2010-06,322.39,1
13971,2010-07,311.88,1
13971,2010-08,301.6,1
13971,2010-10,386.53000000000003,1
13971,2011-02,333.48,1
13971,2011-03,309.34,1
13971,2011-05,331.7,1
13971,2011-06,306.46000000000004,1
13971,2011-08,704.92,2
13971,2011-10,371.66,1
13971,2011-11,400.70000000000005,1
13972,2011-05,145.9,1
13972,2011-09,44.349999999999994,1
13973,2011-02,264.7,1
13974,2010-05,264.13,1
13974,2011-10,413.59000000000003,1
13975,2010-02,543.91,1
13975,2010-03,415.14,1
13975,2010-06,443.7,1
13975,2010-10,878.6800000000001,1
13975,2010-11,513.73,2
13975,2011-03,671.16,1
13975,2011-05,282.85,1
13975,2011-07,151.76,1
13975,2011-08,360.9,1
13975,2011-11,994.57,2
13976,2010-02,275.41,1
13976,2010-04,257.41,1
13976,2010-07,301.56,1
13976,2011-05,357.98,1
13977,2010-10,519.8100000000001,1
13978,2011-10,158.99,1
13978,2011-11,37.800000000000004,1
13979,2009-12,203.78,1
13979,2010-03,474.71,1
13979,2010-05,608.02,2
13979,2010-11,1217.25,2
13979,2011-09,869.87,1
13980,2010-02,216.9,1
13980,2010-05,43.65,1
13980,2010-08,36.77,1
13980,2010-09,271.36,1
13980,2011-10,200.14,1
13981,2010-10,331.14,1
13982,2010-01,772.75,1
13982,2010-02,220.19,1
13982,2010-05,311.65,1
13982,2010-06,360.29999999999995,1
13982,2010-07,417.59,1
13982,2010-12,857.2,1
13982,2011-01,475.2,1
13982,2011-06,326.34,1
13982,2011-10,641.67,1
13983,2009-12,175.95000000000002,1
13983,2010-01,1106.42,1
13983,2010-03,424.74,1
13983,2010-05,640.09,2
13983,2010-06,482.59,1
13983,2010-08,323.72999999999996,1
13983,2010-09,552.67,1
13983,2010-11,444.27,1
13983,2010-12,658.72,1
13983,2011-01,330.58,2
13983,2011-02,290.0,1
13983,2011-03,290.0,1
13983,2011-04,305.43,1
13983,2011-06,135.69,2
13983,2011-09,382.48,1
13983,2011-10,411.01,2
13983,2011-11,128.88,1
13984,2009-12,259.5,2
13984,2010-02,110.27000000000001,1
13984,2010-07,140.15,1
13984,2010-08,131.01,1
13984,2010-11,332.36,2
13984,2010-12,309.6,1
13984,2011-01,129.95,1
13984,2011-04,432.48,1
13984,2011-08,102.1,1
13984,2011-11,101.18,1
13985,2010-02,224.35,1
13985,2010-05,368.88,1
13985,2010-09,510.3,1
13985,2010-10,1002.5500000000001,2
13985,2010-11,854.65,2
13985,2011-03,393.0,1
13985,2011-05,247.79999999999998,1
13985,2011-06,524.5,1
13985,2011-07,437.38,1
13985,2011-08,1170.3600000000001,3
13985,2011-09,1018.22,1
13985,2011-10,1171.02,2
13985,2011-11,1950.29,4
13985,2011-12,147.56,1
13986,2011-11,320.46,1
13987,2010-11,682.54,2
13988,2010-03,310.2,1
13988,2010-11,299.64,1
13988,2011-03,631.06,1
13988,2011-05,725.02,1
13988,2011-06,567.42,1
13988,2011-09,1261.81,1
13988,2011-10,500.21000000000004,1
13988,2011-11,462.44,1
13989,2010-05,361.68,1
13989,2010-08,344.22,1
13989,2010-09,54.08,1
13989,2011-04,896.6700000000001,1
13989,2011-10,369.40999999999997,1
13990,2011-05,311.3,1
13991,2011-07,126.35,1
13991,2011-09,210.85,1
13991,2011-10,199.95999999999998,1
13991,2011-11,314.71999999999997,3
13992,2010-09,75.9,1
13992,2010-11,66.8,1
13992,2011-11,76.8,1
13993,2009-12,556.75,1
13993,2010-02,213.05,1
13993,2010-03,217.86,1
13993,2010-04,191.02,1
13993,2010-06,417.75,1
13993,2010-08,494.37,1
13993,2010-09,451.55,1
13993,2010-11,767.0,3
13993,2011-01,323.15000000000003,1
13993,2011-02,499.70000000000005,1
13993,2011-04,278.22,1
13993,2011-05,391.75,1
13993,2011-07,535.59,1
13993,2011-08,219.0,1
13993,2011-09,384.9,1
13993,2011-10,834.05,2
13994,2011-07,288.57,1
13994,2011-08,130.99,1
13994,2011-09,361.07,1
13994,2011-10,1377.41,2
13994,2011-12,116.10000000000001,1
13995,2009-12,143.7,1
13995,2010-03,320.15,2
13995,2010-04,235.67000000000002,1
13995,2010-06,337.88,1
13995,2010-07,300.26,1
13995,2010-08,301.53000000000003,1
13995,2010-10,481.83,1
13995,2010-11,387.3,1
13995,2011-04,310.45,1
13995,2011-07,408.25,1
13995,2011-08,153.2,1
13995,2011-10,306.03,1
13995,2011-11,215.76,1
13996,2010-11,845.76,2
13997,2010-06,143.55,1
13997,2010-07,232.91,2
13998,2010-05,264.05,1
13998,2010-07,14.850000000000001,1
13998,2010-09,287.8,1
13999,2009-12,707.55,2
13999,2010-01,305.8,1
13999,2010-02,364.1,1
13999,2010-04,656.0,2
13999,2010-05,687.8100000000001,2
13999,2010-06,657.23,2
13999,2010-07,658.4,2
13999,2010-08,303.31,1
13999,2010-09,313.45,1
13999,2010-10,310.0,1
13999,2010-11,636.8000000000001,2
13999,2010-12,302.1,1
13999,2011-01,307.6,1
13999,2011-03,301.48,1
13999,2011-05,335.64,1
13999,2011-06,315.05,1
13999,2011-07,665.73,2
13999,2011-08,334.34,1
13999,2011-09,307.03000000000003,1
13999,2011-10,308.44,1
13999,2011-11,724.4,2
14000,2009-12,192.0,1
14000,2010-04,690.7,1
14000,2010-07,305.32,1
14000,2010-10,222.66000000000003,1
14000,2011-05,635.66,1
14001,2010-08,885.87,2
14001,2010-09,385.20000000000005,2
14001,2010-10,478.1,1
14001,2010-11,436.6,1
14001,2010-12,602.48,1
14001,2011-04,1007.9,1
14001,2011-10,733.94,1
14002,2011-07,529.73,2
14003,2009-12,209.41,1
14004,2010-09,841.15,2
14004,2010-11,834.66,2
14004,2011-02,900.02,1
14004,2011-06,580.34,1
14004,2011-08,1481.9,2
14004,2011-09,807.23,2
14004,2011-10,813.15,1
14005,2011-05,187.16,1
14005,2011-06,144.3,1
14005,2011-07,365.1,1
14005,2011-09,281.12,1
14005,2011-11,1897.04,1
14006,2010-02,330.65999999999997,1
14006,2010-04,386.24,1
14006,2010-05,361.58000000000004,1
14006,2010-06,156.0,1
14006,2011-01,304.44,1
14006,2011-04,357.65,1
14006,2011-08,300.1,1
14007,2010-07,79.48,1
14008,2010-10,509.04,1
14009,2010-09,404.3,1
14009,2011-05,695.61,2
14010,2010-05,445.15,2
14011,2010-04,292.34,1
14011,2010-08,165.48000000000002,1
14012,2011-03,328.8,1
14013,2010-03,174.2,1
14013,2010-11,437.35,1
14013,2011-03,118.5,1
14013,2011-07,155.3,1
14013,2011-08,199.22,1
14014,2010-05,276.65999999999997,1
14014,2010-11,1166.37,1
14014,2011-09,505.18,1
14015,2011-10,917.34,1
14016,2010-01,1190.46,1
14016,2010-02,690.43,1
14016,2010-03,782.4499999999999,1
14016,2010-04,1167.8799999999999,1
14016,2010-07,1230.2,1
14016,2010-08,908.8,1
14016,2010-11,1041.98,1
14016,2010-12,703.74,1
14016,2011-03,1477.56,1
14016,2011-05,1133.33,1
14016,2011-07,976.58,1
14017,2010-05,229.75,1
14018,2010-03,367.15000000000003,1
14019,2011-07,384.29,1
14019,2011-09,416.24,1
14019,2011-10,621.0799999999999,1
14020,2010-06,304.68,1
14020,2010-08,301.53,1
14020,2011-09,331.14,1
14020,2011-11,311.66,1
14021,2010-04,301.09000000000003,1
14021,2010-06,178.73,1
14021,2010-10,522.69,1
14021,2010-11,82.17,1
14021,2011-03,198.89999999999998,1
14021,2011-05,302.8,1
14021,2011-07,130.2,1
14022,2010-08,352.15000000000003,1
14022,2011-04,440.0,1
14023,2011-04,273.14,1
14023,2011-12,310.93,1
14024,2010-11,318.04,1
14024,2011-08,327.7,2
14025,2010-05,1601.26,3
14025,2010-06,1574.72,2
14025,2010-07,677.52,2
14025,2010-09,204.4,1
14026,2010-03,386.53000000000003,1
14026,2010-08,326.58,1
14027,2011-10,104.82,1
14028,2010-06,10396.5,3
14029,2011-07,165.20000000000002,1
14029,2011-10,302.46,1
14030,2009-12,719.45,2
14030,2010-02,1294.6399999999999,3
14030,2010-04,1160.09,2
14030,2010-09,602.84,1
14030,2010-10,460.13,1
14030,2010-11,925.81,3
14030,2010-12,1353.0,2
14030,2011-02,307.23,1
14030,2011-04,451.29,2
14030,2011-08,222.48,1
14030,2011-09,159.31,1
14030,2011-11,542.03,1
14031,2009-12,4010.4900000000002,5
14031,2010-01,1986.8600000000001,2
14031,2010-02,1038.09,1
14031,2010-03,986.75,1
14031,2010-04,1307.27,1
14031,2010-05,1308.28,2
14031,2010-06,1141.82,2
14031,2010-07,1997.18,3
14031,2010-08,2076.4,2
14031,2010-09,1541.7,1
14031,2010-10,3091.23,3
14031,2010-11,1246.5800000000002,2
14031,2010-12,4469.02,3
14031,2011-01,1425.51,2
14031,2011-03,1702.1299999999999,2
14031,2011-04,975.4200000000001,2
14031,2011-05,1232.55,2
14031,2011-06,913.36,1
14031,2011-08,809.11,1
14031,2011-09,1592.1200000000001,1
14031,2011-10,3492.5,3
14031,2011-11,2068.09,1
14031,2011-12,507.12,1
14032,2009-12,617.64,2
14032,2010-01,305.34,1
14032,2010-08,301.77,1
14032,2010-11,346.07,1
14032,2010-12,923.28,2
14032,2011-03,309.64,1
14032,2011-04,303.34,1
14032,2011-05,303.17,1
14032,2011-06,309.8,1
14032,2011-09,302.2,1
14032,2011-11,644.9,3
14032,2011-12,183.12,1
14033,2010-06,109.44,1
14034,2011-07,473.90999999999997,2
14034,2011-11,174.98,1
14035,2010-04,196.76,1
14035,2010-05,187.84,1
14035,2010-09,304.31,1
14035,2010-10,677.8199999999999,1
14035,2011-02,301.6,1
14035,2011-03,398.97999999999996,1
14035,2011-08,136.68,1
14035,2011-10,290.44,1
14035,2011-11,300.32,1
14036,2011-02,626.65,1
14037,2009-12,218.33,1
14037,2010-01,238.89,1
14037,2010-03,73.60000000000001,1
14037,2010-08,158.93,1
14037,2010-12,111.8,1
14037,2011-06,35.400000000000006,1
14038,2010-02,704.5500000000001,1
14038,2010-11,804.95,1
14038,2011-05,716.32,1
14038,2011-07,370.1,1
14038,2011-09,473.96,1
14039,2010-05,115.08000000000001,1
14039,2011-11,152.2,1
14040,2009-12,1071.29,2
14040,2010-01,282.75,1
14040,2010-02,1111.35,3
14040,2010-03,371.5,1
14040,2010-04,708.0,3
14040,2010-05,433.7,2
14040,2010-06,1213.4,2
14040,2010-07,517.74,1
14040,2010-08,850.7,3
14040,2010-09,292.15999999999997,1
14040,2010-10,1846.05,3
14040,2010-11,264.85,1
14040,2011-01,914.05,3
14040,2011-04,171.1,1
14040,2011-05,353.33,1
14040,2011-06,506.67999999999995,1
14040,2011-07,151.95,1
14040,2011-08,374.95,2
14040,2011-09,262.40000000000003,1
14040,2011-10,825.86,2
14041,2011-03,141.41,1
14042,2009-12,431.98,1
14043,2009-12,164.31,1
14043,2010-08,138.29,1
14044,2010-01,236.23,1
14044,2010-02,250.49,1
14044,2010-05,343.44,1
14044,2010-08,385.95,1
14044,2010-10,1211.42,2
14044,2011-02,170.44,1
14044,2011-07,169.79,1
14044,2011-08,195.48,1
14044,2011-11,110.71000000000001,1
14045,2010-01,396.0,1
14045,2010-03,330.0,1
14045,2010-04,2292.48,1
14045,2010-06,1500.4,4
14045,2010-08,2931.2,3
14045,2010-10,489.59999999999997,1
14045,2010-11,1387.2,1
14045,2010-12,652.8,1
14045,2011-01,925.3499999999999,2
14045,2011-08,408.0,1
14046,2011-02,151.59,1
14047,2010-02,528.24,1
14047,2010-05,442.15999999999997,1
14047,2010-07,428.38,1
14047,2010-08,306.73,2
14047,2010-10,484.59000000000003,1
14047,2010-11,469.40000000000003,3
14047,2010-12,573.84,1
14047,2011-01,9.3,1
14047,2011-05,339.7,1
14047,2011-09,321.54,1
14047,2011-12,351.15,1
14048,2010-11,338.76,2
14048,2011-02,409.93,1
14049,2010-04,861.85,1
14049,2010-05,1146.7,1
14049,2010-06,1516.02,1
14049,2010-08,1022.6899999999999,1
14049,2010-09,1720.74,2
14049,2010-11,1176.68,3
14049,2011-01,1028.08,1
14049,2011-05,1989.73,1
14049,2011-07,226.93,1
14049,2011-11,2333.98,1
14050,2011-08,485.98,1
14050,2011-11,260.38,1
14051,2009-12,1073.39,2
14051,2010-01,392.95000000000005,1
14051,2010-02,595.58,1
14051,2010-03,918.1,2
14051,2010-07,332.5,1
14051,2010-08,385.44,1
14051,2010-10,1118.3000000000002,3
14051,2010-11,1344.33,3
14051,2010-12,2451.58,3
14051,2011-01,483.90000000000003,1
14051,2011-02,814.3,2
14051,2011-03,905.1,1
14051,2011-04,1169.82,2
14051,2011-05,632.2,2
14051,2011-06,535.86,1
14051,2011-07,1575.3,2
14051,2011-08,742.8000000000001,1
14051,2011-09,584.4,1
14051,2011-10,2691.4500000000003,3
14051,2011-11,1683.9,2
14051,2011-12,1963.2,2
14052,2010-11,241.3,1
14052,2011-11,225.36,1
14053,2010-08,170.8,1
14053,2010-11,141.25,1
14053,2011-07,154.25,1
14053,2011-08,106.0,1
14054,2011-10,92.46,1
14055,2009-12,274.32,1
14055,2010-05,521.0,1
14055,2011-08,725.6400000000001,1
14056,2011-02,582.37,1
14056,2011-03,934.56,4
14056,2011-04,321.83,1
14056,2011-05,1421.73,4
14056,2011-06,393.34000000000003,1
14056,2011-07,993.06,2
14056,2011-08,687.08,4
14056,2011-09,254.06,1
14056,2011-10,1139.01,2
14056,2011-11,1000.65,2
14056,2011-12,425.02,1
14057,2009-12,119.54,1
14057,2010-04,646.3,1
14057,2010-06,666.84,1
14057,2010-08,383.71999999999997,1
14057,2010-11,318.6,1
14057,2010-12,925.92,2
14057,2011-02,617.48,1
14057,2011-03,393.33,2
14057,2011-04,391.03999999999996,2
14057,2011-05,342.46,1
14057,2011-06,482.6,1
14057,2011-07,440.26,1
14057,2011-08,1212.59,3
14057,2011-09,331.56,1
14057,2011-10,435.26,2
14057,2011-11,639.16,1
14058,2010-06,321.23,1
14058,2010-09,147.96,1
14059,2011-03,183.6,1
14060,2010-03,167.75,1
14060,2010-05,144.45,2
14060,2010-07,208.9,1
14060,2010-09,1427.94,3
14060,2010-10,238.98000000000002,1
14060,2010-11,569.8,3
14060,2010-12,1494.8799999999999,3
14060,2011-01,654.76,2
14060,2011-02,402.65999999999997,1
14060,2011-03,140.0,1
14060,2011-04,600.54,2
14060,2011-05,285.1,1
14060,2011-06,438.0,1
14060,2011-07,189.58,1
14060,2011-08,518.1,2
14060,2011-09,1032.82,2
14060,2011-10,294.78,1
14060,2011-11,412.56000000000006,1
14060,2011-12,297.48,1
14061,2009-12,553.4300000000001,2
14061,2010-07,364.0,1
14062,2009-12,2000.42,2
14062,2010-01,975.76,1
14062,2010-03,1873.6200000000001,1
14062,2010-05,1676.3300000000002,1
14062,2010-07,539.0,1
14062,2010-08,2561.2799999999997,1
14062,2010-10,658.39,2
14062,2010-11,4836.0,3
14062,2010-12,1444.1200000000001,3
14062,2011-01,1652.27,1
14062,2011-04,1738.24,2
14062,2011-06,360.03999999999996,1
14062,2011-07,898.44,1
14062,2011-08,1708.68,1
14062,2011-09,1423.68,2
14062,2011-11,1239.38,1
14063,2009-12,6701.599999999999,4
14063,2010-01,2769.9,3
14064,2010-01,412.15,1
14064,2010-02,299.76,1
14064,2010-04,133.3,1
14064,2010-05,121.92,1
14064,2010-07,104.73,1
14064,2010-08,378.12,2
14064,2010-09,240.57,1
14064,2010-10,235.35,2
14064,2011-03,560.4999999999999,2
14064,2011-05,281.65999999999997,1
14064,2011-08,254.87,1
14064,2011-11,237.31,1
14065,2010-10,734.27,2
14065,2010-11,156.75,1
14066,2011-03,152.55,1
14067,2011-09,224.67,1
14067,2011-10,150.03,1
14068,2010-01,487.77000000000004,1
14068,2010-02,236.96,1
14068,2010-04,526.14,1
14068,2011-01,265.85,1
14069,2010-05,115.37,1
14069,2010-07,110.44,1
14070,2010-01,321.6,1
14071,2011-03,356.81,2
14071,2011-10,430.54,2
14071,2011-11,480.82,2
14071,2011-12,154.58,2
14072,2010-02,390.85,1
14073,2011-11,151.04,1
14074,2010-03,219.39999999999998,1
14075,2010-08,359.39,1
14075,2010-11,423.22,1
14075,2011-03,307.92,1
14075,2011-11,317.56,1
14075,2011-12,316.78,1
14076,2011-08,118.67,1
14077,2010-11,115.66,1
14077,2011-03,117.11,1
14077,2011-04,82.5,1
14077,2011-06,110.78999999999999,1
14077,2011-09,56.3,1
14077,2011-10,132.72,1
14078,2010-03,362.82,1
14078,2010-05,30.72,1
14078,2010-08,108.91,1
14078,2010-12,272.48,1
14078,2011-02,170.04999999999998,1
14078,2011-04,166.4,1
14078,2011-05,111.28999999999999,1
14078,2011-06,243.92999999999998,1
14078,2011-08,221.46,1
14079,2011-08,375.1,1
14080,2009-12,414.65,2
14080,2010-03,280.0,1
14080,2010-10,375.43,1
14080,2011-11,45.599999999999994,1
14081,2009-12,787.92,1
14081,2010-01,567.04,1
14081,2010-02,1017.59,4
14081,2010-04,666.91,1
14081,2010-10,906.49,1
14081,2010-12,847.04,1
14081,2011-02,498.1,1
14082,2010-11,231.10999999999999,1
14082,2010-12,182.25,1
14083,2009-12,64.17,1
14083,2010-07,15.12,1
14083,2010-12,738.37,3
14083,2011-03,14.399999999999999,1
14083,2011-05,15.18,1
14083,2011-07,41.6,1
14083,2011-08,17.85,1
14083,2011-12,469.51,2
14084,2010-07,150.5,1
14085,2009-12,1836.01,4
14085,2010-02,299.52,1
14085,2010-03,491.79,2
14085,2010-06,307.65,1
14085,2010-07,333.67,1
14085,2010-08,404.66,1
14085,2010-10,849.87,2
14085,2010-11,761.21,2
14085,2010-12,1473.54,3
14085,2011-01,553.45,2
14085,2011-02,241.72,1
14085,2011-03,513.0,3
14085,2011-05,311.5,1
14085,2011-06,147.95,1
14085,2011-07,287.83,1
14085,2011-10,290.54,2
14085,2011-11,278.82,1
14085,2011-12,630.99,3
14086,2010-09,39.95,1
14087,2009-12,235.44,1
14087,2010-10,402.56,1
14087,2011-12,191.47,1
14088,2010-10,13544.99,3
14088,2011-01,7544.91,1
14088,2011-06,7843.09,3
14088,2011-07,9115.01,2
14088,2011-08,1004.88,1
14088,2011-10,8132.31,1
14088,2011-11,16851.61,5
14089,2011-10,158.75,1
14090,2011-01,76.32000000000001,1
14091,2010-01,5520.0,1
14091,2010-02,4010.08,1
14092,2009-12,136.20000000000002,1
14092,2010-01,288.85,1
14092,2010-02,288.99,1
14092,2010-04,265.15000000000003,1
14092,2010-05,304.12,1
14092,2010-06,342.61,1
14092,2010-07,344.78,1
14092,2010-09,728.14,2
14092,2010-11,453.7,1
14092,2010-12,601.73,2
14092,2011-01,318.5,1
14092,2011-03,238.20000000000002,1
14092,2011-04,311.38,1
14092,2011-05,327.66,1
14092,2011-06,279.79,2
14092,2011-07,360.54,1
14092,2011-09,307.62,1
14092,2011-10,351.17,1
14092,2011-11,625.86,1
14092,2011-12,354.46,2
14093,2011-11,433.86,1
14094,2010-09,311.77,1
14095,2009-12,2.95,1
14096,2011-08,10.67,1
14096,2011-09,7583.03,5
14096,2011-10,15705.57,6
14096,2011-11,22622.44,4
14096,2011-12,7336.72,1
14097,2010-03,132.0,1
14097,2010-08,290.86,1
14098,2011-11,147.35,1
14099,2009-12,384.49,1
14099,2010-01,411.97,1
14099,2010-04,218.23000000000002,1
14099,2010-06,293.96,1
14099,2010-07,361.93,1
14099,2010-09,297.32,1
14099,2010-11,678.84,3
14099,2010-12,383.52,1
14099,2011-01,234.62,1
14099,2011-02,200.59,1
14099,2011-03,244.13,1
14099,2011-05,258.6,1
14099,2011-06,403.81,1
14099,2011-07,235.63,1
14099,2011-08,349.02000000000004,1
14099,2011-10,580.45,2
14099,2011-11,213.8,1
14100,2011-07,191.95000000000002,1
14101,2010-03,656.72,1
14101,2010-05,509.71999999999997,1
14101,2010-07,362.74,1
14101,2010-08,1217.84,2
14101,2010-10,684.92,1
14101,2010-11,553.2,1
14101,2011-01,751.5999999999999,1
14101,2011-02,1092.43,1
14101,2011-03,1224.6,1
14101,2011-05,1090.76,1
14101,2011-07,785.0,1
14101,2011-09,1032.4,1
14102,2011-10,214.1,1
14102,2011-11,773.28,3
14102,2011-12,118.5,1
14104,2010-05,158.47,1
14104,2010-06,209.23,1
14104,2010-11,156.62,1
14104,2011-06,111.25999999999999,1
14104,2011-07,104.95,1
14105,2009-12,646.3000000000001,1
14105,2010-04,1444.05,1
14105,2010-09,2154.15,1
14105,2010-10,478.1,1
14105,2011-04,1266.23,1
14106,2009-12,214.79999999999998,1
14107,2009-12,163.26,1
14107,2010-05,799.36,1
14107,2010-07,737.03,1
14107,2010-09,474.42,1
14107,2010-12,363.24,1
14107,2011-02,257.85,1
14107,2011-03,554.18,1
14107,2011-05,299.81,1
14107,2011-06,361.76,1
14107,2011-09,625.1,1
14107,2011-10,241.29,1
14108,2009-12,447.05,2
14108,2011-08,291.33,1
14108,2011-11,306.58,1
14109,2011-09,144.2,1
14110,2009-12,676.5,2
14110,2010-01,304.47,1
14110,2010-03,624.32,2
14110,2010-04,966.26,3
14110,2010-05,1416.75,4
14110,2010-06,919.61,3
14110,2010-07,635.26,2
14110,2010-08,610.46,2
14110,2010-09,1151.17,2
14110,2011-03,904.26,1
14110,2011-05,797.26,1
14110,2011-06,379.72,1
14110,2011-07,317.40000000000003,1
14110,2011-08,860.98,1
14110,2011-09,905.99,2
14110,2011-10,825.0600000000001,2
14110,2011-11,367.04,2
14110,2011-12,325.44,1
14111,2011-04,94.2,1
14111,2011-08,153.0,1
14111,2011-09,48.3,1
14111,2011-11,397.35,1
14112,2010-02,1033.55,1
14112,2010-05,651.27,2
14112,2010-08,1039.02,2
14112,2010-09,195.6,1
14112,2011-03,617.1,1
14112,2011-05,535.4,2
14112,2011-08,748.32,1
14112,2011-10,803.23,2
14112,2011-11,211.10000000000002,1
14113,2009-12,1055.19,4
14113,2010-02,366.0,1
14113,2010-05,981.7,1
14113,2010-07,88.0,1
14113,2010-09,696.26,1
14113,2010-10,731.38,2
14113,2010-11,1333.66,2
14113,2010-12,433.5,1
14113,2011-09,492.88000000000005,1
14113,2011-11,442.14,1
14113,2011-12,471.9,1
14114,2010-04,313.75,1
14114,2010-06,255.6,1
14114,2010-09,122.10000000000001,1
14114,2010-10,147.31,1
14114,2010-11,138.8,1
14114,2011-01,195.13,1
14114,2011-03,191.39999999999998,1
14115,2010-02,117.80000000000001,1
14115,2010-07,504.87,1
14116,2011-08,319.97,1
14116,2011-09,308.9,1
14116,2011-10,327.45,1
14116,2011-11,426.42,2
14117,2011-07,90.0,1
14118,2010-10,458.45,1
14119,2009-12,66.48,1
14119,2010-11,116.89,1
14121,2011-10,233.1,1
14121,2011-11,1775.89,2
14121,2011-12,771.16,1
14122,2009-12,131.58999999999997,2
14122,2010-10,230.83,1
14123,2009-12,436.18,1
14124,2011-09,419.58000000000004,1
14125,2011-09,1295.43,1
14125,2011-11,1425.2,2
14126,2010-09,466.33000000000004,1
14126,2011-11,643.6300000000001,2
14126,2011-12,62.5,1
14127,2010-10,483.12,1
14127,2010-11,707.25,2
14127,2011-02,314.63,1
14127,2011-03,137.6,1
14127,2011-08,257.48,1
14128,2010-06,286.71,1
14128,2011-03,305.54,1
14128,2011-10,331.96,1
14129,2010-05,409.91999999999996,1
14129,2010-08,290.7,1
14129,2010-09,296.4,1
14129,2010-11,470.46,1
14129,2011-03,358.90000000000003,1
14129,2011-09,367.33,2
14129,2011-11,245.05,1
14129,2011-12,152.57999999999998,1
14130,2009-12,339.87,1
14130,2010-10,703.85,1
14130,2010-11,334.14,1
14130,2011-01,480.91,1
14131,2010-03,168.22,1
14132,2011-06,607.92,2
14132,2011-07,304.5,1
14132,2011-08,640.04,2
14132,2011-09,347.74,1
14132,2011-10,419.53999999999996,1
14132,2011-11,951.16,3
14132,2011-12,315.13,1
14133,2009-12,305.5,1
14133,2011-01,318.0,1
14133,2011-08,287.64,2
14134,2009-12,1745.24,2
14134,2010-02,1059.9,2
14134,2010-04,1690.26,2
14134,2010-05,448.09999999999997,2
14134,2010-06,701.88,1
14134,2010-07,513.18,1
14134,2010-09,2573.64,1
14134,2010-10,885.35,2
14134,2010-11,1505.8,2
14135,2009-12,1489.2,2
14135,2010-03,453.08,1
14135,2010-06,548.28,1
14135,2010-07,379.2,1
14135,2010-09,198.7,1
14135,2010-10,931.8499999999999,2
14135,2010-11,149.05,1
14135,2010-12,1751.3,4
14135,2011-01,864.86,3
14135,2011-05,309.35,1
14135,2011-06,320.2,1
14135,2011-08,748.86,1
14135,2011-09,324.0,1
14135,2011-11,733.09,2
14135,2011-12,442.9,2
14136,2009-12,302.78000000000003,1
14136,2010-01,306.40000000000003,1
14136,2010-03,300.05,1
14136,2010-06,301.74,1
14136,2010-11,359.84000000000003,1
14137,2010-01,332.7,1
14138,2011-10,621.71,1
14138,2011-12,344.17,1
14139,2010-06,344.32,1
14139,2010-07,146.57999999999998,1
14139,2010-08,180.07999999999998,1
14139,2011-10,415.82,1
14140,2011-11,540.99,1
14140,2011-12,394.06,1
14141,2011-08,285.16,1
14141,2011-09,204.15,1
14141,2011-10,199.47000000000003,1
14141,2011-12,226.35000000000002,1
14142,2010-03,359.53000000000003,1
14142,2010-12,623.62,1
14143,2011-07,115.8,1
14144,2010-08,30.599999999999998,1
14145,2010-04,1383.6,1
14145,2010-06,1286.25,1
14145,2010-09,1188.0,1
14145,2011-05,1128.6,1
14145,2011-07,1722.6,2
14145,2011-10,891.0,1
14146,2010-01,748.91,1
14146,2010-02,385.2,1
14146,2010-03,299.5,2
14146,2010-09,1679.3799999999999,2
14146,2010-11,2146.31,1
14146,2010-12,1241.43,1
14146,2011-03,662.3,1
14146,2011-09,1062.11,2
14146,2011-12,1225.16,1
14147,2010-03,248.2,1
14147,2010-05,1124.4,2
14147,2010-09,449.7,2
14147,2010-11,284.5,2
14147,2011-02,182.8,1
14147,2011-09,300.6,1
14148,2010-10,309.09000000000003,1
14148,2011-04,157.2,1
14149,2011-05,446.62,1
14150,2010-12,306.18,1
14150,2011-11,352.46000000000004,1
14151,2009-12,352.05,1
14151,2010-02,327.4,1
14152,2010-02,301.31,1
14152,2010-08,331.1,1
14152,2010-09,388.68,1
14152,2010-11,354.96000000000004,2
14152,2011-04,314.51,1
14152,2011-09,306.78000000000003,1
14153,2010-08,233.4,1
14154,2010-01,530.34,1
14154,2010-07,1480.52,2
14154,2010-10,1396.34,1
14154,2010-11,1707.88,2
14154,2011-04,1345.62,2
14155,2011-03,118.75,1
14156,2009-12,10951.22,7
14156,2010-01,48701.6,6
14156,2010-02,9754.12,4
14156,2010-03,10508.85,8
14156,2010-04,14527.99,8
14156,2010-05,7556.6900000000005,6
14156,2010-06,10675.39,5
14156,2010-07,22704.47,7
14156,2010-08,15990.39,9
14156,2010-09,12760.82,11
14156,2010-10,11811.96,11
14156,2010-11,10566.3,8
14156,2010-12,644.4,1
14156,2011-01,16774.72,1
14156,2011-02,8640.33,5
14156,2011-03,9694.619999999999,6
14156,2011-04,2898.1800000000003,3
14156,2011-05,5412.18,2
14156,2011-06,9707.79,7
14156,2011-07,26364.989999999998,5
14156,2011-08,4812.34,5
14156,2011-09,19478.52,7
14156,2011-10,5801.53,7
14156,2011-11,6652.68,5
14157,2010-03,152.85,1
14157,2010-10,205.25,1
14157,2010-11,195.70000000000002,1
14157,2011-02,269.18,1
14157,2011-11,155.71,1
14158,2011-10,507.66,1
14159,2009-12,393.65,1
14159,2010-02,273.75,1
14159,2010-03,485.38,2
14159,2010-06,805.39,2
14159,2010-07,431.21,1
14159,2010-10,472.81,1
14159,2010-11,359.40999999999997,1
14159,2010-12,189.92,1
14159,2011-03,455.28000000000003,1
14159,2011-06,767.16,2
14159,2011-07,747.98,2
14159,2011-09,959.39,2
14159,2011-10,686.66,2
14159,2011-11,821.59,1
14160,2010-01,4028.18,2
14160,2010-02,2589.06,2
14160,2010-03,620.85,2
14160,2010-04,1183.38,1
14161,2009-12,505.13,1
14161,2010-03,428.57,1
14161,2010-08,825.56,1
14161,2010-09,140.05,1
14161,2010-12,566.3,1
14161,2011-03,263.04,1
14161,2011-05,551.43,1
14162,2011-02,177.68,1
14162,2011-06,111.68,1
14163,2010-09,148.71,1
14163,2011-04,411.87,1
14163,2011-05,337.92,1
14163,2011-07,909.6,1
14163,2011-09,786.52,1
14164,2011-09,1631.77,2
14165,2011-03,120.44,1
14166,2010-03,110.0,1
14166,2010-07,141.15,1
14167,2010-01,151.95,1
14167,2010-03,172.35,1
14167,2010-06,189.0,1
14167,2010-09,198.4,1
14167,2011-01,148.35,1
14167,2011-03,110.65,1
14167,2011-06,130.85,1
14167,2011-10,172.74,1
14168,2010-05,302.95,1
14168,2010-10,67.5,1
14169,2010-09,467.91,1
14169,2010-10,145.2,1
14170,2010-11,570.18,3
14171,2009-12,135.0,1
14171,2011-09,363.79,1
14172,2010-03,132.25,2
14172,2010-04,236.77,1
14173,2009-12,23.6,1
14173,2010-03,111.56,1
14173,2011-05,114.04,1
14173,2011-10,129.77,1
14173,2011-11,207.03,2
14174,2011-11,134.46,1
14175,2010-03,851.96,1
14175,2010-05,920.3100000000001,1
14175,2010-07,629.8,1
14175,2010-09,493.25,1
14175,2010-10,1561.26,1
14175,2011-01,322.58,1
14175,2011-06,883.41,1
14175,2011-10,2016.31,1
14176,2010-11,179.56,1
14176,2010-12,319.1,1
14176,2011-01,121.20000000000002,1
14176,2011-02,296.15000000000003,2
14177,2010-02,472.49,2
14177,2010-04,212.31,3
14177,2010-05,42.5,1
14177,2010-10,124.08,1
14177,2010-11,808.85,2
14177,2011-06,108.13,1
14177,2011-09,441.33,3
14178,2011-06,197.37,1
14178,2011-07,99.45,1
14178,2011-09,180.47000000000003,1
14178,2011-10,457.64,2
14178,2011-11,236.86,1
14178,2011-12,408.47,1
14179,2011-10,701.57,2
14180,2010-06,126.5,2
14180,2010-07,64.7,1
14180,2010-09,71.95,1
14180,2010-10,617.28,2
14180,2010-11,488.55,2
14180,2010-12,1098.0,4
14180,2011-01,560.1,2
14180,2011-02,397.17,3
14180,2011-03,854.3,3
14180,2011-04,187.75,1
14180,2011-05,388.9,2
14180,2011-06,317.7,2
14180,2011-07,198.55,2
14180,2011-08,309.4,2
14180,2011-09,148.8,1
14180,2011-10,149.7,1
14180,2011-11,339.9,2
14181,2010-05,213.9,1
14181,2010-10,94.45,1
14182,2010-04,157.3,1
14182,2010-06,119.8,1
14182,2010-08,146.02,1
14182,2010-09,255.65,1
14183,2010-08,139.58,1
14183,2010-10,138.76,1
14184,2011-10,452.89,1
14185,2011-01,197.65,1
14186,2010-03,204.34,1
14186,2010-04,456.87,1
14186,2010-05,322.88,1
14186,2010-07,201.4,1
14186,2010-10,365.14,1
14187,2010-08,123.5,1
14188,2011-02,398.0,1
14188,2011-05,362.9,1
14188,2011-07,329.46000000000004,1
14188,2011-08,293.1,1
14188,2011-09,334.5,1
14188,2011-11,336.40000000000003,1
14189,2010-11,849.0699999999999,1
14189,2010-12,622.48,1
14189,2011-01,639.54,2
14189,2011-02,214.71,1
14189,2011-03,314.1,1
14189,2011-04,318.78000000000003,1
14189,2011-05,357.7,2
14189,2011-07,321.46,1
14189,2011-08,429.43,1
14189,2011-09,360.96,1
14189,2011-10,467.5,1
14189,2011-11,617.1,2
14189,2011-12,301.56,1
14190,2010-02,79.9,1
14191,2009-12,15.9,1
14191,2010-11,117.0,1
14191,2011-05,429.1,2
14191,2011-06,676.5,2
14191,2011-07,417.94,1
14191,2011-08,734.72,2
14191,2011-09,267.03,1
14191,2011-10,329.97,1
14191,2011-11,1403.3799999999999,3
14191,2011-12,426.12,1
14192,2010-11,293.74,1
14193,2010-11,356.8,1
14193,2011-03,422.53999999999996,1
14193,2011-10,430.85,1
14194,2010-01,1164.82,2
14194,2010-03,344.57,1
14194,2010-04,1706.93,3
14194,2010-05,507.40999999999997,1
14194,2010-06,648.21,3
14194,2010-08,480.29,1
14194,2010-09,1071.91,1
14194,2010-10,884.35,1
14194,2010-11,512.58,2
14194,2011-02,516.95,1
14194,2011-03,1062.47,2
14194,2011-05,1828.45,4
14194,2011-06,561.29,2
14194,2011-07,558.49,1
14194,2011-08,1138.8,2
14194,2011-09,1309.51,2
14194,2011-10,1744.0,4
14194,2011-11,2145.46,2
14194,2011-12,484.1,1
14195,2010-03,807.2,1
14195,2010-05,408.2,2
14195,2010-09,388.2,1
14195,2011-04,828.4,1
14195,2011-05,183.60000000000002,1
14196,2011-08,335.52,1
14197,2010-10,390.05,1
14198,2010-01,135.25,1
14198,2010-02,147.64000000000001,1
14198,2010-06,186.06,1
14198,2010-08,158.78,1
14198,2010-11,240.6,1
14198,2011-04,183.3,1
14198,2011-07,173.65,1
14198,2011-09,171.85000000000002,1
14198,2011-11,172.6,1
14199,2010-06,220.65,1
14199,2010-07,102.0,1
14199,2010-10,583.65,1
14199,2011-05,185.39999999999998,1
14200,2010-04,379.2,1
14201,2010-04,181.95,1
14201,2010-05,102.0,1
14201,2010-10,162.15,1
14201,2010-12,67.24000000000001,1
14201,2011-04,109.04,1
14201,2011-05,187.98000000000002,1
14201,2011-06,46.839999999999996,1
14201,2011-07,110.14,1
14201,2011-09,105.9,1
14201,2011-10,120.3,1
14202,2010-03,241.20000000000002,1
14202,2010-06,92.01,1
14202,2010-11,514.55,1
14203,2010-11,339.34,1
14204,2009-12,371.27000000000004,1
14204,2010-06,339.84,1
14204,2010-10,163.11,1
14204,2011-12,150.61,1
14205,2010-03,232.65,1
14205,2010-05,331.54999999999995,1
14205,2010-06,156.5,1
14205,2010-07,309.4,1
14205,2010-09,309.3,1
14205,2010-11,608.1,2
14205,2011-03,222.9,1
14205,2011-11,243.8,1
14206,2010-11,856.85,2
14206,2011-04,328.15999999999997,1
14207,2010-01,157.8,1
14208,2010-06,415.31,1
14208,2011-09,151.74,1
14209,2010-01,256.95,1
14209,2010-03,335.4,1
14209,2010-04,265.8,1
14209,2010-06,343.45,1
14209,2010-08,446.75,1
14209,2010-09,334.34,1
14209,2010-10,258.65,1
14209,2010-11,678.5,2
14209,2011-01,347.95,1
14209,2011-03,420.6,1
14209,2011-05,314.6,1
14209,2011-07,438.5,1
14209,2011-08,354.68,1
14209,2011-11,197.10000000000002,1
14210,2010-01,627.91,1
14210,2010-03,454.73,1
14210,2010-04,364.68,1
14210,2010-05,403.3,1
14210,2010-06,324.64,1
14210,2010-07,438.51,1
14210,2010-08,662.5600000000001,3
14210,2010-09,374.40000000000003,1
14210,2010-12,609.9000000000001,1
14210,2011-01,363.66,1
14210,2011-02,308.78000000000003,1
14210,2011-04,305.46000000000004,1
14210,2011-05,316.8,1
14210,2011-08,306.19,1
14211,2009-12,187.8,1
14211,2010-01,220.6,1
14211,2010-04,405.06,1
14211,2010-06,505.05,3
14211,2010-07,312.5,1
14211,2010-10,530.18,2
14211,2011-02,465.1,2
14211,2011-04,294.39,2
14211,2011-05,150.4,1
14211,2011-09,429.20000000000005,2
14211,2011-10,902.01,2
14212,2010-09,1119.6599999999999,1
14212,2011-09,1070.48,1
14213,2010-10,1192.2,1
14214,2011-03,638.65,1
14214,2011-06,183.56,1
14214,2011-07,76.95,1
14214,2011-10,55.42,1
14214,2011-11,49.800000000000004,1
14215,2009-12,425.59000000000003,1
14215,2010-01,833.52,1
14215,2010-08,201.5,1
14215,2010-12,332.0,1
14215,2011-01,756.11,2
14215,2011-06,176.16,1
14215,2011-09,245.64,1
14215,2011-11,445.81,1
14216,2010-10,310.74,1
14216,2011-11,1252.74,2
14216,2011-12,586.5600000000001,2
14217,2010-06,416.6,1
14217,2010-08,272.48,1
14217,2010-10,226.89999999999998,1
14217,2010-11,377.63,3
14217,2010-12,236.6,1
14217,2011-01,172.2,2
14217,2011-02,88.3,1
14217,2011-03,130.05,1
14217,2011-04,112.8,1
14217,2011-05,202.24,1
14217,2011-06,165.36,1
14217,2011-07,95.75,1
14217,2011-09,384.67,3
14217,2011-10,195.47,2
14217,2011-11,245.36,2
14217,2011-12,94.47999999999999,1
14218,2011-10,169.48000000000002,1
14219,2010-08,395.64,1
14219,2010-10,148.25,1
14219,2011-12,89.94,1
14220,2010-05,882.5999999999999,2
14220,2010-12,312.98,1
14220,2011-04,319.42,1
14221,2010-04,445.40000000000003,1
14221,2010-05,667.45,1
14221,2010-06,443.3,1
14221,2010-07,399.75,2
14221,2010-08,805.7,2
14221,2010-09,323.09000000000003,1
14221,2011-01,312.95,1
14221,2011-05,551.03,1
14221,2011-06,789.85,2
14221,2011-07,375.18,2
14221,2011-08,588.0,1
14221,2011-09,471.88,1
14221,2011-10,343.90999999999997,1
14222,2011-06,683.17,1
14223,2011-03,304.9,1
14223,2011-07,351.69,1
14223,2011-09,334.54,1
14224,2010-06,500.58,2
14224,2010-08,166.51999999999998,1
14224,2010-09,110.28,1
14224,2010-11,54.6,1
14224,2011-01,244.3,1
14224,2011-05,247.76999999999998,1
14224,2011-07,368.18,1
14224,2011-08,149.48,1
14225,2010-01,643.5,1
14225,2010-05,598.01,1
14225,2010-08,379.74,1
14225,2010-10,409.82,1
14226,2010-09,770.34,1
14226,2011-03,965.9,1
14226,2011-05,726.1,1
14226,2011-09,185.77,1
14226,2011-11,337.02000000000004,2
14227,2010-02,438.03,1
14227,2010-06,1576.4,2
14227,2010-09,581.45,1
14227,2010-10,419.32000000000005,1
14227,2011-02,736.7,1
14227,2011-04,587.27,2
14227,2011-05,1075.55,4
14227,2011-09,632.38,2
14227,2011-11,319.06,1
14228,2010-06,81.05,1
14228,2010-07,342.44,1
14228,2010-09,322.01,1
14229,2010-08,389.64,1
14229,2010-09,329.6,1
14229,2010-11,327.6,2
14229,2011-01,456.97,1
14229,2011-02,305.15999999999997,1
14229,2011-10,785.0699999999999,1
14230,2010-06,475.5,1
14230,2010-09,504.3,2
14231,2010-09,309.91,1
14231,2011-02,308.95,1
14231,2011-04,309.0,1
14231,2011-06,307.76,1
14232,2011-03,693.1800000000001,1
14232,2011-06,310.79,1
14232,2011-07,311.76,1
14232,2011-08,257.59999999999997,1
14232,2011-10,474.74,1
14233,2010-03,425.3,1
14233,2010-04,611.9000000000001,1
14233,2010-08,404.35,1
14233,2011-01,100.85000000000001,1
14233,2011-02,530.1,1
14233,2011-05,328.15000000000003,1
14233,2011-10,503.62,1
14234,2011-10,431.0,2
14234,2011-11,323.12,2
14235,2010-03,374.18,1
14235,2010-05,693.48,1
14235,2010-07,505.47,2
14235,2011-03,850.3100000000001,1
14235,2011-04,414.24,1
14235,2011-07,1538.31,2
14235,2011-09,342.0,1
14236,2010-07,301.73,1
14236,2010-08,222.95000000000002,1
14236,2010-10,539.8,1
14236,2010-12,378.6,1
14236,2011-09,301.56,1
14237,2010-04,310.14,1
14237,2010-12,322.0,1
14238,2009-12,159.1,1
14238,2010-02,128.28,1
14238,2011-01,146.85,1
14239,2009-12,214.55,2
14239,2010-01,260.15000000000003,1
14239,2010-02,218.39,2
14239,2010-04,151.46,1
14239,2010-05,305.86,1
14239,2010-07,135.46,1
14239,2010-08,176.84,1
14239,2010-10,419.61,1
14239,2011-01,159.60000000000002,1
14239,2011-02,205.38,1
14239,2011-03,430.5,1
14239,2011-04,144.95000000000002,1
14239,2011-05,354.61,2
14239,2011-08,120.5,1
14239,2011-09,803.85,3
14239,2011-10,161.46,1
14240,2010-10,357.15,1
14240,2011-04,226.85,1
14240,2011-11,663.49,1
14241,2010-01,120.0,1
14241,2011-06,213.70000000000002,1
14242,2011-01,138.35,1
14242,2011-04,142.2,1
14243,2010-08,2560.4,1
14243,2010-09,543.78,2
14243,2010-10,765.45,2
14243,2010-11,759.35,2
14243,2010-12,685.3000000000001,2
14243,2011-01,328.4,1
14243,2011-02,339.4,1
14243,2011-04,373.27,1
14243,2011-06,263.09,1
14243,2011-07,214.62,1
14243,2011-09,315.17,1
14243,2011-11,175.4,1
14243,2011-12,107.42,1
14244,2010-02,366.41999999999996,1
14245,2011-03,1005.1,1
14245,2011-05,688.35,1
14246,2011-04,449.64,1
14246,2011-07,520.23,1
14246,2011-08,504.19,1
14247,2010-06,184.35,1
14247,2010-07,132.63,1
14247,2010-09,179.16,1
14247,2010-10,120.64999999999999,1
14247,2011-03,136.76999999999998,1
14248,2010-07,311.98,1
14248,2010-09,418.39,1
14248,2011-01,302.58,1
14249,2010-01,327.95,1
14249,2010-03,1009.69,2
14249,2010-04,445.891,2
14249,2010-05,1219.25,2
14249,2010-06,1132.91,2
14249,2010-08,738.52,2
14249,2010-10,526.25,1
14250,2011-09,1228.83,1
14250,2011-12,675.22,2
14251,2011-10,1259.46,1
14251,2011-11,1137.96,3
14251,2011-12,482.28000000000003,1
14252,2010-11,350.99,1
14253,2010-03,205.35000000000002,1
14253,2010-08,158.05,1
14254,2010-10,601.03,1
14256,2010-01,940.3000000000001,1
14256,2010-08,551.4300000000001,2
14256,2010-12,523.86,1
14256,2011-03,445.2,1
14257,2010-03,1189.34,1
14257,2010-07,656.38,1
14257,2010-09,620.8100000000001,1
14257,2010-11,388.20000000000005,1
14257,2011-01,620.14,1
14257,2011-06,410.45,1
14257,2011-07,306.33000000000004,1
14257,2011-08,1388.92,1
14257,2011-10,373.88,1
14258,2009-12,1261.0,1
14258,2010-01,3251.48,2
14258,2010-02,1709.0,1
14258,2010-03,1922.1000000000001,1
14258,2010-04,752.28,1
14258,2010-05,1689.3,2
14258,2010-06,1468.12,1
14258,2010-07,2491.44,3
14258,2010-08,1702.3,1
14258,2010-09,1916.8799999999999,1
14258,2010-11,1217.46,2
14258,2011-01,3120.2200000000003,1
14258,2011-02,1165.96,1
14258,2011-03,982.08,1
14258,2011-04,798.4,2
14258,2011-05,1541.16,1
14258,2011-07,1778.5,1
14258,2011-09,1912.06,1
14258,2011-11,1371.6,1
14259,2011-07,120.0,1
14260,2010-06,538.8,1
14260,2010-08,285.48,2
14261,2011-09,943.75,1
14261,2011-10,219.7,1
14262,2011-04,240.0,1
14262,2011-07,305.5,1
14262,2011-08,309.5,1
14262,2011-09,524.3,1
14262,2011-10,214.45,1
14262,2011-11,719.78,2
14262,2011-12,304.7,1
14263,2010-10,322.93,1
14264,2010-04,482.58,1
14264,2010-05,184.26,1
14264,2010-09,183.70000000000002,1
14264,2010-11,332.85,1
14264,2011-04,115.7,1
14264,2011-07,218.27,1
14265,2010-04,252.51999999999998,1
14265,2010-09,590.65,1
14265,2011-07,252.05,1
14265,2011-08,278.13,1
14266,2010-10,40.56,1
14267,2011-03,836.36,2
14267,2011-06,679.88,1
14268,2010-08,354.85,1
14269,2010-09,295.73,1
14270,2011-01,492.65000000000003,1
14271,2010-10,101.86,1
14271,2011-04,112.32,1
14272,2010-05,482.85,2
14272,2011-03,132.09,1
14272,2011-09,305.87,1
14273,2011-04,112.8,1
14273,2011-05,105.9,1
14273,2011-07,231.35,1
14273,2011-10,109.92,1
14274,2010-01,256.6,1
14275,2010-04,259.2,2
14275,2010-06,116.88,1
14275,2010-09,368.56,1
14275,2010-11,444.74,2
14276,2010-02,307.89,1
14276,2010-08,340.35,2
14276,2010-10,334.7,1
14276,2011-02,341.2,1
14276,2011-06,379.2,1
14276,2011-09,399.34,1
14277,2009-12,215.42000000000002,1
14277,2010-05,151.52,1
14277,2010-08,11880.84,1
14277,2010-10,389.38,2
14277,2011-05,1629.03,1
14277,2011-11,2522.97,2
14278,2010-10,205.83,1
14279,2010-01,110.5,1
14279,2010-07,81.36,1
14280,2011-05,134.04,1
14281,2010-10,245.15,1
14282,2010-02,897.0,1
14282,2010-04,578.9,1
14282,2010-06,832.5,3
14282,2010-09,316.0,1
14282,2010-10,176.5,1
14282,2010-11,748.4200000000001,3
14282,2010-12,1142.0,1
14282,2011-03,323.3,1
14282,2011-04,107.28,1
14282,2011-05,779.7,2
14282,2011-06,442.3,2
14282,2011-08,243.96,2
14282,2011-09,301.3,1
14282,2011-11,574.9,3
14282,2011-12,357.7,2
14283,2010-05,233.05,1
14283,2010-07,96.60000000000001,1
14283,2010-08,157.79999999999998,1
14283,2010-09,140.99,1
14284,2010-02,704.4,1
14284,2011-09,252.1,1
14284,2011-11,343.15,1
14285,2009-12,151.2,1
14285,2010-02,276.65,1
14285,2010-05,203.70000000000002,1
14285,2010-07,742.86,1
14285,2011-06,5.9,1
14285,2011-09,1247.53,1
14285,2011-11,656.58,2
14286,2009-12,1610.52,1
14286,2010-03,1002.5,2
14286,2010-10,1237.99,1
14286,2011-04,2050.08,1
14286,2011-10,642.77,1
14286,2011-11,1935.9,1
14287,2011-05,83.28,2
14287,2011-12,93.35,1
14288,2011-05,426.6,1
14289,2011-02,322.24,1
14289,2011-04,147.3,1
14289,2011-05,124.68,1
14289,2011-06,129.3,1
14289,2011-07,109.26,1
14289,2011-12,78.48,1
14290,2009-12,870.63,1
14290,2010-03,514.48,1
14290,2010-10,816.8,1
14290,2010-12,777.5600000000001,1
14290,2011-09,293.54,1
14290,2011-10,979.02,2
14290,2011-11,264.53000000000003,1
14291,2009-12,408.51,1
14291,2010-03,1031.3700000000001,1
14291,2010-05,619.9399999999999,2
14291,2010-07,528.24,1
14291,2010-09,582.05,2
14291,2010-10,354.11,3
14291,2010-11,496.63,2
14291,2011-03,984.88,1
14291,2011-05,628.58,2
14291,2011-06,416.76,3
14291,2011-08,325.32,1
14291,2011-10,970.02,2
14291,2011-12,557.69,2
14292,2010-03,704.58,1
14292,2010-04,396.45,1
14292,2010-07,765.3,2
14292,2010-09,1100.04,2
14292,2010-10,1387.95,1
14292,2011-03,463.0,1
14292,2011-05,662.21,1
14292,2011-07,1465.0,2
14292,2011-09,553.74,1
14292,2011-10,1314.66,2
14292,2011-12,413.32,2
14293,2009-12,934.45,2
14293,2010-01,324.9,1
14293,2010-11,597.1,2
14293,2010-12,729.84,1
14293,2011-02,143.1,1
14293,2011-07,231.39,1
14293,2011-12,307.15000000000003,1
14294,2010-10,375.34,1
14295,2009-12,588.85,1
14295,2010-06,730.9,1
14295,2010-09,866.96,1
14295,2011-10,166.20000000000002,1
14296,2010-05,168.25,1
14296,2010-10,288.15,1
14297,2011-03,232.6,1
14297,2011-10,492.35,2
14297,2011-11,580.38,1
14298,2009-12,2173.7999999999997,2
14298,2010-02,3006.87,4
14298,2010-03,5160.72,6
14298,2010-05,7571.34,3
14298,2010-06,4402.94,4
14298,2010-07,1721.2,3
14298,2010-08,2840.08,4
14298,2010-09,4364.95,4
14298,2010-10,5204.25,6
14298,2010-11,3221.04,2
14298,2010-12,4689.46,5
14298,2011-01,3153.1,4
14298,2011-02,3981.34,5
14298,2011-03,2522.6,4
14298,2011-04,9656.85,7
14298,2011-05,2805.2799999999997,1
14298,2011-06,4352.04,5
14298,2011-07,3832.29,4
14298,2011-08,598.88,1
14298,2011-09,8645.62,5
14298,2011-10,5355.68,1
14298,2011-11,1296.56,1
14298,2011-12,637.6,1
14299,2009-12,2808.27,2
14299,2010-01,607.63,3
14299,2010-03,525.9000000000001,1
14299,2010-04,762.61,3
14299,2010-05,305.28,1
14299,2010-07,655.6899999999999,2
14299,2010-08,874.83,2
14299,2010-09,1583.06,2
14299,2010-10,570.0,1
14299,2010-11,1411.3600000000001,1
14299,2010-12,858.48,1
14299,2011-01,1136.7,3
14299,2011-08,871.2,1
14299,2011-09,406.35,1
14299,2011-10,307.06,1
14299,2011-11,525.55,1
14299,2011-12,289.52,1
14300,2011-11,43.2,1
14301,2010-02,307.25,1
14301,2010-05,621.37,1
14301,2010-10,423.42,1
14301,2011-08,640.14,1
14302,2009-12,114.60000000000001,1
14302,2010-02,356.65000000000003,1
14302,2010-10,271.65000000000003,1
14303,2010-10,277.94,2
14304,2010-05,671.97,1
14304,2010-11,669.59,1
14304,2011-05,383.45,1
14305,2011-07,1044.2,1
14305,2011-08,4.25,1
14305,2011-09,810.51,1
14306,2010-01,302.08,1
14306,2010-07,151.20000000000002,1
14306,2010-11,604.8000000000001,2
14306,2011-09,1702.94,1
14306,2011-10,390.38,1
14307,2009-12,242.1,1
14307,2010-02,283.43,1
14307,2010-03,511.22999999999996,1
14307,2010-07,255.44,1
14307,2010-12,1566.22,1
14307,2011-01,487.45000000000005,1
14307,2011-05,424.42,1
14307,2011-07,612.91,1
14307,2011-09,687.83,2
14309,2010-06,664.24,1
14309,2010-10,764.04,1
14309,2010-12,147.75,1
14309,2011-02,440.64,2
14309,2011-04,347.49,1
14309,2011-06,374.14,2
14309,2011-09,323.68,1
14309,2011-11,328.96000000000004,1
14309,2011-12,389.87,1
14310,2010-10,492.1,1
14311,2010-05,206.19,1
14311,2011-04,310.26,1
14312,2010-07,785.33,1
14312,2010-10,167.8,1
14312,2010-11,525.57,3
14312,2011-01,309.55,1
14312,2011-02,126.82,1
14312,2011-03,157.65,1
14312,2011-06,260.57,1
14312,2011-09,192.6,1
14312,2011-10,564.4,1
14314,2010-10,109.80000000000001,1
14314,2011-08,120.0,1
14315,2010-03,365.43,1
14315,2010-05,351.26,1
14315,2011-03,530.4,1
14315,2011-06,325.8,1
14315,2011-07,673.15,2
14315,2011-08,20.8,1
14315,2011-10,930.98,1
14316,2010-03,385.38,1
14316,2010-05,364.32,1
14316,2010-06,314.4,2
14316,2010-10,306.24,1
14317,2011-10,508.58000000000004,1
14318,2010-09,158.02,1
14319,2010-10,494.85,1
14320,2010-01,216.22,1
14320,2010-02,345.99,1
14320,2010-06,306.75,1
14320,2011-01,352.51,1
14320,2011-05,125.28,1
14321,2010-08,377.12,1
14321,2010-10,310.19,1
14321,2011-01,326.82,1
14321,2011-06,300.11,1
14321,2011-08,273.72,1
14321,2011-09,329.94,1
14321,2011-11,300.16,1
14322,2010-02,118.2,1
14322,2010-03,35.400000000000006,1
14322,2010-10,320.5,2
14323,2011-04,299.82,1
14323,2011-08,305.24,1
14324,2010-01,361.81,1
14324,2010-10,339.8,1
14325,2010-05,245.48000000000002,1
14326,2010-06,307.45,1
14326,2010-09,449.68,1
14326,2011-04,183.85,1
14327,2010-01,328.62,1
14327,2010-02,307.74,1
14327,2010-03,308.96,1
14327,2010-09,323.0,1
14327,2010-11,314.96,1
14327,2011-06,311.65,1
14329,2009-12,320.65000000000003,1
14329,2010-01,627.77,1
14329,2010-02,359.65999999999997,1
14329,2010-05,928.55,1
14329,2010-06,472.59000000000003,1
14329,2010-08,519.6899999999999,1
14329,2010-10,1121.28,1
14329,2010-11,562.19,1
14329,2011-01,1547.58,1
14329,2011-03,578.02,1
14329,2011-06,960.08,1
14329,2011-08,399.35,1
14329,2011-10,1121.76,1
14329,2011-11,368.45,2
14330,2010-03,200.63,1
14331,2011-07,383.66,1
14331,2011-08,79.0,1
14332,2010-10,561.5,1
14332,2010-11,515.7,1
14332,2011-07,119.04,1
14332,2011-10,440.2,1
14332,2011-11,280.97,1
14333,2011-10,415.2,1
14334,2010-05,476.89,1
14334,2010-07,418.75,1
14334,2010-08,312.79,1
14334,2010-10,557.84,1
14334,2010-12,320.15,1
14334,2011-01,352.42,1
14334,2011-03,366.53,1
14334,2011-04,268.68,1
14334,2011-05,370.45,1
14334,2011-08,335.28,1
14334,2011-09,315.2,1
14334,2011-11,223.5,1
14335,2011-09,347.5,1
14335,2011-11,107.36,1
14336,2011-03,534.4200000000001,1
14336,2011-05,579.97,2
14336,2011-11,500.52000000000004,1
14338,2010-06,339.88,1
14338,2011-05,579.97,1
14338,2011-07,8.25,1
14339,2010-10,310.75,1
14339,2011-04,309.52,1
14340,2011-05,134.7,1
14341,2009-12,592.69,2
14341,2010-02,314.84,2
14341,2010-03,334.08,1
14341,2010-06,348.06,1
14341,2010-09,346.45,2
14341,2010-10,348.92,2
14341,2011-01,335.63,2
14341,2011-05,367.52,2
14341,2011-07,115.08,1
14341,2011-08,321.29,1
14341,2011-10,1027.46,2
14342,2010-08,161.28,1
14342,2010-10,88.6,1
14342,2011-05,309.6,1
14342,2011-07,110.14,1
14342,2011-11,248.82,2
14343,2010-01,250.15,1
14343,2010-03,469.24,1
14343,2010-07,142.84,1
14343,2010-10,217.43,1
14344,2010-03,355.62,1
14344,2010-04,578.65,2
14344,2010-05,141.85000000000002,1
14344,2010-07,57.3,1
14344,2010-08,179.25000000000003,2
14344,2010-10,300.35,2
14344,2010-11,490.1,3
14344,2010-12,696.3000000000001,3
14344,2011-03,228.73000000000002,2
14344,2011-05,61.5,1
14344,2011-07,126.75,1
14344,2011-08,117.3,1
14345,2011-11,108.97999999999999,1
14346,2010-07,672.93,1
14346,2010-10,621.24,2
14346,2011-02,262.44,1
14346,2011-08,759.14,1
14347,2009-12,82.6,1
14348,2011-03,409.57,1
14349,2011-11,133.5,1
14350,2010-10,383.65,1
14350,2010-11,305.45,1
14350,2011-03,282.93,1
14351,2011-06,51.0,1
14352,2011-03,231.3,1
14352,2011-04,614.02,1
14352,2011-07,233.64000000000001,2
14353,2010-10,285.9,2
14353,2011-05,90.6,1
14354,2011-11,87.78,1
14354,2011-12,75.84,1
14355,2010-03,301.14,1
14355,2010-09,364.51000000000005,1
14355,2010-12,348.8,1
14356,2011-09,701.23,2
14357,2011-10,225.12,1
14358,2010-10,249.45999999999998,1
14358,2010-11,150.6,1
14359,2011-09,483.39,1
14359,2011-10,302.09000000000003,1
14359,2011-11,126.7,1
14360,2011-09,1124.49,1
14360,2011-10,782.59,2
14360,2011-11,210.95,1
14361,2010-05,214.70999999999998,1
14362,2011-11,151.5,1
14363,2010-09,78.15,1
14363,2010-11,149.32,1
14364,2011-05,1117.2,2
14364,2011-06,1690.8,4
14364,2011-07,558.25,1
14364,2011-08,351.1,1
14365,2010-01,324.5,1
14365,2010-11,310.18,1
14366,2010-07,136.0,1
14367,2011-03,1487.77,2
14367,2011-04,431.65000000000003,1
14367,2011-05,901.74,3
14367,2011-06,1295.6100000000001,2
14367,2011-07,1302.93,2
14367,2011-09,1496.54,2
14367,2011-10,764.74,1
14367,2011-11,913.31,2
14367,2011-12,633.53,1
14368,2011-01,155.0,1
14369,2010-02,169.69,1
14369,2010-03,299.44,1
14370,2010-02,257.05,1
14370,2010-03,309.35,1
14370,2010-05,291.1,2
14370,2010-08,195.88,1
14370,2010-09,122.39999999999999,1
14371,2011-02,100.5,1
14372,2010-04,590.35,1
14372,2010-09,269.73,1
14373,2010-12,76.55,1
14374,2010-06,108.0,1
14375,2010-06,340.95,1
14375,2010-09,530.31,1
14375,2011-06,235.56,1
14376,2010-01,215.46,1
14377,2011-03,314.6,1
14377,2011-06,302.45,1
14378,2010-03,131.25,1
14379,2010-08,317.01,1
14379,2010-11,600.05,1
14379,2011-02,110.98,1
14379,2011-10,237.12,1
14381,2010-09,423.26,1
14381,2011-10,202.68,1
14382,2010-11,578.14,1
14382,2011-11,615.49,1
14383,2011-06,242.09,1
14383,2011-10,675.72,1
14383,2011-11,329.88,1
14384,2010-07,58.5,1
14385,2011-11,202.11,3
14386,2011-02,142.4,1
14387,2011-08,440.76,1
14387,2011-09,488.98,1
14387,2011-11,797.86,1
14388,2010-01,322.29,1
14388,2010-03,434.55,1
14388,2010-04,401.23,1
14388,2010-06,412.28000000000003,1
14388,2010-07,392.85,1
14388,2010-08,304.95,1
14388,2010-10,427.7,1
14388,2010-11,479.51,1
14388,2010-12,625.6,1
14388,2011-03,401.45,1
14388,2011-05,458.94,1
14388,2011-07,326.77,1
14388,2011-08,335.15,1
14388,2011-09,442.66,1
14388,2011-11,935.07,2
14389,2010-04,228.4,1
14389,2010-06,306.95,1
14389,2010-10,319.2,1
14389,2011-06,311.14,1
14389,2011-10,732.32,1
14390,2010-10,680.4300000000001,1
14390,2010-11,827.03,3
14390,2010-12,447.4,1
14390,2011-04,501.38,1
14390,2011-05,309.05,1
14390,2011-07,556.58,1
14390,2011-10,879.8,1
14390,2011-11,2172.06,4
14391,2010-05,135.6,1
14392,2010-10,266.4,1
14393,2011-05,67.95,1
14394,2010-05,93.8,1
14395,2010-04,1407.07,3
14395,2010-05,804.53,3
14395,2010-08,1362.84,2
14395,2010-09,195.15,1
14395,2010-10,276.16,1
14395,2010-11,276.27,1
14395,2010-12,617.36,1
14395,2011-01,380.68,1
14395,2011-03,360.24,1
14395,2011-04,188.13,1
14395,2011-05,388.21000000000004,1
14395,2011-06,326.38,1
14395,2011-09,658.0600000000001,1
14395,2011-10,310.54,1
14395,2011-12,558.99,1
14396,2009-12,507.47,1
14396,2010-01,258.89,1
14396,2010-02,373.83,2
14396,2010-08,341.2,1
14396,2010-12,220.70000000000002,1
14396,2011-10,377.64,1
14397,2011-05,242.24,2
14397,2011-06,136.8,2
14397,2011-07,203.84,3
14397,2011-08,273.12,2
14397,2011-09,233.24,2
14397,2011-10,500.94,3
14397,2011-11,593.5799999999999,3
14397,2011-12,429.2,2
14398,2010-06,446.49,1
14398,2010-11,261.3,1
14399,2010-02,453.45,1
14399,2010-03,224.1,1
14399,2010-04,229.05,1
14399,2010-05,222.48,1
14399,2010-08,304.8,1
14399,2010-09,183.8,1
14399,2010-10,311.54,1
14399,2010-11,178.99,1
14400,2010-03,656.25,1
14400,2010-10,501.52,1
14400,2011-07,574.7,1
14401,2009-12,831.03,2
14401,2010-02,193.71,1
14401,2010-03,312.2,1
14401,2010-04,355.89,1
14401,2010-06,278.2,1
14401,2010-08,479.03000000000003,2
14401,2010-10,294.36,1
14401,2010-12,247.38,1
14401,2011-01,304.74,1
14401,2011-06,1047.3,3
14401,2011-07,227.92000000000002,1
14401,2011-08,938.9599999999999,3
14401,2011-09,618.58,2
14401,2011-11,312.82,1
14401,2011-12,353.78,1
14402,2010-02,285.6,1
14403,2010-03,176.39999999999998,1
14403,2010-04,228.29999999999998,1
14403,2011-04,790.7,1
14403,2011-05,185.31,1
14403,2011-07,295.79999999999995,1
14403,2011-08,204.0,1
14404,2009-12,238.89,2
14404,2010-01,151.49,1
14404,2010-03,304.32,1
14404,2010-04,114.89,1
14404,2010-05,304.7,1
14404,2010-08,160.52,1
14404,2010-12,258.46,1
14404,2011-01,261.85,1
14404,2011-03,307.5,1
14404,2011-06,314.7,1
14404,2011-08,309.24,1
14404,2011-11,126.79999999999998,1
14405,2010-11,195.0,1
14406,2011-08,156.75,1
14407,2011-03,357.18,1
14407,2011-05,645.5,1
14407,2011-07,785.43,2
14407,2011-08,354.62,1
14408,2009-12,321.00000000000006,1
14408,2010-03,409.44000000000005,1
14408,2010-05,351.84000000000003,1
14408,2010-08,420.96000000000004,1
14408,2011-03,350.8,1
14408,2011-04,354.84000000000003,1
14408,2011-06,509.68,2
14408,2011-08,773.69,1
14408,2011-09,301.80000000000007,1
14408,2011-11,308.22,1
14409,2010-05,600.05,1
14409,2010-08,187.9,1
14409,2010-11,579.89,1
14409,2010-12,657.6000000000001,2
14409,2011-01,337.3,1
14409,2011-07,1086.8300000000002,1
14409,2011-08,190.8,1
14409,2011-09,115.72,1
14410,2010-09,453.23,1
14410,2010-11,1078.4,1
14410,2011-02,137.65,1
14410,2011-03,345.87,2
14410,2011-04,91.47999999999999,1
14410,2011-05,198.0,2
14410,2011-07,201.18,1
14410,2011-09,125.09,2
14411,2011-02,1063.0,1
14412,2010-10,656.16,1
14412,2011-09,462.45,1
14412,2011-10,307.58,1
14413,2010-01,122.7,1
14413,2010-10,177.97,1
14413,2010-12,121.05,1
14414,2010-11,902.35,1
14414,2010-12,217.2,1
14414,2011-07,604.78,2
14414,2011-08,315.1,2
14414,2011-09,359.9,2
14415,2009-12,507.98,1
14415,2010-02,679.34,1
14415,2010-04,595.6899999999999,1
14415,2010-06,646.4399999999999,1
14415,2010-07,642.41,1
14415,2010-08,464.28,1
14415,2010-09,394.47,1
14415,2010-10,1219.98,2
14415,2010-11,973.93,1
14415,2010-12,852.68,1
14415,2011-01,233.05,1
14415,2011-02,495.83,1
14415,2011-04,397.14,1
14415,2011-05,387.1,1
14415,2011-06,360.07,1
14415,2011-07,215.75,1
14415,2011-08,364.26,1
14415,2011-09,460.25,1
14415,2011-10,887.3100000000001,2
14415,2011-11,111.18,1
14415,2011-12,1090.95,1
14416,2011-10,361.0,1
14416,2011-11,129.22,1
14417,2010-11,524.65,1
14418,2011-08,150.44,1
14418,2011-11,889.46,1
14418,2011-12,897.35,1
14419,2010-11,202.85,1
14419,2010-12,124.1,1
14419,2011-04,183.04,1
14419,2011-09,233.65,1
14419,2011-10,126.39,1
14419,2011-11,384.61,2
14420,2010-01,400.8,1
14420,2010-07,443.3,1
14420,2010-11,407.55,1
14420,2011-09,387.52,1
14421,2010-01,1021.5,2
14421,2010-06,322.63,1
14421,2010-07,312.13,1
14421,2011-05,455.18,1
14421,2011-10,357.93,1
14422,2009-12,420.41,1
14422,2010-01,255.05,1
14422,2010-02,548.1700000000001,1
14422,2010-03,257.55,1
14422,2010-04,644.17,1
14422,2010-05,305.15,1
14422,2010-06,620.07,2
14422,2010-07,334.28,1
14422,2010-08,519.2,1
14422,2010-09,1078.57,1
14422,2010-11,1025.26,2
14422,2011-03,401.31,1
14422,2011-06,630.84,1
14422,2011-09,1285.98,1
14422,2011-10,1232.95,1
14422,2011-11,330.55,1
14422,2011-12,382.01,1
14423,2010-01,244.79999999999998,1
14423,2010-09,406.61,1
14423,2011-05,265.2,1
14424,2011-11,322.08,1
14425,2009-12,422.29,2
14425,2010-10,239.1,1
14426,2010-03,437.24,1
14426,2010-05,1041.51,1
14426,2010-06,2222.47,2
14426,2010-07,1199.3600000000001,1
14426,2010-09,475.58000000000004,1
14426,2010-11,1870.1100000000001,1
14426,2011-01,701.17,2
14426,2011-03,794.41,1
14426,2011-06,714.35,1
14426,2011-07,675.65,2
14426,2011-11,1596.09,4
14427,2010-03,595.1,1
14427,2010-08,305.08,1
14427,2011-10,363.34000000000003,2
14428,2011-01,203.55,1
14428,2011-04,127.07000000000001,1
14428,2011-09,203.5,1
14428,2011-11,488.08000000000004,1
14428,2011-12,201.85999999999999,1
14429,2010-11,516.28,1
14430,2010-04,635.5,1
14430,2010-07,585.4000000000001,2
14431,2010-01,537.25,1
14431,2010-09,1479.93,1
14431,2010-11,126.66,1
14431,2011-02,470.36,1
14432,2011-09,249.17000000000002,1
14432,2011-10,1024.08,2
14432,2011-11,975.25,3
14433,2010-08,280.7,1
14434,2011-09,310.8,1
14434,2011-10,410.40000000000003,3
14434,2011-11,651.6,2
14435,2010-07,90.42,1
14436,2010-06,182.64000000000001,1
14436,2011-09,89.06,1
14437,2010-05,365.48,1
14437,2010-06,185.46,1
14437,2010-08,91.4,1
14437,2010-10,168.0,1
14437,2010-12,126.0,1
14438,2011-02,131.9,1
14439,2010-01,3939.08,2
14439,2010-05,2062.66,1
14439,2010-09,780.06,1
14439,2011-01,2661.24,1
14440,2009-12,935.01,1
14440,2010-01,597.44,1
14440,2010-03,326.70000000000005,1
14440,2010-04,234.6,1
14440,2010-10,845.4,2
14440,2010-11,685.2,2
14440,2010-12,1313.4,1
14440,2011-01,529.01,1
14440,2011-09,373.02000000000004,1
14440,2011-10,181.7,1
14440,2011-12,617.25,1
14441,2010-01,369.44,1
14441,2010-04,518.05,2
14441,2010-06,630.78,1
14441,2010-07,372.34999999999997,1
14441,2010-09,534.65,1
14441,2010-11,473.53000000000003,1
14441,2011-03,356.84000000000003,1
14441,2011-09,340.56,1
14441,2011-10,709.79,1
14441,2011-12,305.7,1
14442,2010-01,838.75,1
14442,2010-05,782.8,1
14442,2010-09,750.9,1
14442,2010-10,1404.75,2
14442,2011-01,675.58,1
14442,2011-05,914.24,1
14443,2010-11,662.77,1
14443,2010-12,607.0,1
14443,2011-02,304.9,1
14443,2011-07,383.12,1
14443,2011-10,428.68,1
14444,2010-09,120.44,1
14445,2010-09,221.65,1
14446,2010-11,189.93,1
14446,2011-04,303.04,1
14446,2011-09,366.71999999999997,1
14446,2011-11,148.96,1
14446,2011-12,186.83,1
14447,2010-11,548.5,1
14447,2011-03,265.0,1
14447,2011-05,336.03000000000003,1
14447,2011-10,271.44,2
14447,2011-11,290.76,1
14448,2010-12,102.35000000000001,1
14448,2011-11,273.0,1
14449,2010-09,252.86,1
14449,2010-10,351.48,2
14449,2010-11,740.8199999999999,1
14449,2010-12,420.48,1
14449,2011-04,189.67,1
14449,2011-10,298.56,1
14449,2011-11,187.33,1
14450,2010-04,196.07999999999998,1
14450,2010-11,449.11,3
14450,2011-01,161.03,1
14450,2011-04,108.42,1
14450,2011-06,213.8,1
14451,2010-01,110.43,1
14451,2010-02,276.15,1
14451,2010-03,215.55,1
14451,2010-04,311.62,1
14451,2010-06,252.9,1
14451,2010-07,447.92,2
14451,2010-09,297.88,1
14451,2010-10,239.36,1
14451,2010-11,462.97,1
14451,2011-05,360.0,1
14451,2011-10,283.9,1
14452,2010-07,126.05,1
14452,2010-11,273.85,1
14452,2011-09,127.37,1
14452,2011-11,131.68,1
14453,2011-06,119.93,1
14454,2009-12,125.94,1
14454,2010-02,197.96,1
14454,2010-05,257.45,1
14454,2010-09,222.25,1
14454,2010-11,173.7,1
14455,2010-08,279.15999999999997,2
14455,2010-09,96.9,1
14455,2010-10,241.66,1
14456,2011-07,633.69,3
14456,2011-09,1184.17,2
14456,2011-10,238.92,1
14456,2011-11,574.58,2
14456,2011-12,382.96,1
14457,2011-02,113.64,1
14458,2010-11,219.26999999999998,1
14459,2010-02,3537.821,1
14459,2011-07,1837.92,1
14460,2009-12,155.34,1
14460,2010-02,66.06,1
14460,2010-05,167.64,1
14460,2010-10,219.12,2
14460,2010-11,51.0,1
14460,2011-02,30.0,1
14460,2011-06,246.54,1
14460,2011-08,157.79999999999998,1
14461,2010-01,305.44,1
14461,2010-03,494.48,1
14461,2010-05,502.94,1
14461,2010-07,1294.11,3
14461,2010-08,587.52,1
14461,2010-09,527.95,2
14461,2010-11,861.41,1
14461,2011-03,776.23,1
14461,2011-06,969.6,1
14461,2011-07,356.84,1
14462,2010-10,262.24,1
14462,2011-01,109.3,1
14462,2011-02,334.71999999999997,2
14462,2011-03,234.54000000000002,2
14462,2011-05,249.19,1
14462,2011-06,184.52,1
14462,2011-07,140.76,1
14462,2011-08,252.62,1
14462,2011-09,168.05,1
14462,2011-10,301.87,1
14463,2010-07,256.95,1
14463,2011-05,115.92,1
14463,2011-06,193.5,1
14463,2011-09,220.2,1
14464,2010-03,60.0,1
14464,2010-05,51.0,1
14465,2010-01,590.22,2
14465,2010-02,107.7,1
14465,2010-03,271.32,1
14465,2010-04,884.22,1
14465,2010-06,463.95000000000005,1
14465,2010-07,175.8,1
14465,2010-10,394.20000000000005,1
14465,2011-02,597.3,1
14465,2011-04,441.14,2
14466,2009-12,217.8,1
14466,2010-01,222.85,1
14466,2010-02,451.65,2
14466,2010-06,318.55,1
14466,2010-10,783.9,1
14466,2010-12,759.5,1
14466,2011-02,323.5,1
14466,2011-03,332.4,1
14466,2011-06,310.05,1
14466,2011-08,234.75,1
14466,2011-09,205.20000000000002,1
14466,2011-11,486.75,1
14467,2009-12,109.84,1
14467,2010-03,140.35,1
14467,2010-04,112.45,1
14467,2010-06,238.69,1
14467,2010-07,209.9,1
14467,2010-09,281.25,1
14467,2010-11,514.5,2
14467,2011-01,131.7,1
14467,2011-10,180.27,1
14467,2011-11,284.29,2
14468,2009-12,204.24,1
14469,2010-01,421.45,1
14469,2010-03,702.32,1
14469,2010-08,286.61,1
14469,2010-10,683.08,1
14470,2010-10,250.85,1
14470,2011-02,297.64,1
14470,2011-11,163.55,1
14471,2009-12,208.82999999999998,1
14471,2010-04,192.12,1
14472,2010-01,266.05,1
14472,2010-12,246.38,1
14472,2011-01,299.89,1
14472,2011-02,397.92,1
14472,2011-03,311.57,1
14472,2011-06,201.45,1
14472,2011-07,264.46999999999997,2
14472,2011-08,130.99,1
14473,2011-03,85.0,1
14473,2011-09,149.34000000000003,1
14474,2010-05,711.23,1
14474,2011-10,547.66,1
14475,2010-10,225.3,1
14475,2011-02,306.55,1
14475,2011-06,315.62,1
14475,2011-09,303.68,1
14476,2011-03,193.0,1
14477,2010-01,165.0,1
14477,2010-06,330.0,1
14477,2010-09,165.0,1
14477,2011-02,165.0,1
14477,2011-06,358.0,1
14477,2011-10,441.2,1
14477,2011-11,345.4,1
14478,2009-12,282.28,1
14478,2010-01,296.4,1
14478,2010-08,353.88,1
14478,2010-11,344.1,1
14479,2009-12,355.13,1
14479,2010-10,453.33,1
14479,2010-12,348.8,1
14479,2011-03,141.85,1
14480,2009-12,303.85,1
14480,2010-09,373.08000000000004,1
14480,2010-11,343.54,1
14480,2011-11,279.05,1
14481,2010-01,401.32,1
14481,2010-04,477.08,1
14481,2010-10,769.78,1
14481,2011-02,302.86,1
14481,2011-06,333.65,1
14482,2010-08,533.4,2
14482,2010-09,515.0,1
14482,2010-11,1235.51,3
14482,2011-04,238.1,1
14482,2011-09,227.85000000000002,1
14482,2011-10,613.98,1
14482,2011-11,942.88,3
14483,2009-12,120.0,1
14483,2011-03,137.1,1
14484,2009-12,435.45,1
14484,2010-03,93.23,1
14484,2010-11,220.38,1
14484,2011-10,321.92,1
14485,2011-11,162.8,1
14486,2010-06,97.5,1
14486,2010-07,78.0,1
14487,2010-11,100.79,1
14487,2010-12,250.20000000000002,1
14487,2011-09,691.51,3
14487,2011-10,196.67999999999998,1
14487,2011-11,152.19,1
14488,2011-10,1064.28,1
14489,2010-04,450.85,1
14489,2010-08,314.25,1
14489,2010-09,346.45,1
14489,2011-05,463.38,1
14490,2010-10,1273.47,2
14491,2010-12,254.4,1
14491,2011-06,213.73,1
14492,2010-03,214.11,1
14492,2010-06,1009.51,4
14492,2010-09,318.14,1
14492,2010-10,380.15,1
14493,2010-03,553.7,1
14493,2010-04,305.75,1
14493,2010-06,749.96,1
14493,2010-07,259.69,1
14493,2010-11,835.52,1
14493,2011-07,611.22,1
14493,2011-10,399.5,1
14493,2011-11,856.82,2
14493,2011-12,515.7,1
14494,2009-12,114.3,1
14494,2010-11,147.6,1
14494,2011-11,139.56,1
14495,2010-02,51.0,1
14495,2011-08,40.599999999999994,1
14495,2011-10,83.2,1
14496,2010-03,754.26,1
14496,2010-05,277.48,1
14496,2010-10,310.09,1
14496,2010-11,483.25,2
14496,2010-12,608.6800000000001,1
14496,2011-02,234.47,1
14497,2010-02,221.69,1
14497,2011-02,475.37,1
14498,2010-06,301.18,1
14498,2010-07,341.40000000000003,1
14498,2010-08,189.57,1
14498,2010-10,520.89,1
14498,2010-11,590.47,1
14498,2010-12,166.22,1
14498,2011-06,147.02,1
14498,2011-07,608.46,1
14498,2011-08,360.09,1
14498,2011-10,675.53,1
14499,2010-08,357.11,1
14499,2010-10,372.98,1
14499,2010-11,563.26,2
14499,2011-03,122.87,1
14499,2011-07,244.94,1
14499,2011-11,440.63,1
14500,2011-06,284.85,1
14500,2011-08,51.0,1
14500,2011-09,21.0,1
14501,2011-01,66.93,1
14501,2011-06,184.28,1
14502,2011-01,152.07,1
14502,2011-02,293.33,1
14502,2011-03,220.47,1
14502,2011-04,394.07,3
14502,2011-07,103.28,1
14502,2011-10,464.64,1
14502,2011-11,798.9300000000001,3
14503,2011-06,597.07,1
14503,2011-09,687.38,1
14503,2011-11,1487.94,2
14503,2011-12,770.87,2
14504,2011-03,281.79,2
14504,2011-04,260.92,1
14504,2011-10,130.55,1
14505,2009-12,1377.68,2
14505,2010-02,311.84000000000003,1
14505,2010-03,350.46000000000004,2
14505,2010-05,787.05,2
14505,2010-06,1089.28,2
14505,2010-08,1036.36,1
14505,2010-10,1060.98,1
14505,2010-12,1038.6,1
14505,2011-01,317.06,1
14505,2011-03,560.74,1
14505,2011-05,1243.46,2
14505,2011-08,1062.88,1
14505,2011-11,1636.69,2
14506,2010-04,391.5,1
14506,2010-11,608.1,1
14506,2010-12,514.0,1
14506,2011-03,297.16,1
14506,2011-06,264.8,1
14506,2011-10,665.72,1
14506,2011-11,475.97,1
14507,2009-12,171.5,1
14507,2010-02,221.4,1
14507,2010-09,476.51,1
14507,2010-10,422.82,1
14507,2010-11,556.63,1
14507,2011-03,378.85,2
14507,2011-05,236.46,1
14507,2011-08,309.38,1
14507,2011-10,205.59,1
14507,2011-11,237.60000000000002,1
14508,2010-06,291.81,2
14508,2010-11,263.06,1
14508,2011-09,137.56,1
14508,2011-11,130.49,1
14509,2010-06,110.95,1
14510,2010-09,474.1,2
14510,2010-11,505.75,1
14511,2011-07,138.16,1
14511,2011-09,191.73000000000002,1
14511,2011-10,318.44,1
14511,2011-11,666.48,2
14512,2009-12,153.28,1
14512,2010-04,156.87,1
14512,2010-05,116.2,1
14512,2010-07,197.33,1
14512,2010-11,317.01,1
14512,2011-04,126.32,1
14512,2011-06,148.95999999999998,1
14513,2010-05,271.46000000000004,1
14513,2010-09,60.959999999999994,2
14513,2011-02,18.75,1
14513,2011-05,298.6,1
14513,2011-08,138.24,1
14514,2009-12,828.34,1
14514,2010-01,536.85,1
14514,2010-04,219.25,1
14514,2010-06,514.5,1
14514,2010-07,346.7,1
14514,2010-09,944.2,1
14514,2011-01,255.25,1
14514,2011-05,147.86,1
14514,2011-10,587.09,1
14515,2010-06,196.1,1
14515,2010-10,637.0699999999999,2
14515,2010-11,814.0,3
14515,2011-05,425.4,1
14515,2011-06,340.25,1
14515,2011-10,558.22,1
14515,2011-11,753.02,3
14516,2010-07,151.17,1
14517,2011-07,252.45,1
14517,2011-11,78.0,1
14518,2011-10,174.37,1
14519,2009-12,122.94999999999999,1
14519,2010-01,80.19,1
14520,2011-02,165.0,1
14520,2011-12,105.60000000000001,1
14521,2010-08,199.45000000000002,1
14522,2010-01,200.20000000000002,1
14522,2010-02,177.98000000000002,1
14522,2010-03,283.36,1
14522,2010-04,112.34,1
14522,2011-05,278.63,1
14522,2011-09,552.87,2
14522,2011-11,143.04,1
14523,2011-08,241.09,1
14524,2010-10,1066.03,4
14524,2010-12,275.45,1
14524,2011-03,194.6,1
14524,2011-04,283.68,2
14524,2011-06,275.14,1
14524,2011-09,703.0600000000001,3
14524,2011-11,111.9,1
14525,2009-12,399.79999999999995,1
14525,2010-01,196.64999999999998,1
14525,2010-02,164.09,1
14525,2010-04,396.6,1
14525,2010-05,545.4499999999999,1
14525,2010-08,866.77,1
14525,2010-09,364.95,1
14525,2010-10,868.38,1
14525,2010-12,462.3,1
14525,2011-01,264.65,1
14525,2011-03,293.45,1
14525,2011-04,169.47,1
14525,2011-06,742.17,1
14525,2011-08,888.25,2
14525,2011-10,409.44,1
14525,2011-11,986.17,1
14526,2010-11,258.65,1
14527,2009-12,5628.38,7
14527,2010-01,2603.84,6
14527,2010-02,1772.26,6
14527,2010-03,2474.14,9
14527,2010-04,1326.32,6
14527,2010-05,1179.95,5
14527,2010-06,461.43,3
14527,2010-07,575.23,5
14527,2010-08,286.01,3
14527,2010-09,239.41,3
14527,2010-10,620.72,5
14527,2010-11,1517.28,8
14527,2010-12,1442.82,4
14527,2011-01,762.2,5
14527,2011-02,444.45,5
14527,2011-03,392.02,4
14527,2011-04,320.07,4
14527,2011-05,507.85,4
14527,2011-06,566.14,4
14527,2011-07,663.35,5
14527,2011-08,553.83,4
14527,2011-09,699.55,4
14527,2011-10,986.27,5
14527,2011-11,1052.96,5
14527,2011-12,631.95,2
14528,2011-11,364.21999999999997,1
14529,2011-08,135.24,1
14529,2011-09,202.9,1
14529,2011-10,240.47,1
14530,2010-01,192.13,1
14530,2010-03,417.92,2
14530,2010-05,593.42,2
14530,2010-06,673.08,1
14530,2010-07,27.900000000000002,1
14530,2010-09,712.64,1
14530,2010-10,472.85,1
14530,2010-11,136.82,1
14530,2011-02,662.86,1
14530,2011-03,420.25,1
14530,2011-06,413.93,1
14530,2011-08,460.43,1
14530,2011-09,524.85,1
14530,2011-11,379.79,1
14531,2010-08,376.34,1
14532,2010-01,784.22,2
14532,2010-03,412.16,1
14532,2010-04,582.84,1
14532,2010-06,362.08,1
14532,2010-09,268.23,1
14532,2010-10,503.4,1
14532,2010-12,222.6,1
14532,2011-01,182.8,1
14532,2011-02,386.90000000000003,1
14532,2011-04,140.55,1
14533,2010-04,475.46,1
14533,2010-05,314.25,1
14533,2010-08,422.44,1
14533,2010-10,304.5,1
14533,2010-12,433.5,1
14533,2011-08,301.48,1
14533,2011-09,408.38,1
14533,2011-10,653.7,3
14533,2011-11,152.66000000000003,1
14534,2010-03,371.7,1
14534,2010-06,428.62,2
14534,2010-09,424.38,1
14534,2010-10,398.41,3
14534,2010-11,164.3,1
14534,2011-01,355.12,1
14534,2011-02,415.61,2
14534,2011-03,326.15,2
14534,2011-04,187.7,1
14534,2011-05,432.65,2
14534,2011-06,564.16,2
14534,2011-07,464.51,2
14534,2011-08,152.2,1
14534,2011-09,131.64,1
14534,2011-10,705.87,1
14534,2011-11,529.22,2
14534,2011-12,130.82,1
14535,2010-02,504.35,1
14535,2010-03,857.95,1
14535,2010-05,574.44,1
14535,2010-06,194.35,1
14535,2010-07,499.22,1
14535,2010-11,476.74,1
14535,2011-04,852.87,1
14535,2011-08,799.94,1
14535,2011-10,1202.03,1
14536,2011-03,170.95,1
14537,2010-03,285.84000000000003,1
14537,2011-10,355.56,1
14538,2010-01,452.6,1
14538,2010-06,529.99,2
14538,2011-03,106.5,1
14538,2011-10,281.75,1
14539,2011-10,72.13,1
14539,2011-11,465.35,1
14540,2009-12,544.24,2
14540,2010-01,262.95000000000005,1
14540,2010-02,294.62,1
14540,2010-07,352.06,1
14540,2010-08,436.08000000000004,1
14540,2010-10,594.83,1
14540,2010-11,272.2,1
14540,2011-02,195.9,1
14540,2011-09,442.03,1
14540,2011-11,314.73,1
14541,2010-01,202.73000000000002,1
14541,2010-02,247.45,1
14541,2010-03,17.4,1
14541,2010-04,167.0,1
14541,2010-08,305.2,1
14541,2010-10,98.25,1
14541,2011-01,470.95,2
14541,2011-02,361.40000000000003,2
14541,2011-04,134.8,1
14541,2011-05,38.3,1
14541,2011-06,301.9,1
14541,2011-10,146.0,1
14542,2011-06,103.25,1
14543,2009-12,1247.2,4
14543,2010-02,1038.8,1
14543,2010-03,960.5,2
14543,2010-04,581.15,1
14543,2010-05,1449.75,1
14543,2010-06,1314.8,3
14543,2010-07,692.6,6
14543,2010-08,874.89,1
14543,2010-09,613.0500000000001,1
14543,2010-10,1912.6,2
14543,2010-11,302.8,1
14543,2010-12,254.4,1
14543,2011-01,303.8,1
14543,2011-02,388.05,1
14543,2011-03,639.8000000000001,3
14543,2011-04,217.96,1
14543,2011-05,352.54,1
14543,2011-06,581.0,3
14543,2011-08,462.30000000000007,2
14543,2011-09,31.650000000000002,1
14543,2011-11,328.58000000000004,2
14544,2010-08,934.23,1
14544,2010-12,1101.77,1
14544,2011-11,902.53,1
14545,2010-02,349.25,1
14546,2009-12,546.48,1
14546,2010-02,481.15999999999997,1
14546,2010-05,405.64,1
14546,2010-07,367.0,1
14546,2010-10,360.94,1
14546,2010-11,449.69,1
14546,2011-04,561.29,1
14546,2011-05,313.59000000000003,1
14546,2011-09,727.22,1
14546,2011-10,476.0,1
14546,2011-12,495.83,1
14547,2011-10,471.05,1
14547,2011-11,3024.2,5
14547,2011-12,479.5,2
14548,2009-12,596.18,2
14548,2010-04,444.01,2
14548,2010-05,521.9,2
14548,2010-08,326.4,1
14548,2011-01,326.4,1
14548,2011-07,326.4,1
14549,2009-12,313.27,1
14549,2010-04,194.09,1
14549,2010-10,117.0,1
14549,2011-02,289.24,1
14550,2010-08,289.51,1
14550,2010-11,298.18,1
14550,2011-10,340.79,1
14550,2011-11,416.58000000000004,1
14551,2010-01,148.85,1
14551,2010-07,30.0,1
14551,2010-10,513.01,3
14551,2011-05,125.43,1
14551,2011-11,60.8,1
14552,2010-04,173.72,1
14552,2010-11,169.99,1
14552,2011-07,164.22,1
14553,2010-07,478.81,2
14553,2010-09,290.44,1
14553,2010-10,190.07999999999998,1
14553,2011-01,201.94,1
14553,2011-05,110.38,1
14553,2011-11,546.95,3
14554,2011-10,334.93,1
14554,2011-11,1944.56,3
14555,2009-12,290.65,1
14555,2010-05,459.39,1
14555,2010-06,527.6,1
14555,2010-11,713.85,1
14555,2011-02,186.34,1
14555,2011-10,126.2,1
14556,2010-01,331.41,1
14556,2010-02,150.57,1
14556,2010-04,333.71,1
14557,2011-09,788.38,1
14558,2009-12,306.45,1
14558,2010-01,81.6,1
14558,2010-02,267.45,1
14559,2010-11,75.6,1
14560,2009-12,679.22,2
14560,2010-01,554.25,2
14560,2010-02,417.13,3
14560,2010-03,269.2,1
14560,2010-05,935.3299999999999,5
14560,2010-08,428.3,4
14560,2010-09,90.0,1
14560,2010-10,223.45,1
14560,2010-11,279.38,3
14560,2010-12,408.16999999999996,1
14560,2011-01,152.25,1
14560,2011-02,109.30000000000001,2
14560,2011-03,495.13,4
14560,2011-05,67.15,1
14560,2011-06,17.0,1
14560,2011-07,73.8,1
14560,2011-08,91.19999999999999,2
14560,2011-09,151.2,2
14560,2011-10,413.49,3
14560,2011-11,218.28,3
14560,2011-12,40.8,1
14561,2011-06,566.99,2
14561,2011-09,513.77,1
14562,2010-02,123.10000000000001,1
14562,2010-03,339.18,1
14562,2010-04,175.34,2
14562,2010-06,92.75,1
14562,2010-08,198.55,1
14562,2010-09,330.46,1
14562,2010-11,372.0,1
14562,2011-02,434.7,2
14562,2011-04,455.9,1
14562,2011-06,215.39000000000001,1
14562,2011-07,603.5400000000001,1
14562,2011-08,245.32,1
14562,2011-09,1044.3700000000001,4
14562,2011-10,616.8,2
14562,2011-11,1067.43,4
14562,2011-12,323.32,2
14563,2010-04,478.27,1
14563,2010-07,147.15,1
14564,2009-12,989.18,1
14564,2010-10,1616.44,1
14565,2010-08,760.1,1
14565,2010-12,1167.41,1
14565,2011-05,660.14,1
14565,2011-08,632.77,1
14565,2011-09,488.8,1
14566,2010-06,845.0,1
14566,2010-08,495.0,1
14566,2010-10,1320.0,1
14566,2011-08,1432.0,1
14567,2011-08,800.76,1
14567,2011-10,729.6,1
14568,2010-09,919.7,1
14569,2010-04,181.8,1
14569,2010-08,54.599999999999994,1
14569,2010-09,133.54,1
14569,2011-12,227.39,1
14570,2010-09,295.19,1
14570,2011-03,217.21,2
14571,2010-10,160.0,1
14572,2010-03,373.14,1
14572,2010-05,607.21,1
14572,2010-10,1736.0900000000001,2
14572,2011-01,331.03,1
14572,2011-03,742.3000000000001,2
14572,2011-07,400.76,1
14572,2011-08,589.15,1
14572,2011-10,606.25,1
14572,2011-12,135.05,1
14573,2010-01,236.8,1
14573,2010-06,286.5,3
14573,2010-12,804.0,1
14573,2011-02,168.6,1
14573,2011-03,300.33,2
14573,2011-05,494.37,3
14573,2011-06,274.52,2
14574,2009-12,143.70000000000002,1
14575,2010-08,420.22,1
14576,2010-12,70.80000000000001,1
14577,2009-12,217.34,1
14577,2010-01,103.45,1
14577,2010-11,183.65,1
14577,2010-12,346.90000000000003,1
14577,2011-04,121.11,1
14577,2011-06,178.63,1
14577,2011-11,213.07,1
14578,2011-12,168.63,1
14579,2010-10,105.56,1
14580,2010-07,14.850000000000001,1
14581,2010-06,271.05,1
14581,2011-11,138.6,1
14582,2011-10,114.11,1
14583,2010-03,238.93,1
14583,2010-06,258.5,1
14583,2010-11,175.9,1
14583,2011-05,135.98,1
14583,2011-06,302.45,2
14583,2011-07,303.29,1
14583,2011-12,245.24,1
14584,2010-02,194.63,1
14584,2010-03,198.03,1
14584,2010-06,148.04000000000002,1
14584,2010-10,164.4,1
14584,2011-05,474.8,2
14584,2011-06,558.26,2
14585,2010-10,221.65,1
14585,2010-11,764.57,3
14585,2011-10,157.05,1
14586,2011-03,237.36,1
14587,2011-01,208.05,1
14587,2011-02,303.07,2
14587,2011-03,374.83,2
14587,2011-04,178.4,1
14587,2011-05,195.13,1
14587,2011-06,193.2,1
14587,2011-11,127.61,1
14588,2010-05,135.39,1
14589,2010-12,79.5,1
14590,2009-12,349.66,3
14590,2010-01,491.25,2
14590,2010-02,373.90999999999997,3
14590,2010-03,270.43,2
14590,2010-04,385.1,2
14590,2010-05,151.42,1
14590,2010-06,145.43,1
14590,2010-07,434.61,3
14590,2010-08,47.1,1
14590,2010-10,344.46000000000004,2
14591,2011-05,204.02,1
14591,2011-11,1116.19,3
14592,2011-10,396.65,2
14592,2011-11,161.29,1
14593,2009-12,418.05,1
14593,2010-02,366.7,2
14593,2010-03,397.8,2
14593,2010-06,748.39,2
14593,2010-11,1109.94,2
14593,2011-05,339.59,2
14593,2011-11,277.56,1
14594,2010-12,510.0,1
14594,2011-12,108.33,1
14595,2010-01,202.35,1
14595,2010-09,221.5,1
14595,2011-01,163.8,1
14595,2011-09,136.23,1
14595,2011-10,1233.04,2
14595,2011-11,207.53,2
14596,2010-03,222.22000000000003,1
14597,2010-09,100.5,1
14597,2010-11,1217.8899999999999,3
14597,2011-06,165.1,1
14597,2011-11,701.14,1
14598,2010-05,162.07,1
14598,2011-10,221.97,1
14599,2010-07,178.89000000000001,1
14599,2010-11,279.0,1
14600,2010-11,471.84000000000003,1
14600,2011-02,393.33000000000004,1
14601,2011-11,213.96,1
14602,2010-02,205.35999999999999,1
14603,2011-03,660.0,1
14604,2010-03,136.35999999999999,1
14605,2009-12,208.6,2
14605,2010-04,365.76,1
14605,2010-11,346.35,1
14606,2009-12,1408.64,8
14606,2010-01,1573.79,7
14606,2010-02,1865.51,10
14606,2010-03,1608.83,9
14606,2010-04,1114.98,4
14606,2010-05,1244.04,8
14606,2010-06,1843.91,8
14606,2010-07,1426.23,8
14606,2010-08,1071.56,6
14606,2010-09,1605.67,10
14606,2010-10,982.94,7
14606,2010-11,1976.5,9
14606,2010-12,1840.64,8
14606,2011-01,1483.32,7
14606,2011-02,1159.2,10
14606,2011-03,1272.21,8
14606,2011-04,890.53,7
14606,2011-05,670.4399999999999,6
14606,2011-06,935.03,8
14606,2011-07,688.18,6
14606,2011-08,797.38,6
14606,2011-09,654.58,7
14606,2011-10,683.37,6
14606,2011-11,1116.31,9
14606,2011-12,341.84000000000003,2
14607,2009-12,2320.2000000000003,1
14607,2010-02,2791.71,3
14607,2010-03,1248.86,1
14607,2010-05,659.66,1
14607,2010-06,368.2,1
14607,2010-08,165.0,1
14607,2011-03,495.0,1
14607,2011-10,10407.2,7
14607,2011-11,4119.3,4
14608,2009-12,581.22,2
14608,2010-05,69.17,1
14608,2010-07,196.84999999999997,1
14608,2010-10,303.75,1
14608,2010-11,406.8,1
14608,2010-12,204.0,1
14608,2011-09,586.95,1
14608,2011-11,486.65,1
14608,2011-12,507.55,1
14609,2010-02,53.28,1
14609,2010-05,115.2,1
14609,2010-06,114.12,1
14609,2010-07,107.63999999999999,1
14609,2010-09,230.4,1
14609,2010-11,264.0,1
14609,2011-02,144.0,1
14609,2011-06,151.2,1
14609,2011-07,191.16,1
14609,2011-09,115.2,1
14610,2010-07,13.45,1
14610,2010-11,10.9,1
14611,2010-04,291.4,1
14611,2010-09,312.93,1
14612,2010-10,877.7,1
14613,2010-01,76.32000000000001,1
14614,2010-11,295.13,1
14615,2010-06,303.65,1
14615,2010-07,212.1,2
14615,2010-09,301.76,1
14615,2010-11,134.25,1
14616,2010-06,42.5,1
14616,2010-11,79.2,1
14616,2011-01,237.60000000000002,1
14616,2011-02,10.08,1
14616,2011-04,158.4,1
14617,2010-10,81.47000000000001,1
14617,2010-11,109.0,1
14618,2010-06,245.73000000000002,1
14618,2010-10,448.98,2
14618,2010-11,94.17000000000002,1
14618,2011-01,211.8,1
14618,2011-11,341.64,2
14619,2010-06,896.8000000000001,1
14619,2011-04,394.44,1
14620,2011-03,235.35,1
14620,2011-05,177.43,1
14621,2010-01,518.35,1
14621,2010-06,382.75,1
14621,2010-07,311.11,2
14621,2010-12,305.7,1
14621,2011-06,330.61,1
14621,2011-07,366.6,1
14621,2011-11,482.59000000000003,1
14621,2011-12,302.86,1
14622,2011-06,320.58000000000004,1
14623,2010-04,335.78,2
14623,2010-06,339.55,1
14623,2010-09,303.35,1
14623,2010-11,151.6,1
14623,2011-04,192.68,1
14623,2011-06,200.5,1
14623,2011-08,208.3,1
14623,2011-10,118.2,1
14623,2011-11,162.34,1
14624,2010-04,250.53,1
14624,2010-06,237.13,2
14624,2010-10,100.56,1
14624,2011-10,225.85,2
14625,2009-12,584.1,1
14625,2010-01,449.97,1
14625,2010-04,334.35,1
14625,2010-08,555.78,1
14625,2010-09,796.45,3
14625,2010-11,877.6,2
14625,2010-12,585.53,1
14625,2011-05,314.1,1
14626,2009-12,436.40000000000003,1
14626,2010-01,332.58,1
14626,2010-04,450.05,1
14626,2010-05,333.52,1
14626,2010-07,333.07,1
14626,2010-09,416.08,1
14626,2010-11,317.95,1
14626,2011-04,586.9,1
14626,2011-08,984.39,1
14626,2011-10,610.91,1
14626,2011-11,609.07,1
14627,2010-11,462.75,1
14628,2010-01,379.13,1
14628,2010-03,314.6,1
14628,2010-09,632.31,1
14628,2011-04,331.58000000000004,1
14628,2011-09,340.38,1
14629,2011-10,603.1800000000001,1
14629,2011-12,352.08,1
14630,2010-08,338.65,1
14631,2010-08,317.95,1
14631,2010-10,323.70000000000005,1
14631,2010-11,377.06000000000006,1
14631,2011-02,309.5,1
14631,2011-04,320.58,1
14631,2011-10,376.90000000000003,1
14632,2011-03,114.56,1
14633,2011-03,344.90000000000003,1
14634,2010-06,1747.06,2
14634,2010-08,25.2,1
14634,2010-09,352.2,1
14635,2010-09,215.22,1
14636,2011-03,300.19,1
14636,2011-11,309.66,1
14637,2010-01,106.67999999999999,1
14638,2011-10,443.6,1
14639,2010-02,745.47,1
14639,2010-07,607.62,1
14639,2010-10,641.38,1
14639,2010-12,676.54,1
14639,2011-02,558.59,1
14639,2011-08,754.1,2
14639,2011-10,995.26,2
14640,2010-01,286.18,1
14640,2010-03,520.92,1
14640,2010-07,395.53000000000003,1
14640,2010-10,339.35,1
14640,2011-04,395.75,1
14640,2011-06,406.3,1
14640,2011-07,185.07,1
14640,2011-08,496.24,1
14640,2011-10,306.07,1
14640,2011-11,317.95,1
14641,2011-11,110.46,1
14642,2011-10,96.12,1
14643,2009-12,350.68,1
14643,2010-03,310.8,1
14643,2010-04,324.6,1
14643,2010-12,357.94,1
14643,2011-06,335.87,1
14644,2009-12,338.5,1
14644,2010-08,405.0,1
14644,2010-10,673.46,3
14644,2011-02,187.50000000000003,1
14644,2011-10,643.26,1
14645,2010-03,279.8,1
14645,2011-03,240.10000000000002,1
14645,2011-07,356.99,1
14646,2009-12,14591.47,5
14646,2010-01,28867.32,4
14646,2010-02,16973.89,7
14646,2010-03,23494.94,10
14646,2010-04,3413.51,2
14646,2010-05,18002.0,3
14646,2010-06,23618.02,5
14646,2010-07,3729.66,2
14646,2010-08,23258.079999999998,5
14646,2010-09,42581.99,8
14646,2010-10,16068.279999999999,7
14646,2010-11,33014.34,15
14646,2010-12,8576.88,2
14646,2011-01,26476.68,4
14646,2011-02,22647.46,4
14646,2011-03,21327.4,4
14646,2011-04,2886.56,3
14646,2011-05,28240.14,8
14646,2011-06,25288.99,7
14646,2011-07,11.02,1
14646,2011-08,40327.81,7
14646,2011-09,26660.7,6
14646,2011-10,39740.95,11
14646,2011-11,25225.41,12
14646,2011-12,11728.02,3
14647,2010-07,270.0,1
14647,2011-05,236.04000000000002,1
14648,2009-12,195.23,1
14648,2010-02,249.74,1
14648,2010-03,228.16,2
14648,2010-04,1213.04,3
14648,2010-05,876.8199999999999,2
14648,2010-06,682.95,2
14648,2010-07,356.96999999999997,1
14648,2010-09,339.48,1
14648,2010-10,321.0,2
14649,2010-01,516.89,1
14649,2010-03,396.83,1
14649,2010-05,364.32,1
14649,2010-09,233.52,1
14649,2010-11,737.04,1
14649,2011-05,582.12,2
14649,2011-09,313.06,1
14649,2011-12,507.41,1
14650,2010-04,62.5,1
14651,2010-03,376.85,2
14651,2010-04,221.10000000000002,1
14651,2010-05,231.62,1
14651,2010-06,99.9,1
14651,2010-10,177.03,1
14651,2010-11,265.27,1
14651,2011-05,415.47,1
14651,2011-10,238.28,1
14652,2011-09,114.18,1
14653,2009-12,333.09000000000003,1
14653,2010-01,614.05,1
14653,2010-06,125.35,1
14653,2010-07,415.61,1
14653,2011-01,344.81,1
14653,2011-10,745.27,2
14653,2011-11,423.59,3
14653,2011-12,403.03,1
14654,2009-12,246.86,1
14655,2010-04,972.54,1
14655,2010-07,561.2,1
14655,2010-11,412.54,1
14655,2011-05,810.56,1
14655,2011-09,400.61,1
14655,2011-11,358.15000000000003,1
14655,2011-12,362.91,1
14656,2010-04,143.6,1
14656,2010-07,172.17000000000002,1
14656,2010-10,183.18,1
14656,2011-03,133.11,1
14656,2011-06,157.94,1
14657,2010-09,222.25,1
14657,2010-10,379.72,1
14657,2011-01,416.08,1
14657,2011-03,108.32000000000001,1
14657,2011-07,114.54,1
14657,2011-11,209.28,1
14658,2011-08,123.14,1
14658,2011-12,124.01,1
14659,2011-01,593.17,1
14659,2011-02,181.8,1
14659,2011-03,227.92000000000002,1
14659,2011-05,162.24,1
14659,2011-06,216.63,1
14659,2011-07,259.79,1
14659,2011-09,426.43,1
14659,2011-11,312.55,1
14659,2011-12,149.4,1
14660,2011-08,128.95,1
14660,2011-09,156.79,1
14661,2011-11,107.95,1
14662,2009-12,110.69999999999999,1
14662,2010-03,107.55,1
14662,2010-10,416.81,1
14662,2011-01,96.95,1
14662,2011-03,260.03,1
14662,2011-04,155.3,1
14662,2011-11,229.09,1
14663,2010-10,490.6,2
14664,2011-11,636.24,2
14665,2010-04,279.6,1
14665,2010-10,634.35,1
14665,2011-02,731.66,3
14665,2011-09,544.52,1
14665,2011-10,559.52,1
14666,2011-11,179.95,1
14667,2009-12,750.3199999999999,2
14667,2010-01,925.85,2
14667,2010-02,926.89,3
14667,2010-03,195.64,1
14667,2010-04,1395.38,2
14667,2010-05,401.71999999999997,3
14667,2010-06,587.35,2
14667,2010-07,878.6,3
14667,2010-08,1400.6399999999999,3
14667,2010-09,1502.45,3
14667,2010-10,772.4,2
14667,2010-11,1451.56,3
14667,2010-12,3169.75,5
14667,2011-01,280.61,1
14667,2011-02,333.6,1
14667,2011-03,144.9,1
14667,2011-04,388.77,1
14667,2011-05,774.33,2
14667,2011-06,852.77,3
14667,2011-07,179.41,1
14667,2011-08,497.98,2
14667,2011-09,1647.1399999999999,2
14667,2011-11,2099.24,6
14668,2010-09,111.63,1
14669,2009-12,811.53,1
14669,2010-02,638.0,2
14669,2010-03,508.01,1
14669,2011-01,837.5,2
14669,2011-04,421.74,1
14670,2009-12,190.47,1
14670,2011-03,392.86,2
14671,2010-05,943.95,1
14671,2010-06,183.5,1
14672,2010-01,155.86,1
14672,2010-07,191.73,1
14672,2011-01,285.28000000000003,1
14672,2011-04,480.27,1
14673,2010-10,553.66,1
14673,2010-11,747.26,1
14673,2010-12,746.98,1
14673,2011-11,996.14,3
14673,2011-12,366.77,1
14674,2010-07,173.66,1
14675,2010-11,419.22,1
14675,2011-11,596.36,1
14676,2010-03,884.88,2
14676,2010-06,206.76,1
14676,2010-09,3231.27,1
14676,2010-11,1485.6399999999999,2
14676,2011-03,556.32,1
14676,2011-05,592.2,2
14676,2011-07,542.4,1
14676,2011-09,480.04,1
14676,2011-11,377.28,1
14677,2010-04,184.91,1
14678,2010-05,403.39,1
14679,2009-12,438.74,1
14679,2010-07,478.15999999999997,1
14679,2010-11,372.53999999999996,1
14680,2009-12,1318.74,3
14680,2010-01,1324.7,3
14680,2010-02,3835.38,5
14680,2010-03,4317.06,8
14680,2010-04,3893.0,4
14680,2010-05,3055.28,5
14680,2010-06,1269.95,3
14680,2010-07,1890.35,3
14680,2010-08,513.46,1
14680,2010-09,1238.85,1
14680,2010-10,1115.33,1
14680,2010-11,3162.29,5
14680,2010-12,4556.28,2
14680,2011-01,2601.41,2
14680,2011-02,2807.31,1
14680,2011-03,2106.46,1
14680,2011-04,72.0,1
14680,2011-05,4071.3,2
14680,2011-06,976.25,1
14680,2011-07,6298.07,2
14680,2011-08,2388.2,1
14680,2011-09,3390.11,2
14680,2011-11,1167.6,1
14681,2010-02,78.45,1
14681,2010-03,89.55000000000001,1
14681,2010-11,208.20000000000002,1
14681,2011-05,393.95,1
14681,2011-09,105.0,2
14682,2010-02,387.02,1
14682,2010-03,82.2,1
14682,2010-06,136.95,1
14682,2010-10,856.64,1
14682,2011-05,20.8,1
14682,2011-06,31.200000000000003,1
14683,2010-04,146.56,1
14684,2010-11,228.52,1
14684,2010-12,168.36,1
14684,2011-05,325.08,1
14684,2011-09,129.33,1
14684,2011-10,265.61,1
14684,2011-11,313.13,1
14685,2009-12,1292.91,3
14685,2010-01,1377.95,2
14685,2010-02,398.76,1
14685,2010-03,726.32,1
14685,2010-05,740.7,1
14686,2010-02,302.92,2
14686,2010-10,549.61,3
14687,2010-06,311.65999999999997,1
14687,2010-11,462.02000000000004,1
14687,2011-08,628.38,1
14688,2010-09,737.88,4
14688,2010-10,521.78,2
14688,2010-11,351.66,1
14688,2010-12,889.96,1
14688,2011-01,507.82,2
14688,2011-02,538.57,2
14688,2011-03,373.39,2
14688,2011-04,375.16,1
14688,2011-05,546.51,2
14688,2011-06,317.34,2
14688,2011-07,304.3,2
14688,2011-08,423.3,1
14688,2011-09,589.8100000000001,2
14688,2011-10,528.65,2
14688,2011-12,629.27,2
14689,2011-05,112.8,1
14690,2010-10,242.12,1
14690,2010-11,180.51,1
14690,2011-07,212.56,1
14690,2011-10,142.49,1
14691,2011-05,439.6,1
14691,2011-09,1329.47,3
14691,2011-11,345.26,1
14692,2010-04,168.87,1
14692,2010-05,82.5,1
14692,2010-07,247.65,2
14692,2010-08,92.07,1
14692,2010-10,368.45,2
14692,2010-11,164.05,1
14692,2011-01,259.6,1
14692,2011-02,121.25,1
14692,2011-04,99.45,1
14692,2011-07,111.25,1
14693,2010-07,101.8,1
14693,2010-08,509.15999999999997,3
14693,2010-09,239.5,1
14693,2010-10,142.0,1
14693,2011-03,172.9,1
14694,2010-04,244.31,1
14695,2009-12,911.6800000000001,2
14695,2010-07,622.5400000000001,1
14696,2010-10,394.33,1
14696,2010-12,589.24,1
14696,2011-01,293.63,1
14696,2011-04,284.35,1
14696,2011-06,298.79,1
14696,2011-08,287.15000000000003,1
14696,2011-09,319.87,1
14696,2011-12,300.54,1
14697,2011-05,188.60999999999999,2
14698,2011-10,611.77,2
14698,2011-11,453.32,2
14698,2011-12,152.18,1
14699,2010-07,242.46,1
14699,2010-08,175.08,1
14699,2010-09,175.93,1
14699,2011-05,109.13000000000001,1
14700,2010-08,341.37,1
14700,2010-10,539.59,1
14700,2011-04,721.55,1
14700,2011-06,819.55,1
14700,2011-11,654.0,1
14701,2010-01,472.18,1
14701,2010-07,537.02,2
14701,2010-09,951.82,3
14701,2011-01,384.65,1
14701,2011-02,254.17000000000002,1
14701,2011-03,821.23,2
14701,2011-04,273.85,1
14701,2011-06,207.53,2
14701,2011-11,584.66,2
14702,2009-12,1005.85,2
14702,2010-01,124.1,1
14702,2010-03,150.34,1
14702,2010-04,543.23,2
14702,2010-07,496.79,2
14702,2010-08,125.94,1
14702,2010-09,282.89,1
14702,2010-10,171.28,1
14702,2010-11,204.77,1
14702,2010-12,620.9,1
14702,2011-01,612.5,3
14702,2011-02,101.25,1
14702,2011-03,161.5,1
14702,2011-06,165.5,1
14702,2011-07,109.9,1
14702,2011-08,190.15,1
14702,2011-09,216.09,1
14702,2011-10,772.41,3
14702,2011-11,286.36,2
14702,2011-12,325.68,2
14703,2011-11,318.17,1
14704,2010-03,112.14,1
14704,2010-10,146.82,1
14704,2011-06,100.75,1
14704,2011-07,106.75,1
14704,2011-09,165.32,1
14704,2011-10,717.85,2
14704,2011-11,370.95,2
14705,2011-05,179.0,1
14706,2010-03,367.54,1
14707,2010-05,69.6,1
14707,2010-09,69.6,1
14708,2010-09,305.40999999999997,1
14708,2010-10,361.44,1
14708,2010-12,838.12,1
14708,2011-07,282.12,1
14708,2011-12,425.19,1
14709,2009-12,256.2,1
14709,2010-01,405.3,1
14709,2010-02,346.75,1
14709,2010-03,301.5,1
14709,2010-04,457.37,1
14709,2010-06,289.44,1
14709,2010-07,429.41,1
14709,2010-08,311.38,1
14709,2010-09,340.6,1
14709,2010-10,416.19,2
14709,2010-11,411.15,1
14709,2010-12,314.1,1
14709,2011-01,407.95,1
14709,2011-03,461.25,1
14709,2011-05,426.84,1
14709,2011-06,332.9,1
14709,2011-07,416.90000000000003,1
14709,2011-08,1004.5,2
14709,2011-09,899.6,2
14709,2011-11,657.0,3
14710,2009-12,73.5,2
14710,2010-04,270.13,2
14710,2010-05,251.25,1
14710,2010-06,197.41,1
14710,2010-07,186.18,1
14710,2010-09,21.95,1
14710,2010-11,299.89,1
14710,2011-10,319.23,2
14710,2011-11,280.25,2
14711,2011-03,200.51999999999998,1
14711,2011-04,735.07,2
14711,2011-05,500.56,2
14711,2011-06,472.01,2
14711,2011-08,148.57,1
14711,2011-09,298.9,1
14711,2011-11,483.99,2
14712,2010-10,411.0,1
14712,2011-08,115.72,1
14712,2011-09,305.75,1
14712,2011-11,495.6,1
14713,2009-12,160.69,1
14713,2010-01,188.54,1
14713,2010-03,229.70999999999998,1
14713,2010-04,217.92,1
14713,2010-05,240.23,1
14713,2010-06,244.01999999999998,1
14713,2010-07,141.54,1
14713,2010-09,243.12,1
14713,2010-11,787.39,2
14713,2010-12,724.8,2
14713,2011-01,222.24,1
14713,2011-03,261.52,2
14713,2011-05,292.42,1
14713,2011-06,247.60999999999999,1
14713,2011-08,372.24,1
14713,2011-09,207.73,1
14713,2011-11,632.59,2
14714,2010-01,149.0,1
14714,2010-05,314.12,1
14714,2010-10,282.93,1
14714,2011-11,160.19,1
14715,2010-01,286.43,1
14715,2010-05,354.19,1
14715,2010-07,138.35,1
14715,2010-09,163.2,1
14715,2011-01,137.95,1
14715,2011-02,109.5,1
14715,2011-09,347.3,1
14715,2011-11,272.63,1
14716,2010-09,235.77,1
14716,2011-07,181.72,1
14716,2011-10,125.79,1
14717,2009-12,81.3,1
14718,2010-10,226.42,1
14719,2011-04,223.46,1
14719,2011-06,264.66,1
14719,2011-10,299.88,1
14719,2011-11,387.42,1
14719,2011-12,406.42,1
14720,2011-08,155.8,1
14720,2011-09,245.33,1
14720,2011-12,262.68,1
14721,2010-11,109.07,1
14722,2010-08,309.1,2
14722,2011-07,180.42000000000002,1
14723,2009-12,141.63,1
14723,2010-04,136.53,1
14723,2010-06,150.73000000000002,1
14723,2010-10,139.16,1
14723,2010-11,112.65,1
14723,2010-12,699.44,3
14723,2011-10,190.04,1
14723,2011-11,476.67,2
14724,2010-04,341.9,1
14725,2010-06,260.93,2
14725,2010-11,330.35,1
14725,2011-11,655.58,1
14726,2010-02,116.5,1
14727,2010-06,192.45,2
14727,2011-03,268.58,1
14728,2010-10,190.58,1
14729,2010-03,272.75,2
14729,2010-12,626.98,1
14730,2011-03,367.28000000000003,2
14730,2011-04,162.02,1
14730,2011-06,205.69,1
14730,2011-08,137.14,1
14730,2011-10,797.25,2
14730,2011-12,228.19,1
14731,2011-05,251.01999999999998,2
14731,2011-10,129.0,1
14732,2009-12,556.1500000000001,2
14732,2010-01,316.2,1
14732,2010-02,454.84000000000003,3
14732,2010-04,317.62,1
14732,2010-06,162.41,1
14732,2010-07,172.73000000000002,1
14732,2010-11,834.63,2
14732,2011-01,203.1,1
14732,2011-03,470.88,1
14732,2011-05,306.5,1
14732,2011-06,302.72,1
14732,2011-07,335.09999999999997,1
14732,2011-09,308.89,1
14732,2011-11,311.19,1
14732,2011-12,464.11,1
14733,2010-11,4749.24,3
14733,2010-12,6187.24,3
14733,2011-01,2090.0,2
14733,2011-02,493.5,1
14733,2011-03,619.6,1
14733,2011-05,347.26,1
14733,2011-06,441.48,1
14733,2011-07,378.16,1
14733,2011-08,316.98,1
14733,2011-11,541.71,1
14734,2010-06,198.36,1
14734,2010-08,238.72,1
14734,2010-09,388.3,1
14734,2010-10,231.04000000000002,1
14735,2009-12,379.65000000000003,2
14735,2010-01,421.8,2
14735,2010-02,537.26,2
14735,2010-03,619.29,2
14735,2010-04,343.2,1
14735,2010-05,651.8000000000001,2
14735,2010-06,442.77,2
14735,2010-07,527.1,3
14735,2010-08,160.6,1
14735,2010-09,738.0,2
14735,2010-10,807.2,2
14735,2010-11,545.8000000000001,3
14735,2010-12,252.2,1
14735,2011-01,654.2,3
14735,2011-02,110.45000000000002,1
14735,2011-03,525.0,3
14735,2011-04,272.12,3
14735,2011-05,741.44,6
14735,2011-06,331.0,1
14735,2011-07,487.62,3
14735,2011-08,122.28,1
14735,2011-09,835.94,3
14735,2011-11,1161.0,5
14735,2011-12,557.44,1
14736,2010-08,374.05,2
14737,2010-11,2389.62,1
14737,2010-12,434.0,1
14737,2011-08,647.75,1
14737,2011-12,82.8,1
14738,2009-12,311.2,1
14738,2010-05,196.25,1
14738,2011-01,204.77,1
14738,2011-04,162.70000000000002,1
14738,2011-05,158.22,2
14738,2011-07,231.96,1
14738,2011-10,556.8000000000001,2
14739,2009-12,1253.31,2
14739,2010-02,1440.79,3
14739,2010-03,255.02,1
14739,2010-04,403.42,1
14739,2010-05,908.6600000000001,2
14739,2010-06,126.60000000000001,1
14739,2010-07,663.8199999999999,2
14739,2010-08,310.2,1
14739,2010-09,1107.72,3
14739,2010-10,1201.8,2
14739,2010-12,1427.76,1
14739,2011-01,229.56,1
14739,2011-05,364.18,1
14739,2011-09,939.96,1
14739,2011-10,609.78,1
14739,2011-11,509.96,1
14739,2011-12,534.96,1
14740,2010-02,115.25,1
14740,2010-03,314.57,1
14740,2010-05,904.77,2
14740,2010-06,200.85000000000002,1
14740,2010-09,788.29,2
14740,2010-10,389.12,1
14740,2011-03,521.1,1
14740,2011-04,371.4,1
14740,2011-05,555.71,1
14741,2010-10,312.75,1
14741,2010-12,679.8,2
14741,2011-06,173.56,1
14741,2011-08,196.10000000000002,1
14741,2011-10,303.43,1
14741,2011-11,231.95,1
14742,2010-09,579.85,1
14743,2010-04,50.48,1
14744,2010-05,1137.7,4
14744,2010-10,618.3,2
14744,2010-11,804.1,1
14744,2010-12,450.0,1
14744,2011-01,492.03,3
14744,2011-02,211.0,1
14744,2011-10,83.75,1
14744,2011-11,88.2,1
14745,2010-03,415.3,1
14745,2010-05,393.34999999999997,3
14745,2010-07,522.5,3
14745,2011-02,240.60000000000002,1
14745,2011-06,341.07,1
14745,2011-07,358.83,2
14745,2011-08,279.76,1
14746,2010-10,593.5,4
14747,2011-04,328.2,1
14748,2010-03,363.56,1
14748,2010-04,363.56,1
14748,2010-07,1.25,1
14748,2010-09,537.78,2
14748,2010-12,940.84,2
14748,2011-05,300.71,1
14748,2011-08,347.64,1
14748,2011-11,296.98,1
14749,2010-08,310.15,1
14750,2009-12,112.03,1
14751,2009-12,65.10000000000001,1
14751,2010-01,61.349999999999994,1
14752,2011-10,389.64,1
14753,2010-09,306.36,1
14753,2011-09,563.15,1
14754,2010-01,356.61,1
14754,2010-05,118.43,1
14754,2010-06,27.84,1
14754,2010-10,407.0,1
14754,2011-02,228.26999999999998,1
14754,2011-10,409.78,1
14755,2009-12,445.15000000000003,2
14755,2010-01,301.6,1
14755,2010-02,392.20000000000005,1
14755,2010-03,272.45,1
14755,2010-04,386.40000000000003,1
14755,2010-05,347.47,2
14755,2010-07,831.95,2
14755,2010-08,409.25,2
14755,2010-10,965.85,1
14755,2010-11,609.95,1
14755,2011-01,488.46000000000004,1
14755,2011-02,506.02,1
14755,2011-03,307.76,1
14755,2011-05,560.27,1
14755,2011-06,376.77,1
14755,2011-07,312.9,1
14755,2011-08,315.5,1
14755,2011-09,304.3,1
14755,2011-10,443.21,1
14755,2011-11,1395.0900000000001,2
14756,2010-10,1385.7,1
14756,2010-11,479.1,1
14756,2011-11,738.96,1
14757,2011-09,420.5,1
14758,2010-04,442.5,1
14758,2010-07,617.05,1
14758,2010-11,321.36,1
14758,2011-03,654.75,1
14758,2011-04,327.71999999999997,1
14758,2011-05,224.47,1
14758,2011-07,277.12,1
14759,2011-04,572.25,1
14759,2011-08,298.6,1
14759,2011-12,755.12,1
14760,2011-02,89.2,1
14761,2010-09,192.02,1
14761,2011-01,97.5,1
14761,2011-10,158.4,1
14762,2010-03,117.05000000000001,1
14762,2011-03,300.52,1
14764,2011-10,278.3,1
14765,2011-06,80.5,1
14765,2011-08,15.0,1
14765,2011-11,158.61,1
14766,2010-06,1319.53,1
14766,2010-07,702.45,1
14766,2010-08,658.62,1
14766,2010-10,885.97,1
14766,2010-11,335.79,1
14766,2010-12,360.8,1
14766,2011-03,628.66,1
14766,2011-05,357.15000000000003,1
14766,2011-06,365.11,1
14766,2011-09,519.53,1
14766,2011-12,422.52,1
14767,2010-08,382.81,1
14768,2011-08,133.20000000000002,1
14768,2011-11,59.400000000000006,1
14769,2009-12,969.66,1
14769,2010-01,508.72,1
14769,2010-03,662.99,2
14769,2010-06,547.73,1
14769,2010-08,671.38,1
14769,2010-10,897.29,2
14769,2010-11,839.36,1
14769,2010-12,347.01,1
14769,2011-01,523.98,1
14769,2011-03,2309.15,1
14769,2011-05,2454.11,1
14769,2011-07,337.93,1
14769,2011-08,312.66,1
14769,2011-09,3788.52,1
14769,2011-12,341.96999999999997,1
14770,2010-02,936.28,1
14770,2010-04,979.83,2
14770,2010-05,376.63,1
14770,2010-07,164.82,1
14770,2010-08,303.66,1
14770,2011-01,278.6,1
14770,2011-04,597.8199999999999,1
14771,2009-12,287.37,1
14771,2010-03,307.25,1
14772,2011-08,139.26,1
14773,2010-04,140.55,1
14774,2010-06,241.45,1
14775,2010-12,813.12,1
14775,2011-07,294.9,1
14775,2011-10,310.44,1
14776,2010-09,287.7,1
14776,2010-10,579.12,2
14776,2010-11,303.18,1
14776,2011-01,558.36,1
14776,2011-04,301.68,1
14776,2011-05,214.56,1
14776,2011-06,394.56,3
14776,2011-07,201.96,1
14776,2011-08,191.1,1
14776,2011-10,676.08,3
14777,2010-11,307.56,1
14778,2011-02,334.05,1
14778,2011-08,396.81,1
14779,2011-01,348.15,2
14779,2011-03,38.0,1
14780,2011-09,332.8,1
14780,2011-10,114.88,1
14782,2011-01,200.10000000000002,1
14783,2010-02,307.3,1
14784,2010-11,159.94,1
14784,2011-01,114.68,1
14784,2011-11,175.31,1
14785,2011-11,77.4,2
14786,2010-06,90.96,1
14787,2010-08,110.65,1
14788,2010-04,476.88,1
14788,2011-11,368.45,1
14788,2011-12,310.99,1
14789,2011-11,197.64,1
14790,2009-12,567.96,2
14790,2010-04,232.92,1
14790,2010-06,234.56,1
14790,2010-10,497.10999999999996,1
14790,2010-11,249.01000000000002,1
14790,2011-03,152.16,1
14790,2011-08,211.88,1
14790,2011-11,381.02,2
14791,2010-04,303.63,1
14792,2011-10,6.2,1
14793,2010-06,396.91,1
14793,2011-11,228.99,1
14794,2010-08,121.59,1
14794,2010-09,368.8,1
14794,2010-11,143.6,1
14794,2011-01,179.1,1
14794,2011-03,299.98,2
14794,2011-05,200.45999999999998,1
14794,2011-11,435.51,2
14794,2011-12,204.86,1
14795,2011-06,131.45000000000002,1
14796,2009-12,266.02,1
14796,2010-01,208.57,1
14796,2010-03,147.46,1
14796,2010-04,126.5,1
14796,2010-09,367.75,2
14796,2010-10,299.1,1
14796,2010-11,778.44,3
14796,2010-12,1700.03,2
14796,2011-01,293.74,1
14796,2011-02,681.34,2
14796,2011-03,631.0,2
14796,2011-04,420.98,1
14796,2011-05,415.02,1
14796,2011-06,539.81,1
14796,2011-07,1111.42,2
14796,2011-08,624.4300000000001,1
14796,2011-09,833.0600000000001,1
14796,2011-10,596.75,1
14796,2011-11,401.78,1
14796,2011-12,395.78000000000003,1
14797,2010-07,300.31,1
14798,2010-03,187.37,1
14798,2010-04,147.12,1
14798,2010-06,195.68,2
14798,2010-11,20.4,1
14798,2011-02,75.68,1
14798,2011-07,21.72,1
14798,2011-10,76.34,1
14799,2009-12,180.45,1
14799,2011-10,157.7,1
14800,2010-09,455.3,1
14800,2010-10,1279.61,3
14800,2010-11,1113.3799999999999,1
14800,2010-12,1775.69,2
14800,2011-01,533.79,1
14800,2011-03,629.25,1
14800,2011-05,804.76,2
14800,2011-06,198.46,1
14800,2011-07,282.66,1
14800,2011-08,163.72,1
14800,2011-09,107.06,1
14800,2011-10,392.24,2
14801,2011-10,189.34,1
14803,2011-02,542.15,1
14803,2011-03,188.64,1
14803,2011-06,114.76,1
14804,2011-12,353.27,1
14805,2010-03,197.78,1
14805,2010-07,157.97,1
14805,2010-10,180.4,1
14805,2011-01,109.25,1
14805,2011-10,136.4,1
14805,2011-11,300.75,2
14806,2010-09,110.03999999999999,1
14806,2011-09,193.39000000000001,1
14807,2010-02,349.64,1
14807,2010-11,154.5,1
14808,2011-06,920.51,3
14808,2011-07,913.31,3
14808,2011-09,350.59,1
14808,2011-10,534.19,1
14809,2010-03,686.76,2
14810,2010-10,268.7,2
14810,2010-12,355.78,1
14810,2011-01,146.55,1
14810,2011-02,317.3,2
14810,2011-03,266.45,2
14810,2011-04,171.06,1
14810,2011-05,196.9,1
14810,2011-07,238.4,1
14810,2011-08,352.23,1
14810,2011-10,218.55,1
14811,2010-11,170.5,1
14812,2010-04,178.85,1
14813,2010-04,435.66,1
14813,2010-11,300.37,1
14813,2010-12,305.76,2
14814,2010-05,152.96,1
14815,2011-10,551.58,1
14815,2011-11,226.92,1
14816,2011-05,271.85,1
14817,2010-03,496.03,1
14817,2010-04,391.35,1
14817,2010-07,522.35,1
14817,2010-10,572.25,1
14817,2010-11,617.54,1
14817,2011-03,530.79,1
14817,2011-05,479.55,1
14818,2010-03,105.55,1
14818,2010-07,267.65000000000003,1
14818,2010-09,122.56,1
14818,2011-03,118.25,1
14818,2011-06,291.38,1
14818,2011-09,248.17000000000002,1
14819,2009-12,29.79,1
14819,2010-08,154.55,1
14819,2011-05,84.72,1
14819,2011-10,187.35,1
14820,2010-01,115.2,1
14820,2010-04,149.92000000000002,1
14820,2010-10,252.9,1
14820,2010-11,249.45,2
14820,2011-06,139.77,1
14820,2011-09,102.42,1
14820,2011-11,265.1,2
14821,2010-02,89.45,2
14821,2010-03,204.2,1
14821,2010-11,887.7,3
14821,2010-12,97.60000000000001,1
14822,2010-08,157.70000000000002,1
14823,2011-05,210.65,2
14823,2011-06,110.78,1
14824,2010-03,795.5,1
14824,2010-04,399.6,1
14824,2010-05,419.55,1
14824,2010-10,840.9000000000001,2
14824,2010-11,439.65000000000003,1
14824,2011-09,755.51,2
14824,2011-11,372.20000000000005,2
14825,2010-04,387.68,2
14825,2010-05,128.6,1
14825,2010-06,568.2,3
14825,2010-07,309.48,1
14825,2010-09,179.39000000000001,2
14825,2010-10,267.1,1
14825,2010-11,673.62,2
14825,2010-12,580.53,2
14825,2011-02,235.44,1
14825,2011-03,247.4,1
14825,2011-05,140.70000000000002,1
14825,2011-06,181.45000000000002,1
14825,2011-08,132.05,1
14825,2011-09,160.20000000000002,1
14825,2011-10,151.24,1
14825,2011-11,475.01,2
14825,2011-12,101.09,1
14826,2010-01,177.9,1
14826,2010-05,207.3,1
14828,2009-12,682.4,1
14828,2010-01,2301.96,2
14828,2010-03,321.48,1
14828,2010-05,1442.32,1
14828,2010-07,1062.48,2
14828,2010-09,554.12,1
14828,2010-10,616.5,1
14828,2010-11,718.44,1
14828,2011-01,582.0,1
14828,2011-03,493.92,1
14828,2011-05,1063.8400000000001,1
14829,2010-09,345.9,1
14829,2010-11,412.42,2
14829,2010-12,622.3,2
14829,2011-06,146.3,1
14829,2011-11,165.92,1
14830,2011-10,188.03,1
14831,2009-12,833.75,2
14831,2010-01,842.82,1
14833,2010-07,94.8,1
14834,2010-10,485.86,1
14834,2011-04,243.69,1
14834,2011-08,185.61,1
14834,2011-09,421.90000000000003,1
14834,2011-10,343.94,1
14834,2011-11,525.16,2
14835,2010-04,178.2,1
14835,2010-06,118.8,1
14836,2011-11,102.44999999999999,3
14837,2010-01,277.68,1
14837,2010-04,465.55,1
14837,2010-08,693.97,2
14837,2010-09,373.62,1
14837,2011-05,492.26,1
14837,2011-06,465.18,1
14837,2011-08,388.12,1
14837,2011-09,303.94,1
14838,2009-12,119.10000000000001,1
14838,2010-10,650.82,1
14839,2010-01,425.06,1
14839,2010-05,184.02,1
14839,2010-10,306.2,1
14840,2010-06,299.86,1
14840,2011-03,62.85,1
14841,2009-12,1215.8,3
14841,2010-03,411.79,1
14841,2010-06,530.76,1
14841,2010-08,481.74,1
14841,2010-11,1227.15,2
14841,2010-12,395.16,1
14841,2011-02,596.79,1
14841,2011-03,789.9,1
14841,2011-06,593.72,1
14841,2011-10,920.19,2
14842,2011-02,310.0,1
14842,2011-06,1378.48,1
14842,2011-09,213.04000000000002,1
14842,2011-10,923.17,1
14843,2010-09,211.79999999999998,1
14844,2010-04,1160.66,1
14844,2010-07,1188.88,1
14844,2010-08,340.96000000000004,1
14844,2010-10,822.12,3
14844,2011-04,874.5500000000001,1
14844,2011-06,668.8,1
14844,2011-08,714.33,1
14844,2011-10,932.13,1
14845,2010-04,150.0,1
14846,2010-10,437.4,1
14847,2010-05,304.79999999999995,1
14847,2010-10,734.75,1
14847,2011-07,309.4,1
14848,2010-10,310.56,1
14849,2010-01,497.20000000000005,1
14849,2010-02,515.88,1
14849,2010-03,1011.62,2
14849,2010-04,758.1800000000001,1
14849,2010-05,165.6,1
14849,2010-06,1061.26,3
14849,2010-07,870.9,2
14849,2010-08,801.64,2
14849,2010-10,1363.3,3
14849,2010-11,431.49,2
14849,2010-12,922.73,5
14849,2011-01,459.84000000000003,1
14849,2011-02,401.29999999999995,2
14849,2011-04,422.34000000000003,1
14849,2011-05,562.54,1
14849,2011-06,984.74,2
14849,2011-07,813.89,1
14849,2011-08,813.71,2
14849,2011-09,759.28,2
14849,2011-10,785.35,2
14849,2011-11,1360.66,6
14850,2010-05,473.32,2
14850,2010-10,971.89,4
14850,2011-02,325.75,1
14851,2010-03,318.06,1
14851,2011-03,206.13,1
14851,2011-11,305.22,1
14852,2010-03,427.04,2
14852,2010-04,424.2,1
14852,2010-06,533.84,1
14852,2010-07,400.16,3
14852,2010-08,746.1800000000001,2
14852,2010-09,396.46,1
14852,2010-10,367.86,2
14852,2011-04,490.4,1
14852,2011-06,717.85,2
14852,2011-07,425.96,1
14852,2011-09,554.21,1
14852,2011-10,648.27,1
14853,2010-04,420.47,1
14853,2010-06,161.4,1
14853,2010-10,319.2,1
14853,2011-05,214.5,1
14853,2011-11,261.3,1
14854,2010-01,302.06,1
14854,2010-05,646.85,1
14854,2010-07,306.67,1
14854,2010-11,307.45,1
14854,2011-03,462.28000000000003,1
14854,2011-04,729.05,2
14854,2011-06,722.05,2
14854,2011-07,368.45,1
14854,2011-09,458.2,1
14855,2010-04,1623.8,1
14855,2010-07,3113.61,2
14855,2010-08,1137.24,2
14855,2011-07,306.35,1
14855,2011-08,339.3,1
14856,2011-10,982.42,1
14856,2011-11,308.11,2
14857,2010-03,843.471,2
14857,2010-06,743.35,1
14857,2010-09,891.91,2
14857,2011-07,522.52,1
14857,2011-10,650.6,1
14858,2010-07,180.75,1
14859,2010-06,351.9,1
14859,2011-05,296.86,1
14859,2011-09,630.26,1
14859,2011-11,426.62,2
14860,2011-11,170.32,1
14861,2009-12,215.0,1
14861,2010-01,285.83,1
14861,2010-02,105.53,1
14861,2010-07,162.77,2
14861,2010-08,12.5,1
14861,2010-10,303.15000000000003,1
14861,2010-11,170.16,2
14861,2011-10,125.79,1
14862,2011-07,304.09999999999997,1
14862,2011-11,537.1,1
14863,2011-11,266.76,1
14865,2009-12,31.200000000000003,1
14865,2010-11,9.120000000000001,1
14865,2010-12,74.4,1
14865,2011-12,15.0,1
14866,2010-09,2487.2,1
14866,2010-10,3859.44,5
14866,2010-12,207.35999999999999,1
14866,2011-07,82.92,1
14866,2011-08,940.8,1
14866,2011-09,5639.52,1
14866,2011-10,4905.22,3
14866,2011-11,2681.26,4
14867,2009-12,203.32,1
14867,2010-01,133.51999999999998,1
14867,2010-02,199.65,2
14867,2010-03,158.79999999999998,2
14867,2010-04,626.91,2
14867,2010-05,474.64,3
14867,2010-06,86.54,1
14867,2010-11,358.40000000000003,1
14867,2011-01,300.74,1
14867,2011-05,313.4,1
14867,2011-06,96.14,1
14868,2010-10,606.25,2
14868,2010-11,624.1700000000001,2
14868,2011-04,439.33,1
14868,2011-07,457.14,2
14868,2011-08,400.6,1
14868,2011-09,337.70000000000005,1
14868,2011-11,928.73,2
14868,2011-12,390.09000000000003,1
14869,2009-12,371.48,1
14869,2010-02,749.08,1
14869,2010-08,436.23,1
14869,2010-11,499.9,1
14869,2011-08,387.06,1
14869,2011-12,334.39,1
14870,2010-01,332.55,1
14870,2010-03,399.55,1
14870,2010-07,387.55,2
14870,2010-10,392.05,1
14870,2011-03,327.25,1
14871,2009-12,319.65000000000003,2
14871,2010-03,143.07,1
14871,2010-06,148.07,1
14871,2010-08,116.1,1
14871,2010-12,120.95,1
14871,2011-03,108.2,1
14871,2011-06,106.15,1
14871,2011-12,165.98000000000002,1
14872,2010-03,303.98,1
14872,2010-05,202.78,1
14872,2010-08,309.84000000000003,1
14873,2010-03,334.45,1
14873,2011-05,519.68,1
14874,2010-06,116.18,1
14875,2010-09,1397.08,1
14875,2011-03,362.0,1
14875,2011-08,1103.32,1
14876,2010-05,203.6,1
14876,2010-07,53.1,1
14877,2010-03,206.7,1
14877,2010-10,219.15,1
14878,2010-02,451.04,3
14878,2010-03,153.83,2
14878,2010-04,260.95,1
14878,2010-05,213.74,1
14878,2010-06,262.0,1
14878,2010-07,168.0,1
14878,2010-08,229.21,2
14878,2010-09,111.56,1
14878,2010-10,390.83000000000004,3
14878,2010-11,359.25,1
14878,2010-12,322.01,1
14878,2011-02,111.88,1
14878,2011-03,197.89,1
14878,2011-05,219.96,1
14878,2011-06,231.28,2
14878,2011-09,101.24,1
14878,2011-11,291.83,2
14879,2010-01,185.06,1
14880,2011-02,129.2,1
14880,2011-06,218.47,1
14880,2011-09,342.92,1
14881,2011-11,255.4,1
14882,2010-03,171.9,1
14882,2010-04,112.20000000000002,1
14882,2010-06,177.5,2
14882,2010-07,642.7,4
14882,2010-11,1852.65,4
14882,2011-11,589.7,2
14883,2011-05,310.56,1
14883,2011-06,47.92,1
14883,2011-09,213.51,2
14883,2011-10,94.08,1
14883,2011-11,95.52000000000001,1
14884,2010-02,120.6,1
14885,2010-08,241.2,1
14885,2010-10,591.6,1
14885,2011-07,765.3199999999999,1
14886,2011-04,364.8,1
14887,2011-09,1862.0,1
14888,2011-05,369.2,1
14889,2011-01,135.9,1
14890,2010-02,301.78999999999996,1
14890,2010-03,389.81,1
14890,2011-03,125.65,1
14891,2010-09,201.0,1
14891,2010-10,351.35,1
14891,2011-06,449.38,1
14891,2011-07,105.0,1
14892,2010-01,202.35000000000002,1
14893,2010-04,571.76,1
14893,2011-11,1237.8500000000001,2
14894,2009-12,299.70000000000005,1
14894,2010-09,537.36,1
14894,2011-09,655.75,1
14895,2009-12,1817.55,2
14895,2010-02,1609.1000000000001,1
14895,2010-03,1374.2,2
14895,2010-04,181.5,1
14895,2010-05,1284.79,2
14895,2010-06,1072.45,2
14895,2010-07,1016.54,4
14895,2010-08,3963.76,1
14895,2010-11,1660.94,3
14895,2011-02,2346.34,1
14895,2011-04,500.35,1
14895,2011-05,1073.09,1
14895,2011-06,809.98,2
14895,2011-07,479.03000000000003,3
14895,2011-08,872.9200000000001,2
14895,2011-09,1893.08,3
14895,2011-10,1467.3799999999999,3
14895,2011-11,770.92,1
14895,2011-12,925.62,3
14896,2009-12,298.25,1
14896,2010-01,319.55,1
14896,2010-03,316.94,2
14896,2010-07,422.49,2
14896,2010-12,514.44,1
14896,2011-05,211.55,1
14897,2009-12,301.16,1
14897,2010-04,320.5,1
14897,2010-09,567.6,1
14897,2010-10,584.9,1
14897,2011-02,175.5,1
14897,2011-09,169.9,1
14897,2011-10,400.91999999999996,1
14897,2011-12,620.0600000000001,1
14898,2009-12,662.71,2
14898,2010-02,199.25,1
14898,2010-04,182.42,1
14898,2010-07,396.29,2
14898,2010-09,214.62,1
14898,2010-11,441.35,1
14898,2010-12,197.0,1
14898,2011-01,157.2,1
14898,2011-02,168.35,1
14898,2011-04,186.88,1
14898,2011-07,380.25,1
14898,2011-11,278.13,1
14899,2010-11,1331.38,1
14900,2010-07,13.919999999999998,1
14901,2010-07,173.36,1
14901,2010-09,123.6,1
14901,2010-10,200.75,1
14901,2010-12,859.4499999999999,3
14901,2011-08,325.07,2
14901,2011-09,271.71000000000004,2
14901,2011-11,327.46,2
14902,2010-06,398.40000000000003,1
14902,2010-11,304.56,1
14902,2011-11,332.66,1
14903,2011-03,529.88,1
14903,2011-04,580.58,1
14903,2011-05,686.47,1
14903,2011-08,601.6899999999999,1
14903,2011-11,396.71,1
14904,2010-10,605.05,2
14904,2011-11,396.96,1
14904,2011-12,628.48,1
14905,2009-12,258.1,1
14905,2010-03,113.80000000000001,1
14905,2010-04,302.3,1
14905,2010-07,303.5,1
14905,2010-10,226.04000000000002,1
14905,2010-11,151.5,1
14905,2011-04,308.55,1
14905,2011-07,307.6,1
14907,2010-04,294.72,1
14907,2010-10,933.83,5
14907,2010-11,818.07,3
14907,2010-12,1578.76,3
14907,2011-07,971.13,1
14907,2011-09,676.36,1
14907,2011-11,416.56,1
14907,2011-12,476.36,1
14908,2010-09,104.10000000000001,1
14908,2011-09,277.8,1
14909,2010-02,352.5,1
14909,2010-05,752.78,1
14909,2010-09,299.4,1
14910,2011-10,214.41,1
14910,2011-11,109.14,2
14910,2011-12,110.8,1
14911,2009-12,6215.99,8
14911,2010-01,8777.42,6
14911,2010-02,8638.31,10
14911,2010-03,10487.0,15
14911,2010-04,4400.36,6
14911,2010-05,10454.88,11
14911,2010-06,11773.82,18
14911,2010-07,7652.56,14
14911,2010-08,5520.17,13
14911,2010-09,22525.96,20
14911,2010-10,24285.04,27
14911,2010-11,15359.45,27
14911,2010-12,11749.52,13
14911,2011-01,4929.47,6
14911,2011-02,1321.19,4
14911,2011-03,6677.84,13
14911,2011-04,4372.32,8
14911,2011-05,9181.64,15
14911,2011-06,9703.2,17
14911,2011-07,13062.58,16
14911,2011-08,11895.49,11
14911,2011-09,20754.12,28
14911,2011-10,18001.39,24
14911,2011-11,21945.73,34
14911,2011-12,6828.92,9
14912,2010-04,457.33,1
14912,2010-11,524.4,2
14912,2011-04,482.78999999999996,1
14912,2011-11,385.06,1
14913,2010-08,651.46,1
14913,2010-09,1181.89,1
14913,2010-10,653.25,1
14913,2010-11,359.1,1
14913,2010-12,300.87,1
14913,2011-03,314.96,1
14913,2011-06,301.32,1
14913,2011-11,310.28000000000003,1
14915,2009-12,202.06,1
14915,2010-03,165.20000000000002,1
14915,2010-05,170.05,1
14915,2010-06,121.3,1
14915,2010-09,347.49,1
14915,2010-10,221.10000000000002,2
14915,2010-11,276.57,2
14915,2011-03,142.28,1
14915,2011-09,165.20000000000002,1
14916,2010-04,714.39,2
14916,2010-05,504.42,1
14916,2010-10,555.1600000000001,1
14916,2011-01,295.05,1
14916,2011-07,406.22999999999996,1
14916,2011-09,567.7,2
14917,2010-04,1123.75,2
14918,2010-04,855.35,1
14918,2010-06,652.52,2
14918,2010-07,611.7,1
14918,2010-08,445.98,1
14918,2010-09,750.82,1
14918,2010-10,1029.29,1
14918,2011-07,765.4200000000001,1
14918,2011-08,844.73,1
14919,2010-06,359.35,1
14920,2010-05,629.4,1
14920,2011-05,977.77,2
14921,2011-05,903.01,1
14921,2011-11,413.06,1
14922,2010-07,540.29,1
14922,2010-11,303.45,1
14923,2011-10,749.1,1
14924,2010-03,310.14,1
14924,2010-04,310.82,1
14924,2011-04,310.05,1
14926,2010-04,220.2,1
14926,2010-11,139.2,1
14927,2010-11,308.2,1
14928,2010-03,223.91000000000003,1
14929,2010-10,612.8100000000001,1
14929,2011-11,223.88,1
14930,2010-04,926.82,1
14930,2010-05,1078.81,1
14930,2010-08,868.14,1
14930,2011-03,1104.13,1
14930,2011-08,1258.83,2
14931,2011-04,243.0,1
14931,2011-09,261.65,1
14931,2011-11,161.63,1
14931,2011-12,198.4,1
14932,2010-11,252.6,1
14932,2010-12,627.06,1
14933,2010-09,1770.0,4
14934,2010-09,930.33,2
14934,2010-11,582.23,1
14934,2011-03,828.84,1
14934,2011-09,1062.1,1
14935,2010-03,1065.12,1
14935,2011-02,1784.71,1
14936,2010-05,1194.48,2
14936,2010-09,1735.4099999999999,1
14936,2010-11,1343.9,1
14936,2011-03,1576.3600000000001,1
14936,2011-06,2060.0299999999997,1
14936,2011-08,1436.49,1
14936,2011-10,1761.0,3
14936,2011-11,1303.14,2
14937,2011-08,759.56,1
14937,2011-10,862.3199999999999,2
14938,2010-05,2322.43,2
14940,2009-12,182.01,1
14940,2010-10,349.48,1
14941,2010-05,182.1,1
14942,2009-12,109.35,1
14942,2010-03,119.75999999999999,1
14942,2010-04,211.67000000000002,1
14942,2010-11,305.78,1
14943,2010-02,107.62,1
14944,2010-02,1143.0,2
14944,2010-04,385.3,1
14944,2010-08,883.4200000000001,1
14944,2010-09,915.1,2
14944,2010-11,457.6,1
14944,2011-02,754.29,2
14944,2011-05,570.04,2
14944,2011-06,507.70000000000005,1
14944,2011-07,675.7,1
14944,2011-09,2414.78,3
14944,2011-11,977.74,3
14945,2010-10,179.4,1
14946,2011-11,100.9,1
14947,2010-03,322.6,1
14947,2010-04,149.0,1
14947,2010-06,116.92,1
14947,2010-11,170.45000000000002,1
14947,2011-08,178.5,1
14947,2011-09,112.32,1
14948,2011-05,278.4,1
14948,2011-07,265.27,1
14948,2011-08,13.2,1
14948,2011-09,277.4,2
14948,2011-11,267.7,1
14949,2009-12,86.46000000000001,1
14949,2010-01,125.63000000000001,1
14949,2010-03,118.68,1
14949,2010-08,184.23000000000002,1
14950,2011-11,371.2,1
14951,2011-09,311.69,1
14952,2009-12,590.1,2
14952,2010-01,586.88,1
14952,2010-02,2214.96,2
14952,2010-04,710.58,4
14952,2010-05,597.68,3
14952,2010-07,450.2,1
14952,2010-08,450.0,1
14952,2010-09,2639.76,4
14952,2010-10,570.4,1
14952,2010-11,719.3,2
14952,2010-12,686.16,1
14952,2011-02,1497.67,2
14952,2011-05,1350.78,4
14952,2011-09,3189.64,2
14952,2011-10,1375.24,2
14953,2010-09,269.63,1
14953,2010-10,413.52,2
14953,2011-11,285.67,1
14954,2010-01,167.27,1
14954,2011-11,294.85,1
14955,2009-12,163.77,1
14956,2010-10,1325.0,1
14957,2010-03,203.2,1
14957,2011-03,58.49,1
14958,2009-12,186.36,1
14958,2010-03,149.3,1
14958,2010-04,122.6,1
14958,2011-04,194.7,1
14958,2011-06,181.63,1
14958,2011-07,107.39999999999999,1
14959,2011-02,178.66,1
14959,2011-05,243.72,1
14959,2011-08,114.94,1
14959,2011-10,158.1,1
14960,2011-06,88.3,1
14960,2011-12,132.97,1
14961,2009-12,2608.4700000000003,2
14961,2010-04,1753.15,2
14961,2010-06,336.3,1
14961,2010-07,1882.1,2
14961,2010-10,1571.55,3
14961,2010-11,1213.9,3
14961,2010-12,1182.7,2
14961,2011-02,920.33,1
14961,2011-04,1076.63,2
14961,2011-07,727.32,1
14961,2011-09,1992.95,2
14961,2011-11,1144.75,1
14962,2010-05,187.11,2
14962,2010-06,53.10000000000001,1
14962,2011-03,126.7,1
14963,2010-07,189.66,1
14963,2010-09,331.62,1
14963,2010-10,622.25,3
14963,2010-11,507.7,2
14963,2011-06,294.2,1
14963,2011-10,314.15,1
14963,2011-11,863.99,3
14964,2011-04,206.21,1
14965,2011-09,596.09,2
14966,2009-12,324.47,2
14966,2010-11,556.77,3
14966,2011-11,183.02,1
14967,2009-12,236.25,1
14967,2010-02,533.36,1
14967,2010-09,749.2,3
14967,2011-10,463.8,1
14968,2010-09,349.9,1
14968,2011-11,147.59,1
14969,2010-01,906.23,1
14970,2010-02,395.8,2
14970,2010-03,658.0,1
14970,2010-05,552.88,1
14970,2010-06,1248.11,3
14970,2010-10,472.5,1
14970,2011-01,337.5,1
14970,2011-04,444.75,1
14970,2011-07,337.5,1
14970,2011-10,472.31,1
14971,2011-10,606.61,1
14971,2011-11,491.37,2
14972,2010-11,30.300000000000004,1
14972,2011-08,114.77,1
14973,2011-04,654.6,1
14973,2011-07,356.89,1
14973,2011-08,302.96000000000004,1
14974,2011-11,89.94,1
14975,2010-10,192.45,1
14975,2011-10,279.94,1
14976,2011-01,155.95,1
14976,2011-03,115.57000000000001,1
14976,2011-05,178.74,1
14976,2011-08,109.7,1
14976,2011-10,214.9,2
14977,2009-12,31.929999999999996,1
14978,2010-04,250.04,1
14978,2010-06,407.12,2
14978,2010-07,200.42000000000002,1
14978,2010-10,333.24,1
14978,2011-01,681.59,2
14978,2011-02,450.81,1
14978,2011-04,394.83000000000004,1
14978,2011-09,394.14,1
14979,2009-12,429.66,1
14980,2009-12,150.68,1
14981,2010-10,270.8,1
14981,2011-04,102.12,1
14982,2010-05,234.88,1
14983,2010-01,183.20000000000002,1
14984,2010-01,117.0,1
14984,2010-06,392.5,2
14984,2010-11,548.64,1
14984,2011-06,102.23,1
14984,2011-11,100.14,1
14985,2010-12,119.77,1
14985,2011-05,172.24,1
14986,2010-01,323.38,1
14986,2010-11,239.72,1
14987,2009-12,566.6999999999999,4
14987,2010-11,657.55,2
14987,2010-12,326.4,1
14987,2011-11,163.2,1
14988,2010-04,370.59,1
14988,2010-05,120.83,1
14988,2010-09,380.62,1
14988,2010-11,832.07,3
14988,2011-05,334.54,1
14989,2010-02,342.4,1
14990,2009-12,200.23999999999998,1
14990,2010-04,103.93,1
14991,2010-10,314.67,1
14992,2010-09,210.5,1
14993,2010-05,36.13,1
14994,2010-03,181.7,1
14994,2010-04,164.74,1
14994,2010-09,219.81,1
14994,2010-11,376.52,2
14995,2011-03,119.31,1
14995,2011-11,112.67,1
14996,2010-08,442.28999999999996,2
14997,2010-02,230.4,1
14997,2011-06,155.28,1
14997,2011-09,278.4,1
14997,2011-10,112.52,1
14998,2010-04,113.49,1
14998,2010-10,224.82,1
14998,2011-04,183.64,1
14998,2011-06,231.23,1
14999,2010-04,129.48000000000002,1
15000,2011-10,490.52,1
15001,2010-11,197.10999999999999,2
15002,2010-01,1067.6299999999999,2
15002,2010-02,480.09000000000003,1
15002,2010-06,462.2,1
15002,2010-07,486.40000000000003,1
15002,2010-12,1263.3,1
15002,2011-01,261.5,1
15002,2011-02,254.44,1
15002,2011-08,494.17,1
15003,2010-01,361.71,1
15003,2010-02,203.1,2
15003,2010-03,290.89,2
15003,2010-08,171.32999999999998,1
15004,2011-07,1220.38,1
15005,2009-12,892.66,3
15005,2010-01,196.52,1
15005,2010-02,367.55,2
15005,2010-03,735.1,3
15005,2010-04,723.87,3
15005,2010-05,512.41,2
15005,2010-06,881.6899999999999,3
15005,2010-07,537.64,2
15005,2010-08,551.05,2
15005,2010-09,615.2,2
15005,2010-10,265.3,1
15005,2010-11,1179.92,4
15005,2010-12,692.91,2
15005,2011-01,141.05,1
15005,2011-02,203.58,1
15005,2011-03,468.65999999999997,2
15005,2011-04,591.0600000000001,3
15005,2011-05,777.09,3
15005,2011-06,821.4,3
15005,2011-07,409.79,2
15005,2011-08,429.49,2
15005,2011-09,619.61,3
15005,2011-10,511.39,3
15005,2011-11,850.14,3
15006,2010-09,277.4,1
15006,2011-10,475.43,1
15007,2011-07,156.91,1
15008,2010-03,120.0,1
15008,2010-08,240.0,1
15009,2011-11,1259.43,3
15010,2011-11,308.94,1
15011,2010-10,223.0,1
15011,2010-11,193.6,1
15012,2010-05,241.22,1
15012,2010-12,377.12,1
15012,2011-10,216.48,1
15013,2010-01,214.07,1
15013,2010-02,284.72,2
15013,2010-03,174.14000000000001,1
15013,2010-04,237.94,2
15013,2010-05,203.65,1
15013,2010-06,118.35,1
15013,2010-07,223.79,1
15013,2010-08,154.16,1
15014,2011-06,117.72999999999999,1
15014,2011-10,139.94,1
15015,2009-12,129.6,1
15015,2010-01,117.80000000000001,1
15015,2010-02,306.97,3
15015,2010-03,489.05,3
15015,2010-04,614.92,2
15015,2010-05,226.74,1
15015,2010-07,459.39,2
15016,2010-06,140.31,1
15016,2010-10,174.52,1
15016,2010-11,136.02,2
15016,2011-06,170.04,1
15017,2011-11,125.58,1
15018,2010-12,222.5,1
15018,2011-04,180.09,1
15018,2011-11,204.87,1
15019,2011-03,252.81,1
15020,2010-11,198.47,1
15021,2010-07,235.07,1
15021,2010-11,393.75,2
15021,2010-12,396.18,1
15021,2011-03,188.7,1
15021,2011-05,277.97,1
15021,2011-06,213.09,1
15021,2011-07,202.38,1
15021,2011-09,305.13,1
15021,2011-11,244.44,2
15021,2011-12,241.97,1
15022,2010-01,281.05,1
15022,2011-10,317.88,1
15022,2011-11,534.51,3
15023,2010-02,684.58,1
15023,2010-04,475.60999999999996,1
15023,2010-05,748.51,2
15023,2010-06,814.98,2
15023,2010-07,785.19,1
15023,2010-09,704.17,1
15023,2010-11,640.95,1
15023,2010-12,858.8000000000001,1
15023,2011-01,554.95,1
15023,2011-03,746.84,1
15023,2011-05,1025.29,1
15023,2011-06,817.83,1
15023,2011-07,763.88,2
15023,2011-08,670.88,1
15023,2011-10,1000.8000000000001,2
15023,2011-12,691.64,1
15024,2010-10,762.55,2
15024,2010-11,1160.41,4
15024,2010-12,982.44,2
15024,2011-02,189.37,1
15024,2011-08,150.03,2
15024,2011-10,222.11,2
15024,2011-11,583.7,3
15025,2010-05,609.88,1
15025,2011-11,361.96,1
15026,2010-09,370.94,1
15026,2010-11,208.95,1
15026,2011-03,108.97999999999999,1
15026,2011-04,121.80000000000001,1
15026,2011-09,233.42,1
15027,2010-03,525.34,1
15027,2010-05,630.82,3
15027,2010-11,973.29,2
15027,2011-04,341.4,1
15027,2011-05,312.71999999999997,1
15027,2011-06,312.85,1
15027,2011-11,99.18,1
15028,2010-11,335.81,2
15028,2010-12,371.94,1
15028,2011-10,326.46,2
15028,2011-12,114.7,1
15029,2010-03,365.1,1
15030,2010-03,615.6,2
15030,2010-06,330.93,1
15030,2010-10,406.80000000000007,2
15030,2010-11,108.30000000000001,1
15030,2011-03,152.76,1
15030,2011-09,365.52000000000004,1
15031,2009-12,249.17,1
15031,2010-01,274.63,1
15031,2010-02,768.94,2
15031,2010-04,240.41,1
15031,2010-05,187.99,1
15031,2010-06,224.7,1
15031,2010-11,503.91,3
15031,2011-03,150.83,1
15031,2011-08,110.96000000000001,1
15031,2011-11,230.82,1
15031,2011-12,160.58,1
15032,2009-12,1505.4,1
15032,2010-04,618.55,1
15032,2010-08,660.0,1
15032,2010-09,1980.0,1
15032,2010-10,1287.0,1
15032,2010-12,5541.2,2
15032,2011-03,2188.5,1
15033,2011-01,556.55,1
15033,2011-03,179.73,1
15033,2011-05,416.04,1
15033,2011-07,169.8,1
15033,2011-08,283.53000000000003,2
15033,2011-10,507.39,2
15033,2011-11,273.04,1
15033,2011-12,167.8,1
15034,2010-05,698.87,1
15034,2010-07,411.83,1
15034,2010-09,668.64,1
15034,2010-10,660.4,1
15034,2010-11,1517.3,2
15034,2010-12,820.4,1
15034,2011-01,583.45,1
15034,2011-03,246.76000000000002,1
15034,2011-04,989.77,2
15034,2011-09,624.03,1
15034,2011-11,1009.75,2
15035,2011-09,252.73000000000002,1
15036,2011-06,212.49,2
15036,2011-09,217.07,1
15037,2010-11,397.76,2
15038,2010-10,288.54,2
15038,2010-11,172.25,1
15038,2010-12,237.76,1
15038,2011-04,157.6,1
15038,2011-05,105.13,1
15038,2011-06,116.09,1
15038,2011-10,188.04,2
15039,2009-12,579.52,3
15039,2010-01,422.85,3
15039,2010-02,124.78,1
15039,2010-03,294.28000000000003,3
15039,2010-04,566.78,2
15039,2010-05,930.49,3
15039,2010-06,3894.52,6
15039,2010-07,2483.37,5
15039,2010-08,2229.38,6
15039,2010-09,1968.6100000000001,4
15039,2010-10,2061.82,4
15039,2010-11,3818.4900000000002,6
15039,2010-12,1877.07,2
15039,2011-01,2754.95,6
15039,2011-02,2083.81,5
15039,2011-03,1990.32,4
15039,2011-04,2290.3,4
15039,2011-05,2465.92,4
15039,2011-06,2552.21,5
15039,2011-07,851.65,3
15039,2011-08,1221.74,3
15039,2011-09,1152.63,3
15039,2011-10,300.87,3
15039,2011-11,810.53,5
15040,2010-06,7.49,1
15041,2010-09,109.05,1
15041,2011-06,179.93,1
15042,2010-04,179.52,1
15042,2011-05,135.93,1
15043,2010-06,399.17999999999995,1
15043,2010-07,310.84,1
15043,2010-08,1092.9,2
15043,2010-09,515.4,1
15043,2011-11,537.0,1
15044,2009-12,1708.5,2
15044,2010-01,1189.8,3
15044,2010-02,368.3,1
15044,2010-04,870.7,1
15044,2010-06,574.57,2
15044,2010-07,478.01,1
15044,2010-09,794.59,1
15044,2010-10,351.3,1
15044,2010-11,1798.51,3
15044,2010-12,2089.55,4
15044,2011-01,263.0,1
15044,2011-02,816.0500000000001,2
15044,2011-03,346.7,1
15044,2011-04,465.58000000000004,2
15044,2011-05,474.85,1
15044,2011-06,542.74,1
15044,2011-07,154.21,1
15044,2011-09,347.85,1
15044,2011-10,1283.13,2
15044,2011-11,851.07,1
15045,2011-03,388.9,1
15045,2011-07,346.76,1
15046,2010-01,664.43,2
15046,2010-02,233.45,1
15046,2010-03,337.78,1
15046,2010-04,115.71000000000001,1
15046,2010-05,205.57,1
15046,2010-06,145.35,1
15046,2010-07,298.4,1
15046,2010-08,138.12,1
15046,2010-10,394.56,1
15046,2011-01,711.65,2
15046,2011-02,457.59000000000003,3
15046,2011-04,328.55,1
15046,2011-05,759.87,2
15046,2011-06,602.8,1
15046,2011-08,943.07,1
15046,2011-09,121.19999999999999,1
15046,2011-10,437.84999999999997,2
15046,2011-11,708.89,2
15047,2011-03,343.62,1
15048,2010-12,197.4,1
15048,2011-05,155.55,1
15048,2011-08,67.23,1
15048,2011-10,59.52,1
15049,2011-03,121.17000000000002,1
15050,2010-08,1287.09,1
15050,2010-10,1062.41,1
15050,2011-09,1278.78,2
15050,2011-11,458.90999999999997,1
15051,2009-12,580.02,1
15051,2010-02,186.1,1
15051,2010-06,510.51,1
15051,2010-07,262.86,1
15051,2010-09,581.28,1
15051,2010-11,422.78000000000003,1
15051,2011-07,377.74,1
15051,2011-10,759.9399999999999,1
15051,2011-11,245.68,1
15052,2011-01,207.73000000000002,1
15053,2011-03,222.65,1
15053,2011-07,255.95,1
15053,2011-12,215.35,1
15054,2011-10,168.42,1
15054,2011-11,133.68,1
15055,2009-12,244.42,1
15055,2010-04,167.25,1
15055,2010-08,137.45,1
15056,2010-07,113.64999999999999,1
15057,2009-12,304.1,1
15057,2010-03,560.94,1
15057,2010-09,901.42,1
15057,2011-01,1131.0,1
15057,2011-03,358.5,1
15058,2010-02,303.65,1
15058,2010-04,207.6,1
15058,2010-08,261.65000000000003,1
15058,2010-11,512.14,2
15058,2011-01,291.82,2
15058,2011-02,178.75,1
15058,2011-04,259.29,2
15058,2011-06,270.55,1
15058,2011-08,234.35,1
15058,2011-09,197.55,1
15058,2011-10,200.83,1
15058,2011-11,469.4,2
15059,2009-12,280.94,1
15059,2010-01,195.2,1
15059,2010-02,365.93,2
15059,2010-04,145.15,1
15059,2010-06,291.33,1
15059,2010-08,281.19,1
15059,2010-10,390.01,2
15059,2010-11,202.93,1
15059,2011-01,185.73,2
15059,2011-02,184.18,1
15059,2011-05,199.11,1
15059,2011-06,163.91,1
15059,2011-08,275.67,2
15059,2011-10,329.12,2
15060,2011-11,276.39,3
15060,2011-12,16.61,1
15061,2009-12,14312.539999999999,9
15061,2010-01,443.48,1
15061,2010-02,4527.26,6
15061,2010-04,9209.6,9
15061,2010-05,2755.2,6
15061,2010-06,3515.8999999999996,8
15061,2010-07,9113.81,7
15061,2010-08,5061.349999999999,4
15061,2010-09,4588.5,11
15061,2010-10,8545.64,8
15061,2010-11,9780.15,10
15061,2010-12,31380.16,12
15061,2011-01,2718.25,5
15061,2011-02,2.42,1
15061,2011-03,4321.63,7
15061,2011-04,81.6,1
15061,2011-05,3648.36,3
15061,2011-06,1497.12,3
15061,2011-07,3441.66,4
15061,2011-08,913.3,1
15061,2011-09,3992.7599999999998,4
15061,2011-10,4281.6,3
15061,2011-11,5788.92,3
15061,2011-12,3895.8599999999997,1
15062,2010-04,585.73,1
15062,2010-07,476.7,2
15062,2010-10,535.33,1
15062,2010-12,209.08,1
15062,2011-02,251.9,1
15062,2011-05,353.06,1
15062,2011-09,173.82,1
15063,2011-05,370.79999999999995,1
15064,2009-12,274.99,1
15064,2010-05,273.79,1
15064,2010-08,215.28,1
15064,2010-10,390.35,1
15065,2010-10,168.73,1
15065,2011-02,773.66,1
15065,2011-04,632.74,1
15065,2011-06,1452.35,1
15065,2011-11,299.38,1
15066,2011-10,893.59,1
15067,2010-04,764.64,1
15067,2010-10,1353.48,1
15067,2011-03,848.05,1
15067,2011-09,896.71,2
15068,2010-03,334.87,1
15068,2010-10,286.67,1
15068,2011-03,239.95999999999998,1
15068,2011-10,313.4,1
15069,2011-06,1109.53,1
15070,2009-12,324.8,1
15070,2010-04,306.05,1
15070,2010-12,212.4,1
15071,2010-05,166.24,1
15071,2010-11,307.25,1
15071,2011-03,588.6700000000001,1
15071,2011-09,393.40000000000003,1
15072,2010-08,187.51999999999998,1
15073,2010-01,478.9,1
15073,2010-04,246.88,1
15073,2010-10,714.65,2
15073,2010-11,304.18,1
15073,2011-06,861.96,2
15073,2011-11,181.45,1
15074,2010-08,359.65999999999997,1
15074,2010-10,457.79999999999995,1
15074,2011-08,735.67,1
15075,2011-09,773.03,1
15076,2010-07,555.94,1
15076,2010-08,10.95,1
15076,2011-06,880.85,1
15077,2009-12,873.48,1
15077,2010-08,1554.6,1
15078,2009-12,753.6600000000001,2
15078,2010-02,525.0,1
15078,2010-03,551.2,1
15078,2010-04,595.54,1
15078,2010-05,951.08,2
15078,2010-06,912.9300000000001,3
15078,2010-07,531.38,1
15078,2010-08,493.36,1
15078,2010-09,1072.22,5
15078,2010-10,1147.25,3
15078,2010-12,1293.8,4
15078,2011-01,379.7,1
15078,2011-02,1020.2900000000001,2
15078,2011-03,356.3,1
15078,2011-04,580.26,2
15078,2011-05,683.26,3
15078,2011-06,345.7,1
15078,2011-07,1124.79,4
15078,2011-08,1393.64,4
15078,2011-09,877.5600000000001,2
15078,2011-10,479.22,3
15078,2011-11,860.6600000000001,2
15078,2011-12,823.08,3
15079,2009-12,738.53,2
15079,2010-03,1017.43,1
15079,2010-06,310.79999999999995,1
15079,2010-07,318.93,1
15079,2010-08,344.09999999999997,2
15079,2010-12,283.9,1
15079,2011-01,367.29,1
15079,2011-05,386.37,2
15080,2010-07,361.35,1
15080,2010-10,184.9,1
15081,2010-06,275.7,1
15081,2010-07,304.2,1
15081,2010-08,235.5,1
15081,2010-09,145.1,1
15081,2010-10,307.02000000000004,2
15081,2010-11,82.25,1
15081,2010-12,222.3,1
15081,2011-05,136.9,1
15081,2011-09,88.2,1
15081,2011-10,80.30000000000001,1
15081,2011-11,88.25,1
15082,2010-02,93.35000000000001,1
15083,2011-03,88.2,1
15084,2010-03,349.4,1
15084,2010-11,615.8,1
15085,2009-12,347.54,1
15086,2010-03,110.03,1
15086,2010-05,108.5,1
15087,2011-03,306.94,1
15088,2011-10,864.19,1
15088,2011-11,295.88,1
15089,2011-08,1677.23,2
15089,2011-09,359.05,1
15089,2011-10,146.65,1
15089,2011-11,237.91,2
15090,2011-02,381.32,1
15091,2010-02,565.9,2
15091,2011-10,480.71,1
15092,2010-09,318.65,1
15092,2011-03,323.16,1
15092,2011-05,134.65,1
15093,2009-12,249.64,1
15093,2010-01,1254.56,1
15093,2010-02,736.44,1
15093,2010-03,612.7,1
15093,2010-04,416.62,1
15093,2010-06,1575.98,1
15093,2010-07,889.46,2
15093,2010-08,1038.26,1
15093,2010-09,826.42,3
15093,2010-10,839.73,3
15093,2010-11,665.55,2
15093,2010-12,1247.46,1
15093,2011-01,1220.4,1
15093,2011-02,759.08,1
15093,2011-05,793.47,1
15093,2011-08,630.42,1
15093,2011-11,569.9200000000001,1
15094,2010-03,50.0,1
15094,2010-09,33.0,1
15095,2010-01,274.89,1
15095,2010-04,430.0,1
15095,2010-07,301.25,1
15095,2010-08,248.15,1
15095,2010-10,516.75,2
15095,2011-05,770.5,1
15095,2011-07,267.32,1
15095,2011-08,332.78,2
15096,2011-10,219.39000000000001,1
15097,2010-05,660.27,2
15097,2011-12,248.08,1
15098,2011-06,39916.5,3
15099,2011-09,410.48,1
15100,2010-01,217.2,1
15100,2010-11,1100.6999999999998,3
15100,2010-12,1401.6,2
15100,2011-01,175.2,1
15101,2010-04,122.95,1
15101,2010-06,340.57,1
15101,2010-07,696.8900000000001,2
15101,2010-12,102.28,1
15101,2011-12,215.25,1
15102,2010-06,554.67,2
15103,2011-09,291.68,1
15103,2011-11,411.68,1
15104,2011-03,374.64,1
15104,2011-05,618.9,1
15105,2010-03,330.38,1
15105,2010-10,465.6,1
15105,2011-07,532.98,1
15105,2011-09,643.5600000000001,2
15105,2011-10,541.03,1
15105,2011-11,581.36,3
15106,2011-03,410.7,1
15106,2011-05,367.75,1
15106,2011-07,254.38,1
15106,2011-10,269.63,1
15106,2011-11,120.06,1
15107,2010-09,381.55,2
15107,2010-11,123.3,1
15107,2010-12,293.05,2
15107,2011-01,101.65,3
15107,2011-02,40.8,1
15108,2011-04,155.4,1
15108,2011-06,387.05,1
15108,2011-07,616.8,1
15109,2009-12,231.2,1
15109,2010-05,266.95,1
15109,2011-04,484.95,1
15110,2010-08,301.65000000000003,1
15110,2010-11,208.1,1
15110,2011-01,169.65,1
15110,2011-08,206.9,1
15110,2011-10,303.85,1
15110,2011-11,315.7,1
15111,2010-04,286.81,1
15111,2010-10,588.08,1
15111,2010-12,577.0,1
15111,2011-10,949.3000000000001,1
15111,2011-11,329.68,1
15112,2010-04,209.4,1
15113,2011-10,2142.4,1
15113,2011-11,1366.6399999999999,2
15114,2010-10,416.68,1
15114,2010-11,222.88,1
15114,2011-02,259.05,1
15114,2011-04,215.34,1
15114,2011-05,243.51999999999998,1
15114,2011-06,309.34000000000003,1
15114,2011-07,135.62,1
15114,2011-08,191.14000000000001,1
15114,2011-09,898.27,3
15114,2011-11,508.28,1
15115,2009-12,191.74,1
15115,2011-11,340.11,1
15116,2011-05,479.65,1
15116,2011-07,311.32,1
15116,2011-10,411.78000000000003,1
15116,2011-11,150.0,1
15117,2010-03,359.69,2
15117,2010-09,574.5,1
15117,2011-05,312.4,1
15117,2011-08,363.33,1
15117,2011-10,526.3,1
15117,2011-11,349.75,2
15118,2011-07,244.8,1
15119,2011-04,266.4,1
15120,2011-07,358.82,1
15121,2011-02,295.15,1
15121,2011-10,162.57,1
15122,2010-03,684.12,1
15122,2010-05,459.55,1
15122,2010-06,704.22,2
15122,2010-07,306.20000000000005,1
15122,2010-09,197.25,1
15122,2010-10,502.15,2
15122,2011-02,397.04,1
15122,2011-05,533.57,1
15122,2011-08,703.17,1
15123,2010-03,456.65999999999997,1
15123,2010-09,1464.6,1
15123,2010-10,535.6,1
15123,2011-05,1069.47,1
15123,2011-12,1129.84,1
15124,2010-02,134.03,1
15124,2010-08,132.6,1
15124,2011-06,90.75,1
15124,2011-11,93.44,1
15125,2010-03,3056.39,3
15125,2010-04,1007.08,1
15125,2010-06,624.0,3
15125,2010-07,395.62,1
15125,2010-08,413.3,1
15125,2011-03,3840.88,1
15125,2011-04,527.0,1
15125,2011-05,2942.84,2
15125,2011-06,1069.46,4
15125,2011-07,1414.42,3
15125,2011-08,1000.88,1
15125,2011-10,375.0,2
15125,2011-11,358.0,1
15126,2010-01,192.45000000000002,1
15126,2010-06,257.04,1
15127,2010-07,304.97,1
15127,2011-10,406.53,1
15128,2010-10,312.68,1
15128,2011-05,483.7,1
15128,2011-06,374.4,1
15128,2011-08,312.14,1
15128,2011-10,300.76,1
15129,2010-04,599.95,2
15129,2010-05,302.3,1
15129,2010-06,442.2,1
15129,2010-07,581.8,2
15129,2010-08,263.6,1
15129,2010-09,606.78,3
15129,2010-10,279.8,1
15129,2010-11,336.35,1
15129,2011-02,355.40000000000003,1
15129,2011-03,304.4,1
15129,2011-05,460.58,2
15129,2011-06,680.95,3
15129,2011-07,299.4,1
15129,2011-08,696.0,2
15129,2011-10,650.67,1
15130,2011-06,330.11,1
15131,2010-11,80.28,1
15132,2011-03,313.77,1
15132,2011-05,176.1,1
15132,2011-08,352.36,1
15132,2011-10,106.20000000000002,1
15132,2011-11,29.5,1
15133,2010-07,518.78,1
15133,2010-11,305.7,1
15133,2011-02,333.2,1
15133,2011-03,324.70000000000005,1
15133,2011-08,324.52,1
15134,2010-10,83.7,1
15134,2010-11,124.6,1
15134,2011-04,110.1,1
15134,2011-05,129.35,1
15134,2011-06,171.63,1
15134,2011-08,203.78,1
15134,2011-09,282.69,1
15134,2011-10,166.92000000000002,1
15134,2011-11,323.52000000000004,2
15135,2010-06,166.63,1
15135,2011-04,139.05,1
15136,2011-09,582.9,1
15136,2011-11,446.90000000000003,1
15136,2011-12,256.9,2
15137,2010-01,392.82,1
15137,2010-07,430.58,1
15138,2010-11,502.52,1
15139,2011-01,122.10000000000001,1
15139,2011-04,56.86,1
15140,2010-09,889.44,1
15140,2011-03,446.15,1
15140,2011-04,354.78000000000003,1
15140,2011-05,326.52,1
15140,2011-08,600.66,2
15140,2011-09,324.74,1
15140,2011-10,301.4,1
15141,2010-03,284.64,1
15141,2010-05,333.97,2
15141,2010-06,368.49,2
15141,2010-07,252.72,1
15141,2010-09,148.65,1
15142,2010-07,436.02,1
15142,2010-08,847.04,1
15142,2010-10,838.12,3
15142,2011-10,498.74,1
15143,2010-10,304.18,1
15143,2011-04,259.45,1
15144,2009-12,370.2,1
15144,2010-02,1022.6,1
15144,2010-04,560.8,1
15144,2010-06,634.16,1
15144,2010-08,870.06,3
15144,2010-09,469.05,1
15144,2010-10,564.0,1
15144,2010-11,1089.0,3
15144,2011-01,378.32,1
15144,2011-03,270.4,2
15144,2011-05,1046.3,2
15144,2011-07,767.02,3
15144,2011-08,506.90000000000003,1
15144,2011-09,1036.7,3
15144,2011-10,1352.66,3
15144,2011-11,696.24,1
15144,2011-12,525.9,1
15145,2011-04,724.03,2
15145,2011-10,312.34,1
15145,2011-12,158.36,1
15146,2011-02,834.22,1
15146,2011-06,492.94,1
15147,2011-04,623.5,1
15148,2011-11,301.29,1
15149,2010-02,323.83,2
15149,2010-05,679.98,1
15149,2011-07,520.8000000000001,1
15150,2010-06,2024.06,1
15150,2010-09,1662.55,2
15150,2011-03,501.25,1
15150,2011-06,816.8199999999999,1
15150,2011-07,292.82,1
15150,2011-08,1958.73,2
15150,2011-09,790.67,2
15150,2011-11,931.04,3
15151,2010-07,969.35,1
15151,2010-10,1116.26,1
15152,2010-01,518.14,1
15152,2011-06,756.1,1
15152,2011-07,615.24,2
15152,2011-08,1011.87,3
15152,2011-09,329.02,1
15152,2011-10,616.31,2
15152,2011-11,1417.15,4
15153,2011-11,329.25,1
15154,2010-08,1089.44,2
15154,2011-09,254.28,1
15155,2010-11,383.96999999999997,1
15156,2011-11,317.8,1
15156,2011-12,643.69,2
15157,2009-12,448.2,1
15157,2010-05,269.84,1
15157,2010-12,1085.46,1
15157,2011-07,419.91,1
15157,2011-12,430.70000000000005,1
15158,2010-11,204.62,1
15158,2011-10,401.40000000000003,1
15159,2010-10,2797.76,3
15159,2010-11,677.96,1
15159,2010-12,1860.98,2
15159,2011-01,837.14,2
15159,2011-03,654.1,2
15159,2011-04,863.2,2
15159,2011-05,810.95,3
15159,2011-06,1119.22,4
15159,2011-07,1429.8,2
15159,2011-08,1394.58,1
15159,2011-09,593.88,2
15159,2011-10,4978.17,5
15159,2011-11,2264.2000000000003,2
15159,2011-12,1834.79,3
15160,2010-10,101.31,1
15160,2010-11,329.8,2
15160,2010-12,158.16,1
15161,2010-11,119.92,1
15162,2009-12,312.9,1
15163,2011-05,155.0,1
15163,2011-11,149.47,1
15164,2010-01,203.48,1
15164,2010-04,214.58,1
15164,2010-06,142.45,1
15164,2010-07,160.92000000000002,1
15164,2010-10,238.75,1
15164,2010-11,243.35,1
15164,2011-01,168.44,1
15164,2011-05,194.79,1
15164,2011-10,461.35,1
15165,2010-12,975.5,1
15166,2010-08,167.16,1
15167,2010-02,659.43,1
15167,2010-09,218.85,1
15167,2010-10,590.54,2
15167,2011-01,158.8,1
15168,2011-11,106.56,1
15169,2009-12,356.17,1
15169,2010-11,213.05,1
15170,2010-10,81.15,1
15171,2011-01,1289.5,1
15172,2011-04,346.4,1
15172,2011-05,179.8,1
15172,2011-07,360.54,1
15172,2011-09,361.21,1
15172,2011-12,376.1,1
15173,2010-04,396.06,1
15173,2010-05,196.51,2
15173,2010-06,493.26,2
15173,2010-10,255.0,1
15173,2010-11,153.77,1
15174,2010-10,345.71,1
15174,2011-01,135.75,1
15175,2011-09,224.14,1
15176,2010-02,988.04,1
15177,2010-10,948.93,1
15178,2011-03,40.5,1
15179,2009-12,763.35,1
15179,2010-01,920.95,1
15179,2010-03,599.57,1
15179,2010-04,214.45,1
15179,2010-06,1273.07,1
15179,2010-07,313.34,1
15179,2010-10,556.53,1
15179,2010-11,643.71,1
15179,2011-01,1285.62,1
15179,2011-04,169.5,2
15179,2011-10,188.55,1
15179,2011-11,563.28,1
15180,2010-04,452.84000000000003,1
15180,2010-10,276.59000000000003,1
15180,2010-12,175.0,1
15181,2009-12,162.72,1
15181,2010-10,348.0,1
15181,2011-03,300.0,1
15181,2011-06,135.0,1
15181,2011-10,254.48,1
15182,2010-02,564.8910000000001,1
15182,2010-05,398.63,1
15182,2010-07,658.75,2
15182,2010-09,400.481,2
15182,2010-11,353.35,3
15182,2011-03,370.48,1
15182,2011-07,252.37,1
15183,2010-05,432.36,2
15183,2010-06,207.57,1
15184,2009-12,123.19,1
15184,2010-11,160.0,1
15184,2011-06,235.23000000000002,1
15184,2011-11,166.97,1
15185,2011-09,310.62,1
15186,2010-01,163.4,1
15186,2010-05,355.46000000000004,1
15186,2010-08,472.93,1
15186,2011-06,229.26,1
15186,2011-11,182.15,1
15187,2011-05,431.6,1
15187,2011-06,607.2,1
15187,2011-07,413.64,1
15187,2011-08,99.60000000000001,1
15187,2011-09,814.02,3
15187,2011-10,306.0,1
15187,2011-11,1257.6399999999999,4
15187,2011-12,832.48,3
15188,2009-12,310.43,1
15189,2010-07,202.44000000000003,1
15189,2010-09,184.44000000000003,1
15189,2010-10,231.50000000000003,1
15189,2010-11,680.61,2
15189,2011-01,718.48,2
15189,2011-02,624.58,2
15189,2011-03,1097.68,4
15189,2011-04,1174.01,5
15189,2011-05,1306.6999999999998,2
15189,2011-06,1397.98,4
15189,2011-07,2403.41,5
15189,2011-08,2405.7,4
15189,2011-09,1507.23,5
15189,2011-10,393.6,1
15189,2011-11,2001.3600000000001,4
15189,2011-12,1194.66,3
15190,2010-10,834.4399999999999,1
15191,2010-01,342.75,2
15191,2010-09,245.3,1
15192,2010-01,311.24,1
15192,2010-05,310.83000000000004,1
15192,2010-12,630.0,1
15192,2011-06,422.99,1
15192,2011-08,306.33,1
15193,2011-10,499.32,1
15194,2009-12,1487.04,4
15194,2010-03,328.35,1
15194,2010-04,399.6,1
15194,2010-08,436.32,1
15194,2010-09,306.76,1
15194,2010-10,652.26,3
15194,2010-11,794.6700000000001,2
15194,2010-12,1965.15,3
15194,2011-01,647.12,2
15194,2011-03,307.62,1
15194,2011-04,335.07,1
15194,2011-05,812.38,2
15194,2011-06,406.33,1
15194,2011-08,402.02,1
15194,2011-09,1018.69,2
15194,2011-11,1421.67,1
15194,2011-12,706.64,1
15195,2011-12,3861.0,1
15196,2009-12,149.7,1
15196,2010-10,164.0,1
15197,2009-12,117.96000000000001,1
15197,2010-09,415.94,1
15197,2010-11,264.0,1
15197,2010-12,556.5,1
15197,2011-04,216.75,1
15197,2011-11,306.36,1
15198,2010-01,80.8,1
15198,2010-04,126.51,1
15198,2010-10,170.4,1
15198,2011-08,107.64,1
15198,2011-09,86.0,1
15199,2010-05,300.90000000000003,1
15199,2010-06,312.35,1
15199,2010-08,325.70000000000005,1
15199,2010-09,302.75,1
15199,2010-10,300.7,1
15199,2010-11,311.3,1
15199,2011-02,353.09999999999997,1
15199,2011-04,304.04999999999995,1
15199,2011-09,310.6,1
15199,2011-10,300.95,1
15200,2010-08,549.05,1
15201,2010-04,293.06,1
15201,2010-09,313.35,1
15201,2011-04,301.48,1
15201,2011-05,300.79,1
15201,2011-08,330.99,2
15201,2011-09,303.28000000000003,1
15203,2009-12,255.68,1
15203,2010-01,490.39,1
15203,2010-03,328.72,1
15203,2010-04,162.46,2
15203,2010-06,227.51999999999998,1
15203,2010-08,472.68,1
15203,2010-10,290.93,1
15203,2010-11,344.0,1
15203,2011-02,211.94,1
15203,2011-05,480.96,1
15203,2011-07,301.98,1
15203,2011-08,333.44,1
15203,2011-09,189.4,1
15203,2011-11,310.08,1
15204,2010-12,316.58,1
15205,2011-08,476.29999999999995,1
15205,2011-09,176.94,1
15206,2011-03,17.700000000000003,1
15206,2011-07,35.400000000000006,1
15206,2011-09,183.6,1
15206,2011-11,183.6,1
15207,2010-06,408.0,1
15207,2010-10,275.92,2
15208,2010-10,100.4,1
15208,2010-12,65.4,1
15208,2011-06,258.12,1
15208,2011-10,172.3,1
15208,2011-11,166.7,1
15208,2011-12,207.6,1
15209,2009-12,178.98000000000002,1
15210,2010-05,301.92,1
15210,2010-11,543.09,1
15210,2011-04,331.18,1
15211,2010-12,766.14,1
15211,2011-10,511.34000000000003,1
15212,2010-11,106.47999999999999,1
15212,2011-04,101.8,1
15213,2011-01,328.35,2
15214,2011-04,514.9300000000001,1
15214,2011-06,136.7,1
15214,2011-09,305.12,1
15214,2011-10,104.6,1
15214,2011-11,471.33,3
15214,2011-12,128.76,1
15215,2010-04,396.47,1
15215,2010-05,69.75,1
15215,2010-09,807.02,1
15215,2010-11,414.25,1
15215,2011-09,300.04,1
15215,2011-10,434.90000000000003,2
15216,2010-03,389.49,1
15216,2011-09,96.6,1
15217,2010-05,426.24,1
15218,2010-01,374.35,1
15218,2010-03,1028.16,2
15218,2010-04,497.25,1
15218,2010-05,1142.43,2
15218,2010-07,1008.73,2
15218,2010-08,502.55,1
15218,2010-09,459.05,1
15218,2010-11,684.4200000000001,1
15218,2011-01,581.66,1
15218,2011-03,527.85,1
15218,2011-05,647.75,1
15218,2011-06,690.3399999999999,1
15218,2011-07,712.45,2
15218,2011-08,705.3,2
15218,2011-09,780.56,1
15218,2011-10,303.3,1
15218,2011-11,807.68,1
15219,2010-03,379.7,1
15219,2011-06,305.75,1
15220,2011-03,316.11,1
15220,2011-04,195.68,1
15220,2011-05,346.4,1
15220,2011-06,88.62,1
15220,2011-08,337.24,1
15220,2011-10,494.91,1
15221,2010-03,323.35,1
15221,2010-04,463.8,1
15221,2010-10,871.8000000000001,1
15221,2010-12,806.5,1
15222,2009-12,436.56,1
15222,2010-01,671.78,2
15222,2010-02,1.3,1
15222,2010-03,629.72,2
15222,2010-04,681.3,2
15222,2010-07,303.95,1
15222,2010-08,241.3,1
15222,2011-01,585.0,1
15223,2009-12,230.2,1
15223,2010-01,206.4,1
15223,2010-04,225.6,1
15223,2011-04,755.75,2
15224,2010-01,83.4,1
15224,2010-03,305.8,1
15224,2010-07,160.07999999999998,1
15224,2010-12,322.08,2
15225,2011-04,409.40000000000003,1
15226,2011-02,154.41,1
15227,2010-03,334.08000000000004,1
15227,2010-05,324.78000000000003,1
15227,2010-09,226.28,1
15227,2010-11,383.95000000000005,1
15227,2011-01,318.23,1
15227,2011-02,306.84,1
15227,2011-05,251.75,1
15227,2011-11,342.58,2
15228,2010-07,960.41,1
15228,2010-10,1233.15,1
15228,2011-02,904.85,1
15228,2011-06,348.59999999999997,1
15228,2011-08,970.58,1
15228,2011-10,1162.68,1
15229,2010-05,160.5,1
15230,2011-04,429.6,2
15231,2010-03,250.26,1
15232,2011-07,310.36,1
15232,2011-08,301.7,1
15233,2010-11,59.400000000000006,1
15234,2011-03,197.0,1
15235,2010-11,525.25,4
15235,2010-12,859.69,3
15235,2011-01,374.2,3
15235,2011-02,392.1,3
15235,2011-04,415.8,2
15235,2011-05,370.77,1
15236,2011-02,321.05,1
15237,2011-04,938.9200000000001,1
15237,2011-05,154.73,1
15237,2011-09,235.07,1
15237,2011-12,83.6,1
15238,2011-06,300.14,1
15238,2011-09,472.64,1
15238,2011-11,299.21000000000004,1
15239,2011-09,461.79,1
15239,2011-11,318.8,1
15240,2009-12,549.77,1
15240,2010-05,381.46000000000004,1
15240,2010-06,551.5,1
15240,2010-09,328.37,1
15240,2010-10,315.9,1
15240,2010-11,626.41,2
15240,2011-02,312.9,1
15240,2011-04,316.2,1
15240,2011-06,416.28000000000003,1
15240,2011-09,337.17,1
15240,2011-10,324.02,1
15241,2010-02,295.64,1
15241,2010-05,552.62,1
15241,2010-10,445.46,1
15241,2011-03,395.33,1
15241,2011-05,570.07,2
15241,2011-06,99.96,1
15241,2011-07,205.1,1
15241,2011-08,74.4,1
15241,2011-09,66.66,1
15241,2011-10,344.92,1
15242,2010-10,302.04,1
15243,2010-09,610.6,1
15243,2011-09,316.68,1
15244,2010-02,280.51,1
15244,2011-04,297.94,1
15244,2011-10,333.63,1
15245,2010-04,512.26,1
15245,2010-07,545.96,1
15245,2010-08,500.31999999999994,2
15245,2010-11,536.46,1
15245,2011-03,1251.48,1
15245,2011-06,486.24,1
15245,2011-07,778.12,1
15246,2010-06,266.25,1
15246,2010-12,186.0,1
15246,2011-04,328.15000000000003,1
15247,2010-06,311.56,1
15247,2010-08,308.5,1
15247,2011-08,356.0,1
15248,2010-06,1222.91,1
15248,2010-08,467.47,1
15248,2010-10,203.55,1
15249,2010-03,780.92,1
15249,2010-04,341.78000000000003,1
15249,2010-06,458.25,1
15249,2010-07,561.69,1
15249,2010-10,434.9,1
15249,2011-03,1001.82,1
15249,2011-04,805.4,2
15249,2011-05,1034.15,2
15249,2011-07,819.0,1
15249,2011-08,1696.66,4
15249,2011-09,282.31,1
15249,2011-10,641.57,1
15249,2011-11,407.55,1
15250,2010-03,60.0,1
15251,2010-01,869.88,1
15251,2010-02,3157.06,1
15251,2010-03,607.35,1
15251,2010-04,651.48,1
15251,2010-05,2400.0,2
15251,2010-06,702.98,2
15251,2010-07,510.76,1
15251,2010-10,940.04,1
15251,2011-04,2846.02,1
15251,2011-05,1249.7,1
15251,2011-06,1393.48,1
15251,2011-07,1222.32,2
15251,2011-08,740.6,2
15251,2011-09,2243.7,1
15251,2011-10,425.28999999999996,2
15251,2011-11,363.88,1
15252,2010-04,598.04,1
15252,2010-05,394.83000000000004,1
15252,2010-10,369.76,1
15252,2011-06,300.55,1
15252,2011-11,440.23,1
15253,2010-05,411.46,1
15253,2010-07,501.33,1
15253,2010-11,224.1,1
15253,2011-06,173.85,1
15253,2011-09,466.75,2
15253,2011-11,277.59999999999997,2
15254,2010-05,450.34000000000003,1
15254,2010-06,337.65,1
15254,2011-08,300.36,1
15255,2009-12,260.44,1
15255,2010-06,139.0,1
15255,2010-08,346.15,1
15255,2010-09,655.0,1
15255,2010-10,522.47,1
15255,2010-11,892.11,3
15255,2011-10,890.85,1
15256,2010-05,71.95,1
15256,2011-07,98.45,1
15257,2010-10,368.75,1
15257,2011-03,317.15,1
15258,2011-05,315.66,1
15258,2011-06,307.5,1
15259,2010-01,302.55,1
15259,2010-04,432.34999999999997,1
15259,2010-07,447.48,2
15260,2009-12,294.85,2
15260,2010-02,404.66,1
15260,2010-03,357.91,1
15260,2010-04,291.33000000000004,1
15260,2010-05,630.28,3
15260,2010-06,979.91,5
15260,2010-07,720.29,1
15260,2010-08,965.86,2
15260,2010-09,671.96,1
15260,2010-10,1639.9099999999999,1
15260,2010-12,841.0,2
15260,2011-04,267.7,1
15260,2011-05,194.4,1
15260,2011-06,387.88,1
15260,2011-07,345.14,1
15260,2011-08,195.15,1
15261,2010-10,1103.18,2
15261,2010-11,150.0,1
15261,2011-07,254.82,1
15262,2010-08,127.07,1
15262,2010-11,112.8,1
15262,2011-01,178.95000000000002,1
15263,2011-08,156.51,1
15264,2010-06,454.66,1
15264,2011-10,393.74,1
15265,2009-12,294.14,1
15265,2010-04,1545.38,1
15265,2011-04,712.24,1
15265,2011-07,793.88,1
15266,2010-01,292.2,2
15266,2010-10,247.86,1
15266,2010-11,192.85,1
15266,2011-01,119.3,1
15267,2011-06,1035.76,1
15267,2011-07,372.0,1
15267,2011-10,180.0,2
15267,2011-11,129.6,1
15268,2010-04,547.6,1
15268,2010-08,414.30000000000007,2
15269,2010-11,816.56,2
15269,2011-11,408.8,1
15270,2009-12,515.2,2
15270,2010-02,1166.76,2
15270,2010-03,1789.76,4
15270,2010-09,1081.35,3
15270,2010-11,1592.3000000000002,3
15270,2011-02,1013.5,3
15270,2011-04,300.25,1
15270,2011-08,536.54,1
15270,2011-11,529.2,2
15271,2010-08,829.37,2
15271,2010-09,252.15,2
15271,2010-10,546.65,3
15271,2010-11,407.03,2
15271,2010-12,223.5,1
15271,2011-01,253.1,1
15271,2011-04,147.6,1
15271,2011-05,223.16,2
15271,2011-06,320.84,2
15271,2011-08,311.85,2
15271,2011-09,224.28,1
15271,2011-10,433.95,2
15271,2011-11,274.73,2
15271,2011-12,192.07999999999998,1
15272,2010-02,435.09,1
15272,2010-05,483.48,1
15272,2010-07,111.02,1
15272,2010-09,279.42,1
15272,2011-09,298.96,1
15272,2011-10,422.98,1
15273,2010-04,228.96,1
15274,2011-11,383.99,1
15274,2011-12,332.58000000000004,1
15275,2011-11,615.14,1
15276,2010-10,378.45,1
15276,2010-11,112.72,2
15276,2011-10,128.63,1
15277,2010-10,220.44,1
15277,2011-10,255.89999999999998,1
15278,2010-02,257.71999999999997,2
15278,2010-05,238.44,2
15279,2010-02,352.13,1
15279,2010-03,313.4,1
15279,2010-07,316.63,1
15279,2010-11,307.87,1
15279,2010-12,290.51,1
15280,2010-05,132.9,1
15280,2010-08,151.5,1
15280,2011-06,113.12,1
15281,2010-10,4376.77,3
15281,2010-11,1834.65,4
15281,2011-01,780.42,1
15281,2011-02,234.15,1
15281,2011-04,356.63,2
15281,2011-05,556.21,2
15281,2011-07,264.37,2
15281,2011-10,140.37,1
15282,2010-05,348.59,1
15283,2010-07,99.58000000000001,1
15283,2010-08,14.850000000000001,1
15283,2010-11,33.9,1
15284,2010-07,24.75,1
15285,2010-10,94.92,1
15286,2011-10,240.55,1
15287,2009-12,58.2,1
15287,2010-09,125.04,1
15287,2010-11,186.1,1
15287,2011-09,340.98,1
15287,2011-11,145.71,1
15288,2010-02,334.5,1
15288,2010-04,423.11,1
15288,2010-09,332.20000000000005,1
15288,2010-11,310.2,2
15288,2010-12,331.3,1
15288,2011-03,986.75,1
15288,2011-05,471.6,1
15288,2011-07,382.36,1
15288,2011-10,300.15999999999997,1
15289,2010-03,439.62,1
15289,2010-09,213.69,1
15289,2011-04,375.45,1
15289,2011-07,322.53000000000003,1
15289,2011-11,241.8,1
15290,2010-02,277.12,1
15290,2010-05,354.24,1
15290,2010-06,375.67999999999995,1
15290,2010-07,291.09999999999997,1
15290,2010-09,224.39999999999998,1
15290,2010-10,482.21999999999997,1
15290,2010-11,548.3,2
15290,2010-12,219.6,1
15290,2011-01,334.5,2
15290,2011-02,298.73,1
15290,2011-03,527.15,2
15290,2011-04,290.4,1
15290,2011-05,362.19,1
15290,2011-07,457.3,1
15290,2011-08,902.72,3
15290,2011-09,1067.28,1
15290,2011-10,1510.3600000000001,1
15290,2011-11,435.28,1
15290,2011-12,1537.71,3
15291,2009-12,1037.9,3
15291,2010-01,881.7,2
15291,2010-02,1028.5,3
15291,2010-03,999.0600000000001,3
15291,2010-04,675.9,2
15291,2010-05,808.95,3
15291,2010-07,650.25,2
15291,2010-09,1158.04,4
15291,2010-10,680.8100000000001,1
15291,2010-11,928.35,2
15291,2010-12,977.7,2
15291,2011-01,723.29,2
15291,2011-03,563.0,2
15291,2011-04,699.4,2
15291,2011-06,626.6800000000001,2
15291,2011-09,378.75,1
15291,2011-11,983.28,3
15292,2011-05,178.39,1
15293,2010-02,247.5,1
15294,2010-10,233.35,1
15295,2010-02,207.04,1
15296,2010-01,1210.43,1
15296,2010-05,2102.16,1
15296,2010-08,2170.72,2
15296,2010-10,1166.8600000000001,2
15296,2011-01,1199.33,1
15296,2011-05,578.48,1
15296,2011-06,313.68,2
15296,2011-08,508.0,1
15296,2011-10,1073.37,1
15297,2011-10,230.46,1
15297,2011-11,411.48,2
15298,2009-12,303.45,1
15298,2010-01,463.0,1
15298,2010-03,318.8,1
15298,2010-04,540.16,1
15298,2010-05,313.8,1
15298,2010-06,474.07,1
15298,2010-07,347.81,1
15298,2010-08,597.96,2
15298,2010-09,567.0,1
15298,2010-11,335.82,1
15298,2010-12,795.2,1
15298,2011-01,475.48,2
15298,2011-03,365.36,1
15298,2011-06,538.76,1
15298,2011-07,990.0,1
15298,2011-09,591.02,1
15298,2011-10,476.3,2
15298,2011-11,653.16,2
15298,2011-12,312.22,1
15299,2010-01,731.52,1
15299,2010-10,612.0,1
15299,2010-11,306.0,1
15299,2010-12,3670.02,3
15299,2011-03,600.0,1
15299,2011-10,1472.0,2
15300,2011-10,496.44,1
15301,2010-09,785.26,2
15301,2010-10,491.71000000000004,1
15301,2010-11,582.75,2
15301,2010-12,1346.74,1
15301,2011-03,622.5,1
15301,2011-04,501.22,1
15301,2011-05,306.90999999999997,1
15301,2011-06,709.11,3
15301,2011-07,410.84999999999997,1
15301,2011-08,503.44,1
15301,2011-09,718.79,2
15301,2011-10,603.76,1
15302,2009-12,308.0,1
15303,2010-01,302.2,1
15303,2010-05,347.96,1
15303,2011-02,574.02,1
15304,2010-10,102.0,1
15304,2010-12,246.3,1
15304,2011-03,156.45,2
15304,2011-04,51.0,1
15304,2011-05,51.0,1
15304,2011-06,110.30000000000001,1
15304,2011-09,90.6,1
15304,2011-10,111.9,1
15305,2010-06,93.6,1
15306,2010-02,387.51,1
15306,2010-04,157.14000000000001,1
15306,2010-05,1231.66,2
15306,2010-07,534.07,2
15306,2011-07,344.62,1
15306,2011-09,312.45,1
15306,2011-10,517.28,1
15307,2011-09,205.3,1
15308,2011-03,310.47,1
15309,2009-12,273.75,1
15309,2010-02,339.96,1
15309,2010-03,17.0,1
15309,2010-04,167.25,1
15310,2010-08,1634.64,1
15311,2009-12,9364.29,14
15311,2010-01,5824.71,12
15311,2010-02,5749.96,10
15311,2010-03,8024.02,11
15311,2010-04,2391.19,9
15311,2010-05,3730.87,12
15311,2010-06,2432.58,6
15311,2010-07,3407.02,4
15311,2010-08,2915.07,6
15311,2010-09,3584.92,9
15311,2010-10,3249.65,10
15311,2010-11,3364.39,13
15311,2010-12,4269.08,9
15311,2011-01,5511.24,10
15311,2011-02,4688.25,7
15311,2011-03,6377.53,5
15311,2011-04,4502.93,6
15311,2011-05,5812.2,6
15311,2011-06,7441.83,6
15311,2011-07,4720.48,8
15311,2011-08,3282.07,6
15311,2011-09,3342.31,7
15311,2011-10,3338.55,8
15311,2011-11,7779.7,10
15311,2011-12,1175.65,3
15312,2009-12,321.65000000000003,1
15312,2010-01,274.2,1
15312,2010-02,199.04000000000002,1
15312,2010-03,305.41,1
15312,2010-05,314.59000000000003,1
15312,2010-09,355.45,1
15312,2010-11,235.0,2
15312,2010-12,289.74,1
15312,2011-05,318.15999999999997,1
15312,2011-08,186.9,1
15312,2011-09,130.05,1
15313,2011-08,52.0,1
15314,2010-10,492.47999999999996,2
15314,2011-05,327.97,1
15315,2011-08,233.54,1
15315,2011-10,336.96,1
15316,2011-01,165.0,1
15317,2010-01,129.75,1
15318,2011-12,312.62,1
15319,2011-03,204.5,1
15320,2011-10,267.13,1
15321,2010-02,1171.42,3
15321,2010-04,861.0600000000001,2
15321,2010-05,973.43,3
15321,2010-09,955.51,1
15321,2011-02,1159.47,1
15321,2011-09,1588.8400000000001,2
15322,2010-08,711.18,1
15322,2011-09,679.68,1
15323,2010-02,108.2,1
15323,2010-04,132.3,1
15323,2010-05,194.1,1
15324,2010-01,140.22000000000003,1
15325,2010-02,215.5,1
15325,2010-03,177.3,1
15325,2010-05,198.03,1
15325,2010-08,375.23,2
15325,2010-11,473.66,2
15325,2011-08,161.74,1
15326,2009-12,718.22,2
15326,2010-02,372.15,1
15326,2010-04,298.44,1
15326,2011-01,311.71,1
15327,2011-10,208.75,1
15328,2010-10,107.24,1
15329,2009-12,318.36,1
15329,2010-03,455.81,2
15329,2010-05,15.299999999999999,1
15329,2010-06,353.11,1
15329,2010-09,388.05,1
15329,2010-10,147.15,1
15329,2010-11,231.35,1
15329,2011-06,309.1,1
15329,2011-07,444.90000000000003,1
15329,2011-10,295.7,1
15330,2011-10,320.4,1
15330,2011-11,394.56,1
15331,2010-04,365.59000000000003,1
15331,2010-07,402.32,2
15332,2010-07,1706.23,1
15332,2010-11,1525.39,1
15332,2010-12,3322.12,4
15333,2011-05,1028.56,1
15334,2011-06,223.29,2
15334,2011-07,124.58,1
15335,2011-10,170.22,1
15336,2010-11,240.5,1
15337,2010-10,373.02,1
15338,2010-01,277.93,1
15339,2010-02,135.4,1
15339,2010-03,155.32999999999998,1
15339,2010-09,256.42,1
15339,2010-10,699.8,2
15339,2011-01,257.9,1
15339,2011-10,316.17,1
15340,2010-05,105.5,1
15341,2010-09,382.2,1
15341,2011-09,2020.52,1
15342,2011-08,406.09,1
15343,2011-09,364.5,1
15344,2011-09,308.69,1
15344,2011-11,151.95,1
15344,2011-12,103.3,1
15345,2011-10,393.54,1
15346,2010-10,343.7,2
15346,2011-01,252.42000000000002,1
15347,2010-09,555.85,1
15347,2010-11,404.55,2
15347,2010-12,403.20000000000005,1
15348,2011-09,158.04,1
15349,2011-06,356.21,1
15349,2011-07,107.7,1
15350,2010-11,431.95000000000005,1
15350,2010-12,231.3,1
15351,2010-10,1495.56,3
15351,2010-12,549.34,1
15351,2011-09,601.57,1
15351,2011-10,497.37,3
15351,2011-11,561.05,2
15352,2010-06,111.15,1
15353,2009-12,271.74,1
15353,2010-06,565.77,1
15353,2010-07,393.71999999999997,1
15353,2010-08,325.18,1
15353,2010-11,467.94,1
15353,2010-12,623.3,1
15353,2011-03,458.47,1
15355,2011-10,126.25,1
15355,2011-11,150.8,1
15356,2010-10,198.26,1
15356,2010-11,323.28000000000003,2
15356,2010-12,482.04,2
15356,2011-02,251.29,1
15356,2011-04,206.98,1
15356,2011-05,364.47,1
15356,2011-06,405.76,1
15356,2011-07,361.83,1
15356,2011-08,301.92,1
15356,2011-09,336.82,1
15356,2011-11,150.04,1
15358,2009-12,826.12,2
15358,2010-01,321.44,1
15358,2010-03,653.49,2
15358,2010-04,394.65999999999997,1
15358,2010-05,681.41,1
15358,2010-06,647.41,1
15358,2010-07,637.86,1
15358,2010-08,453.06,1
15358,2010-09,1297.97,1
15358,2010-10,724.56,2
15358,2010-11,1440.68,7
15358,2010-12,1249.1,2
15358,2011-01,1144.74,2
15358,2011-02,649.5600000000001,2
15358,2011-03,1038.05,2
15358,2011-04,362.26,1
15358,2011-05,543.91,2
15358,2011-06,413.88,2
15358,2011-07,152.66,1
15358,2011-08,710.2,1
15358,2011-09,1095.05,3
15358,2011-10,402.58,1
15358,2011-11,379.7,1
15358,2011-12,830.06,2
15359,2010-01,81.6,6
15359,2010-02,99.75,2
15360,2011-10,427.93,1
15361,2010-06,190.20000000000002,2
15361,2010-07,79.95,1
15361,2010-12,418.92,1
15362,2009-12,310.75,1
15362,2010-09,302.33,1
15363,2010-08,352.11,1
15363,2010-12,652.0,1
15364,2011-03,331.80000000000007,1
15364,2011-09,581.39,1
15365,2010-02,325.12,1
15365,2010-08,655.64,3
15365,2010-11,1262.05,2
15365,2011-01,208.61,1
15365,2011-09,1736.54,3
15365,2011-11,369.17,3
15366,2010-02,316.59,1
15366,2010-04,572.06,1
15366,2010-06,238.14000000000001,1
15366,2010-09,304.64,1
15366,2010-10,355.14,1
15366,2010-12,105.54,1
15366,2011-09,496.97,1
15367,2009-12,785.62,1
15367,2010-03,426.0,1
15367,2010-04,837.25,3
15367,2010-09,564.47,1
15367,2010-10,590.4,1
15367,2011-03,764.58,1
15367,2011-04,651.6,1
15367,2011-10,461.40999999999997,2
15368,2010-11,275.8,1
15368,2011-11,446.94000000000005,1
15369,2009-12,312.96,1
15369,2010-01,506.64,2
15369,2010-02,300.4,1
15369,2010-04,608.4,2
15369,2010-07,3909.06,4
15369,2010-08,613.8,1
15370,2010-10,1352.96,1
15370,2011-01,184.2,1
15370,2011-02,570.02,1
15370,2011-05,373.72,1
15370,2011-07,385.52,1
15370,2011-09,525.79,1
15370,2011-10,346.79999999999995,2
15371,2010-02,59.400000000000006,1
15372,2010-02,2416.08,4
15372,2010-07,360.0,1
15372,2010-09,1233.58,2
15372,2011-07,2007.3999999999999,1
15373,2010-05,217.38,2
15373,2010-06,101.74000000000001,1
15373,2010-07,196.81,1
15373,2010-10,152.70000000000002,1
15373,2010-12,871.4,2
15373,2011-01,211.35,1
15373,2011-02,151.55,1
15373,2011-03,176.21,1
15373,2011-05,115.54,1
15373,2011-06,328.55,1
15373,2011-08,166.60000000000002,2
15373,2011-11,383.48,2
15373,2011-12,345.53000000000003,1
15374,2010-03,139.32,1
15374,2011-08,168.0,1
15375,2010-01,60.959999999999994,1
15376,2011-05,642.37,1
15376,2011-08,334.85,1
15376,2011-10,244.34,1
15377,2010-10,304.3,1
15377,2010-11,907.45,3
15378,2010-07,110.0,1
15378,2010-09,136.5,1
15379,2010-11,1174.55,1
15379,2010-12,1491.46,1
15379,2011-01,1190.63,2
15379,2011-03,371.84000000000003,1
15379,2011-05,209.18,1
15379,2011-06,440.18,2
15380,2009-12,441.62,2
15380,2010-01,235.8,1
15380,2010-03,220.32000000000002,1
15380,2010-06,326.52,1
15380,2010-10,334.44,1
15380,2010-12,460.20000000000005,1
15380,2011-07,352.46000000000004,1
15380,2011-09,422.00000000000006,1
15380,2011-10,300.40000000000003,1
15380,2011-12,385.30000000000007,1
15381,2010-05,349.5,1
15381,2010-06,750.36,1
15381,2010-10,193.85999999999999,1
15381,2011-03,282.29999999999995,1
15381,2011-05,314.55,1
15382,2009-12,1523.2,1
15382,2010-02,1632.93,1
15382,2010-05,610.6,1
15382,2010-09,2245.93,1
15382,2010-11,1765.18,2
15382,2011-02,1019.42,1
15382,2011-05,568.6,1
15382,2011-06,539.1,2
15382,2011-09,2582.78,1
15382,2011-11,1245.81,1
15384,2010-04,276.5,1
15384,2010-11,1108.88,1
15384,2010-12,303.57,1
15384,2011-06,338.84,1
15385,2010-01,307.8,1
15385,2010-11,317.4,1
15385,2011-10,316.88,1
15386,2011-06,394.14,1
15387,2010-08,468.65,1
15388,2011-03,140.54,1
15389,2010-01,854.8,1
15389,2010-05,375.0,1
15389,2010-06,504.0,1
15389,2010-11,500.0,1
15389,2011-06,500.0,1
15390,2010-10,834.89,1
15390,2010-11,381.77000000000004,1
15391,2010-05,289.87,1
15392,2010-10,391.41,1
15392,2010-11,984.6800000000001,2
15392,2010-12,338.98,1
15392,2011-09,326.48,1
15392,2011-11,565.66,1
15392,2011-12,304.40999999999997,1
15393,2009-12,187.84,1
15393,2010-01,175.37,1
15393,2010-05,296.27,1
15393,2011-03,124.10000000000001,1
15393,2011-11,107.76,1
15394,2009-12,297.4,1
15394,2010-05,730.26,2
15394,2010-07,540.07,1
15394,2010-08,315.71000000000004,1
15394,2010-09,505.0,1
15394,2010-11,714.82,1
15394,2010-12,587.66,1
15394,2011-05,848.78,1
15394,2011-09,417.7,1
15394,2011-11,329.4,1
15395,2011-01,107.45,1
15396,2010-05,508.20000000000005,1
15396,2011-08,288.18,1
15397,2011-02,94.0,1
15398,2011-09,634.85,1
15398,2011-11,710.6800000000001,1
15399,2011-09,305.17,1
15399,2011-11,243.96,1
15399,2011-12,266.64,1
15400,2010-05,194.0,1
15400,2010-08,287.1,1
15400,2010-10,105.0,1
15400,2011-03,346.1,1
15400,2011-06,112.7,1
15400,2011-08,152.4,2
15400,2011-09,105.0,1
15401,2010-05,136.20000000000002,1
15401,2010-09,80.75,1
15402,2010-04,584.06,1
15402,2010-06,249.48000000000002,1
15402,2010-08,213.89000000000001,1
15402,2010-11,156.34,1
15402,2011-05,440.99,1
15402,2011-07,185.36,1
15403,2009-12,95.75999999999999,1
15403,2010-08,75.12,1
15404,2010-11,257.06,1
15405,2010-05,310.74,1
15405,2011-06,349.1,1
15406,2010-09,465.15999999999997,2
15406,2011-02,252.29,1
15406,2011-11,258.42,1
15407,2011-02,165.0,1
15407,2011-05,164.86,1
15407,2011-06,410.87,1
15407,2011-11,306.01,1
15408,2011-03,267.18,1
15409,2009-12,131.25,1
15410,2010-04,881.48,1
15410,2010-05,353.4,1
15410,2011-03,382.6,1
15410,2011-04,456.20000000000005,1
15410,2011-05,962.09,2
15410,2011-06,561.0400000000001,1
15410,2011-08,340.74,1
15410,2011-09,748.1700000000001,2
15411,2011-06,156.4,1
15411,2011-08,225.81,1
15411,2011-09,609.05,1
15411,2011-11,357.67,1
15412,2011-06,190.53,1
15413,2009-12,4513.42,3
15413,2010-01,2285.3,2
15414,2011-04,36.2,1
15414,2011-11,738.7,2
15415,2011-01,559.61,1
15416,2010-02,389.03000000000003,1
15416,2010-08,199.47,2
15416,2011-03,1375.24,1
15416,2011-04,899.19,1
15416,2011-07,869.9,1
15416,2011-10,839.99,1
15417,2011-09,508.8,1
15418,2010-05,206.49,1
15418,2010-10,242.93,1
15419,2011-11,135.86,1
15420,2009-12,229.62,2
15420,2010-01,110.82,1
15420,2010-04,142.2,1
15420,2010-05,153.35999999999999,1
15420,2010-10,107.0,1
15421,2009-12,241.05,1
15421,2010-01,509.12,1
15421,2010-02,693.16,1
15421,2010-05,290.62,1
15421,2010-08,330.02,1
15421,2010-11,791.01,1
15421,2011-02,295.06,1
15421,2011-05,444.3,2
15421,2011-10,211.0,1
15422,2010-02,298.99,1
15422,2010-05,459.71,1
15422,2010-09,321.37,1
15422,2010-11,442.2,2
15422,2011-01,97.7,2
15423,2010-03,153.54999999999998,1
15423,2010-05,69.84,1
15423,2011-11,43.5,1
15424,2010-09,214.44,1
15424,2011-03,383.34,2
15425,2010-02,762.69,1
15425,2010-03,743.53,1
15425,2010-06,277.40000000000003,1
15425,2010-11,157.5,1
15426,2010-05,403.27,1
15426,2010-07,158.45,1
15426,2010-09,190.56,2
15426,2010-12,765.14,1
15426,2011-03,251.56,1
15426,2011-11,769.94,3
15427,2011-10,359.49,1
15427,2011-11,1071.05,2
15428,2009-12,184.44,1
15428,2010-03,197.28,1
15428,2010-11,287.25,1
15428,2011-11,93.78,1
15429,2011-09,243.06,1
15429,2011-11,154.29,1
15430,2010-06,836.75,1
15430,2010-08,118.00000000000001,1
15431,2010-07,153.24,1
15432,2010-06,149.57,1
15432,2011-11,171.19,1
15433,2011-03,372.64,1
15433,2011-05,160.66,1
15434,2010-01,285.35,1
15434,2010-09,549.38,1
15434,2010-10,210.40000000000003,1
15434,2010-11,480.45000000000005,3
15434,2011-05,306.96,1
15434,2011-08,280.32,2
15434,2011-11,303.3,1
15434,2011-12,150.9,1
15435,2011-11,149.29,1
15436,2011-04,484.1,1
15436,2011-10,352.45,1
15436,2011-11,231.2,1
15437,2010-03,193.29000000000002,1
15437,2011-03,200.16,1
15438,2011-07,156.57999999999998,1
15439,2010-02,748.85,2
15439,2010-10,520.2,2
15440,2011-05,125.8,1
15440,2011-07,111.86,1
15440,2011-10,146.02,1
15441,2009-12,301.57,1
15441,2010-10,589.24,1
15441,2010-11,363.40000000000003,1
15442,2011-04,594.0,1
15443,2010-03,624.41,3
15443,2010-04,455.84000000000003,1
15443,2010-05,134.3,1
15443,2010-07,321.23,1
15443,2010-08,364.86,1
15443,2011-01,437.71,1
15443,2011-08,247.09,1
15443,2011-09,369.54,1
15443,2011-10,611.04,1
15443,2011-11,1172.83,2
15443,2011-12,375.38,1
15444,2011-10,335.85,1
15444,2011-11,1075.36,1
15445,2010-04,171.0,1
15445,2011-03,113.5,1
15446,2009-12,123.43,1
15446,2010-03,104.34,1
15446,2010-11,168.98,1
15447,2010-03,101.30000000000001,1
15447,2010-04,135.76,2
15447,2010-06,100.65,1
15447,2011-01,155.17,1
15448,2010-02,294.17,1
15448,2011-01,494.64,1
15449,2011-03,345.92,1
15449,2011-06,301.78,1
15449,2011-11,326.82,1
15450,2011-11,429.84,1
15451,2010-04,104.76,1
15451,2010-10,122.1,1
15452,2010-07,871.7,1
15452,2010-08,204.15,1
15452,2010-11,180.78,1
15452,2011-03,237.0,1
15452,2011-09,166.07999999999998,1
15452,2011-11,125.4,1
15453,2011-06,339.38,2
15453,2011-07,139.98,1
15453,2011-09,221.84,1
15453,2011-10,186.96,1
15453,2011-11,348.33,1
15453,2011-12,135.28,1
15454,2010-03,124.79,1
15454,2010-12,179.1,1
15455,2010-04,38.25,1
15456,2009-12,476.05,2
15456,2010-01,143.22,1
15456,2010-02,295.38,1
15456,2010-05,179.58,1
15456,2010-08,309.21,1
15456,2010-11,253.49,1
15456,2010-12,231.22,1
15456,2011-03,203.37,2
15457,2011-03,237.07,1
15458,2010-11,208.79999999999998,1
15458,2011-11,161.64,1
15459,2010-07,97.83,1
15459,2010-10,105.0,1
15460,2010-12,214.26,1
15461,2010-03,210.0,1
15461,2010-09,219.7,1
15462,2010-09,502.45,1
15462,2011-06,105.0,1
15462,2011-07,64.8,1
15462,2011-09,64.8,1
15463,2011-11,126.14,1
15464,2011-01,1044.65,1
15465,2009-12,436.8,1
15465,2010-01,488.95,3
15465,2010-02,383.93,3
15465,2010-03,169.8,1
15465,2010-05,429.47,1
15465,2010-08,645.77,1
15465,2010-10,523.3,1
15465,2010-11,1667.76,3
15465,2010-12,1403.6,2
15465,2011-01,784.3499999999999,2
15465,2011-02,924.2099999999999,2
15465,2011-03,1183.1999999999998,3
15465,2011-04,1403.85,3
15465,2011-06,189.05,1
15465,2011-07,639.62,2
15465,2011-09,426.95,1
15465,2011-10,149.1,1
15465,2011-11,786.4399999999999,1
15466,2009-12,740.46,1
15466,2010-04,159.25,1
15466,2010-11,326.22,1
15466,2011-09,334.53,1
15467,2011-07,402.56,2
15467,2011-11,122.32,1
15468,2010-11,962.97,1
15468,2011-10,467.51,2
15469,2010-09,335.7,1
15469,2011-08,304.3,1
15469,2011-10,234.25,1
15470,2010-05,63.419999999999995,1
15471,2010-06,269.25,1
15471,2010-11,568.28,1
15471,2011-12,454.48,1
15472,2011-08,371.56,1
15473,2010-09,274.8,1
15473,2011-10,1057.2,5
15473,2011-11,714.0,2
15474,2010-04,150.35,1
15475,2011-09,454.10999999999996,1
15476,2010-09,837.43,1
15476,2010-11,1372.55,3
15477,2010-02,368.4,1
15478,2010-05,541.06,1
15478,2011-10,1399.92,2
15479,2009-12,147.4,1
15480,2010-02,818.19,1
15480,2010-08,1868.56,1
15480,2011-08,905.5,1
15481,2010-11,1993.34,1
15482,2009-12,325.08000000000004,2
15482,2010-02,247.2,1
15482,2010-03,915.75,2
15482,2010-04,1354.3999999999999,1
15482,2010-11,695.17,1
15482,2010-12,548.44,2
15482,2011-04,713.8,1
15482,2011-06,666.06,1
15482,2011-10,720.0,2
15482,2011-11,8191.46,5
15483,2010-01,160.10999999999999,1
15483,2010-06,125.7,3
15483,2010-09,122.27,1
15483,2010-11,177.34,1
15483,2011-03,110.95,1
15483,2011-07,114.31,3
15484,2009-12,689.5,1
15484,2010-06,372.19,1
15484,2011-09,1632.62,1
15484,2011-10,394.16,1
15484,2011-11,889.38,1
15484,2011-12,674.25,1
15485,2009-12,901.84,2
15485,2010-01,321.08,1
15485,2010-10,1023.5,1
15485,2010-12,1879.18,1
15485,2011-01,328.54,1
15485,2011-11,1296.37,1
15486,2010-06,102.0,1
15487,2010-01,231.32,1
15488,2010-05,37.980000000000004,1
15488,2010-08,148.72,1
15488,2010-09,153.89999999999998,2
15488,2011-09,91.32000000000001,1
15489,2010-01,214.0,1
15489,2010-04,199.20000000000002,1
15489,2010-06,265.5,1
15489,2010-09,202.65,1
15489,2010-11,403.98,1
15489,2011-05,348.26,1
15489,2011-10,442.64,1
15489,2011-11,343.38,1
15490,2010-10,210.85,1
15491,2011-04,1022.45,2
15491,2011-05,622.47,1
15491,2011-06,765.03,1
15491,2011-08,390.98,1
15491,2011-09,299.16,1
15492,2011-09,487.74,1
15492,2011-11,171.72,1
15493,2010-02,421.53,1
15493,2010-04,319.69,1
15493,2010-07,410.22,1
15493,2010-11,1008.34,1
15493,2011-03,514.91,1
15493,2011-04,404.54,1
15493,2011-07,367.5,1
15493,2011-11,666.46,2
15494,2009-12,893.61,1
15494,2010-07,113.24,1
15494,2010-08,1415.17,1
15494,2011-08,1119.88,1
15494,2011-11,160.7,1
15495,2010-11,246.5,1
15496,2010-03,146.14000000000001,1
15497,2009-12,272.0,1
15497,2010-01,534.6,1
15497,2010-02,598.91,1
15497,2010-04,236.39999999999998,1
15497,2010-05,2174.1,1
15497,2010-08,1573.5,1
15497,2010-11,2005.68,1
15497,2011-01,970.6,1
15497,2011-11,291.6,1
15498,2009-12,3326.7200000000003,1
15498,2010-02,527.2,1
15498,2010-04,1443.02,1
15498,2010-05,1196.07,3
15498,2010-07,348.1,1
15498,2010-08,792.48,1
15498,2010-09,390.35,1
15498,2010-10,2195.01,4
15498,2010-11,1437.51,4
15498,2010-12,1953.44,2
15498,2011-01,2527.92,3
15498,2011-03,1150.92,2
15498,2011-04,344.40000000000003,1
15498,2011-05,826.85,3
15498,2011-06,2283.9,5
15498,2011-08,1015.66,3
15498,2011-09,1057.18,2
15498,2011-10,1605.25,4
15498,2011-11,662.66,1
15498,2011-12,864.9399999999999,1
15499,2009-12,158.65,1
15500,2011-09,406.02,1
15500,2011-11,459.28000000000003,2
15500,2011-12,266.26,1
15501,2010-10,399.95,2
15502,2010-06,1626.21,1
15502,2010-09,992.73,1
15502,2010-12,1858.8,3
15502,2011-03,1711.06,1
15502,2011-08,3315.0699999999997,1
15502,2011-09,320.5,3
15502,2011-11,647.95,2
15503,2009-12,116.26,1
15503,2010-12,141.04,1
15504,2010-02,147.71,1
15504,2010-04,129.07,1
15504,2010-07,61.84,1
15504,2011-09,52.83,1
15505,2011-07,944.1600000000001,1
15505,2011-08,1146.98,2
15505,2011-09,639.24,1
15505,2011-10,880.58,1
15506,2010-08,195.51,1
15506,2010-10,466.3,1
15506,2010-11,396.44,1
15506,2011-07,208.77,1
15506,2011-10,298.46,1
15506,2011-11,464.85,1
15507,2011-06,475.86,1
15508,2011-04,518.47,2
15508,2011-05,110.64,1
15508,2011-06,371.16,3
15509,2010-11,152.41,1
15510,2011-01,250.0,1
15511,2011-09,202.9,1
15511,2011-10,302.9,2
15511,2011-11,394.73,2
15512,2010-02,39.0,1
15512,2010-11,171.58,1
15512,2010-12,101.2,1
15512,2011-07,19.799999999999997,1
15513,2010-01,1273.5,1
15513,2010-03,1532.1200000000001,3
15513,2010-04,457.1,2
15513,2010-05,1767.3700000000001,3
15513,2010-06,338.68,1
15513,2010-07,1098.02,2
15513,2010-09,2576.88,1
15513,2010-10,1606.58,2
15513,2010-11,1028.58,1
15513,2010-12,2627.0,2
15513,2011-01,1100.76,3
15513,2011-03,2104.5,3
15513,2011-05,1550.7,4
15513,2011-06,1025.3400000000001,1
15513,2011-07,1611.1100000000001,1
15513,2011-08,222.95999999999998,1
15513,2011-09,2423.27,2
15513,2011-10,2520.28,1
15513,2011-11,885.8000000000001,1
15514,2009-12,1386.44,3
15514,2010-02,172.85,1
15514,2010-04,128.41,1
15514,2010-09,296.91,1
15514,2010-11,379.95,1
15514,2010-12,1824.71,4
15514,2011-03,292.03,1
15514,2011-04,385.2,1
15514,2011-11,1521.78,5
15515,2010-11,171.81,1
15516,2011-10,62.43,3
15517,2011-04,267.03,1
15518,2009-12,241.1,1
15518,2010-01,261.88,1
15518,2010-04,320.91,1
15518,2010-05,774.18,2
15518,2010-07,279.18,1
15518,2010-11,391.19,1
15518,2011-01,618.95,3
15518,2011-05,355.22,1
15518,2011-07,401.11,2
15518,2011-08,228.57999999999998,1
15518,2011-10,317.69,1
15519,2010-09,147.11,1
15519,2010-11,197.5,1
15520,2011-12,343.5,1
15521,2010-01,531.72,1
15521,2010-04,717.29,2
15521,2010-06,539.26,1
15521,2010-07,688.66,1
15521,2010-09,634.28,1
15521,2010-11,976.23,2
15521,2011-03,475.69,1
15521,2011-04,505.0,1
15521,2011-05,687.09,2
15521,2011-07,449.2,1
15521,2011-09,209.8,2
15521,2011-10,673.42,1
15522,2011-09,259.05,1
15522,2011-11,138.94,1
15523,2009-12,1173.53,3
15523,2010-02,572.75,1
15523,2010-03,1908.05,2
15523,2010-04,119.0,1
15523,2010-05,562.55,1
15523,2010-06,2464.04,2
15523,2010-07,1598.75,1
15523,2010-09,745.9,1
15523,2010-10,917.75,1
15523,2010-11,6784.86,2
15523,2011-09,412.01000000000005,1
15524,2010-04,151.4,1
15524,2011-11,440.0,1
15525,2010-11,155.85,1
15525,2010-12,549.86,1
15525,2011-11,191.26,1
15525,2011-12,265.68,1
15526,2011-11,148.44,2
15527,2009-12,297.86,1
15527,2010-01,308.55,1
15527,2010-02,386.33,2
15527,2010-03,385.65,2
15527,2010-06,503.62,3
15527,2010-07,488.5,3
15527,2010-09,178.95,1
15527,2010-11,576.05,2
15527,2010-12,221.4,1
15527,2011-01,358.9,1
15527,2011-05,319.74,1
15527,2011-06,247.25,1
15527,2011-07,183.5,1
15527,2011-09,277.55,1
15527,2011-11,820.19,2
15528,2011-03,229.33,1
15529,2010-11,821.0600000000001,1
15529,2010-12,617.12,2
15529,2011-01,246.88,1
15529,2011-03,747.39,2
15529,2011-04,198.91000000000003,1
15529,2011-05,413.37,1
15529,2011-07,456.66999999999996,1
15529,2011-09,811.24,1
15529,2011-10,414.57,1
15529,2011-11,349.56,1
15530,2010-07,311.37,1
15530,2011-04,548.09,1
15530,2011-06,437.75,1
15530,2011-07,177.85,1
15530,2011-11,333.62,1
15531,2011-11,1495.06,1
15531,2011-12,477.33000000000004,1
15532,2010-06,855.09,2
15532,2010-07,262.89,1
15532,2010-09,510.1,1
15532,2010-11,534.29,2
15532,2010-12,353.8,1
15532,2011-06,536.59,1
15532,2011-07,314.2,1
15532,2011-11,350.24,1
15533,2011-09,554.74,2
15533,2011-11,252.82999999999998,1
15534,2009-12,162.25,1
15535,2010-09,215.03,1
15535,2010-10,326.44,1
15535,2011-01,259.04,2
15535,2011-04,118.85,1
15535,2011-06,125.01,1
15536,2010-10,259.09,1
15537,2011-06,110.92,1
15538,2010-02,545.9,1
15538,2010-03,1674.75,2
15538,2010-04,579.75,1
15538,2010-06,558.0,2
15539,2011-12,538.46,1
15540,2010-11,247.38,1
15540,2011-11,213.3,1
15541,2011-08,85.13000000000001,1
15542,2009-12,509.78,2
15542,2010-07,345.93,1
15543,2010-09,114.4,1
15543,2011-02,127.86,1
15544,2010-01,463.21999999999997,1
15544,2010-02,532.41,1
15544,2010-03,1031.34,3
15544,2010-05,395.58,1
15544,2010-06,666.48,2
15544,2010-07,685.64,2
15544,2010-10,486.51,1
15544,2010-12,709.08,1
15544,2011-02,844.58,2
15544,2011-05,560.35,1
15544,2011-06,318.02,1
15544,2011-07,370.16,1
15544,2011-08,324.72,1
15544,2011-11,774.34,2
15545,2010-12,270.65999999999997,1
15545,2011-10,153.64000000000001,1
15546,2010-04,1079.1000000000001,2
15547,2009-12,666.61,1
15547,2010-01,681.59,1
15547,2010-03,562.73,1
15547,2010-06,834.43,3
15547,2010-07,419.34,1
15547,2010-08,464.46000000000004,2
15547,2010-10,516.97,1
15547,2010-11,945.9200000000001,2
15547,2010-12,767.37,1
15547,2011-01,238.67,1
15547,2011-02,407.79,2
15547,2011-03,281.21000000000004,1
15547,2011-04,280.66,1
15547,2011-05,407.43,1
15547,2011-08,362.03000000000003,1
15547,2011-09,954.02,3
15547,2011-10,692.76,2
15547,2011-12,518.66,1
15548,2010-04,158.09,1
15549,2010-01,338.8,2
15549,2010-03,41.85,1
15549,2010-06,113.3,1
15549,2010-10,158.75,1
15549,2011-01,930.3000000000001,1
15549,2011-07,689.58,1
15549,2011-09,57.83,1
15550,2009-12,386.15,2
15550,2010-01,219.89000000000001,1
15550,2010-02,94.67,1
15550,2010-07,166.05,1
15550,2010-11,768.6600000000001,3
15550,2011-02,137.89999999999998,1
15550,2011-06,141.14,1
15550,2011-08,154.24,1
15550,2011-12,142.35,1
15551,2010-06,280.87,1
15551,2010-09,449.12,1
15551,2010-10,50.8,2
15551,2010-11,462.96,2
15551,2011-11,436.06,1
15552,2010-03,162.4,1
15552,2011-05,90.12,1
15553,2011-10,428.93,1
15554,2011-03,217.2,1
15555,2009-12,947.39,1
15555,2010-02,724.6,2
15555,2010-04,347.28,1
15555,2010-05,1084.06,5
15555,2010-06,255.37,1
15555,2010-07,1201.98,2
15555,2010-08,526.8,3
15555,2010-09,483.94,1
15555,2010-10,263.54,2
15555,2010-11,606.95,2
15555,2010-12,1807.3500000000001,3
15555,2011-04,281.46,1
15555,2011-05,379.40999999999997,1
15555,2011-06,462.24,3
15555,2011-07,431.96999999999997,1
15555,2011-08,264.73,1
15555,2011-09,351.46,1
15555,2011-10,428.59,2
15555,2011-11,1203.44,3
15556,2011-11,279.77,1
15557,2011-11,468.91,1
15558,2010-03,202.68,1
15559,2010-05,1109.4,1
15560,2010-11,153.52,2
15561,2010-02,336.27,1
15561,2010-05,242.93,1
15561,2010-06,454.4,1
15561,2010-11,100.2,1
15561,2011-05,265.75,1
15561,2011-07,183.92,2
15561,2011-11,350.92,1
15562,2009-12,358.56,1
15562,2010-10,178.32,1
15562,2010-12,134.55,1
15563,2010-01,428.8,1
15563,2010-04,522.48,1
15563,2010-07,507.74,1
15563,2010-12,270.19,1
15563,2011-05,465.43,1
15563,2011-11,625.8199999999999,1
15564,2010-02,35.04,1
15564,2010-09,35.7,1
15565,2011-09,88.8,1
15565,2011-10,84.36000000000001,1
15566,2009-12,138.22,1
15566,2010-11,89.65,1
15567,2011-11,186.01,1
15568,2011-09,228.31,1
15568,2011-10,194.21,1
15568,2011-12,335.77,1
15569,2010-02,259.2,1
15569,2010-04,519.58,1
15569,2010-06,620.5899999999999,1
15569,2010-10,619.6999999999999,1
15569,2010-11,188.67000000000002,1
15569,2011-01,288.5,1
15569,2011-07,597.61,2
15569,2011-08,489.59999999999997,2
15570,2010-03,742.41,1
15570,2010-04,781.07,1
15570,2010-05,546.27,3
15570,2010-06,544.49,1
15570,2010-08,164.23,1
15570,2010-10,902.15,3
15570,2010-11,907.05,3
15570,2010-12,1565.59,3
15570,2011-01,487.70000000000005,1
15570,2011-02,431.75,2
15570,2011-04,294.04,1
15570,2011-05,247.29,1
15570,2011-07,301.26,1
15570,2011-11,1303.44,2
15570,2011-12,35.400000000000006,1
15571,2009-12,118.25999999999999,1
15571,2010-03,228.25,1
15571,2010-04,254.09,1
15571,2010-05,120.14,1
15571,2010-10,838.12,3
15571,2010-11,1683.06,3
15571,2011-09,202.35,1
15571,2011-11,448.08000000000004,3
15572,2010-04,300.93,1
15572,2010-10,605.1800000000001,1
15572,2010-11,525.67,1
15572,2011-03,445.90999999999997,2
15572,2011-04,427.63,1
15572,2011-08,679.25,1
15572,2011-11,785.65,2
15572,2011-12,194.98,1
15573,2009-12,278.08,1
15573,2010-02,105.1,1
15573,2010-03,214.05,1
15573,2011-09,404.09,1
15573,2011-11,179.15,1
15574,2010-09,144.67,1
15574,2010-10,281.13,1
15574,2010-12,912.58,3
15574,2011-06,112.1,1
15575,2010-03,30.1,1
15576,2011-11,921.37,1
15577,2009-12,137.15,2
15577,2011-02,29.65,1
15577,2011-07,229.23,2
15578,2011-06,127.1,1
15579,2010-10,752.71,2
15579,2010-11,170.32,1
15579,2011-01,195.35,1
15579,2011-10,132.25,1
15580,2010-02,99.69,1
15580,2010-04,208.19,1
15580,2010-05,222.83,1
15580,2010-06,34.92,1
15580,2010-08,105.82,1
15580,2010-09,168.42000000000002,1
15580,2010-11,535.52,2
15581,2009-12,760.44,9
15581,2010-01,218.22,3
15581,2010-05,162.07,1
15581,2010-06,265.47,3
15581,2010-07,1745.41,1
15581,2010-08,230.62,3
15581,2010-09,141.41,1
15581,2010-11,264.09000000000003,3
15581,2010-12,596.2,4
15581,2011-03,91.54,1
15581,2011-04,215.36,3
15581,2011-06,18.88,1
15581,2011-07,67.79,1
15582,2011-05,303.61,1
15582,2011-08,237.9,1
15582,2011-11,141.4,1
15583,2010-11,95.96,1
15584,2010-02,351.99,1
15584,2010-11,195.35,1
15584,2011-06,150.4,1
15584,2011-09,138.03,1
15584,2011-10,288.37,1
15584,2011-11,144.06,1
15585,2011-06,455.3,1
15586,2010-01,680.22,1
15586,2010-02,275.04,1
15586,2010-04,183.84,1
15587,2010-08,182.16000000000003,1
15587,2010-10,325.44,1
15587,2010-11,100.80000000000001,1
15587,2010-12,344.88,1
15587,2011-07,111.96,1
15587,2011-09,344.88,1
15587,2011-10,111.96,1
15588,2010-01,579.6,1
15589,2011-02,184.95,1
15589,2011-03,293.58,2
15590,2010-04,381.0,1
15590,2010-05,313.76,2
15590,2010-10,634.2,1
15590,2010-11,167.64,1
15591,2010-02,41.300000000000004,1
15591,2010-03,61.199999999999996,1
15591,2010-05,115.4,1
15592,2011-10,388.58,1
15593,2011-09,199.8,1
15594,2011-04,267.91,1
15594,2011-09,1238.52,2
15594,2011-11,265.35,2
15595,2010-08,357.6,1
15596,2010-07,588.55,1
15596,2010-10,405.96999999999997,2
15596,2010-11,326.61,1
15596,2010-12,804.64,1
15596,2011-01,375.15,1
15596,2011-03,303.03,1
15596,2011-05,309.19,1
15596,2011-08,16.9,1
15597,2010-05,238.8,1
15597,2011-11,324.57,1
15598,2010-10,307.34,1
15598,2011-10,240.68,1
15599,2010-09,488.32,1
15599,2011-05,448.83,1
15599,2011-11,312.90999999999997,1
15600,2010-04,328.48,1
15600,2010-06,375.06,1
15600,2010-09,315.75,1
15600,2010-10,180.02,1
15601,2009-12,1490.47,3
15601,2010-01,645.77,2
15601,2010-02,404.91,1
15601,2010-03,1969.14,3
15601,2010-04,752.23,2
15601,2010-06,444.32,1
15601,2010-07,424.66,1
15601,2010-09,428.79,1
15601,2010-11,854.89,2
15601,2010-12,2004.83,2
15601,2011-01,1433.83,3
15601,2011-02,1119.92,2
15601,2011-04,266.85,1
15601,2011-05,691.54,1
15601,2011-06,374.81,1
15601,2011-08,462.06,1
15601,2011-09,231.56,1
15601,2011-10,781.14,1
15601,2011-11,178.4,1
15602,2009-12,261.3,1
15602,2010-01,131.9,1
15602,2010-03,134.2,1
15602,2010-07,98.66,1
15602,2010-10,518.9200000000001,1
15602,2010-11,695.11,2
15602,2010-12,245.10000000000002,2
15602,2011-01,252.2,2
15602,2011-05,138.2,1
15602,2011-09,402.24,1
15602,2011-11,171.84,2
15602,2011-12,180.84,1
15603,2010-03,40.0,1
15603,2011-09,48.480000000000004,1
15604,2011-10,216.39,1
15605,2010-01,127.7,1
15605,2010-03,297.52,2
15605,2010-04,118.5,1
15605,2010-12,389.70000000000005,1
15605,2011-02,182.75,1
15605,2011-04,312.58,1
15605,2011-09,204.60000000000002,1
15605,2011-11,303.45,1
15606,2010-03,301.9,1
15606,2010-04,603.85,2
15606,2010-06,301.35,1
15606,2010-09,283.9,1
15606,2010-10,511.15999999999997,2
15606,2010-11,308.67,1
15606,2011-01,305.6,1
15606,2011-02,609.27,2
15606,2011-03,590.6,2
15606,2011-05,320.88,1
15606,2011-06,309.81,1
15606,2011-08,303.22,1
15606,2011-10,480.78000000000003,1
15607,2010-01,711.08,2
15607,2010-02,238.09,1
15607,2010-03,494.96000000000004,3
15607,2010-05,89.88,1
15607,2010-06,70.2,1
15607,2011-01,104.76,1
15608,2010-10,692.3,1
15608,2011-08,285.68,1
15608,2011-10,685.6,2
15608,2011-11,122.4,1
15609,2011-06,298.48,1
15610,2011-10,112.46000000000001,1
15611,2010-01,253.05,2
15611,2010-02,80.7,1
15611,2010-03,297.15,3
15611,2010-05,157.78,2
15611,2010-07,180.0,2
15611,2010-09,139.8,1
15611,2010-11,297.35,2
15611,2011-01,104.25,1
15611,2011-03,227.25,2
15611,2011-06,215.17000000000002,3
15611,2011-08,385.47,1
15611,2011-09,142.7,1
15611,2011-10,244.5,1
15611,2011-11,251.11,2
15612,2011-10,69.65,1
15612,2011-11,125.5,1
15613,2010-04,433.71999999999997,1
15614,2010-03,1327.98,1
15614,2010-07,610.08,1
15614,2010-09,1209.3,2
15615,2009-12,1236.5,3
15615,2010-01,571.84,1
15615,2010-02,378.46,1
15615,2010-03,497.9,1
15615,2010-04,894.1800000000001,2
15615,2010-05,1160.04,2
15615,2010-06,1274.37,3
15615,2010-07,847.78,4
15615,2010-08,1029.99,2
15615,2010-09,587.55,1
15615,2010-10,1242.25,3
15615,2010-11,1253.3700000000001,1
15615,2010-12,1081.19,3
15615,2011-01,643.6,1
15615,2011-02,710.31,1
15615,2011-03,536.78,1
15615,2011-04,848.92,2
15615,2011-05,918.26,2
15615,2011-06,1162.1200000000001,4
15615,2011-08,1466.67,5
15615,2011-10,1205.51,2
15615,2011-11,1826.38,2
15616,2010-09,317.11,1
15617,2010-07,205.15,1
15617,2010-10,518.1,1
15617,2010-11,105.30000000000001,1
15618,2011-07,222.831,1
15618,2011-09,196.21,2
15618,2011-11,357.81,1
15619,2011-11,336.40000000000003,1
15620,2010-10,389.18,1
15620,2010-12,424.49,1
15620,2011-05,450.52,1
15620,2011-10,678.17,1
15621,2011-11,1044.96,2
15621,2011-12,248.07,2
15622,2010-03,1449.74,1
15622,2010-04,1389.9,2
15622,2010-05,674.72,2
15622,2010-06,314.79,2
15622,2010-10,313.9,1
15622,2011-03,576.0,1
15622,2011-04,1615.8,2
15622,2011-05,410.2,2
15622,2011-09,725.61,3
15622,2011-10,381.95,1
15623,2009-12,307.2,1
15623,2010-01,332.5,1
15623,2010-03,477.28,1
15623,2010-06,305.86,1
15623,2010-07,283.18,1
15623,2010-08,138.7,1
15623,2010-11,291.3,1
15623,2011-07,301.03,1
15624,2011-03,183.9,1
15624,2011-05,127.5,1
15624,2011-07,208.63000000000002,1
15624,2011-08,68.10000000000001,1
15625,2010-06,528.53,2
15625,2010-07,282.74,1
15625,2010-08,347.53999999999996,1
15625,2010-11,543.33,1
15625,2011-04,695.3299999999999,1
15625,2011-06,249.94,1
15625,2011-08,588.99,2
15626,2010-10,391.72,1
15626,2011-01,281.88,1
15626,2011-09,393.92,1
15627,2010-07,280.16,1
15627,2010-09,286.74,1
15628,2009-12,286.28000000000003,1
15628,2010-02,310.29,1
15628,2010-04,311.76,1
15628,2010-07,328.29,1
15628,2010-08,608.82,2
15628,2010-09,324.9,1
15628,2010-11,292.5,1
15628,2010-12,638.36,1
15628,2011-03,371.83000000000004,1
15628,2011-06,314.11,1
15628,2011-08,308.43,1
15628,2011-09,311.85,1
15628,2011-10,737.96,2
15628,2011-11,303.93,1
15628,2011-12,202.95000000000002,1
15629,2010-06,1176.2,1
15629,2010-07,470.78,1
15629,2010-09,593.92,2
15630,2010-03,295.05,1
15630,2011-05,396.86,1
15630,2011-10,789.49,1
15631,2010-03,596.67,1
15632,2011-03,695.23,2
15632,2011-04,547.27,1
15632,2011-06,314.16,1
15632,2011-07,385.57,1
15632,2011-08,409.61,1
15632,2011-10,627.12,1
15632,2011-11,306.35,1
15633,2009-12,191.89000000000001,1
15633,2010-01,306.3,1
15633,2010-02,407.15,1
15633,2010-03,1423.69,4
15633,2010-04,854.55,2
15633,2010-05,655.09,2
15633,2010-06,309.34000000000003,1
15633,2010-07,187.95,1
15634,2010-11,311.1,1
15634,2011-11,243.55,1
15635,2010-11,100.35,1
15636,2010-05,388.94,1
15636,2010-09,330.88,1
15636,2011-03,306.7,1
15636,2011-09,418.06,1
15637,2009-12,288.88,1
15637,2010-03,124.10000000000001,1
15637,2010-07,50.8,1
15637,2010-10,110.44999999999999,1
15637,2011-10,223.36,1
15638,2010-04,575.4,2
15638,2010-09,408.8,2
15638,2010-10,699.0,1
15638,2010-11,582.0,1
15639,2010-04,394.24,1
15639,2010-09,245.51999999999998,1
15639,2011-07,425.32,1
15640,2009-12,1456.2,1
15640,2010-01,691.04,1
15640,2010-02,772.61,3
15640,2010-04,1231.94,1
15640,2010-06,1724.3999999999999,3
15640,2010-08,875.37,1
15640,2010-09,1260.0,1
15640,2010-10,2277.14,2
15640,2010-11,754.7,1
15640,2010-12,3045.46,3
15640,2011-01,602.44,1
15640,2011-02,964.2,1
15640,2011-04,1420.58,2
15640,2011-06,1008.61,1
15640,2011-07,649.46,1
15640,2011-08,1479.71,2
15640,2011-09,524.26,1
15640,2011-11,1868.63,2
15640,2011-12,1186.48,1
15641,2009-12,1089.6100000000001,2
15641,2010-01,315.55,1
15641,2010-04,316.85,1
15641,2010-06,150.7,1
15641,2010-08,628.8000000000001,1
15641,2010-10,655.59,1
15641,2010-11,301.25,1
15641,2010-12,308.37,1
15641,2011-03,997.01,2
15641,2011-08,581.82,1
15642,2009-12,105.78000000000002,1
15643,2011-03,337.1,1
15643,2011-06,326.90000000000003,2
15644,2011-03,423.19,3
15644,2011-06,380.35,1
15645,2010-10,443.16,2
15645,2011-11,611.59,1
15646,2010-10,91.41,1
15646,2010-11,245.76000000000002,1
15646,2010-12,379.6,1
15646,2011-04,150.24,1
15646,2011-07,107.60000000000001,1
15647,2010-10,169.0,1
15648,2011-03,299.0,1
15648,2011-05,340.5,1
15649,2010-11,844.3499999999999,2
15649,2010-12,1020.0,1
15649,2011-01,306.0,1
15650,2010-03,359.08,1
15650,2010-07,194.8,1
15651,2010-04,291.26,1
15651,2010-10,321.5,1
15651,2011-03,227.32,1
15651,2011-11,418.98,2
15652,2010-08,101.69,1
15652,2010-10,653.76,2
15652,2010-11,312.75,1
15652,2011-09,337.74,1
15653,2011-08,48.0,1
15653,2011-09,829.4399999999999,1
15654,2011-11,922.53,2
15655,2011-04,560.67,1
15656,2011-02,242.95,1
15656,2011-05,63.910000000000004,1
15656,2011-06,256.77,1
15656,2011-10,184.87,1
15657,2011-11,30.0,1
15658,2009-12,321.65,1
15658,2010-07,360.72,1
15658,2010-09,410.8,1
15658,2010-12,612.4,1
15658,2011-02,270.20000000000005,1
15658,2011-03,21.25,1
15658,2011-05,418.95,1
15658,2011-06,7.5,1
15659,2010-02,108.44,1
15659,2010-11,117.6,1
15659,2011-10,306.45,1
15660,2010-02,109.0,1
15660,2010-03,117.53999999999999,1
15660,2010-05,141.57999999999998,1
15660,2010-06,199.38,1
15660,2010-09,211.73,1
15660,2010-11,223.6,1
15660,2010-12,418.6,1
15660,2011-03,155.0,1
15660,2011-05,374.72,2
15660,2011-07,145.32,2
15660,2011-09,372.16,1
15660,2011-11,344.36,2
15661,2010-05,320.95,1
15661,2010-07,137.59999999999997,1
15661,2010-08,93.4,1
15661,2010-09,166.07999999999998,1
15661,2010-10,110.32000000000001,1
15661,2010-11,77.8,1
15661,2011-01,309.8,2
15662,2009-12,105.85,1
15662,2010-02,177.88000000000002,1
15663,2011-08,138.14,1
15664,2010-02,387.98,1
15664,2010-05,117.30000000000001,1
15664,2010-09,339.82,1
15664,2011-10,386.43,1
15665,2010-03,591.43,1
15665,2010-08,663.38,1
15665,2010-10,510.05,1
15665,2011-04,1456.42,1
15665,2011-06,765.79,1
15666,2010-08,632.9399999999999,2
15667,2011-10,301.32,1
15668,2011-05,76.32000000000001,1
15669,2011-03,198.8,1
15669,2011-06,235.94,1
15669,2011-08,130.8,1
15669,2011-10,118.8,1
15670,2010-06,152.15,1
15670,2011-02,173.05,1
15671,2011-03,657.17,2
15671,2011-04,375.96000000000004,1
15671,2011-08,301.36,1
15671,2011-09,638.4000000000001,1
15671,2011-11,684.24,2
15672,2009-12,45.300000000000004,1
15673,2010-02,737.5600000000001,1
15673,2010-04,314.85,1
15673,2010-05,728.4,1
15673,2010-07,1135.88,1
15673,2010-09,561.4,1
15673,2011-01,880.26,1
15673,2011-05,815.78,1
15673,2011-07,318.66,1
15673,2011-09,711.53,1
15674,2009-12,462.46,1
15674,2010-02,801.8199999999999,1
15674,2010-05,1396.7,2
15674,2010-06,471.51,1
15674,2010-07,305.72,1
15674,2010-09,744.37,1
15674,2010-10,319.05,1
15674,2011-03,355.12,1
15674,2011-04,355.12,1
15674,2011-05,334.71000000000004,1
15674,2011-09,1066.94,1
15675,2010-10,218.35,1
15675,2011-03,45.0,1
15675,2011-07,180.39,1
15675,2011-09,98.30000000000001,1
15676,2011-03,897.8,1
15676,2011-11,2537.96,2
15677,2010-09,340.65,1
15677,2010-10,307.75,1
15677,2011-10,657.23,1
15678,2010-07,716.48,1
15678,2010-11,756.76,1
15678,2011-10,352.7,1
15679,2011-06,178.22,1
15679,2011-07,82.04,1
15679,2011-11,521.02,2
15680,2009-12,311.5,1
15680,2010-01,364.73,1
15680,2010-02,310.98,1
15680,2010-03,328.67,1
15680,2010-05,371.11,1
15680,2010-08,324.86,1
15680,2010-10,683.16,1
15680,2010-12,957.78,1
15680,2011-10,542.82,1
15680,2011-11,311.97,1
15681,2010-05,416.5,1
15681,2010-06,181.5,1
15681,2010-07,104.1,1
15681,2010-09,464.46,2
15681,2010-11,396.98,4
15681,2011-03,345.68,1
15681,2011-06,357.54,2
15681,2011-11,722.94,2
15682,2010-01,127.48,1
15682,2010-04,190.76,1
15683,2010-08,330.79,1
15683,2011-08,193.75,1
15684,2009-12,109.4,1
15684,2010-01,9.9,1
15684,2010-06,54.65,1
15685,2010-09,55.980000000000004,1
15686,2010-10,90.0,1
15687,2011-01,353.5,1
15687,2011-02,679.0500000000001,2
15687,2011-03,369.9,1
15687,2011-06,277.0,1
15687,2011-10,561.73,1
15687,2011-11,500.33,2
15687,2011-12,251.59,1
15688,2010-10,190.57,1
15689,2010-04,266.93,1
15689,2010-12,103.5,1
15689,2011-08,150.6,1
15690,2011-08,111.0,1
15690,2011-12,128.76,1
15691,2009-12,161.8,1
15691,2010-04,197.7,1
15691,2010-11,75.0,1
15691,2011-04,136.8,1
15692,2011-11,191.04,1
15693,2010-02,37.5,1
15694,2009-12,357.87,1
15694,2010-04,453.6,1
15694,2010-06,306.95,1
15694,2010-07,733.8,2
15694,2010-09,670.4,2
15694,2010-10,447.5,2
15694,2010-11,528.96,1
15694,2010-12,1664.6599999999999,2
15694,2011-01,397.79,1
15694,2011-03,584.76,1
15694,2011-04,365.4,1
15694,2011-05,481.70000000000005,1
15694,2011-06,628.8,2
15694,2011-10,1410.26,1
15694,2011-11,891.6800000000001,2
15694,2011-12,871.6800000000001,2
15695,2010-01,348.61,1
15695,2010-04,372.45,1
15695,2011-03,409.98,2
15696,2010-01,162.65,1
15696,2010-03,304.05,1
15696,2010-05,343.87,1
15696,2010-06,6.45,1
15696,2010-10,353.09000000000003,1
15696,2011-01,777.51,3
15696,2011-03,539.95,2
15696,2011-05,312.49,1
15696,2011-09,378.95,1
15696,2011-11,702.21,1
15697,2010-01,246.75,1
15698,2010-03,46.2,1
15699,2011-11,309.65,1
15700,2011-06,696.68,2
15701,2011-08,853.9,1
15701,2011-09,111.07,1
15701,2011-10,245.09,1
15701,2011-12,318.94,1
15702,2010-08,112.57000000000001,1
15703,2011-03,211.5,1
15704,2010-05,841.17,1
15704,2010-07,599.87,1
15704,2011-05,938.85,1
15704,2011-06,568.47,1
15704,2011-07,786.3000000000001,2
15705,2011-05,143.1,1
15706,2011-08,450.05,1
15706,2011-09,428.71,1
15706,2011-10,181.8,2
15707,2011-09,158.88,1
15707,2011-10,465.45,2
15707,2011-11,292.65,1
15708,2010-10,344.47,1
15708,2010-11,307.43,1
15708,2010-12,634.58,1
15708,2011-01,603.52,2
15708,2011-02,592.55,1
15708,2011-05,443.85,1
15708,2011-07,632.13,1
15708,2011-10,645.91,1
15709,2010-04,194.6,1
15709,2011-03,133.25,1
15710,2010-10,898.87,1
15711,2010-01,106.65,1
15711,2010-06,313.6,1
15712,2009-12,255.5,1
15712,2010-01,635.85,1
15712,2010-02,301.25,1
15712,2010-06,398.55,1
15712,2010-09,247.65,1
15712,2010-10,294.65,1
15712,2010-11,266.6,1
15712,2011-02,299.8,1
15712,2011-06,158.85,1
15712,2011-08,307.66,1
15712,2011-09,99.60000000000001,1
15712,2011-11,206.45,1
15713,2009-12,243.86,1
15713,2010-03,239.08,1
15713,2010-12,342.3,1
15713,2011-07,185.55,1
15714,2010-06,300.0,2
15714,2010-09,153.93,1
15714,2011-09,132.48000000000002,1
15714,2011-11,197.55,1
15715,2010-03,359.95,1
15715,2010-04,125.03,1
15715,2010-06,173.04000000000002,3
15716,2009-12,214.17000000000002,1
15716,2010-03,188.26,1
15716,2010-04,184.92,1
15716,2010-05,238.34,1
15716,2010-06,147.4,1
15716,2010-08,194.15,1
15716,2010-09,214.39,1
15716,2010-12,1058.8,1
15716,2011-03,115.26,1
15716,2011-05,240.08,1
15716,2011-07,216.37,1
15717,2010-04,73.5,1
15717,2010-06,127.60000000000001,1
15717,2010-08,103.80000000000001,1
15717,2010-10,151.8,1
15717,2011-04,150.3,1
15718,2010-06,293.79,1
15719,2009-12,671.67,2
15719,2010-01,345.25,1
15719,2010-02,287.51,1
15719,2010-03,601.53,3
15719,2010-04,343.52,1
15719,2010-05,719.4,2
15719,2010-06,157.07,1
15719,2010-07,244.58,1
15719,2010-08,292.87,1
15719,2010-09,567.07,2
15719,2010-10,301.45,1
15719,2010-11,633.98,2
15719,2011-01,431.39,1
15719,2011-02,426.01,1
15719,2011-03,510.45,2
15719,2011-04,336.38,1
15719,2011-05,722.99,2
15719,2011-06,342.15000000000003,1
15719,2011-07,433.25,1
15719,2011-08,342.53000000000003,1
15719,2011-09,515.17,1
15719,2011-10,354.16,1
15719,2011-11,613.94,1
15720,2010-06,140.49,1
15720,2011-11,598.73,1
15721,2011-11,471.40000000000003,1
15722,2010-03,685.28,2
15722,2010-04,436.76,1
15722,2010-08,1141.17,2
15722,2010-09,759.58,1
15722,2011-02,324.05,1
15722,2011-06,435.25,1
15722,2011-08,654.15,1
15722,2011-11,797.7600000000001,2
15723,2010-05,236.36,1
15723,2010-09,217.7,1
15723,2010-10,285.94,1
15723,2010-12,190.7,1
15724,2010-11,92.6,1
15724,2011-02,103.65,1
15724,2011-05,114.60000000000001,1
15725,2011-11,415.25,1
15726,2010-11,321.91,1
15727,2010-01,932.82,1
15727,2010-05,788.61,1
15727,2010-06,178.53,1
15727,2010-07,979.46,1
15727,2010-08,739.55,2
15727,2010-11,593.68,2
15727,2010-12,1516.95,1
15727,2011-01,554.75,1
15727,2011-04,784.45,1
15727,2011-05,374.82000000000005,1
15727,2011-07,470.95,1
15727,2011-08,887.47,1
15727,2011-11,569.67,1
15728,2010-09,247.60000000000002,1
15728,2010-11,297.0,1
15729,2010-11,107.55000000000001,2
15729,2011-05,85.0,1
15730,2010-10,288.2,1
15730,2010-11,317.5,1
15730,2011-05,467.43,1
15730,2011-09,309.79,1
15730,2011-10,343.66,1
15731,2010-06,125.3,1
15732,2010-02,333.43,2
15732,2010-03,438.15,4
15732,2010-05,118.05000000000001,1
15732,2010-07,360.22,1
15732,2010-12,276.2,1
15732,2011-05,156.02,1
15733,2011-03,162.3,1
15734,2010-06,310.65000000000003,1
15734,2010-09,613.2,1
15734,2011-05,578.6500000000001,1
15734,2011-08,760.8000000000001,1
15735,2010-10,327.68,1
15736,2010-09,1767.12,2
15737,2011-04,475.88,1
15737,2011-06,236.85000000000002,3
15737,2011-07,168.20000000000002,1
15737,2011-09,183.57999999999998,1
15737,2011-11,123.61,2
15738,2009-12,282.03000000000003,1
15738,2010-01,956.2,3
15738,2010-02,570.57,2
15738,2010-03,476.89,2
15738,2010-04,992.25,3
15738,2010-05,1835.14,4
15738,2010-06,685.15,2
15738,2010-07,597.11,2
15738,2010-09,806.54,3
15738,2010-10,715.62,2
15738,2010-11,313.40000000000003,1
15738,2010-12,659.3000000000001,1
15738,2011-01,621.57,2
15738,2011-02,333.92,1
15738,2011-03,719.95,2
15738,2011-04,291.90000000000003,1
15738,2011-05,316.05,2
15738,2011-06,316.02000000000004,1
15738,2011-07,302.20000000000005,1
15738,2011-08,327.15,1
15738,2011-09,295.04,1
15738,2011-10,642.07,2
15738,2011-11,316.90000000000003,1
15739,2011-10,449.12,1
15740,2011-10,154.88,1
15741,2010-03,63.150000000000006,1
15741,2010-09,145.47,1
15742,2010-03,156.87,1
15743,2011-06,322.55,1
15743,2011-08,111.5,1
15743,2011-11,341.91,2
15744,2011-09,34.8,1
15745,2011-04,302.85,1
15745,2011-09,304.90000000000003,1
15745,2011-11,486.84000000000003,2
15746,2011-07,196.88,1
15747,2010-01,226.08,1
15747,2010-04,131.25,1
15747,2010-06,236.04,1
15747,2010-08,218.45,1
15747,2010-10,324.59999999999997,1
15747,2010-11,416.75,1
15747,2011-06,242.65,1
15747,2011-08,282.71999999999997,1
15747,2011-11,421.27,1
15748,2010-09,465.45000000000005,2
15748,2011-10,144.36,1
15749,2011-01,22998.4,2
15749,2011-04,21535.9,1
15750,2009-12,500.19,2
15750,2010-05,452.44,1
15750,2010-06,436.26,1
15750,2010-08,365.56,1
15750,2010-10,1127.67,2
15750,2010-11,1107.8210000000001,3
15750,2010-12,681.04,2
15750,2011-03,270.4,1
15750,2011-06,497.26,1
15750,2011-09,507.29,1
15750,2011-11,507.19,2
15750,2011-12,340.39,1
15751,2009-12,573.29,4
15751,2010-01,128.0,1
15751,2010-03,109.63,2
15751,2010-06,181.05,1
15751,2010-08,166.0,2
15751,2010-09,222.47,1
15752,2010-09,604.53,1
15752,2010-11,693.78,1
15752,2010-12,519.3000000000001,1
15752,2011-03,379.25,1
15752,2011-04,403.78000000000003,1
15752,2011-07,240.1,1
15752,2011-08,330.07,1
15752,2011-09,480.52,1
15752,2011-10,533.23,1
15753,2011-02,79.2,1
15754,2010-02,1420.3500000000001,1
15754,2010-03,382.6,2
15754,2010-04,323.87,1
15754,2010-07,405.42,1
15754,2010-08,46.8,1
15754,2011-04,91.8,1
15754,2011-09,211.62,1
15754,2011-10,155.15,1
15755,2009-12,308.75,1
15755,2010-01,374.11,1
15755,2010-02,304.3,1
15755,2010-03,352.77,1
15755,2010-04,325.5,1
15755,2010-06,674.0,2
15755,2010-08,366.73,1
15755,2010-09,306.89,1
15755,2010-10,301.24,1
15755,2010-11,314.58,1
15755,2011-02,314.68,1
15755,2011-04,306.05,1
15755,2011-08,524.1,1
15755,2011-09,931.91,2
15755,2011-11,287.51,1
15756,2011-04,123.59,1
15756,2011-05,120.58,1
15756,2011-07,115.72,1
15756,2011-10,168.12,1
15757,2010-06,529.07,1
15757,2010-08,737.4,1
15757,2010-09,121.85,1
15757,2010-11,837.62,1
15757,2011-05,261.36,1
15757,2011-10,453.06,1
15758,2011-11,205.25,1
15759,2009-12,125.73,1
15759,2010-05,127.20000000000002,1
15759,2010-06,183.60000000000002,1
15759,2010-07,141.36,1
15759,2010-12,97.24000000000001,1
15759,2011-02,87.8,1
15759,2011-05,68.0,1
15761,2010-09,143.05,1
15762,2011-09,315.31,1
15762,2011-10,268.44,1
15763,2011-09,522.49,1
15763,2011-11,564.4300000000001,1
15764,2010-08,864.9100000000001,1
15764,2010-10,358.2,1
15764,2011-03,1120.93,1
15764,2011-06,573.59,2
15764,2011-08,1582.1,2
15764,2011-09,3.35,1
15765,2010-02,370.63,1
15766,2010-01,201.60000000000002,1
15766,2010-09,314.4,1
15766,2011-10,315.06,1
15768,2009-12,2036.99,5
15768,2010-01,2368.79,3
15768,2010-02,1499.01,3
15768,2010-03,2220.77,4
15768,2010-04,2292.56,5
15768,2010-05,1639.65,4
15768,2010-06,2345.92,4
15768,2010-07,154.76999999999998,2
15768,2010-08,128.6,1
15768,2011-04,354.34999999999997,1
15768,2011-05,124.8,1
15768,2011-08,142.68,1
15769,2009-12,1980.0,1
15769,2010-01,1980.0,1
15769,2010-02,2805.0,1
15769,2010-03,2640.0,1
15769,2010-04,2310.0,1
15769,2010-05,2946.0,2
15769,2010-06,2805.0,3
15769,2010-07,1485.0,2
15769,2010-08,1650.0,1
15769,2010-09,4742.4,3
15769,2010-10,3648.6,1
15769,2010-11,3367.8,3
15769,2010-12,183.6,1
15769,2011-01,5544.48,2
15769,2011-02,4552.799999999999,2
15769,2011-03,12992.4,3
15769,2011-04,1342.44,2
15769,2011-05,3365.8,3
15769,2011-06,2876.0,1
15769,2011-07,2609.0,1
15769,2011-08,8489.0,4
15769,2011-09,1253.0,1
15769,2011-10,7757.0,4
15769,2011-11,1975.0,1
15769,2011-12,3404.0,1
15770,2010-04,321.45,1
15771,2010-01,316.25,1
15771,2010-04,690.29,2
15772,2010-10,280.88,1
15773,2010-10,138.84,1
15773,2011-12,635.6800000000001,1
15774,2010-02,191.33,1
15774,2010-04,148.47,1
15774,2010-05,172.79,1
15774,2010-08,141.3,1
15774,2010-10,362.4,1
15774,2011-10,270.8,1
15775,2010-03,45.6,1
15775,2011-04,104.9,1
15776,2011-07,241.62,1
15777,2010-05,9.3,1
15777,2010-10,441.25,1
15777,2010-11,264.95,1
15777,2010-12,365.55,1
15777,2011-01,387.59999999999997,2
15777,2011-04,293.96,1
15778,2010-10,307.95,1
15779,2010-06,67.38,1
15779,2010-09,56.7,1
15780,2010-12,177.15,1
15780,2011-04,225.61,1
15780,2011-06,72.52,1
15781,2011-02,83.35,1
15781,2011-07,127.95000000000002,1
15781,2011-11,134.16,1
15782,2010-10,1399.36,1
15782,2011-09,1638.3400000000001,1
15782,2011-10,526.0,1
15782,2011-11,450.40000000000003,1
15783,2011-11,246.3,1
15784,2010-02,466.19,1
15784,2010-08,382.14,1
15785,2009-12,322.92,1
15785,2010-01,497.93,1
15785,2010-03,422.63,2
15785,2010-05,530.4499999999999,1
15785,2010-06,307.5,1
15785,2010-08,226.86,1
15785,2010-10,838.8,2
15785,2010-11,493.87,2
15785,2011-02,928.58,1
15785,2011-05,401.82,1
15785,2011-07,335.43,2
15785,2011-11,663.14,1
15786,2010-06,1786.71,1
15786,2010-10,1795.91,1
15786,2011-08,3147.64,1
15786,2011-10,1771.36,2
15787,2011-10,479.1,1
15787,2011-11,454.16,2
15788,2010-07,221.82999999999998,1
15789,2010-03,383.75,1
15789,2010-06,440.82,2
15789,2010-08,481.87,1
15789,2010-10,304.27,1
15789,2010-12,351.3,1
15790,2011-11,218.75,1
15791,2010-03,307.33,1
15791,2010-04,690.05,1
15791,2010-06,998.27,1
15791,2011-05,1223.24,1
15791,2011-10,389.45000000000005,1
15792,2010-03,476.84000000000003,1
15792,2010-11,457.0,1
15793,2009-12,291.58000000000004,1
15793,2010-03,313.38,1
15793,2010-04,187.62,1
15793,2010-09,325.72,1
15793,2010-11,315.66,1
15793,2011-03,306.64,1
15793,2011-10,305.36,1
15793,2011-11,353.61,1
15794,2009-12,777.0,2
15795,2010-01,112.95,1
15795,2010-02,466.38,2
15795,2010-03,280.0,2
15795,2010-05,127.05,1
15795,2010-10,383.48,1
15795,2011-07,610.01,1
15796,2010-03,169.8,1
15796,2010-04,488.18,1
15796,2010-06,557.3000000000001,1
15796,2010-07,142.38,1
15796,2010-09,274.44,1
15796,2010-10,289.52,1
15796,2010-11,541.4000000000001,3
15796,2011-02,343.92,1
15796,2011-05,628.9200000000001,2
15796,2011-06,273.13,1
15796,2011-08,325.8,1
15796,2011-09,311.99,1
15796,2011-11,376.2,1
15796,2011-12,447.65000000000003,1
15797,2010-01,300.68,1
15797,2010-05,313.0,1
15797,2011-02,1495.2,1
15797,2011-05,330.0,1
15797,2011-08,367.2,1
15798,2010-01,366.28,1
15798,2010-03,758.38,1
15798,2010-08,410.71000000000004,1
15799,2010-10,537.1999999999999,1
15799,2011-01,320.21999999999997,1
15799,2011-06,161.02,1
15799,2011-09,402.90000000000003,1
15800,2010-03,361.03,4
15800,2010-09,169.15,1
15800,2011-04,244.5,1
15800,2011-08,452.39,1
15801,2011-08,137.22,1
15801,2011-10,926.73,2
15803,2010-02,603.8,1
15803,2010-09,910.04,2
15803,2011-10,415.82000000000005,1
15804,2011-05,525.36,1
15804,2011-06,600.03,1
15804,2011-07,519.04,1
15804,2011-08,432.48,1
15804,2011-09,873.39,4
15804,2011-10,223.22,1
15804,2011-11,703.82,3
15804,2011-12,329.05,1
15805,2009-12,658.5,1
15805,2010-01,495.72,1
15805,2010-02,442.8,1
15805,2010-05,336.55,1
15805,2010-08,680.01,3
15805,2010-09,736.27,2
15805,2010-10,759.4,3
15805,2010-11,551.5,1
15805,2010-12,370.80000000000007,1
15805,2011-02,553.76,1
15805,2011-04,1193.41,2
15805,2011-05,385.81,1
15805,2011-06,493.97,5
15805,2011-08,550.75,1
15805,2011-10,1378.16,3
15805,2011-11,561.52,3
15806,2011-03,300.36,1
15806,2011-07,221.52,1
15806,2011-10,262.7,1
15807,2010-02,401.94,1
15807,2010-10,511.68,1
15807,2011-09,635.6,1
15807,2011-10,268.3,2
15808,2009-12,1875.3200000000002,2
15808,2010-01,1969.65,2
15808,2010-02,896.73,1
15808,2010-03,1768.31,3
15808,2010-04,938.79,1
15808,2010-05,718.99,1
15808,2010-06,1291.67,2
15808,2010-07,367.52,1
15808,2010-08,1609.78,2
15808,2010-10,393.15,1
15808,2010-11,1699.07,1
15808,2010-12,3134.5,2
15808,2011-01,733.92,1
15808,2011-02,735.9,1
15809,2010-06,169.55,1
15809,2010-09,589.12,1
15809,2011-02,198.8,1
15809,2011-03,63.42,1
15809,2011-05,121.09,1
15809,2011-06,15.9,1
15809,2011-11,116.56,1
15810,2010-02,313.67,1
15810,2010-03,535.53,1
15810,2010-09,309.82,1
15810,2010-11,448.04,1
15810,2011-02,377.32,1
15810,2011-04,476.8,1
15810,2011-06,507.07,1
15810,2011-09,30.79,1
15811,2010-11,1173.93,1
15811,2010-12,728.65,2
15811,2011-02,458.53,1
15811,2011-05,397.51,1
15811,2011-08,478.96000000000004,1
15811,2011-11,444.82,1
15812,2009-12,290.72,1
15812,2010-01,171.45999999999998,1
15812,2010-03,270.05,1
15812,2010-04,447.45000000000005,1
15812,2010-06,1352.24,1
15812,2010-08,510.06,1
15812,2010-09,358.35,1
15812,2011-01,244.8,1
15812,2011-03,519.96,1
15812,2011-06,289.46,1
15812,2011-07,533.0200000000001,1
15812,2011-08,213.9,1
15813,2011-04,770.65,1
15813,2011-05,533.26,1
15814,2010-04,294.08,1
15814,2010-11,395.03000000000003,1
15814,2011-10,1120.95,2
15814,2011-11,824.38,2
15815,2011-03,427.0,1
15815,2011-04,453.0,1
15815,2011-05,514.08,1
15815,2011-07,480.62,1
15815,2011-10,225.9,1
15816,2010-06,144.14999999999998,2
15817,2010-06,906.25,1
15817,2010-08,1258.86,1
15817,2010-10,601.29,1
15818,2010-04,340.5,1
15819,2010-03,525.32,2
15819,2010-04,504.98,2
15819,2010-06,427.90999999999997,1
15819,2010-10,571.13,1
15819,2011-03,639.64,1
15819,2011-05,537.5,1
15819,2011-07,408.33,1
15819,2011-10,319.98,1
15820,2011-01,206.98,1
15821,2011-10,570.96,2
15822,2009-12,474.32,1
15822,2010-05,167.1,1
15822,2010-06,143.87,1
15822,2010-08,169.3,1
15822,2010-12,440.2,1
15822,2011-12,445.27,1
15823,2009-12,3867.17,2
15824,2010-06,394.8,1
15824,2010-09,496.14,1
15825,2011-06,532.94,1
15826,2010-05,943.97,1
15826,2011-05,720.0,1
15826,2011-10,934.3100000000001,2
15827,2010-01,228.29999999999998,1
15827,2010-02,240.75,1
15827,2010-03,116.5,1
15827,2010-04,124.5,1
15827,2010-05,349.05,4
15827,2010-06,148.85,1
15827,2010-07,353.45,3
15827,2010-10,205.65,2
15827,2010-12,381.86,2
15827,2011-01,177.35000000000002,1
15827,2011-02,175.9,2
15827,2011-03,190.10000000000002,2
15827,2011-04,63.36,1
15827,2011-05,114.05,1
15827,2011-06,203.98000000000002,1
15827,2011-07,260.04,2
15827,2011-08,222.45,1
15827,2011-09,237.93,1
15828,2010-11,1108.82,1
15829,2011-07,325.44,1
15829,2011-09,310.7,1
15830,2011-11,576.0,1
15831,2011-01,309.94,1
15831,2011-08,141.17,1
15831,2011-10,343.53,1
15832,2011-03,836.79,1
15833,2009-12,80.4,1
15834,2010-10,1136.7,1
15834,2010-11,402.54,2
15834,2011-03,1270.27,2
15834,2011-06,510.45,1
15834,2011-09,441.93,1
15835,2011-01,301.11,1
15835,2011-03,187.2,1
15835,2011-07,187.20000000000002,1
15835,2011-10,278.58,1
15836,2011-10,137.37,1
15837,2010-08,385.03000000000003,1
15837,2011-10,391.98,1
15838,2009-12,495.0,1
15838,2010-03,769.56,1
15838,2010-04,296.0,1
15838,2010-06,330.0,1
15838,2010-08,680.0,1
15838,2010-09,6178.92,2
15838,2010-10,7647.08,3
15838,2010-11,23165.86,5
15838,2010-12,1915.0,1
15838,2011-02,277.5,1
15838,2011-03,3277.24,1
15838,2011-04,1095.96,2
15838,2011-05,494.7,1
15838,2011-06,3464.66,4
15838,2011-08,4585.9400000000005,2
15838,2011-09,3187.12,1
15838,2011-10,10992.96,1
15838,2011-11,5309.5,5
15839,2011-07,299.18,1
15839,2011-09,491.18,1
15839,2011-11,258.13,1
15840,2011-06,241.74,1
15840,2011-10,113.82,1
15841,2009-12,603.75,2
15841,2010-07,315.81,1
15841,2010-09,407.6,1
15841,2010-11,191.19,1
15841,2011-01,331.6,1
15841,2011-05,281.66,1
15841,2011-09,610.8000000000001,2
15842,2010-06,172.55,1
15842,2010-11,376.25,1
15843,2011-02,118.95000000000002,1
15844,2011-10,130.73999999999998,1
15845,2010-01,216.04,1
15845,2010-04,379.92,1
15845,2010-06,118.55000000000001,1
15845,2011-01,303.36,1
15845,2011-02,929.22,1
15845,2011-05,304.58,1
15845,2011-06,426.18,1
15845,2011-07,563.4200000000001,1
15845,2011-09,543.24,1
15845,2011-11,641.77,2
15846,2010-11,107.01,1
15847,2010-03,80.62,1
15847,2010-09,207.24,1
15847,2010-10,145.44,1
15847,2011-02,180.68,1
15847,2011-11,208.59,1
15848,2010-03,137.99,1
15850,2009-12,106.65,1
15850,2010-06,110.64,1
15850,2010-11,554.58,2
15850,2011-06,116.16,1
15850,2011-11,118.72,1
15851,2010-07,109.73,1
15852,2010-07,96.55,1
15852,2011-05,103.21000000000001,1
15852,2011-06,57.5,1
15853,2011-10,110.8,1
15854,2009-12,592.2,1
15854,2010-04,142.8,1
15854,2010-05,165.33,1
15854,2010-06,156.49,1
15854,2010-07,303.90000000000003,1
15854,2010-08,456.15000000000003,1
15854,2010-11,792.2900000000001,3
15854,2010-12,230.1,1
15854,2011-01,214.20000000000002,1
15854,2011-02,303.0,1
15854,2011-03,309.4,1
15854,2011-05,527.69,2
15854,2011-06,453.3,2
15854,2011-07,356.0,1
15854,2011-09,446.25,1
15854,2011-12,129.18,2
15855,2010-08,340.48,1
15855,2011-03,95.8,1
15855,2011-04,106.4,1
15855,2011-05,140.31,1
15855,2011-06,132.18,1
15855,2011-07,237.55,1
15856,2009-12,3374.59,4
15856,2010-01,297.1,1
15856,2010-02,701.51,1
15856,2010-03,1108.85,1
15856,2010-04,1024.0,3
15856,2010-05,1168.2,1
15856,2010-06,706.78,1
15856,2010-07,542.7,1
15856,2010-08,1280.56,2
15856,2010-09,1013.15,3
15856,2010-10,754.01,2
15856,2010-11,4160.86,5
15856,2010-12,4852.63,3
15856,2011-02,1078.9,1
15856,2011-03,516.2900000000001,1
15856,2011-04,1290.4,2
15856,2011-05,649.3,1
15856,2011-06,734.44,1
15856,2011-07,809.44,2
15856,2011-08,1578.14,4
15856,2011-09,1308.45,2
15856,2011-10,1834.93,4
15856,2011-12,3060.78,6
15857,2010-10,273.48,1
15857,2011-11,297.0,1
15858,2009-12,256.89,2
15858,2010-01,342.42,1
15858,2010-03,360.26,1
15858,2010-06,639.13,2
15858,2010-08,100.5,1
15858,2010-10,425.64,1
15858,2010-12,767.86,1
15858,2011-02,432.29,1
15858,2011-09,153.9,1
15858,2011-10,270.21999999999997,1
15858,2011-11,187.23000000000002,1
15859,2010-10,438.46,1
15860,2009-12,295.6,2
15860,2010-03,109.0,1
15860,2010-05,212.32,2
15860,2010-10,176.94,1
15860,2010-11,599.78,3
15860,2010-12,205.32,1
15860,2011-04,317.6,2
15860,2011-07,120.23,1
15860,2011-08,113.79,1
15860,2011-09,208.87,2
15860,2011-10,102.01,1
15861,2010-01,413.75,1
15861,2010-04,333.92,1
15861,2010-05,158.55,1
15861,2010-09,307.76,1
15861,2011-03,716.24,2
15861,2011-07,407.52,1
15861,2011-10,562.04,1
15861,2011-11,1461.12,4
15862,2009-12,559.97,3
15862,2010-03,342.38,2
15862,2010-05,336.39,2
15862,2010-07,296.43,1
15862,2010-11,139.09,1
15862,2010-12,708.46,1
15862,2011-05,136.78,1
15862,2011-08,168.72,1
15862,2011-12,173.15,1
15863,2009-12,137.3,1
15863,2010-01,20.45,1
15863,2010-04,128.51,1
15863,2011-05,9.2,1
15863,2011-11,59.64,1
15864,2010-11,244.44000000000003,1
15864,2011-01,242.42000000000002,1
15864,2011-06,171.84,1
15864,2011-09,543.6,1
15864,2011-10,520.54,1
15864,2011-11,457.9200000000001,2
15865,2010-01,706.55,1
15865,2010-10,639.74,1
15865,2011-05,313.93,1
15865,2011-09,289.92,1
15865,2011-10,291.28,1
15866,2011-08,211.89,1
15867,2009-12,617.55,1
15867,2010-01,418.64,2
15867,2010-02,472.92,2
15867,2010-03,533.57,2
15867,2010-04,837.53,3
15867,2010-06,716.86,2
15867,2010-07,220.83,1
15867,2010-09,319.19,1
15867,2010-10,347.22,1
15867,2010-11,581.96,1
15867,2010-12,667.62,3
15867,2011-01,379.9,2
15867,2011-02,133.0,1
15867,2011-03,215.49,1
15867,2011-04,215.64,1
15867,2011-05,251.05,1
15867,2011-06,302.72,1
15867,2011-07,561.09,1
15867,2011-08,326.01,1
15867,2011-09,357.71,1
15867,2011-11,219.44,1
15867,2011-12,285.58,1
15868,2010-05,94.53,1
15869,2010-03,171.47,1
15869,2011-03,149.64,2
15870,2010-09,367.74,2
15870,2010-11,138.28,1
15870,2011-11,351.44,1
15871,2010-09,33.099999999999994,1
15872,2010-06,119.04,1
15872,2010-11,293.96,1
15872,2011-11,316.25,2
15873,2010-07,313.91999999999996,4
15874,2010-01,614.5,1
15874,2010-02,725.65,2
15874,2010-03,1063.81,3
15874,2010-04,523.08,1
15874,2010-05,389.47,1
15874,2010-08,950.45,2
15874,2010-10,295.0,1
15874,2010-11,2316.92,3
15874,2011-02,584.35,1
15874,2011-03,296.4,2
15874,2011-04,1163.75,1
15874,2011-05,118.3,1
15874,2011-06,44.95,1
15874,2011-10,2198.13,1
15875,2010-03,108.52,1
15876,2010-09,730.8,1
15876,2010-10,718.34,1
15877,2011-11,239.31,1
15877,2011-12,251.02,1
15878,2009-12,212.13,1
15878,2010-05,118.64,1
15879,2009-12,121.04,1
15879,2010-05,484.68,1
15879,2010-07,107.8,1
15879,2010-10,424.28,1
15880,2010-12,658.0600000000001,1
15881,2010-12,155.25,2
15881,2011-01,346.14,3
15882,2009-12,181.63,1
15882,2010-02,166.31,1
15882,2010-06,119.70000000000002,1
15882,2010-11,140.66,1
15882,2010-12,738.08,2
15882,2011-05,145.04000000000002,2
15883,2011-11,143.76,1
15883,2011-12,252.72,1
15884,2009-12,236.70000000000002,1
15884,2010-10,7.9,1
15885,2010-01,149.05,2
15885,2010-03,115.03,1
15885,2010-04,240.77,1
15885,2010-06,260.56,1
15885,2010-07,250.32,2
15885,2010-08,5.1,1
15885,2010-09,263.89,2
15885,2010-10,160.25,1
15885,2010-11,127.5,1
15885,2011-09,349.35,1
15886,2010-04,294.37,1
15886,2010-10,577.41,2
15886,2011-10,181.09,1
15887,2010-06,442.15,1
15887,2010-09,195.0,1
15887,2010-10,390.0,1
15888,2010-07,81.75,1
15888,2010-11,179.1,1
15888,2011-09,162.64,1
15889,2009-12,355.05,2
15889,2010-04,303.03999999999996,2
15889,2010-05,108.88,1
15889,2010-11,239.31,1
15889,2010-12,537.34,1
15889,2011-07,132.1,1
15890,2010-04,286.95,2
15890,2010-11,248.70000000000002,3
15891,2011-04,509.13,1
15892,2010-02,128.2,1
15893,2010-08,305.28000000000003,1
15894,2010-12,301.58000000000004,1
15894,2011-03,106.81,1
15895,2011-07,179.17,1
15897,2011-05,208.59,2
15898,2009-12,397.02,1
15898,2010-01,579.69,3
15898,2010-02,425.33,2
15898,2010-03,249.21,1
15898,2010-04,418.69,3
15898,2010-05,347.41,3
15898,2010-06,278.75,2
15898,2010-07,109.9,1
15898,2010-08,235.35,1
15898,2010-09,15.6,1
15898,2010-10,551.92,2
15898,2010-12,1033.28,2
15898,2011-03,168.7,1
15898,2011-04,312.6,1
15898,2011-12,385.89,1
15899,2010-12,112.5,1
15900,2010-05,136.22,1
15900,2010-10,413.07,2
15900,2011-11,337.28,1
15901,2010-06,200.34,1
15901,2010-09,117.8,2
15901,2011-07,110.49,1
15901,2011-09,116.72999999999999,1
15901,2011-11,122.53,1
15902,2010-11,145.01,1
15903,2010-01,39.8,1
15903,2010-08,314.4,1
15903,2010-10,1220.16,1
15903,2010-11,2238.7200000000003,2
15903,2011-02,161.28,1
15903,2011-04,480.36,1
15903,2011-09,1878.72,2
15903,2011-11,2606.4,3
15904,2011-12,164.68,1
15905,2010-06,114.69,1
15906,2010-09,110.65,1
15906,2010-10,296.65,1
15906,2010-11,555.2,1
15906,2011-03,411.33000000000004,2
15906,2011-05,271.83,1
15906,2011-07,114.55,1
15906,2011-10,590.49,1
15906,2011-11,179.49,2
15907,2011-05,223.07,1
15907,2011-06,254.52,1
15907,2011-12,404.28,1
15908,2010-07,183.42,1
15908,2010-08,575.2,1
15909,2011-06,191.94,1
15910,2010-01,101.43,1
15910,2010-03,183.64000000000001,1
15910,2010-04,273.59,1
15910,2010-06,196.06,1
15910,2010-07,124.46000000000001,1
15910,2010-08,132.31,1
15910,2010-11,420.8,1
15910,2011-01,149.49,1
15910,2011-02,161.41,1
15910,2011-04,118.89,1
15910,2011-05,120.82000000000001,1
15910,2011-09,112.75,1
15910,2011-10,188.41,1
15910,2011-11,243.76,1
15910,2011-12,133.35,1
15911,2009-12,846.0500000000001,3
15911,2010-01,198.84,1
15911,2010-02,144.44,1
15911,2010-03,494.46,3
15912,2009-12,435.79,3
15912,2010-01,81.75,1
15912,2010-05,137.45,2
15912,2010-09,155.09,1
15912,2011-04,141.49,1
15912,2011-06,123.13,1
15913,2010-06,6.300000000000001,1
15914,2010-11,205.99,2
15915,2010-11,364.24,1
15916,2009-12,388.52,1
15916,2010-01,146.81,1
15916,2010-03,332.83,1
15916,2010-05,213.29,1
15916,2010-11,560.93,1
15916,2010-12,464.9,2
15916,2011-01,342.61,1
15916,2011-04,158.54000000000002,1
15916,2011-06,113.35,1
15916,2011-09,118.9,1
15916,2011-11,537.01,2
15917,2009-12,288.32,3
15917,2010-04,118.75,1
15917,2011-04,123.1,1
15918,2010-03,248.65,1
15918,2011-03,142.0,1
15918,2011-06,192.23,1
15919,2010-12,428.15999999999997,1
15919,2011-11,311.61,1
15920,2009-12,121.59,2
15920,2010-03,42.900000000000006,1
15920,2010-06,102.55,1
15920,2010-10,134.6,1
15920,2011-07,163.55,3
15921,2010-03,100.18,1
15921,2010-10,170.87,1
15921,2010-11,171.53,1
15921,2011-06,323.03000000000003,1
15922,2010-12,739.0,1
15923,2010-12,254.16,1
15924,2009-12,102.82,1
15925,2011-05,207.15,1
15926,2010-06,134.44,1
15927,2010-03,106.54,1
15928,2010-02,293.53,1
15929,2010-03,594.0,1
15930,2011-10,426.63,1
15931,2010-10,239.9,1
15932,2011-02,317.73,1
15932,2011-03,339.34,1
15932,2011-04,311.16,1
15932,2011-05,305.02,1
15932,2011-06,310.12,1
15932,2011-08,302.58,1
15932,2011-09,309.7,1
15932,2011-12,300.21999999999997,1
15933,2011-09,728.27,2
15933,2011-11,379.19,1
15934,2010-10,2190.66,2
15935,2011-04,108.03999999999999,1
15936,2010-08,171.62,1
15936,2010-11,111.17,1
15937,2011-10,145.35,1
15938,2010-06,112.24,1
15938,2010-07,88.57,1
15938,2010-08,75.60000000000001,1
15938,2010-09,53.81999999999999,1
15938,2011-01,74.9,1
15938,2011-03,62.7,1
15938,2011-04,105.0,1
15938,2011-05,92.7,1
15938,2011-08,69.28,1
15939,2010-11,2904.83,1
15939,2011-01,747.06,1
15939,2011-02,602.0400000000001,2
15939,2011-03,678.65,2
15939,2011-04,2337.6,2
15939,2011-05,252.0,1
15939,2011-06,587.52,1
15939,2011-07,390.97999999999996,2
15939,2011-08,249.4,2
15939,2011-09,254.76,1
15940,2011-02,35.8,1
15941,2010-03,405.0,1
15942,2011-07,337.44,1
15943,2010-01,125.69999999999999,1
15943,2010-02,145.59,1
15944,2009-12,588.4,1
15944,2010-08,616.0,1
15944,2010-11,634.74,1
15944,2011-03,325.1,1
15945,2009-12,124.83000000000001,1
15945,2010-01,226.49,1
15945,2010-09,113.95000000000002,1
15945,2010-12,362.0,1
15946,2010-03,1155.02,1
15946,2010-07,1149.16,2
15947,2011-09,1708.24,1
15948,2010-10,553.85,1
15948,2011-10,644.24,1
15948,2011-12,311.0,1
15949,2011-09,237.04000000000002,1
15949,2011-11,127.68,1
15950,2010-01,556.66,1
15950,2010-03,751.8,1
15950,2010-06,891.03,1
15950,2010-08,908.16,1
15950,2010-11,2268.55,2
15950,2010-12,428.82000000000005,1
15950,2011-08,662.5600000000001,1
15950,2011-09,235.04000000000002,1
15950,2011-11,418.29,1
15951,2010-11,304.95,1
15951,2011-02,375.16999999999996,1
15951,2011-12,333.05,1
15952,2011-04,232.65,1
15952,2011-07,76.55,1
15952,2011-10,249.44,1
15952,2011-11,223.27,1
15953,2009-12,372.2,1
15953,2010-02,258.01,2
15953,2010-06,102.86,1
15953,2010-08,137.7,1
15953,2010-09,218.10999999999999,1
15953,2010-10,326.7,2
15953,2010-11,367.47999999999996,2
15953,2010-12,415.48,1
15953,2011-01,202.34999999999997,1
15953,2011-03,242.03,1
15953,2011-05,171.92,1
15953,2011-10,413.5,2
15953,2011-11,419.74,2
15954,2010-04,187.8,1
15955,2010-02,389.28000000000003,1
15955,2010-03,335.9,1
15955,2010-05,898.45,1
15955,2010-08,581.01,1
15955,2010-09,328.93,1
15955,2010-10,1136.15,3
15955,2010-12,1144.76,1
15955,2011-04,491.79,1
15955,2011-05,381.45000000000005,1
15955,2011-08,1018.03,5
15955,2011-09,502.34,2
15955,2011-10,879.29,3
15955,2011-11,570.98,1
15956,2009-12,326.4,1
15956,2010-06,291.2,1
15957,2010-10,492.36,2
15957,2011-11,428.89,1
15958,2010-06,64.05,1
15958,2010-10,131.1,1
15958,2010-11,162.62,1
15958,2011-09,104.35,1
15959,2010-01,542.89,3
15960,2010-09,160.9,1
15960,2010-11,250.05,3
15961,2010-11,451.28999999999996,1
15962,2010-09,289.48,1
15963,2011-10,280.04,1
15963,2011-11,190.72,1
15964,2010-02,269.21000000000004,1
15965,2009-12,169.5,1
15965,2010-02,143.05,1
15965,2010-03,226.29999999999998,1
15965,2010-04,301.65,1
15965,2010-07,231.53,2
15965,2010-09,258.21999999999997,1
15965,2010-11,632.82,2
15965,2010-12,312.38,1
15965,2011-11,652.6800000000001,3
15966,2010-09,426.53000000000003,1
15967,2009-12,156.71,1
15967,2010-02,212.38,2
15967,2010-05,269.8,1
15967,2010-06,417.59,1
15967,2010-07,245.48999999999998,1
15967,2010-09,566.7,2
15967,2010-10,452.75,1
15967,2010-11,246.9,1
15967,2011-01,161.9,1
15967,2011-11,235.78,1
15968,2010-11,401.8,1
15969,2010-07,103.75999999999999,1
15969,2010-10,357.19,1
15969,2011-06,308.7,1
15969,2011-10,222.4,1
15969,2011-12,135.0,1
15970,2010-04,703.22,1
15970,2011-02,314.1,1
15971,2009-12,446.28,2
15971,2010-10,601.8000000000001,2
15971,2010-11,654.9000000000001,2
15971,2011-02,762.0,1
15971,2011-03,301.5,2
15971,2011-04,17.700000000000003,1
15971,2011-07,731.9,2
15971,2011-08,291.4,1
15971,2011-09,217.3,1
15971,2011-10,1669.1000000000001,3
15971,2011-11,204.0,1
15972,2010-04,704.59,1
15972,2010-05,376.83,1
15972,2010-08,153.91,1
15972,2010-09,534.0,2
15973,2010-10,357.8,1
15973,2010-12,615.64,1
15974,2011-02,769.24,1
15974,2011-03,147.95000000000002,1
15974,2011-05,656.3,1
15974,2011-06,481.36,1
15974,2011-07,492.28,1
15974,2011-09,347.88,1
15974,2011-10,547.14,1
15975,2011-09,371.01,1
15976,2010-06,200.35999999999999,1
15976,2010-07,351.39,1
15976,2010-08,337.78,1
15976,2010-10,363.14,1
15976,2011-05,209.99,1
15976,2011-06,217.65,1
15977,2011-10,355.63,1
15977,2011-11,699.1,1
15978,2010-03,599.12,1
15978,2010-10,1581.52,1
15978,2011-09,1098.78,1
15979,2010-04,329.22,1
15980,2010-06,2127.64,2
15980,2010-08,2017.1799999999998,2
15980,2011-03,760.18,1
15980,2011-09,1638.68,2
15981,2010-03,1485.94,2
15981,2010-05,651.5,2
15981,2010-06,804.4,2
15981,2010-07,562.17,2
15981,2010-08,1588.78,2
15981,2010-09,254.0,1
15981,2010-10,337.5,1
15981,2010-11,270.0,1
15981,2011-02,270.0,1
15981,2011-03,600.0,1
15981,2011-04,520.8,1
15981,2011-05,231.4,1
15981,2011-06,438.8,1
15981,2011-07,397.2,1
15981,2011-09,391.68,1
15981,2011-11,558.6,1
15982,2010-04,324.51,1
15983,2009-12,1184.59,3
15983,2010-11,460.65999999999997,1
15983,2010-12,1952.02,3
15983,2011-11,326.75,1
15984,2009-12,1337.08,3
15984,2010-01,267.61,1
15984,2010-02,549.25,3
15984,2010-03,189.25,1
15984,2010-04,353.7,2
15984,2010-05,447.21,2
15984,2010-06,252.54999999999998,1
15984,2010-07,174.64,1
15984,2010-08,390.94,1
15984,2010-10,894.0,2
15984,2010-11,756.16,3
15984,2010-12,245.4,1
15984,2011-01,107.89,1
15984,2011-02,104.95,1
15984,2011-03,227.6,1
15984,2011-04,212.19,1
15984,2011-08,1032.18,2
15984,2011-09,243.2,1
15984,2011-12,729.92,2
15985,2010-05,487.92,1
15985,2010-07,307.98,1
15985,2010-08,360.66,1
15985,2010-09,416.3,2
15985,2011-04,899.58,1
15985,2011-08,242.84,1
15986,2010-11,186.3,1
15986,2011-11,168.12,1
15987,2010-11,103.22,1
15987,2010-12,226.96,1
15987,2011-05,402.6,3
15987,2011-07,274.5,1
15987,2011-08,403.05,1
15987,2011-11,239.14,1
15988,2010-02,268.8,1
15988,2010-06,310.81,1
15988,2011-11,156.78,1
15989,2009-12,140.16,1
15989,2010-11,228.15,1
15990,2010-02,191.85,1
15990,2010-03,266.73,1
15990,2010-04,387.3,2
15990,2010-08,359.76,1
15990,2011-02,401.37,1
15990,2011-10,390.74,1
15991,2010-06,150.55,1
15992,2010-09,320.75,1
15992,2010-11,533.86,1
15992,2011-12,41.989999999999995,1
15993,2011-10,1277.83,2
15993,2011-11,1255.7,3
15993,2011-12,235.44,2
15994,2010-03,390.46000000000004,1
15994,2010-10,370.95000000000005,1
15994,2011-10,414.27,1
15995,2010-10,694.54,1
15996,2010-11,353.82,1
15996,2010-12,526.5,1
15996,2011-02,210.09,1
15996,2011-03,153.83,1
15996,2011-06,141.03,1
15996,2011-08,111.56,1
15996,2011-09,152.82,1
15998,2009-12,1063.24,2
15998,2010-01,663.85,1
15998,2010-02,463.0,1
15998,2010-03,520.92,2
15998,2010-06,724.06,1
15998,2010-07,326.86,1
15998,2010-09,282.85,1
15998,2010-10,636.06,1
15998,2010-11,513.08,1
15998,2010-12,863.39,1
15998,2011-03,912.03,1
15998,2011-06,329.84,1
15998,2011-09,398.7,1
15998,2011-11,576.26,1
15999,2009-12,20.4,1
16000,2011-12,12393.7,3
16001,2010-11,583.39,1
16002,2010-03,169.21,1
16003,2009-12,387.87,1
16003,2010-03,609.4,2
16003,2010-10,912.03,1
16003,2010-11,969.16,1
16003,2010-12,1181.0,1
16003,2011-06,573.7,1
16003,2011-07,39.2,1
16003,2011-11,941.47,2
16004,2010-01,454.74,1
16004,2010-03,308.0,1
16004,2010-05,1000.6999999999999,1
16004,2010-08,382.95000000000005,2
16005,2010-09,250.20000000000002,1
16005,2010-10,681.14,2
16005,2010-11,855.02,3
16005,2011-03,154.92000000000002,1
16005,2011-06,120.49000000000001,1
16005,2011-11,303.3,2
16006,2010-11,231.42,1
16006,2011-05,101.4,1
16007,2010-06,356.83,1
16007,2010-09,547.84,1
16007,2010-11,454.58,1
16007,2011-05,363.97,1
16007,2011-06,363.7,1
16007,2011-10,966.14,2
16008,2010-03,291.45,1
16008,2010-04,432.45,2
16008,2010-05,125.49,1
16008,2010-07,147.18,1
16008,2010-09,1143.95,2
16008,2010-10,1334.01,2
16008,2010-11,1385.82,3
16008,2011-05,139.15,1
16008,2011-09,191.56,1
16008,2011-11,148.07,1
16009,2011-07,441.59000000000003,1
16009,2011-10,388.76,1
16009,2011-11,141.76,2
16010,2010-10,360.46,2
16010,2010-11,942.0,6
16010,2010-12,110.1,1
16010,2011-04,282.3,2
16011,2009-12,537.53,3
16011,2010-03,122.7,1
16011,2010-04,112.14999999999999,1
16011,2010-05,159.4,1
16011,2010-06,111.15,1
16011,2010-07,142.59,1
16011,2010-08,249.9,1
16011,2010-10,388.49,2
16011,2010-11,422.44,2
16011,2010-12,636.5500000000001,2
16011,2011-02,347.09000000000003,2
16011,2011-03,118.55,1
16011,2011-04,119.1,1
16011,2011-06,376.62,2
16011,2011-07,147.18,1
16011,2011-08,208.39,1
16011,2011-09,742.01,3
16011,2011-10,245.3,1
16011,2011-11,256.2,1
16011,2011-12,393.91999999999996,1
16012,2010-06,975.33,1
16012,2010-11,587.97,1
16012,2011-07,365.05,1
16012,2011-08,767.0699999999999,1
16012,2011-11,283.17,1
16013,2009-12,1241.0,2
16013,2010-01,419.65,1
16013,2010-03,1033.68,3
16013,2010-04,1601.99,4
16013,2010-05,784.8,5
16013,2010-07,2328.5,4
16013,2010-08,1019.9999999999999,1
16013,2010-09,3056.5,7
16013,2010-10,1650.0,1
16013,2010-11,5811.72,9
16013,2010-12,4035.0,5
16013,2011-01,1435.1,2
16013,2011-02,2963.1,5
16013,2011-03,1824.42,4
16013,2011-04,547.8,2
16013,2011-05,2675.2,4
16013,2011-06,2902.7,3
16013,2011-07,2244.24,3
16013,2011-08,4022.18,6
16013,2011-09,2491.2,2
16013,2011-10,6974.82,6
16013,2011-11,3433.12,3
16013,2011-12,2643.7200000000003,2
16014,2010-01,246.92,1
16014,2010-10,206.53,1
16014,2011-02,253.63,1
16014,2011-07,260.75,1
16014,2011-11,132.45000000000002,1
16015,2011-10,300.77,1
16015,2011-11,200.39,1
16015,2011-12,203.1,1
16016,2010-11,617.89,3
16016,2010-12,726.04,1
16016,2011-04,300.86,2
16016,2011-05,127.19,1
16016,2011-09,108.92,1
16016,2011-11,424.92,2
16016,2011-12,140.6,1
16017,2010-01,828.35,2
16017,2010-03,99.0,1
16017,2010-10,406.35,1
16017,2011-10,211.88,1
16018,2009-12,195.78,1
16018,2010-11,93.44999999999999,1
16018,2011-06,161.9,1
16018,2011-10,247.0,1
16019,2009-12,989.8299999999999,2
16019,2010-01,1354.58,3
16019,2010-03,1919.91,3
16019,2010-07,606.36,1
16019,2010-08,3226.4300000000003,3
16019,2010-09,1260.51,1
16019,2010-10,2484.55,2
16019,2010-11,1700.75,3
16019,2010-12,219.1,1
16019,2011-01,605.0500000000001,2
16019,2011-02,1129.3500000000001,1
16019,2011-03,303.32,1
16019,2011-04,232.68,1
16019,2011-07,462.75,1
16019,2011-10,833.99,2
16020,2011-10,518.8,1
16020,2011-11,332.21,2
16021,2010-06,148.44,1
16021,2010-11,338.59,1
16022,2011-03,602.63,1
16023,2011-03,177.84,1
16023,2011-05,322.85,1
16023,2011-10,219.12,1
16024,2010-10,232.96,2
16024,2011-11,245.75,1
16025,2011-11,439.65999999999997,1
16026,2011-10,236.09,1
16027,2010-01,465.0,3
16027,2010-02,89.69999999999999,1
16027,2010-03,79.2,1
16027,2010-04,216.2,1
16027,2010-05,111.00000000000001,1
16027,2010-09,152.64000000000001,2
16027,2011-02,399.72,2
16027,2011-05,116.95,1
16027,2011-06,108.7,1
16027,2011-07,150.85,1
16027,2011-09,158.4,1
16028,2010-04,82.2,1
16029,2009-12,5643.84,5
16029,2010-01,7917.68,7
16029,2010-02,2910.7400000000002,4
16029,2010-03,4643.0599999999995,2
16029,2010-04,3739.2,4
16029,2010-05,694.0,2
16029,2010-06,1368.3600000000001,3
16029,2010-07,4104.68,5
16029,2010-08,1094.34,2
16029,2010-09,1827.24,4
16029,2010-10,853.2,2
16029,2010-11,2116.44,4
16029,2010-12,17384.04,6
16029,2011-01,2139.39,5
16029,2011-02,4200.36,4
16029,2011-03,3487.08,6
16029,2011-04,1340.4,2
16029,2011-05,3353.76,5
16029,2011-06,3969.6,6
16029,2011-07,2170.08,4
16029,2011-08,10297.3,7
16029,2011-09,3172.5,8
16029,2011-10,24832.8,8
16029,2011-11,632.3,1
16030,2011-02,331.24,1
16031,2011-04,305.63,1
16031,2011-09,242.27,1
16032,2010-07,1505.31,4
16032,2010-08,273.85,1
16032,2010-09,186.56,1
16033,2010-08,598.98,2
16033,2010-09,114.33,1
16033,2010-11,1116.68,4
16033,2010-12,463.38,2
16033,2011-01,744.1,2
16033,2011-02,208.76,1
16033,2011-03,630.22,1
16033,2011-04,452.23,3
16033,2011-05,922.32,2
16033,2011-06,626.41,1
16033,2011-07,655.39,2
16033,2011-08,1317.38,2
16033,2011-09,954.51,1
16033,2011-10,366.3,1
16033,2011-11,1171.59,1
16033,2011-12,421.87,1
16034,2010-10,318.67,2
16034,2010-11,154.95,1
16034,2011-01,153.6,1
16034,2011-05,284.1,2
16035,2010-05,217.73,1
16036,2010-03,848.6800000000001,1
16036,2010-10,949.24,1
16036,2011-03,188.73,1
16036,2011-09,570.19,1
16037,2010-03,353.72,1
16037,2010-06,300.6,1
16037,2010-12,300.46,1
16037,2011-02,303.00000000000006,1
16037,2011-03,251.56,1
16038,2011-05,316.95,1
16038,2011-06,76.38,1
16038,2011-12,78.45,1
16039,2010-03,143.48000000000002,1
16039,2010-10,312.92,1
16040,2010-04,374.95,1
16040,2010-06,166.35,1
16040,2010-09,293.95,1
16040,2010-10,268.1,1
16040,2011-03,422.43,1
16040,2011-07,453.75,1
16040,2011-10,437.37,1
16041,2011-07,2739.8,2
16041,2011-11,426.6,1
16042,2010-09,644.15,1
16042,2010-11,423.7,2
16042,2011-01,24.95,1
16042,2011-08,415.53,1
16042,2011-10,432.52000000000004,2
16042,2011-11,304.47,1
16043,2010-08,524.45,1
16043,2010-10,358.95,1
16043,2010-11,199.20000000000002,2
16043,2011-01,307.85,1
16043,2011-04,144.10000000000002,1
16043,2011-05,224.54000000000002,1
16043,2011-11,97.5,1
16044,2010-09,340.84000000000003,1
16045,2010-07,968.82,2
16045,2010-10,1125.41,2
16045,2011-02,664.45,1
16045,2011-04,196.8,1
16045,2011-06,269.4,1
16045,2011-08,210.05,1
16046,2010-05,235.78,1
16048,2010-06,201.0,1
16048,2010-11,361.35,1
16048,2010-12,512.88,2
16049,2010-07,229.64000000000001,1
16049,2010-11,547.7,2
16049,2011-09,484.11,1
16049,2011-10,590.7,2
16050,2010-11,162.8,2
16050,2011-06,137.9,1
16051,2010-01,188.44,1
16052,2011-10,362.06,1
16053,2010-04,632.66,1
16053,2010-09,822.9300000000001,1
16053,2010-10,667.3,2
16053,2011-08,1124.19,1
16053,2011-11,387.76,1
16054,2010-04,452.48,1
16054,2010-07,557.65,1
16054,2010-10,317.85,1
16054,2011-07,783.9,1
16055,2011-05,134.8,1
16056,2011-10,650.75,1
16057,2010-01,439.28000000000003,1
16057,2010-02,826.15,1
16057,2010-07,326.3,1
16057,2011-02,683.98,1
16057,2011-05,375.56,2
16057,2011-09,484.69,3
16057,2011-11,718.89,1
16058,2010-10,62.7,1
16059,2010-05,197.8,1
16059,2010-06,515.51,2
16059,2010-07,180.15,1
16059,2010-10,512.75,1
16059,2010-11,194.2,1
16059,2010-12,236.5,1
16059,2011-01,141.25,1
16059,2011-03,381.5,1
16059,2011-06,303.6,1
16059,2011-09,403.26,1
16059,2011-10,105.30000000000001,1
16060,2010-08,345.6,1
16060,2010-10,119.85,1
16060,2010-11,76.5,1
16061,2010-10,89.65,1
16062,2010-06,543.32,1
16062,2010-10,872.41,2
16062,2010-11,294.1,1
16062,2010-12,247.56,1
16062,2011-04,330.62,1
16062,2011-07,199.96,1
16062,2011-11,375.48,1
16063,2011-03,335.32,1
16064,2009-12,109.31,1
16065,2010-09,433.73,1
16065,2010-10,953.65,4
16065,2010-11,237.61,2
16065,2010-12,734.28,1
16066,2011-08,316.38,1
16066,2011-10,540.46,2
16066,2011-11,664.2,2
16067,2010-02,1861.0800000000002,1
16067,2010-03,1162.95,1
16067,2010-05,245.07999999999998,1
16068,2010-04,115.73,1
16069,2010-10,457.7,1
16070,2011-11,852.15,2
16071,2010-02,264.3,1
16071,2010-03,301.86,1
16071,2010-06,184.4,1
16071,2011-10,326.24,1
16072,2010-06,1746.54,1
16072,2010-10,1849.23,2
16072,2011-02,584.3199999999999,1
16073,2011-02,122.39999999999999,1
16074,2010-11,252.5,1
16075,2010-05,469.70000000000005,1
16075,2010-07,267.23,1
16076,2011-05,305.45000000000005,1
16076,2011-07,325.46999999999997,1
16076,2011-08,256.88,1
16076,2011-09,568.01,3
16076,2011-10,431.76,2
16076,2011-11,186.17999999999998,1
16076,2011-12,160.98,1
16077,2010-03,2300.4,1
16078,2010-02,283.79,1
16078,2011-03,79.2,1
16079,2011-10,508.22,1
16079,2011-11,843.78,2
16080,2010-09,306.65000000000003,1
16080,2010-11,78.75,1
16080,2011-03,130.26,1
16080,2011-09,86.9,1
16081,2010-02,99.78999999999999,1
16081,2010-05,164.6,1
16081,2010-11,1215.15,1
16081,2010-12,315.2,1
16081,2011-03,410.53,1
16081,2011-06,424.24,1
16081,2011-09,1599.55,1
16081,2011-10,207.5,1
16082,2010-02,106.75,1
16083,2010-11,1033.8,2
16083,2010-12,337.98,1
16083,2011-08,979.64,1
16084,2011-02,436.18,1
16085,2010-01,255.64000000000001,1
16085,2010-03,423.59000000000003,2
16085,2010-07,205.8,1
16085,2010-08,126.4,1
16085,2010-09,217.62,1
16085,2010-11,114.14999999999999,1
16085,2011-01,181.35,1
16085,2011-04,143.69,1
16085,2011-09,294.61,1
16085,2011-10,120.33,1
16085,2011-11,241.53,1
16086,2009-12,284.55,1
16086,2010-04,357.62,1
16086,2010-06,308.69,1
16086,2010-10,318.40999999999997,1
16086,2010-11,297.07,1
16086,2010-12,354.52,1
16086,2011-02,101.19,1
16086,2011-05,308.61,1
16086,2011-09,312.64,1
16086,2011-10,221.69,1
16087,2010-01,346.36,1
16087,2010-02,325.44,1
16087,2010-04,325.44,1
16087,2010-10,417.24,1
16087,2010-11,325.44,1
16088,2010-04,725.15,1
16088,2010-05,712.28,1
16089,2010-07,154.65,1
16089,2010-11,108.84,1
16090,2010-03,180.56,1
16091,2011-05,157.25,1
16091,2011-07,157.81,1
16092,2010-05,473.42,2
16092,2010-07,296.66,1
16092,2011-03,310.87,1
16092,2011-05,282.86,1
16092,2011-08,224.13,1
16093,2011-08,17.0,1
16094,2010-04,334.3,1
16094,2010-05,356.45,1
16094,2010-06,374.95,1
16094,2010-07,334.08,1
16094,2010-08,284.5,1
16094,2010-11,933.05,2
16094,2011-05,252.1,1
16094,2011-11,826.13,3
16095,2010-09,447.05,1
16096,2010-03,576.9,1
16096,2010-04,306.57000000000005,1
16096,2010-10,380.88,1
16096,2011-03,320.62,1
16097,2011-04,185.04999999999998,1
16098,2009-12,154.69,1
16098,2010-02,205.14,1
16098,2010-04,400.48,1
16098,2010-06,408.09000000000003,2
16098,2010-08,682.8199999999999,1
16098,2010-10,153.85,1
16098,2010-12,861.2,1
16098,2011-02,421.8,1
16098,2011-04,157.9,1
16098,2011-06,211.92000000000002,1
16098,2011-07,289.95,1
16098,2011-08,200.32,1
16098,2011-09,293.14,1
16099,2010-03,136.5,1
16099,2010-04,246.7,1
16099,2010-07,299.7,1
16099,2010-10,158.4,1
16099,2011-04,318.3,1
16099,2011-07,273.8,1
16099,2011-10,139.8,1
16100,2010-09,582.64,1
16101,2010-05,823.51,1
16101,2010-08,387.6,1
16101,2010-10,727.35,1
16101,2011-09,1290.7,1
16102,2011-08,839.76,1
16102,2011-09,553.08,1
16102,2011-10,449.3,1
16103,2010-01,200.45,1
16103,2010-02,250.95,1
16103,2010-03,311.70000000000005,1
16103,2010-04,536.68,2
16103,2010-05,258.1,1
16103,2010-06,325.49,1
16103,2010-07,627.6500000000001,2
16103,2010-08,1416.55,4
16103,2010-10,303.85,1
16103,2010-11,530.65,2
16103,2011-04,534.46,2
16103,2011-06,270.8,1
16103,2011-07,351.14,1
16103,2011-09,256.74,1
16103,2011-12,16.5,1
16104,2009-12,1174.89,3
16104,2010-01,339.3,1
16104,2010-03,201.13000000000002,1
16104,2010-04,158.28,1
16104,2010-08,345.65,1
16104,2010-10,257.0,1
16104,2011-10,298.21,1
16105,2010-04,595.55,1
16105,2010-06,319.95000000000005,1
16105,2010-08,526.54,1
16105,2010-09,607.19,1
16105,2011-04,336.96,1
16106,2011-10,108.38,1
16107,2011-06,532.9,1
16107,2011-07,318.8,1
16107,2011-08,642.4200000000001,1
16107,2011-09,316.6,1
16107,2011-10,496.8,1
16107,2011-11,896.6400000000001,2
16108,2010-03,327.19,1
16108,2010-05,533.8,1
16108,2010-10,532.4300000000001,1
16108,2011-09,842.5,1
16109,2010-01,327.6,1
16109,2011-02,314.99999999999994,1
16109,2011-05,296.88,1
16110,2010-07,460.64,1
16110,2011-02,404.0,1
16110,2011-03,274.18,1
16110,2011-10,642.77,1
16111,2010-10,549.33,1
16112,2011-01,136.14,2
16112,2011-07,59.599999999999994,2
16113,2011-06,161.38,1
16114,2011-06,135.75000000000003,1
16115,2010-05,189.08,1
16115,2010-06,236.9,1
16115,2010-08,248.05,1
16115,2010-11,218.89,1
16115,2011-02,138.83,1
16115,2011-03,200.53,1
16115,2011-05,166.94,1
16115,2011-06,145.27,1
16115,2011-08,273.02,1
16115,2011-09,361.34,1
16115,2011-10,225.94,1
16115,2011-11,149.01,1
16116,2011-05,612.78,1
16117,2010-04,133.5,1
16117,2010-11,288.69,1
16117,2011-06,232.21,1
16118,2010-02,4376.25,1
16119,2009-12,183.4,1
16119,2010-05,129.79,1
16119,2010-06,405.15000000000003,1
16119,2010-07,160.8,1
16119,2010-10,208.16,1
16119,2010-11,210.15,1
16119,2011-09,309.48,1
16119,2011-12,113.88000000000001,1
16120,2010-10,1658.3700000000001,2
16120,2011-10,1309.14,4
16121,2010-05,151.07,1
16121,2010-11,444.31,2
16121,2011-05,285.94,1
16121,2011-10,568.72,1
16122,2010-10,114.3,1
16122,2010-11,96.9,1
16122,2010-12,211.44,1
16122,2011-01,144.12,1
16122,2011-08,300.42,1
16122,2011-09,134.16000000000003,1
16123,2011-10,307.78,1
16124,2009-12,463.0,1
16124,2010-05,468.64,1
16124,2010-10,591.85,1
16124,2011-01,249.0,1
16125,2009-12,689.71,1
16125,2010-01,440.06,2
16125,2010-02,245.48999999999998,1
16125,2010-03,472.03999999999996,2
16125,2010-04,332.0,1
16125,2010-05,559.85,1
16125,2010-06,168.97,1
16125,2010-07,169.46,1
16125,2010-08,257.57,1
16125,2010-09,272.75,1
16125,2010-11,395.1,1
16125,2010-12,578.7,1
16126,2009-12,174.1,1
16126,2010-01,258.09,1
16126,2010-03,863.25,1
16126,2010-04,359.90000000000003,1
16126,2010-05,477.8,1
16126,2010-06,546.7,1
16126,2010-07,499.90000000000003,1
16126,2010-08,590.65,1
16126,2010-10,1282.75,1
16126,2010-11,3303.69,2
16126,2011-02,891.35,1
16126,2011-06,952.65,1
16126,2011-08,1862.7,1
16126,2011-11,2581.07,1
16127,2009-12,145.06,1
16127,2011-10,656.25,1
16128,2010-07,757.85,2
16128,2010-10,694.83,2
16128,2010-11,468.15,2
16128,2011-03,388.3,1
16128,2011-07,306.4,1
16128,2011-09,717.36,1
16128,2011-11,468.16,2
16129,2010-07,446.94,1
16129,2010-10,949.11,2
16130,2010-04,207.95000000000002,1
16130,2010-05,272.75,1
16130,2010-06,232.55,1
16130,2010-10,274.23,1
16131,2009-12,1317.97,1
16131,2010-04,3181.97,1
16131,2010-10,835.86,1
16131,2010-11,1115.08,3
16131,2011-04,1056.3600000000001,1
16131,2011-05,608.16,1
16131,2011-08,613.98,2
16131,2011-10,1228.04,2
16132,2010-03,353.4,1
16132,2010-06,310.8,1
16133,2010-03,702.23,2
16133,2010-04,438.47,1
16133,2010-05,275.73,1
16133,2010-06,310.51,1
16133,2010-07,703.49,3
16133,2010-08,616.64,2
16133,2010-09,1376.51,3
16133,2010-10,1990.28,5
16133,2010-11,1989.3600000000001,5
16133,2011-01,323.71,1
16133,2011-02,307.2,1
16133,2011-04,2914.92,3
16133,2011-05,2940.82,6
16133,2011-06,304.71999999999997,1
16133,2011-07,796.4399999999999,2
16133,2011-08,3031.46,9
16133,2011-09,1459.0,2
16133,2011-10,901.25,3
16133,2011-11,672.4,2
16133,2011-12,937.12,3
16134,2010-06,906.67,1
16134,2010-09,352.53000000000003,1
16134,2010-10,268.05,1
16134,2010-12,283.53000000000003,1
16134,2011-11,334.56,1
16135,2010-05,301.9,1
16135,2011-03,517.55,1
16136,2010-02,237.42,1
16136,2011-03,159.3,1
16136,2011-09,143.34,1
16136,2011-10,406.74,1
16137,2010-01,422.7,1
16138,2010-04,516.21,1
16138,2010-06,72.3,1
16138,2010-11,321.84000000000003,1
16139,2009-12,475.74,2
16139,2011-05,139.79999999999998,1
16139,2011-08,166.57,1
16139,2011-11,329.04,1
16140,2010-09,708.28,1
16140,2010-12,248.28,1
16140,2011-10,601.04,1
16141,2010-10,335.54,1
16141,2011-09,620.4,1
16142,2011-04,535.34,1
16143,2009-12,300.35,1
16143,2010-02,443.52,1
16143,2010-05,393.62,1
16143,2010-07,281.6,1
16143,2010-09,379.95,1
16143,2010-10,331.1,1
16143,2010-12,1167.1000000000001,2
16143,2011-02,401.5,1
16143,2011-05,361.32,1
16143,2011-08,375.19,1
16143,2011-12,475.58000000000004,1
16144,2011-04,175.2,1
16145,2010-05,853.35,1
16145,2010-06,300.89,1
16145,2010-07,304.85,1
16145,2010-09,612.86,2
16145,2010-10,624.32,2
16145,2010-11,309.68,1
16145,2010-12,302.78,1
16145,2011-01,366.06,1
16145,2011-02,310.08,1
16145,2011-04,337.36,1
16145,2011-06,331.44,1
16145,2011-07,309.07,1
16145,2011-08,325.51,1
16145,2011-09,659.63,2
16145,2011-10,490.17,1
16145,2011-12,367.39000000000004,1
16146,2010-09,212.25,1
16146,2011-04,385.69,1
16146,2011-05,273.44,1
16146,2011-07,75.0,1
16147,2010-02,674.64,1
16147,2010-05,511.73,1
16147,2010-10,733.8000000000001,1
16147,2010-11,103.74000000000001,1
16147,2011-07,375.0,1
16148,2010-09,310.3,1
16148,2011-02,76.32000000000001,1
16149,2010-10,141.70000000000002,1
16149,2011-07,163.68,1
16149,2011-12,116.84,1
16150,2009-12,348.2,1
16150,2010-03,344.78000000000003,1
16150,2010-04,301.34,1
16150,2010-07,415.13,1
16150,2010-09,539.6999999999999,1
16150,2010-12,786.84,1
16150,2011-03,571.06,1
16150,2011-08,444.21999999999997,1
16150,2011-09,339.83,1
16150,2011-10,304.49,1
16152,2011-03,1829.04,1
16153,2010-05,1395.98,1
16153,2010-07,809.35,2
16153,2010-08,376.1,2
16153,2010-10,727.83,1
16153,2010-12,215.01,1
16153,2011-05,186.9,1
16153,2011-06,298.19,1
16153,2011-08,323.44,1
16153,2011-10,800.69,1
16155,2010-06,228.6,1
16155,2010-07,169.4,1
16155,2010-09,164.4,1
16155,2010-11,234.5,2
16156,2009-12,402.1,2
16156,2010-01,360.87,1
16156,2010-03,310.8,1
16156,2010-06,314.06,1
16156,2010-07,584.42,2
16156,2010-09,674.52,2
16156,2010-10,186.15,1
16156,2010-11,263.22,1
16156,2011-02,303.84000000000003,1
16156,2011-03,309.02,1
16156,2011-05,417.71000000000004,1
16156,2011-07,384.6,2
16156,2011-09,680.28,1
16156,2011-10,284.98,1
16156,2011-11,396.0,1
16156,2011-12,315.61,1
16157,2011-09,168.32,1
16157,2011-11,488.37,2
16158,2009-12,204.52,2
16158,2010-01,16.95,1
16158,2010-02,68.6,1
16158,2010-03,81.4,1
16158,2010-04,102.95,2
16158,2010-06,82.75,1
16158,2010-07,71.15,1
16159,2009-12,317.55,1
16159,2010-03,339.46,1
16159,2010-08,227.58,1
16159,2011-03,348.2,1
16160,2011-09,801.94,1
16160,2011-10,223.49999999999997,1
16161,2010-02,217.8,1
16161,2010-03,37.75,1
16161,2010-04,153.9,1
16161,2010-05,166.95,2
16161,2010-06,611.51,4
16161,2010-07,821.1,5
16161,2010-08,1050.95,2
16161,2010-09,1022.18,2
16161,2010-10,994.57,2
16161,2010-11,1969.68,4
16161,2010-12,740.5,3
16161,2011-01,200.25,1
16161,2011-02,539.39,3
16161,2011-04,345.35,1
16161,2011-05,599.77,2
16161,2011-06,305.7,1
16161,2011-07,469.90000000000003,1
16161,2011-09,837.9300000000001,2
16161,2011-10,384.40000000000003,1
16161,2011-11,956.17,3
16161,2011-12,318.51,1
16162,2011-04,37.4,1
16163,2009-12,838.28,2
16163,2010-06,322.25,1
16163,2010-10,390.85,1
16163,2010-12,883.2,1
16163,2011-04,415.00000000000006,1
16164,2011-10,245.35999999999999,1
16164,2011-11,577.12,2
16165,2010-07,79.9,1
16166,2010-01,239.84,1
16166,2010-10,195.99,1
16167,2009-12,485.79,1
16167,2010-04,387.45,1
16167,2010-09,324.55,1
16167,2010-10,188.32999999999998,2
16168,2009-12,369.0,2
16168,2010-02,88.98,1
16168,2010-03,226.60000000000002,1
16168,2010-04,379.35,4
16168,2010-05,389.88,3
16168,2010-06,827.73,5
16168,2010-07,1289.35,6
16168,2010-08,981.2,5
16168,2010-09,842.04,5
16168,2010-10,701.64,3
16168,2010-11,477.3,4
16168,2010-12,551.6,1
16168,2011-01,127.70000000000002,1
16168,2011-03,163.2,1
16168,2011-04,292.85,3
16168,2011-05,392.26,3
16168,2011-06,143.5,1
16168,2011-07,391.81,2
16168,2011-08,574.08,4
16168,2011-09,433.94,3
16168,2011-10,119.9,1
16168,2011-11,872.56,7
16169,2011-09,587.46,1
16169,2011-10,317.34000000000003,1
16169,2011-11,579.15,1
16169,2011-12,339.02000000000004,1
16170,2010-02,319.88,1
16170,2010-03,409.2,1
16170,2010-04,301.02,1
16170,2010-05,650.33,2
16170,2010-06,626.16,2
16170,2010-07,1110.73,3
16170,2010-08,728.39,2
16170,2010-09,530.57,1
16170,2010-11,307.67,1
16170,2011-04,625.5799999999999,2
16170,2011-06,319.29,1
16170,2011-07,305.0,1
16170,2011-08,310.78999999999996,1
16170,2011-10,324.39,1
16171,2011-10,73.2,1
16172,2010-07,335.09000000000003,2
16172,2010-08,409.25,1
16172,2011-04,199.38,1
16172,2011-06,351.97,1
16172,2011-08,249.0,1
16172,2011-09,339.86,2
16173,2011-09,744.25,3
16173,2011-10,262.57,1
16173,2011-11,411.5,2
16174,2010-04,203.8,1
16174,2010-05,312.5,1
16174,2010-06,344.4,1
16174,2010-08,376.5,1
16174,2011-07,705.35,2
16174,2011-08,304.20000000000005,1
16175,2010-05,289.65,1
16175,2010-07,316.7,1
16175,2010-08,192.5,1
16175,2011-04,272.86,1
16175,2011-05,194.11999999999998,1
16175,2011-06,269.90999999999997,1
16175,2011-09,300.7,1
16176,2010-03,728.39,1
16176,2010-04,17.0,1
16176,2010-06,395.2,1
16176,2010-10,912.1,1
16177,2010-03,341.73,1
16177,2010-05,365.55,1
16177,2010-07,616.55,2
16177,2010-09,591.53,3
16177,2011-10,331.95,1
16178,2010-11,414.7,1
16178,2011-07,197.9,1
16179,2011-10,215.83,1
16180,2010-06,2017.52,2
16180,2010-07,1230.75,1
16180,2010-08,2747.42,2
16180,2011-04,1180.88,2
16180,2011-05,1564.55,2
16180,2011-06,1581.85,1
16180,2011-07,1885.1,1
16180,2011-08,4041.8,2
16181,2011-09,305.54,1
16182,2010-03,495.0,1
16182,2010-04,714.0,1
16182,2010-07,825.0,1
16182,2010-08,660.0,1
16182,2010-09,660.0,1
16182,2011-02,825.0,1
16182,2011-05,1692.0,1
16182,2011-08,2327.0,1
16182,2011-09,1773.65,1
16183,2010-10,454.1,1
16183,2010-11,285.0,2
16183,2011-10,338.71000000000004,1
16184,2011-05,148.22,1
16184,2011-06,299.67,1
16184,2011-07,116.93,1
16184,2011-08,420.98,2
16184,2011-10,172.99,1
16185,2010-05,115.31,1
16185,2011-04,335.0,1
16185,2011-11,194.41,1
16186,2009-12,389.34000000000003,1
16186,2010-03,484.65,1
16186,2010-04,647.96,2
16186,2010-05,297.6,1
16186,2010-06,340.34,1
16186,2010-07,911.26,2
16186,2010-08,406.71999999999997,1
16186,2010-09,605.68,1
16186,2010-10,303.15,1
16186,2010-11,324.79,3
16186,2010-12,615.36,1
16186,2011-04,392.41,1
16186,2011-05,347.12,2
16186,2011-06,300.14,1
16186,2011-07,594.04,2
16186,2011-08,755.14,2
16186,2011-10,897.61,2
16186,2011-11,412.8,1
16187,2011-02,675.9000000000001,2
16187,2011-04,1346.98,3
16187,2011-05,541.76,2
16187,2011-06,910.98,1
16187,2011-08,1125.7,2
16187,2011-09,1680.8700000000001,3
16187,2011-10,312.89,1
16187,2011-11,316.36,1
16188,2010-10,105.80000000000001,1
16188,2011-04,565.77,2
16188,2011-07,189.26,1
16188,2011-10,226.83,1
16189,2011-09,144.48,1
16189,2011-11,71.0,1
16190,2009-12,196.92000000000002,1
16190,2010-04,411.44,1
16190,2010-05,378.61,1
16190,2010-07,324.74,1
16190,2010-08,280.13,1
16190,2010-10,608.13,1
16190,2010-11,308.5,1
16190,2011-10,215.08,1
16191,2009-12,348.6,1
16191,2010-06,2021.28,1
16191,2010-10,3613.6200000000003,5
16191,2010-11,4513.8,4
16191,2010-12,627.5999999999999,2
16191,2011-01,877.12,4
16191,2011-02,514.56,1
16191,2011-03,596.4,1
16191,2011-10,1466.58,2
16191,2011-11,853.6,2
16191,2011-12,244.66000000000003,1
16192,2009-12,351.3,1
16193,2010-10,315.98,1
16193,2011-04,314.45,1
16194,2010-11,308.59999999999997,1
16195,2009-12,323.25,1
16196,2010-08,93.3,1
16197,2009-12,117.30000000000001,1
16197,2010-03,499.51,1
16197,2010-04,183.99,1
16197,2010-06,367.68,3
16197,2010-07,173.7,1
16197,2010-08,674.53,2
16198,2010-09,629.36,1
16198,2011-09,400.68100000000004,1
16199,2010-03,66.0,1
16199,2010-06,66.0,1
16199,2010-07,66.0,1
16199,2010-08,161.7,2
16199,2010-09,110.55000000000001,1
16199,2010-11,472.5,1
16200,2009-12,1976.1,3
16200,2010-01,856.16,2
16200,2010-02,257.48,2
16200,2010-06,368.83,1
16200,2010-08,610.74,1
16200,2010-11,469.92,1
16200,2011-06,550.57,1
16200,2011-12,518.3,1
16201,2010-10,248.65,1
16201,2011-08,303.8,1
16201,2011-10,479.03,1
16201,2011-11,571.24,1
16201,2011-12,509.4,1
16202,2009-12,592.17,2
16202,2010-03,529.88,2
16202,2010-06,305.3,2
16202,2010-09,406.69,1
16202,2010-10,302.68,1
16202,2010-12,365.27,1
16203,2010-07,282.13,1
16203,2010-11,68.81,1
16203,2010-12,341.4,1
16203,2011-04,147.6,1
16203,2011-07,60.0,1
16203,2011-10,214.6,1
16204,2009-12,213.27,1
16204,2010-11,321.26,1
16204,2011-11,384.18,1
16205,2010-06,220.11,1
16205,2010-10,330.07,1
16205,2010-11,512.3,1
16205,2011-06,105.75,1
16205,2011-10,319.4,1
16205,2011-11,325.88,2
16206,2010-01,340.17,1
16206,2010-05,115.33,1
16206,2010-06,313.38,1
16206,2010-07,306.16,1
16206,2010-09,488.21,3
16206,2010-11,476.81,2
16206,2011-01,161.3,1
16206,2011-05,127.45,1
16206,2011-08,121.11,1
16206,2011-10,127.19999999999999,1
16207,2011-11,394.38,1
16208,2010-02,323.55,1
16208,2010-03,273.6,1
16208,2010-05,678.66,1
16208,2010-07,386.68,1
16208,2010-08,334.0,1
16208,2010-09,196.47,1
16208,2010-10,344.15,1
16208,2010-11,239.08,1
16208,2011-02,497.59,1
16208,2011-10,166.67,1
16209,2010-06,1183.5,2
16209,2010-07,495.36,1
16209,2010-11,205.3,1
16209,2011-04,305.95000000000005,1
16209,2011-06,1598.3100000000002,2
16209,2011-08,212.64,1
16209,2011-09,145.72,1
16210,2009-12,1904.7,4
16210,2010-01,429.64,1
16210,2010-03,2024.8,3
16210,2010-04,1363.9,2
16210,2010-07,1905.0,2
16210,2010-09,846.64,2
16210,2010-10,1627.2,1
16210,2010-11,2552.79,1
16210,2010-12,11739.18,4
16210,2011-02,1866.3000000000002,1
16210,2011-05,1716.27,3
16210,2011-08,310.87,1
16210,2011-09,702.94,2
16210,2011-10,528.6,1
16210,2011-11,5351.28,4
16210,2011-12,3599.4,1
16211,2010-09,243.57,1
16211,2010-10,300.0,1
16211,2011-09,547.02,1
16212,2010-02,261.0,1
16212,2010-03,342.37,1
16212,2011-03,498.15000000000003,1
16212,2011-11,192.19,1
16213,2011-09,159.0,1
16214,2010-09,975.5,1
16214,2011-03,542.97,1
16214,2011-04,206.7,1
16214,2011-06,313.08000000000004,1
16215,2011-09,242.35,1
16216,2011-03,914.9300000000001,1
16217,2011-03,183.0,1
16217,2011-04,121.25000000000001,1
16218,2010-05,113.2,1
16218,2010-09,382.8,3
16218,2010-11,387.99,2
16218,2010-12,942.6,1
16218,2011-03,216.3,1
16218,2011-05,1041.16,2
16218,2011-07,452.0,1
16218,2011-08,454.72,1
16218,2011-11,449.2,1
16219,2010-07,40.8,1
16221,2010-08,445.45,2
16221,2010-09,230.78,1
16221,2010-10,134.6,1
16221,2010-11,346.78000000000003,2
16221,2010-12,333.48,1
16221,2011-03,148.63,1
16221,2011-11,545.49,1
16222,2009-12,498.5,1
16222,2011-01,773.5500000000001,1
16223,2010-11,1087.05,2
16224,2010-11,321.24,1
16224,2011-04,543.21,2
16224,2011-07,322.67,1
16224,2011-10,429.42,1
16225,2010-02,616.77,3
16225,2010-03,133.6,1
16225,2010-04,182.8,1
16225,2010-06,206.60000000000002,1
16225,2010-08,327.07,2
16225,2010-09,127.70000000000002,1
16225,2010-11,168.45,1
16225,2011-03,416.61,2
16225,2011-06,183.95000000000002,1
16225,2011-07,353.08,1
16225,2011-10,142.68,1
16226,2010-10,328.85,1
16226,2010-11,88.19999999999999,1
16226,2011-04,130.8,1
16226,2011-05,124.32000000000001,2
16227,2010-06,320.2,1
16227,2010-08,392.8,1
16227,2011-04,314.22,1
16228,2010-11,885.71,3
16229,2010-05,420.36,1
16229,2010-06,319.44,1
16229,2010-07,348.56,1
16229,2010-11,768.9,1
16229,2011-05,358.2,1
16229,2011-09,652.4,1
16230,2011-05,275.93,1
16230,2011-06,266.1,1
16231,2010-04,287.8,1
16231,2010-10,607.77,2
16231,2010-11,178.9,1
16232,2010-06,678.75,1
16232,2010-08,308.52,1
16232,2010-10,734.8199999999999,1
16232,2011-05,366.47,2
16232,2011-07,358.57,1
16232,2011-10,265.84,1
16233,2009-12,294.3,1
16233,2010-01,284.2,1
16233,2010-05,236.35,1
16233,2010-08,131.07999999999998,1
16233,2010-09,123.9,1
16233,2010-11,211.8,1
16233,2010-12,294.79999999999995,1
16233,2011-01,179.10000000000002,1
16233,2011-09,210.18,1
16234,2010-05,91.36,1
16234,2010-07,105.5,1
16234,2010-08,136.32,1
16235,2010-08,675.46,1
16235,2010-09,54.2,1
16235,2010-10,312.64,1
16235,2010-11,144.1,1
16235,2011-01,108.67,1
16235,2011-02,235.79,1
16235,2011-06,320.83,1
16235,2011-10,192.01999999999998,1
16236,2011-09,432.2,1
16237,2010-09,136.65,1
16238,2010-10,63.66,1
16239,2010-09,262.6,1
16239,2010-10,317.6,2
16239,2010-11,497.79999999999995,1
16239,2011-06,347.9,1
16239,2011-10,66.3,1
16240,2011-09,1824.79,1
16240,2011-11,1894.01,1
16241,2010-10,380.64,1
16241,2010-11,1018.86,2
16241,2010-12,555.3000000000001,1
16241,2011-01,158.73,1
16241,2011-04,225.52,1
16241,2011-05,166.66,1
16241,2011-06,173.82,1
16241,2011-07,196.28,1
16241,2011-08,303.16,2
16241,2011-09,276.61,2
16241,2011-10,110.03,1
16241,2011-11,701.85,2
16242,2010-03,516.38,1
16242,2010-04,346.12,1
16242,2010-06,708.55,1
16242,2010-08,485.15,1
16242,2010-10,1098.89,1
16242,2010-11,669.7,2
16242,2011-03,211.36,1
16242,2011-05,181.54,1
16242,2011-06,453.69,1
16242,2011-10,822.74,1
16242,2011-11,1361.62,2
16242,2011-12,548.91,1
16243,2011-10,214.95,1
16243,2011-11,194.15,1
16244,2010-12,2113.26,1
16244,2011-05,466.12,1
16245,2011-03,453.98,1
16245,2011-08,315.72,1
16245,2011-11,643.96,1
16246,2010-02,166.9,1
16246,2010-09,654.45,1
16247,2011-06,114.56,1
16248,2011-10,152.94,1
16249,2011-04,814.83,1
16249,2011-05,205.7,1
16249,2011-07,331.74,1
16249,2011-08,88.5,1
16249,2011-10,359.3,1
16250,2010-11,175.8,1
16250,2010-12,452.28,1
16250,2011-03,163.3,1
16251,2010-07,128.31,1
16252,2010-11,295.09000000000003,1
16253,2009-12,329.13,1
16253,2010-01,646.25,1
16253,2010-06,1253.86,1
16253,2010-10,1309.1,2
16253,2011-03,1700.4,1
16253,2011-10,1983.46,1
16254,2010-03,159.74,1
16254,2010-07,201.45,1
16254,2010-11,606.25,1
16255,2010-01,297.63,1
16255,2010-03,315.99,1
16255,2010-06,335.18,1
16255,2010-07,252.56,1
16255,2010-08,104.65,1
16255,2010-09,356.3,1
16255,2010-11,247.78,1
16255,2010-12,748.5,1
16255,2011-01,299.6,1
16255,2011-02,219.36,1
16255,2011-04,168.46,1
16255,2011-07,736.08,2
16255,2011-09,385.04,1
16255,2011-11,437.12,1
16256,2010-04,519.84,1
16256,2010-08,307.1,1
16256,2011-03,752.4300000000001,1
16257,2011-06,21.95,1
16258,2010-03,754.95,1
16258,2010-04,820.84,2
16258,2010-06,991.08,1
16258,2010-08,1086.74,2
16258,2010-09,714.06,1
16258,2010-10,1603.54,2
16258,2010-11,767.8000000000001,1
16258,2011-05,1032.46,1
16258,2011-06,801.0,1
16258,2011-07,1152.8,1
16258,2011-08,754.8000000000001,1
16258,2011-10,1462.45,1
16259,2010-04,157.87,2
16259,2010-10,183.07,1
16260,2011-10,1035.45,1
16261,2010-09,151.69,1
16261,2010-11,160.93,1
16261,2011-04,252.52,1
16261,2011-08,157.47,1
16261,2011-09,134.15,1
16261,2011-11,184.4,1
16262,2010-11,755.15,1
16263,2010-10,348.16,1
16264,2010-09,823.53,2
16265,2010-10,137.60000000000002,1
16265,2010-11,1200.57,2
16265,2010-12,840.81,2
16265,2011-02,1602.03,2
16265,2011-03,382.3,1
16265,2011-07,750.9,1
16265,2011-08,385.98,1
16265,2011-10,595.08,1
16265,2011-11,789.9,1
16266,2010-02,152.17,1
16266,2010-04,118.95,1
16266,2010-06,93.5,1
16266,2010-07,372.03999999999996,3
16266,2010-10,159.4,1
16266,2011-05,371.84,3
16266,2011-06,117.0,1
16266,2011-07,161.9,1
16266,2011-08,110.38,1
16266,2011-09,100.77,1
16267,2010-04,186.66,1
16268,2011-09,617.65,2
16269,2010-09,717.57,1
16270,2010-12,1141.24,1
16271,2010-03,666.4399999999999,1
16271,2010-06,468.95,1
16271,2010-07,256.6,1
16271,2010-08,586.19,1
16271,2010-12,133.22,1
16271,2011-07,435.79,1
16271,2011-08,299.42,1
16271,2011-11,521.21,1
16272,2011-08,411.7,1
16273,2010-02,241.84,1
16273,2010-03,76.5,1
16274,2010-12,663.1,1
16275,2010-03,695.84,1
16275,2010-08,895.4,1
16275,2011-05,559.87,1
16276,2010-04,1057.3600000000001,1
16276,2010-08,761.4300000000001,1
16276,2011-06,810.6000000000001,1
16277,2009-12,188.69,1
16278,2010-07,260.3,1
16278,2010-08,291.15999999999997,1
16278,2011-08,566.38,1
16279,2010-04,484.82,1
16279,2010-06,752.44,1
16279,2010-07,752.84,1
16279,2010-08,759.84,1
16279,2010-10,659.48,1
16279,2010-11,786.08,1
16279,2011-06,359.08000000000004,1
16279,2011-09,365.1,1
16279,2011-11,778.6,1
16280,2009-12,238.05,1
16281,2010-01,781.52,1
16281,2010-10,580.44,1
16281,2011-09,2062.06,1
16282,2009-12,270.0,1
16282,2010-08,869.28,1
16282,2011-01,168.3,1
16283,2010-02,854.02,1
16283,2010-06,615.21,1
16283,2010-10,1310.28,1
16283,2011-05,277.81,1
16283,2011-07,196.85999999999999,1
16283,2011-08,109.97999999999999,1
16283,2011-10,743.79,1
16283,2011-12,240.67,1
16284,2010-11,205.8,1
16284,2011-10,390.25,1
16284,2011-11,422.43,1
16285,2010-03,176.9,1
16286,2010-03,272.95,1
16286,2010-08,56.0,1
16287,2010-01,226.62,1
16287,2010-03,137.70000000000002,1
16287,2010-09,286.87,1
16287,2010-11,213.29000000000002,1
16287,2011-06,142.5,1
16288,2010-08,129.85,1
16289,2010-09,136.31,1
16290,2010-05,898.03,1
16290,2010-06,841.02,1
16290,2010-08,126.25,1
16290,2010-09,92.4,1
16292,2010-04,312.26,1
16292,2010-06,196.95,1
16292,2010-09,309.8,1
16292,2010-11,132.5,1
16292,2011-08,302.25,1
16293,2009-12,325.64,1
16293,2010-05,284.67,1
16293,2010-09,859.1800000000001,2
16293,2010-11,560.72,1
16293,2010-12,757.5,1
16293,2011-03,317.56,1
16293,2011-05,433.43,2
16293,2011-09,324.59,2
16293,2011-10,451.83000000000004,3
16293,2011-11,342.83000000000004,1
16294,2010-08,126.05000000000001,1
16295,2011-10,692.3,2
16295,2011-11,636.25,2
16296,2009-12,376.0,1
16296,2010-01,314.46000000000004,1
16296,2010-03,623.21,2
16297,2011-03,301.9,1
16298,2010-09,183.6,1
16298,2010-10,166.45,2
16298,2010-11,137.45,1
16298,2011-06,114.3,1
16298,2011-10,239.24,1
16298,2011-11,244.66,1
16299,2010-08,193.65,1
16300,2010-02,411.11,1
16300,2010-03,427.25,1
16300,2010-10,528.96,1
16301,2009-12,107.33,1
16302,2011-08,233.22,1
16303,2010-03,618.36,1
16303,2010-05,609.98,1
16303,2010-10,577.7,1
16303,2010-11,761.6,1
16303,2011-01,827.1800000000001,1
16303,2011-08,3209.15,1
16303,2011-11,1324.3,1
16304,2010-01,381.66,1
16305,2011-07,361.21999999999997,1
16306,2010-10,492.45,1
16306,2010-12,136.2,1
16306,2011-01,175.15,1
16306,2011-02,351.21999999999997,3
16306,2011-05,37.8,1
16307,2010-05,435.85,1
16307,2010-06,359.07,1
16307,2010-10,400.0,1
16308,2009-12,960.0,1
16308,2010-06,640.0,1
16308,2010-10,960.0,1
16308,2011-03,320.0,1
16308,2011-05,640.0,1
16308,2011-08,640.0,1
16308,2011-11,960.0,1
16309,2011-04,334.2,1
16309,2011-08,372.37,1
16310,2010-03,190.38,1
16310,2010-10,269.7,1
16311,2011-10,401.55,1
16311,2011-11,214.71,1
16312,2010-10,171.15,1
16313,2011-10,167.62,1
16313,2011-12,106.53,1
16314,2010-08,401.2,1
16314,2010-09,420.95,1
16314,2010-11,669.25,1
16315,2010-06,176.34,1
16315,2011-01,226.37,1
16316,2010-08,993.75,1
16316,2010-09,533.0500000000001,1
16316,2010-10,575.9,1
16316,2010-11,703.3,2
16316,2010-12,308.21999999999997,1
16316,2011-03,840.75,3
16316,2011-05,680.14,1
16316,2011-06,363.78,1
16316,2011-07,19.919999999999998,1
16316,2011-10,726.1,1
16317,2010-05,374.5,1
16317,2010-06,476.36,1
16317,2011-02,570.76,1
16317,2011-07,462.58,1
16317,2011-08,308.31,1
16318,2011-11,328.15,1
16319,2011-05,404.40000000000003,1
16320,2010-01,823.15,1
16320,2010-07,2379.88,2
16320,2010-09,1387.5,1
16320,2011-05,852.68,1
16320,2011-06,185.78,1
16321,2009-12,196.10000000000002,1
16321,2010-03,34.8,1
16321,2011-01,87.75,1
16321,2011-02,135.9,2
16321,2011-09,150.0,2
16322,2011-11,213.07999999999998,1
16322,2011-12,113.67,1
16323,2010-05,146.16,1
16323,2011-05,207.50000000000003,1
16324,2011-06,155.37,1
16324,2011-08,253.22,2
16325,2009-12,345.54,2
16325,2010-01,174.1,1
16325,2010-04,389.36,1
16325,2010-06,334.25,1
16325,2010-09,750.45,2
16325,2010-10,1009.56,2
16325,2011-04,190.82000000000002,1
16325,2011-07,225.20000000000002,1
16325,2011-10,178.22,1
16326,2010-01,258.82,1
16326,2010-03,268.83,1
16326,2010-05,295.82,3
16326,2010-06,299.98,2
16326,2010-07,183.68,1
16326,2010-08,52.55,1
16326,2010-11,227.35,1
16326,2011-01,425.18,2
16326,2011-05,101.10000000000001,1
16326,2011-06,382.9,2
16326,2011-07,155.34,1
16326,2011-08,151.0,1
16326,2011-09,491.59000000000003,2
16326,2011-10,582.4300000000001,2
16326,2011-11,477.84000000000003,2
16326,2011-12,271.84,1
16327,2009-12,698.61,1
16327,2010-01,787.35,1
16327,2010-02,1331.22,1
16327,2010-03,678.83,2
16327,2010-04,471.65999999999997,1
16327,2010-06,829.2,1
16327,2010-07,236.52,1
16327,2010-09,678.47,1
16327,2010-11,627.51,1
16327,2010-12,1010.0,1
16327,2011-01,622.62,1
16327,2011-03,582.35,1
16327,2011-05,729.07,1
16327,2011-09,702.75,1
16327,2011-11,647.88,1
16328,2010-05,310.83,1
16329,2009-12,250.06,1
16329,2010-03,402.79,1
16329,2010-09,548.87,1
16329,2010-10,463.19999999999993,1
16330,2010-02,51.43,1
16330,2010-09,261.87,2
16330,2010-10,60.17,1
16330,2011-08,48.96,2
16330,2011-11,202.95,1
16331,2010-03,1452.1,2
16331,2010-09,184.8,1
16331,2010-10,400.8,3
16332,2010-04,107.75,1
16332,2010-08,148.52,2
16332,2010-10,158.42000000000002,1
16332,2011-02,122.3,1
16332,2011-07,307.97,1
16332,2011-08,221.5,1
16332,2011-09,466.12,1
16332,2011-10,262.6,2
16332,2011-11,202.31,1
16333,2011-02,2508.48,3
16333,2011-03,1920.48,1
16333,2011-04,7325.84,9
16333,2011-05,1332.4,3
16333,2011-08,1282.0,1
16333,2011-09,1250.4,1
16333,2011-10,3733.0,1
16333,2011-11,5727.0,1
16333,2011-12,1547.2,2
16334,2010-08,263.73,1
16335,2009-12,799.15,2
16335,2010-01,224.09,1
16335,2010-02,358.2,1
16335,2010-03,728.37,1
16335,2010-04,229.86,1
16335,2010-06,413.85,1
16336,2010-03,1787.9,2
16336,2010-09,1166.99,1
16336,2010-10,562.8,1
16337,2011-11,151.05,1
16338,2011-07,214.79999999999998,1
16339,2011-02,94.05,1
16340,2010-06,366.04,1
16340,2010-09,595.89,1
16340,2011-08,534.31,1
16341,2010-04,762.28,1
16341,2010-09,1116.64,2
16341,2011-05,797.65,1
16341,2011-09,734.24,1
16341,2011-11,439.98,2
16342,2011-06,136.95,1
16342,2011-07,89.26,1
16342,2011-08,57.5,1
16342,2011-09,38.7,1
16343,2010-10,285.54,1
16343,2011-11,328.58,2
16344,2010-02,209.1,1
16344,2010-04,107.66,1
16344,2010-07,424.56,1
16344,2011-07,101.10000000000001,1
16345,2010-08,613.33,1
16345,2011-10,565.46,1
16346,2010-11,224.51,1
16347,2010-03,221.74,1
16347,2010-04,310.49,1
16347,2010-05,494.92,3
16347,2010-06,191.45,1
16347,2010-09,406.7,1
16347,2010-10,444.24,1
16347,2010-11,525.97,1
16347,2011-11,847.45,2
16348,2010-10,328.77,1
16348,2011-04,429.11,2
16348,2011-06,127.62,1
16348,2011-08,179.22,1
16348,2011-09,275.4,1
16348,2011-11,401.96,2
16349,2011-02,53.5,1
16350,2010-10,312.0,1
16350,2010-11,825.42,4
16350,2011-01,376.7,1
16350,2011-09,189.7,1
16350,2011-10,435.46999999999997,1
16350,2011-11,114.6,1
16351,2009-12,361.2,2
16351,2010-01,158.0,1
16351,2010-02,163.8,1
16351,2010-03,224.94,1
16351,2010-04,604.4,2
16351,2010-05,633.17,2
16351,2010-07,620.24,1
16351,2010-09,288.38,1
16351,2010-10,122.0,1
16351,2011-01,153.9,1
16352,2011-11,494.44,2
16353,2009-12,717.9,3
16353,2010-01,260.2,3
16353,2010-02,323.4,3
16353,2010-04,503.85,1
16353,2010-05,107.69999999999999,1
16353,2010-09,249.60000000000002,1
16353,2010-11,957.1,3
16353,2010-12,714.0,4
16353,2011-01,547.6,2
16353,2011-02,237.60000000000002,2
16353,2011-03,175.72,1
16353,2011-05,684.36,2
16353,2011-07,664.83,1
16353,2011-08,505.80000000000007,1
16353,2011-09,379.5,2
16353,2011-10,500.20000000000005,2
16353,2011-11,1876.1000000000001,4
16353,2011-12,594.0,2
16354,2010-04,208.28,1
16354,2010-09,312.22,1
16354,2010-11,203.16,1
16354,2011-09,366.1,1
16354,2011-10,29.700000000000003,1
16355,2010-11,416.35,1
16356,2010-06,98.3,2
16356,2010-11,105.80000000000001,1
16356,2011-03,102.0,1
16356,2011-04,2.1,1
16356,2011-05,107.67,1
16357,2010-11,209.49,1
16357,2011-05,137.9,1
16357,2011-06,120.05000000000001,1
16357,2011-11,400.93,1
16358,2010-11,892.1500000000001,1
16358,2011-06,462.15000000000003,1
16358,2011-09,672.4000000000001,1
16358,2011-10,459.79,1
16358,2011-12,433.16,1
16359,2010-02,178.43,1
16359,2010-04,105.85,1
16359,2010-06,126.35000000000001,1
16359,2010-07,230.8,2
16359,2010-08,90.0,1
16359,2010-11,215.4,1
16359,2011-01,92.4,1
16359,2011-02,209.25,1
16359,2011-03,130.56,1
16359,2011-04,423.4,1
16359,2011-05,160.65,1
16359,2011-06,230.57,1
16359,2011-09,164.4,1
16359,2011-10,228.96,1
16359,2011-12,110.73,1
16360,2011-09,447.27,2
16360,2011-10,1000.75,1
16360,2011-11,1239.45,2
16360,2011-12,762.94,1
16361,2011-09,334.94,1
16361,2011-10,269.36,1
16361,2011-11,286.90999999999997,2
16362,2010-09,212.17,1
16362,2011-09,360.65,3
16362,2011-10,134.25,1
16362,2011-11,215.09,1
16363,2011-10,109.36000000000001,1
16364,2011-07,346.3,1
16364,2011-11,359.49,1
16365,2009-12,198.76999999999998,1
16365,2010-03,347.15,1
16365,2010-04,232.61999999999998,1
16365,2010-06,351.43,1
16365,2010-08,155.95,1
16365,2010-11,341.0,1
16365,2010-12,508.32,2
16365,2011-03,120.9,1
16365,2011-07,319.25,3
16365,2011-08,53.95,1
16365,2011-11,677.8599999999999,2
16366,2009-12,243.65,1
16366,2010-01,665.24,1
16366,2010-05,311.94,1
16366,2011-11,327.3,1
16367,2010-11,549.8100000000001,1
16367,2010-12,167.09,1
16367,2011-11,633.58,1
16368,2010-09,141.53,1
16368,2011-11,302.48,1
16368,2011-12,177.43,1
16369,2010-04,222.25,1
16369,2010-05,337.2,1
16369,2010-08,225.35,1
16369,2010-09,326.35,1
16369,2011-05,354.45,1
16369,2011-09,486.91,1
16369,2011-11,701.97,1
16370,2011-04,272.17,1
16370,2011-06,271.04,1
16370,2011-08,401.28000000000003,1
16370,2011-09,357.42,1
16371,2010-09,157.2,1
16372,2010-04,110.95,1
16372,2010-10,823.63,2
16372,2011-11,355.73,2
16373,2010-10,194.74,1
16373,2010-11,114.75,1
16374,2010-04,449.24,1
16374,2010-09,422.84,1
16374,2010-11,378.69,1
16374,2011-03,154.2,1
16374,2011-10,304.58,1
16375,2010-08,104.0,2
16376,2011-11,862.2,1
16376,2011-12,112.75999999999999,1
16377,2010-04,632.28,1
16377,2011-03,676.2,1
16378,2011-02,287.05,2
16378,2011-04,75.9,1
16379,2011-09,478.88,1
16379,2011-11,1276.88,2
16379,2011-12,401.64,1
16380,2011-10,1743.1499999999999,1
16381,2010-10,204.35,1
16381,2010-11,43.5,1
16382,2010-06,195.77,1
16382,2010-10,157.33,1
16383,2010-02,460.39,1
16383,2010-04,803.82,1
16383,2010-07,415.48,1
16383,2010-09,155.79,1
16383,2010-11,408.75,1
16383,2011-03,309.46,1
16383,2011-09,334.3,1
16384,2010-04,319.75,1
16384,2010-10,454.7,1
16384,2011-03,409.1,1
16384,2011-09,175.4,1
16385,2010-03,110.26,1
16385,2010-11,216.23,1
16385,2010-12,294.40000000000003,1
16385,2011-07,126.62,1
16385,2011-10,281.04,1
16386,2010-11,765.59,1
16386,2011-03,61.10000000000001,1
16386,2011-11,241.47,1
16387,2010-03,140.19,1
16387,2010-09,344.33,1
16387,2010-10,176.85999999999999,1
16387,2010-11,126.72,1
16387,2011-01,94.36,1
16388,2010-02,186.05,1
16389,2011-03,119.65,1
16389,2011-05,550.52,1
16389,2011-09,408.53999999999996,1
16389,2011-10,303.36,1
16390,2010-01,193.8,1
16390,2010-06,273.70000000000005,2
16391,2010-05,158.63,1
16391,2010-06,283.9,1
16391,2010-07,135.33,1
16391,2010-11,471.0,1
16392,2010-05,192.29,1
16392,2010-10,345.27,1
16392,2011-03,217.89,1
16393,2009-12,341.02,1
16393,2010-02,159.9,1
16393,2010-03,384.55,1
16393,2010-06,140.63,1
16393,2010-07,286.96,2
16393,2010-10,297.84999999999997,1
16393,2010-11,645.9,3
16393,2010-12,476.35,2
16393,2011-02,214.04999999999998,1
16393,2011-04,128.25,1
16393,2011-05,202.07,1
16393,2011-06,133.62,1
16393,2011-07,533.79,2
16393,2011-09,258.64,1
16393,2011-10,352.41,1
16393,2011-11,619.88,2
16393,2011-12,306.7,1
16394,2011-02,312.40999999999997,1
16394,2011-04,306.89,1
16394,2011-06,313.8,1
16394,2011-09,308.76,1
16394,2011-10,313.48,1
16395,2009-12,244.66,2
16395,2010-08,305.91,1
16395,2010-09,464.77,2
16395,2010-10,281.5,1
16395,2010-11,738.66,3
16395,2011-01,450.56,2
16395,2011-06,513.74,1
16395,2011-09,304.96,1
16395,2011-10,212.8,1
16396,2010-08,137.8,1
16397,2010-03,123.13,1
16398,2011-03,1169.95,1
16398,2011-07,535.85,1
16399,2010-11,222.20000000000002,1
16399,2011-04,176.60999999999999,1
16399,2011-11,229.61,1
16400,2009-12,559.98,1
16400,2010-03,229.53,1
16400,2010-04,368.6,1
16400,2010-05,411.88,1
16400,2010-07,560.0,2
16400,2010-10,365.32,1
16400,2010-11,260.61,1
16400,2011-09,303.93,1
16401,2010-06,162.89999999999998,2
16401,2010-07,213.85,1
16401,2010-08,401.77,3
16401,2010-09,236.26,1
16401,2010-10,426.38,1
16401,2010-11,1307.97,3
16401,2011-01,487.9,1
16401,2011-02,177.9,1
16401,2011-03,306.59999999999997,1
16401,2011-05,689.49,2
16401,2011-06,309.9,1
16401,2011-07,483.63,1
16401,2011-09,318.24,1
16401,2011-10,306.3,1
16401,2011-11,705.62,2
16401,2011-12,312.74,1
16402,2010-12,411.3,1
16402,2011-03,87.8,1
16403,2011-01,177.5,1
16404,2011-09,443.05,1
16405,2011-02,167.25,2
16406,2010-02,203.95000000000002,1
16406,2010-09,170.06,1
16406,2011-11,154.35,1
16407,2010-10,463.87,3
16407,2010-11,218.1,1
16407,2011-01,263.24,1
16407,2011-02,272.15,2
16407,2011-04,60.0,1
16407,2011-05,194.4,1
16407,2011-07,265.87,1
16407,2011-08,426.71,2
16407,2011-09,265.14,1
16407,2011-11,332.16999999999996,1
16408,2010-04,231.93,1
16409,2009-12,512.81,1
16409,2010-02,276.44,1
16409,2010-04,372.41,1
16409,2010-07,700.67,1
16409,2010-08,512.52,1
16409,2010-11,1254.91,2
16409,2011-01,271.56,1
16409,2011-04,532.0,1
16409,2011-07,229.81,1
16409,2011-09,380.76,1
16409,2011-11,608.85,1
16410,2009-12,130.32,1
16411,2010-10,339.67,1
16411,2010-11,205.02,1
16411,2010-12,257.1,1
16411,2011-11,83.15,1
16412,2010-02,68.25,1
16412,2010-04,94.89,1
16412,2010-10,178.49,1
16412,2010-11,115.57,1
16412,2011-10,135.99,1
16413,2010-11,259.83,1
16413,2011-10,262.2,1
16414,2010-01,129.09,1
16414,2010-04,103.48,1
16414,2010-10,192.39000000000001,1
16414,2011-03,50.8,1
16414,2011-11,75.45,1
16415,2010-02,179.2,1
16415,2010-05,317.29,1
16415,2011-10,200.27,1
16416,2010-02,637.4399999999999,1
16416,2010-07,328.77,2
16416,2010-10,364.24,1
16416,2010-11,576.03,2
16416,2011-10,678.72,2
16416,2011-11,372.68,1
16417,2010-08,35.7,1
16418,2010-10,397.62,2
16418,2011-04,145.91,1
16418,2011-09,222.45000000000002,1
16418,2011-10,262.76,1
16419,2010-02,214.18,1
16419,2010-05,290.81,1
16419,2011-02,252.66,1
16419,2011-03,264.27,1
16419,2011-06,233.76,2
16419,2011-08,208.01999999999998,2
16420,2010-11,75.0,1
16421,2010-08,310.6,1
16421,2010-10,111.27,1
16421,2010-11,104.4,1
16422,2010-01,1465.0800000000002,2
16422,2010-02,1166.1000000000001,3
16422,2010-03,1363.8,3
16422,2010-04,1011.48,2
16422,2010-05,3822.26,7
16422,2010-06,2221.62,5
16422,2010-07,3758.16,6
16422,2010-08,2246.4300000000003,5
16422,2010-09,3083.6,9
16422,2010-10,2000.63,6
16422,2010-11,4832.86,8
16422,2010-12,3693.5200000000004,3
16422,2011-01,2557.71,5
16422,2011-02,2198.28,5
16422,2011-03,3566.05,5
16422,2011-04,3142.92,4
16422,2011-05,4093.08,4
16422,2011-06,4639.18,5
16422,2011-07,2877.2200000000003,4
16422,2011-08,3466.96,3
16422,2011-09,2098.8,5
16422,2011-10,1915.14,4
16422,2011-11,2103.74,4
16423,2011-11,346.12,1
16424,2010-11,309.5,1
16424,2011-06,133.56,1
16425,2011-02,302.7,1
16426,2011-03,328.37,1
16426,2011-09,361.46,3
16426,2011-10,238.25,1
16426,2011-11,399.36,2
16426,2011-12,536.32,3
16427,2011-02,109.8,1
16427,2011-03,131.26,1
16428,2010-07,418.01,2
16428,2010-10,220.48,1
16429,2011-08,284.55,1
16430,2010-01,104.95,1
16430,2010-06,117.44,1
16430,2010-11,579.7,3
16430,2011-10,300.85,1
16431,2011-02,334.6,2
16431,2011-05,288.68,1
16432,2011-10,287.4,1
16433,2010-10,200.26,1
16433,2011-11,184.26,1
16434,2010-01,484.98,2
16434,2010-04,162.1,1
16434,2010-09,514.81,2
16434,2011-02,393.5,1
16434,2011-03,121.95,1
16434,2011-05,201.26999999999998,1
16434,2011-09,182.12,1
16434,2011-10,196.93,1
16434,2011-11,416.03,2
16435,2010-07,1003.0699999999999,3
16436,2009-12,192.45,2
16436,2010-02,126.69,1
16437,2010-10,117.35,1
16437,2010-11,183.89999999999998,1
16438,2011-09,204.4,1
16438,2011-10,148.72,1
16438,2011-11,295.42,2
16438,2011-12,149.81,1
16439,2009-12,310.70000000000005,1
16440,2010-08,216.3,1
16440,2011-05,272.46,1
16440,2011-10,1536.3700000000001,2
16440,2011-11,856.41,1
16440,2011-12,975.43,1
16441,2010-03,225.74,1
16441,2010-09,93.72,1
16441,2010-10,312.52,1
16441,2011-02,211.0,1
16441,2011-10,170.2,1
16442,2009-12,155.06,1
16442,2010-04,127.62,1
16442,2010-12,147.06,1
16442,2011-04,285.37,1
16442,2011-12,176.87,1
16443,2010-07,162.24,1
16444,2010-03,354.79,1
16444,2010-05,35.1,1
16444,2010-06,286.68,2
16444,2010-07,95.53,1
16444,2010-08,282.27,1
16444,2010-09,164.59,1
16444,2010-10,1125.46,3
16444,2010-11,626.79,3
16444,2011-03,119.08,1
16444,2011-05,121.0,1
16444,2011-09,301.32,1
16444,2011-10,113.27,1
16445,2010-10,161.7,1
16445,2010-11,190.95,2
16445,2011-11,230.51,1
16446,2011-05,2.9,1
16446,2011-12,168469.6,1
16447,2010-02,176.87,1
16447,2010-04,294.32,1
16447,2011-07,255.91,1
16448,2010-08,178.13,1
16448,2011-05,182.99,1
16449,2011-03,416.69,1
16449,2011-05,291.0,1
16450,2010-02,408.29,1
16450,2010-05,785.52,1
16450,2011-07,311.92,1
16451,2009-12,307.65000000000003,1
16451,2010-05,438.53,1
16451,2011-09,266.97,1
16452,2010-01,193.68,1
16452,2010-03,138.49,1
16453,2010-06,251.71,2
16454,2010-04,1.55,1
16454,2011-10,5.9,1
16455,2010-03,905.16,1
16455,2010-10,939.1800000000001,1
16455,2010-11,310.05,2
16455,2010-12,913.28,3
16455,2011-03,413.7,1
16455,2011-05,188.1,1
16455,2011-09,189.6,1
16455,2011-10,517.8,1
16456,2010-03,709.78,1
16456,2010-04,296.99,1
16456,2010-05,387.9,1
16456,2010-06,282.68,1
16456,2010-08,1844.59,3
16456,2010-10,320.82,1
16456,2010-12,1574.8,1
16456,2011-02,449.09,1
16456,2011-04,339.93,1
16456,2011-08,124.16,1
16456,2011-09,457.6,1
16457,2011-05,208.36,1
16458,2010-05,116.0,1
16458,2010-06,349.8,2
16458,2010-07,318.23,2
16458,2010-08,377.63,2
16458,2010-09,161.2,1
16458,2010-10,456.57,2
16458,2010-11,428.72,2
16458,2010-12,193.9,1
16458,2011-02,373.5,2
16458,2011-03,157.7,1
16458,2011-04,198.0,1
16458,2011-05,216.3,1
16458,2011-06,388.3,2
16458,2011-07,185.0,1
16458,2011-08,438.8,2
16458,2011-09,333.56,2
16458,2011-10,183.9,1
16458,2011-11,638.28,3
16458,2011-12,175.5,1
16459,2009-12,71.78999999999999,1
16460,2011-09,508.61,2
16460,2011-11,302.62,1
16461,2010-03,749.0899999999999,1
16461,2010-04,647.8199999999999,1
16461,2011-06,142.92,1
16462,2011-03,34.0,1
16462,2011-06,34.0,1
16462,2011-09,68.0,1
16463,2011-05,319.37,1
16463,2011-10,800.02,2
16463,2011-11,303.01,1
16464,2011-07,380.33,1
16464,2011-09,603.0,1
16464,2011-11,315.33,1
16465,2010-09,456.64,1
16465,2010-10,289.6,1
16466,2010-03,472.76,1
16466,2010-04,315.3,1
16466,2010-05,295.65,1
16466,2010-06,274.34000000000003,1
16466,2010-07,313.25,1
16466,2010-08,219.0,1
16466,2010-10,161.49,1
16466,2010-11,119.34,1
16466,2011-02,109.12,1
16466,2011-05,212.4,1
16466,2011-06,198.76999999999998,1
16466,2011-08,479.34000000000003,2
16466,2011-10,354.47,1
16466,2011-11,241.86,1
16467,2009-12,131.12,1
16467,2010-01,1640.58,1
16467,2010-02,619.86,1
16467,2010-03,83.52,1
16467,2010-06,324.48,2
16467,2010-07,69.6,1
16468,2010-08,712.62,2
16468,2011-09,74.9,1
16469,2010-07,178.48000000000002,1
16469,2011-04,268.3,2
16469,2011-09,179.19,1
16469,2011-11,177.93,1
16470,2009-12,191.18,1
16470,2010-04,164.78,1
16470,2010-06,165.9,2
16470,2010-08,347.64,1
16470,2010-09,490.61,1
16470,2010-11,303.97,1
16470,2010-12,216.34,1
16470,2011-05,129.32,1
16470,2011-08,193.47,1
16470,2011-10,213.64,1
16471,2010-02,323.38,1
16471,2010-05,339.85,1
16471,2010-11,302.8,1
16471,2011-03,223.95000000000002,1
16472,2010-04,557.04,1
16472,2010-10,232.56,1
16473,2010-11,154.72,1
16473,2011-01,149.41,1
16473,2011-02,68.4,1
16473,2011-06,98.3,1
16474,2011-07,341.35,1
16474,2011-09,123.09,2
16474,2011-10,873.2,2
16474,2011-11,351.74,1
16474,2011-12,121.11000000000001,1
16475,2011-03,310.0,1
16475,2011-06,57.900000000000006,1
16475,2011-07,91.4,1
16475,2011-09,85.0,1
16476,2010-10,350.35,1
16477,2010-08,515.03,1
16477,2010-09,258.41,1
16477,2010-10,451.02,1
16477,2010-11,375.45,1
16477,2010-12,770.0500000000001,2
16477,2011-01,417.31,1
16477,2011-03,214.5,1
16477,2011-05,376.3,1
16477,2011-07,446.75,1
16477,2011-10,495.2,1
16478,2011-10,235.9,2
16478,2011-11,95.1,1
16479,2011-11,300.83,2
16480,2011-09,769.29,1
16481,2010-01,453.38,1
16482,2011-11,220.62,1
16483,2011-05,139.35,1
16484,2011-06,404.3,2
16485,2009-12,619.24,1
16485,2010-02,298.5,1
16485,2010-04,413.77,1
16485,2010-10,592.03,1
16485,2011-09,363.65,1
16486,2010-06,134.36,1
16487,2010-02,102.2,1
16487,2010-05,107.2,1
16488,2011-07,219.06,1
16488,2011-08,135.51,1
16488,2011-11,144.23000000000002,1
16489,2010-09,110.65,1
16489,2010-11,193.04999999999998,1
16490,2010-09,205.41000000000003,1
16491,2010-10,801.66,1
16491,2011-10,731.5,1
16492,2010-06,385.56,1
16493,2010-03,465.51,1
16493,2010-07,140.7,1
16493,2010-09,174.25,1
16493,2011-01,127.80000000000001,1
16493,2011-02,240.0,1
16493,2011-06,414.49,1
16493,2011-09,569.34,1
16494,2011-02,826.53,1
16495,2011-03,246.51,2
16495,2011-12,401.75,1
16496,2010-07,453.0,2
16496,2010-10,278.25,1
16496,2011-01,736.7,1
16496,2011-05,448.34,1
16496,2011-12,414.48,1
16497,2009-12,294.85,1
16497,2010-01,500.89,1
16497,2010-03,250.47,1
16497,2010-04,356.25,2
16497,2010-05,359.04,2
16497,2010-06,630.75,4
16497,2010-07,304.61,2
16497,2010-09,544.08,2
16497,2010-10,488.65000000000003,2
16497,2011-01,512.38,2
16497,2011-03,175.3,1
16497,2011-05,863.02,2
16497,2011-10,1414.99,1
16498,2011-06,91.22,1
16498,2011-07,9.75,1
16499,2010-06,449.64,2
16499,2010-07,255.82999999999998,1
16499,2010-09,284.05,1
16499,2010-10,992.67,1
16499,2010-11,230.70000000000002,1
16499,2010-12,365.45,2
16500,2010-06,147.54999999999998,1
16500,2010-11,295.5,2
16500,2011-01,165.0,1
16500,2011-11,183.12,4
16500,2011-12,52.74000000000001,1
16501,2010-11,1191.23,1
16502,2010-03,258.55,2
16503,2010-06,272.68,1
16503,2010-07,624.03,2
16503,2010-08,303.15,1
16503,2010-09,600.05,2
16503,2010-11,382.5,1
16503,2010-12,488.09,1
16503,2011-01,353.7,1
16503,2011-05,251.6,1
16503,2011-08,338.54,1
16504,2011-11,465.88,1
16505,2011-11,777.6,1
16506,2011-10,55.2,1
16506,2011-11,35.1,1
16507,2010-05,142.71,1
16508,2010-03,240.95,1
16509,2011-02,363.7,1
16510,2010-01,635.6,1
16510,2010-03,279.18,2
16510,2010-07,173.5,1
16510,2010-08,420.87,1
16510,2010-12,496.2,1
16511,2010-03,300.15,1
16511,2010-09,222.78,1
16511,2010-11,319.23,1
16511,2011-03,328.35,1
16511,2011-07,235.35000000000002,1
16511,2011-11,352.63,1
16513,2011-10,108.45000000000002,1
16513,2011-11,554.34,1
16513,2011-12,211.8,2
16515,2010-06,671.59,1
16515,2010-09,181.03,1
16515,2010-10,370.33,1
16515,2010-11,331.96999999999997,2
16515,2011-02,319.86,1
16515,2011-04,299.48,1
16515,2011-07,365.28,1
16515,2011-09,262.74,1
16515,2011-10,376.78000000000003,1
16516,2011-11,101.69999999999999,1
16517,2011-03,162.7,1
16518,2010-06,155.0,1
16518,2010-10,320.05,1
16518,2011-02,190.7,1
16518,2011-10,293.62,1
16519,2010-03,164.13,1
16519,2010-08,59.849999999999994,1
16519,2010-12,207.4,1
16519,2011-11,109.28,1
16520,2010-03,278.48,1
16520,2010-04,366.52,1
16520,2010-10,456.81,1
16520,2010-12,651.52,1
16520,2011-04,297.16,1
16520,2011-06,423.65000000000003,1
16521,2010-03,91.37,1
16521,2010-10,1044.99,2
16522,2010-09,433.36,2
16523,2010-01,409.93,1
16523,2010-03,325.2,1
16523,2010-04,388.1,1
16523,2010-08,434.45,1
16523,2010-10,940.18,3
16523,2011-01,743.9,1
16523,2011-03,613.7,2
16523,2011-04,461.7,2
16523,2011-05,1016.3000000000001,3
16523,2011-06,392.0,1
16523,2011-07,799.25,2
16523,2011-08,741.4000000000001,1
16523,2011-09,2013.16,3
16523,2011-10,332.1,2
16523,2011-11,1449.3400000000001,2
16523,2011-12,855.62,2
16524,2010-01,101.3,1
16524,2010-09,204.89,1
16525,2009-12,1654.39,4
16525,2010-01,669.0,2
16525,2010-02,1309.56,2
16525,2010-03,2116.8,2
16525,2010-04,645.5,1
16525,2010-05,1105.94,2
16525,2010-06,691.51,2
16525,2010-07,309.08000000000004,1
16525,2010-08,1002.31,2
16525,2010-09,493.86,1
16525,2010-10,397.44,1
16525,2010-11,728.46,2
16525,2010-12,1213.88,2
16525,2011-01,307.05,1
16525,2011-02,1625.3,3
16525,2011-03,1841.0800000000002,3
16525,2011-04,435.0,1
16525,2011-05,2077.42,4
16525,2011-06,1576.8999999999999,3
16525,2011-07,985.36,2
16525,2011-08,348.0,1
16525,2011-09,1502.6000000000001,3
16525,2011-11,1204.58,2
16525,2011-12,321.72,1
16526,2010-05,426.85,1
16526,2011-06,290.36,1
16527,2010-10,1004.88,1
16527,2011-09,228.06,1
16528,2011-12,244.41,1
16529,2010-06,369.3,1
16529,2010-07,431.72,1
16529,2010-08,730.53,1
16529,2011-06,455.25,1
16530,2010-02,48.349999999999994,1
16531,2010-09,389.81,1
16531,2010-10,338.04,1
16531,2010-11,325.89000000000004,2
16531,2010-12,92.82,1
16531,2011-01,146.1,1
16531,2011-02,245.91,1
16531,2011-08,199.7,1
16531,2011-09,204.89999999999998,1
16531,2011-11,355.16,2
16532,2010-03,861.5999999999999,1
16532,2010-10,1146.24,1
16532,2011-01,1910.4,1
16532,2011-07,2606.4,1
16532,2011-11,2232.0,1
16533,2011-10,975.11,2
16533,2011-11,107.7,1
16534,2010-03,635.9,1
16535,2010-11,358.28999999999996,1
16535,2011-12,593.75,1
16536,2011-08,548.12,1
16537,2010-03,10.55,1
16538,2010-04,226.81,1
16538,2010-06,168.26,2
16539,2010-06,181.6,1
16539,2010-07,603.45,2
16539,2010-08,332.4,1
16539,2010-10,783.4,2
16539,2010-12,1189.6,2
16539,2011-05,306.36,1
16539,2011-12,335.2,1
16540,2010-10,205.75,1
16541,2009-12,424.03,1
16542,2010-11,137.7,1
16542,2011-10,119.62,1
16543,2010-04,292.21,1
16544,2010-02,266.40000000000003,3
16544,2010-07,110.3,1
16545,2010-11,350.52,1
16545,2011-06,339.3,1
16546,2010-09,2344.7,1
16546,2010-11,2175.2200000000003,2
16546,2010-12,598.8000000000001,1
16546,2011-02,487.75,1
16547,2010-06,104.25999999999999,1
16548,2010-04,30.15,1
16549,2010-03,179.98,1
16549,2010-04,113.39,1
16549,2010-05,341.52,3
16549,2010-06,462.73,2
16549,2010-07,253.12,2
16549,2010-08,1671.05,5
16549,2010-09,1619.29,4
16549,2010-10,2866.79,5
16549,2010-11,1239.03,1
16549,2011-01,119.49000000000001,1
16549,2011-08,660.87,1
16549,2011-09,451.39,1
16549,2011-10,793.6,2
16549,2011-11,2009.55,5
16550,2009-12,1070.07,2
16550,2010-01,629.0600000000001,2
16550,2010-02,15.0,1
16550,2010-03,827.41,1
16550,2010-04,683.0,1
16550,2010-05,408.76,1
16550,2010-06,601.94,1
16550,2010-07,314.01,1
16550,2010-08,690.32,1
16550,2010-09,356.03,1
16550,2010-10,913.11,1
16550,2010-12,1109.32,1
16550,2011-04,484.25,1
16550,2011-06,733.34,2
16550,2011-08,526.72,1
16551,2009-12,292.98,1
16551,2010-02,259.15,1
16551,2010-04,409.31,1
16551,2010-10,353.56,1
16551,2011-01,311.07,1
16551,2011-08,306.1,1
16551,2011-09,304.95,1
16552,2010-12,190.58,1
16552,2011-04,284.44000000000005,1
16553,2010-02,1492.72,4
16553,2010-03,763.24,2
16553,2010-07,1629.79,4
16553,2010-08,1164.72,2
16553,2010-10,559.72,1
16553,2010-11,5254.0,8
16553,2010-12,1609.44,2
16553,2011-02,336.0,1
16553,2011-03,846.5,2
16553,2011-04,1129.98,2
16553,2011-05,809.26,2
16553,2011-06,988.64,3
16554,2009-12,415.49,1
16554,2010-03,328.3,1
16554,2010-06,309.85,1
16554,2010-09,547.06,1
16554,2010-11,403.92,1
16554,2011-01,0.85,1
16554,2011-05,313.26,1
16554,2011-10,522.99,1
16555,2010-07,1629.79,4
16555,2011-08,151.98,1
16555,2011-11,133.91,1
16556,2009-12,615.63,2
16556,2010-01,483.57,1
16556,2010-03,737.4300000000001,1
16556,2010-05,804.76,1
16556,2010-06,371.85,1
16556,2010-07,513.6,1
16556,2010-09,377.47,1
16556,2010-10,432.77,1
16556,2010-11,361.71,1
16556,2010-12,310.85,1
16556,2011-02,640.14,1
16556,2011-04,318.07,1
16556,2011-05,369.76,1
16556,2011-06,445.42,1
16556,2011-08,472.13,1
16556,2011-10,757.42,1
16557,2011-07,101.15,1
16557,2011-11,180.7,1
16558,2009-12,297.05,1
16558,2010-03,708.59,2
16558,2010-04,314.2,1
16558,2010-06,733.74,1
16558,2010-07,370.42,2
16558,2010-08,151.64,1
16558,2010-09,584.1,4
16558,2010-10,1409.64,4
16558,2010-11,396.24,2
16558,2010-12,1449.95,2
16558,2011-01,301.28,1
16558,2011-02,264.03,1
16558,2011-03,853.04,3
16558,2011-04,538.14,2
16558,2011-05,613.54,1
16558,2011-06,305.18,1
16558,2011-07,403.05,1
16558,2011-08,203.59,1
16558,2011-09,738.91,2
16558,2011-10,1485.15,2
16558,2011-11,1153.06,2
16558,2011-12,598.97,1
16559,2010-11,175.0,1
16560,2009-12,898.7900000000001,2
16560,2010-02,254.92000000000002,1
16560,2010-03,370.75,1
16560,2010-05,350.38,1
16560,2010-11,332.13,1
16560,2010-12,332.18,1
16560,2011-11,509.23,1
16561,2011-10,264.96,1
16561,2011-12,246.16000000000003,1
16562,2010-08,223.85999999999999,1
16563,2009-12,538.46,1
16563,2010-02,312.96,1
16563,2010-06,456.94,1
16563,2010-09,715.24,1
16563,2010-11,1311.22,1
16563,2011-10,1077.74,1
16564,2010-05,87.8,1
16565,2010-06,315.0,1
16565,2010-08,77.35,1
16565,2010-10,207.0,1
16565,2010-12,173.7,1
16566,2011-02,94.89999999999999,1
16566,2011-05,185.22000000000003,1
16566,2011-06,183.76,1
16566,2011-10,38.400000000000006,1
16566,2011-11,112.38,1
16567,2011-01,557.5600000000001,1
16567,2011-05,308.03999999999996,1
16568,2010-03,477.30000000000007,1
16568,2010-10,543.6,1
16569,2009-12,422.15,1
16569,2010-01,321.52,1
16569,2010-02,399.72,1
16569,2010-03,187.64000000000001,1
16569,2011-12,124.2,1
16570,2010-03,630.35,1
16570,2010-05,356.07,1
16570,2010-07,487.5,2
16570,2010-08,486.31,1
16570,2010-10,593.7,2
16570,2010-11,1141.98,3
16570,2011-02,450.06,1
16570,2011-03,454.08,1
16570,2011-05,569.0899999999999,1
16570,2011-06,361.32,2
16570,2011-08,299.52,1
16570,2011-10,741.43,2
16570,2011-11,862.9,2
16571,2010-03,407.91,1
16571,2010-05,393.32,1
16571,2010-06,305.07,1
16571,2010-07,11.7,1
16571,2010-08,341.33,1
16571,2010-10,536.36,1
16571,2010-11,831.36,1
16571,2011-03,436.68,1
16571,2011-06,460.11,1
16571,2011-11,524.9,1
16572,2011-03,342.58,1
16572,2011-07,299.7,1
16572,2011-08,367.32,1
16573,2011-02,292.63,1
16573,2011-09,370.98,1
16574,2010-02,590.91,1
16574,2010-10,259.43,1
16574,2011-09,451.44,1
16576,2010-07,227.4,1
16576,2010-10,313.47,1
16577,2010-02,380.0,1
16578,2010-03,156.6,1
16579,2010-10,295.05,1
16581,2011-06,105.84,1
16582,2011-08,313.62,1
16583,2010-02,64.5,1
16583,2010-12,466.9,1
16584,2010-02,931.72,1
16584,2010-07,499.14,1
16584,2010-10,789.23,1
16584,2011-03,611.94,1
16584,2011-09,324.14,1
16585,2010-01,89.32,1
16585,2010-04,252.27,1
16586,2010-03,328.05,1
16586,2010-09,670.78,1
16586,2011-04,463.95,1
16587,2011-04,225.15,1
16588,2010-05,216.79999999999998,1
16588,2010-07,606.25,1
16588,2010-10,369.0,1
16588,2010-11,169.23,1
16589,2010-09,153.12,1
16589,2011-07,117.68,1
16589,2011-08,97.0,1
16589,2011-09,244.56,1
16590,2010-10,316.75,1
16590,2010-11,289.15,1
16591,2011-10,213.5,1
16592,2009-12,312.6,1
16592,2010-01,296.68,1
16592,2010-04,317.83,1
16592,2010-05,427.85,1
16592,2010-06,840.4,3
16592,2010-08,339.5,2
16592,2010-09,678.27,1
16592,2010-11,481.1,2
16592,2011-02,455.28000000000003,1
16592,2011-04,347.46999999999997,2
16592,2011-05,350.08,3
16592,2011-06,368.15,2
16592,2011-07,693.35,2
16592,2011-10,229.16,2
16592,2011-11,752.03,3
16592,2011-12,918.1600000000001,1
16593,2009-12,278.73,2
16593,2010-09,121.94999999999999,1
16593,2010-10,227.98000000000002,1
16593,2010-11,112.45,1
16593,2011-01,69.6,1
16593,2011-06,185.9,1
16593,2011-10,74.53,1
16594,2011-09,181.09,1
16595,2010-01,502.59,1
16595,2010-04,212.32999999999998,1
16595,2010-10,419.81,1
16595,2010-11,262.86,1
16595,2011-10,360.16,1
16596,2009-12,95.55,1
16596,2010-01,113.28,1
16596,2010-12,241.3,1
16596,2011-11,129.5,1
16597,2011-12,90.04,1
16598,2011-02,145.04999999999998,1
16599,2010-11,172.8,1
16600,2009-12,310.01,1
16600,2010-08,165.02,1
16600,2010-09,435.68,2
16600,2010-11,429.18,3
16600,2011-01,125.86,1
16600,2011-03,111.6,1
16600,2011-09,115.74,1
16600,2011-11,220.0,2
16600,2011-12,240.32,1
16601,2010-03,67.25,1
16601,2010-11,367.05,1
16601,2011-10,241.53,1
16602,2010-11,235.25,1
16602,2011-11,528.08,1
16603,2011-09,482.47,2
16604,2010-05,432.45,2
16605,2009-12,60.48,1
16606,2010-10,357.66,2
16607,2010-04,287.3,1
16607,2010-05,337.74,1
16607,2010-06,192.65,1
16607,2010-07,278.57,1
16607,2010-09,503.09999999999997,3
16607,2010-10,557.6,3
16607,2010-11,202.2,1
16607,2010-12,654.8199999999999,2
16607,2011-02,447.96,2
16607,2011-03,141.41,1
16607,2011-04,145.87,1
16607,2011-05,327.0,1
16607,2011-07,421.7,1
16607,2011-08,128.82,2
16607,2011-09,314.36,1
16607,2011-10,168.55,1
16607,2011-11,597.22,2
16608,2010-02,685.3,1
16608,2010-09,601.32,1
16609,2011-04,557.53,1
16609,2011-05,1430.0900000000001,2
16609,2011-07,722.42,2
16609,2011-09,1319.78,1
16609,2011-11,1463.64,1
16610,2011-05,75.66,1
16611,2010-03,514.99,2
16611,2010-05,373.1,1
16611,2010-08,438.65000000000003,1
16611,2010-11,328.9,1
16611,2011-06,129.49,1
16612,2009-12,510.87,1
16612,2010-05,406.1,1
16612,2010-07,244.65,1
16612,2010-11,896.15,2
16612,2011-02,280.05,1
16612,2011-06,428.85,1
16612,2011-08,161.4,1
16612,2011-11,317.36,1
16613,2011-09,618.59,1
16614,2010-05,293.15,1
16614,2010-11,380.45,1
16614,2011-06,506.19,1
16615,2010-03,291.5,1
16616,2011-07,210.10000000000002,1
16616,2011-11,290.32,1
16617,2011-04,151.85,1
16618,2011-01,728.16,1
16618,2011-03,354.65999999999997,1
16618,2011-05,358.46999999999997,2
16618,2011-11,1206.3,1
16619,2010-02,995.21,1
16619,2010-04,369.71,1
16619,2010-11,347.2,1
16619,2011-03,226.21,1
16620,2009-12,822.37,1
16620,2010-03,187.44,1
16620,2010-05,301.66,1
16620,2010-11,268.5,1
16620,2011-03,95.75999999999999,1
16620,2011-12,83.2,1
16621,2011-03,162.85,1
16621,2011-05,327.85,1
16621,2011-07,118.71,1
16621,2011-10,204.07000000000002,1
16622,2010-06,225.4,1
16623,2010-04,228.25,1
16623,2010-06,347.29,1
16623,2010-11,310.25,1
16623,2011-04,129.45,1
16624,2011-05,426.43,1
16624,2011-09,384.14,1
16625,2010-06,270.0,1
16625,2010-08,310.5,1
16625,2010-09,343.25,1
16625,2010-10,397.2,1
16625,2011-03,333.08,1
16626,2011-03,795.75,1
16626,2011-06,911.14,3
16626,2011-07,123.15,1
16626,2011-08,335.3,2
16626,2011-09,497.4,2
16626,2011-10,607.0,3
16626,2011-11,619.15,3
16626,2011-12,524.21,2
16627,2011-09,322.8,1
16628,2010-03,78.0,1
16628,2010-10,52.05,1
16628,2011-04,360.65,1
16628,2011-05,352.26,1
16628,2011-07,410.63,1
16628,2011-08,496.3,1
16628,2011-11,568.21,1
16629,2011-09,408.63,2
16630,2010-10,106.80000000000001,1
16631,2010-02,365.33000000000004,1
16631,2010-04,122.58,1
16631,2010-05,332.12,2
16631,2010-06,372.84000000000003,1
16631,2010-07,314.34000000000003,1
16631,2010-08,385.31,1
16632,2010-05,204.4,1
16632,2010-08,202.0,1
16633,2011-04,447.52,1
16633,2011-06,255.8,1
16633,2011-08,464.94,1
16633,2011-09,340.74,1
16633,2011-10,726.16,1
16633,2011-11,647.94,1
16634,2010-01,303.8,1
16634,2010-03,315.4,1
16634,2010-10,375.3,1
16634,2010-11,437.40999999999997,1
16634,2010-12,329.6,1
16634,2011-05,53.1,1
16635,2010-10,473.0,1
16636,2010-03,2271.15,2
16636,2010-05,235.64000000000001,1
16636,2010-09,1295.25,1
16637,2011-04,303.62,1
16637,2011-08,226.93,1
16637,2011-10,332.38,1
16637,2011-11,291.54,1
16638,2010-08,127.45,2
16638,2010-09,450.61,2
16638,2010-10,121.35000000000001,1
16638,2010-12,121.20000000000002,2
16638,2011-01,142.82,1
16638,2011-02,528.27,1
16638,2011-03,469.55,2
16638,2011-08,218.26999999999998,2
16638,2011-09,121.23,1
16638,2011-11,129.78,1
16639,2010-10,490.47,1
16639,2011-04,308.20000000000005,1
16639,2011-05,162.95000000000002,1
16639,2011-11,786.36,1
16640,2010-11,179.4,1
16641,2010-01,323.40000000000003,1
16641,2011-08,231.10000000000002,1
16642,2010-10,389.12,1
16642,2011-05,307.73,1
16642,2011-12,380.6,1
16643,2010-10,435.6,1
16643,2011-04,487.51,1
16644,2011-05,722.41,1
16644,2011-06,111.37,1
16645,2009-12,160.39,1
16646,2010-09,678.8,1
16647,2010-06,144.13,1
16647,2010-09,183.71,1
16647,2011-05,127.75,1
16647,2011-06,86.31,1
16648,2010-04,252.84,1
16648,2010-09,129.3,1
16648,2011-10,290.65999999999997,1
16649,2010-07,306.58000000000004,1
16650,2010-07,704.0,3
16650,2010-08,328.18,1
16650,2010-09,148.08,1
16650,2010-10,217.43,1
16650,2011-09,518.42,1
16651,2010-05,136.2,1
16652,2010-03,1448.64,1
16652,2010-04,2409.2200000000003,1
16652,2010-06,904.3,1
16652,2010-08,3922.58,2
16652,2010-10,2091.68,4
16652,2011-03,1588.16,1
16652,2011-04,25.5,1
16652,2011-05,1440.96,1
16652,2011-08,1471.25,2
16652,2011-10,2248.1,2
16653,2011-09,1117.86,1
16653,2011-11,94.80000000000001,1
16654,2010-04,269.7,1
16654,2010-07,322.8,1
16654,2010-08,135.3,1
16654,2010-09,155.0,1
16654,2010-12,454.8,1
16654,2011-04,274.45,1
16654,2011-06,35.400000000000006,1
16654,2011-07,64.02,1
16655,2010-01,309.09,1
16655,2010-03,166.19,1
16655,2010-05,454.11,1
16655,2010-06,361.05,1
16655,2010-08,247.95,1
16655,2010-09,582.47,1
16655,2010-10,512.88,1
16655,2011-01,812.25,1
16655,2011-06,418.45,1
16655,2011-07,636.49,1
16655,2011-09,1039.01,1
16655,2011-11,883.32,2
16656,2009-12,373.74,1
16656,2010-02,796.74,2
16656,2010-03,284.03999999999996,1
16656,2010-04,1700.16,1
16656,2010-05,1793.6,1
16656,2010-06,550.86,1
16656,2010-07,529.56,1
16656,2010-08,1058.1399999999999,2
16656,2010-09,683.1300000000001,3
16656,2010-10,437.4,2
16656,2010-12,428.76,1
16656,2011-01,310.28,1
16656,2011-02,659.28,1
16656,2011-03,357.12,1
16656,2011-04,708.6,1
16656,2011-05,1093.44,1
16656,2011-07,1698.8799999999999,2
16656,2011-08,1000.64,2
16656,2011-09,1213.26,2
16656,2011-10,756.72,1
16656,2011-11,398.82,2
16657,2011-03,215.43,1
16657,2011-07,199.36,1
16657,2011-11,459.64,2
16658,2010-03,130.49,1
16658,2010-05,133.05,1
16658,2010-08,189.05,1
16658,2010-09,105.0,1
16658,2010-12,246.48,1
16659,2011-06,39.12,1
16660,2010-01,141.6,1
16660,2010-09,203.34000000000003,1
16660,2010-10,266.96000000000004,1
16660,2011-01,282.59999999999997,1
16660,2011-05,101.76,1
16660,2011-11,883.29,2
16661,2009-12,282.3,1
16661,2010-04,368.81,1
16661,2010-05,118.45,1
16661,2010-06,163.20000000000002,1
16662,2010-11,151.05,1
16663,2009-12,165.0,1
16664,2010-05,109.2,1
16665,2010-12,135.39999999999998,1
16666,2010-03,98.73,1
16666,2011-11,118.98,1
16667,2011-02,200.4,1
16667,2011-10,366.78,1
16668,2010-03,138.54,1
16668,2010-06,64.8,1
16668,2010-07,139.06,1
16668,2010-08,66.6,1
16668,2010-09,103.5,2
16668,2010-11,43.2,1
16668,2011-02,50.76,1
16668,2011-05,71.82,1
16668,2011-06,74.16,1
16668,2011-07,19.5,1
16668,2011-08,50.28,1
16668,2011-11,40.199999999999996,1
16669,2011-09,720.94,1
16669,2011-11,623.54,1
16670,2009-12,683.91,1
16670,2010-01,658.73,1
16670,2010-03,531.97,1
16670,2010-07,478.08,1
16670,2010-08,474.03000000000003,2
16670,2010-09,20.4,1
16670,2010-11,1087.13,2
16670,2010-12,403.61,1
16670,2011-01,374.90000000000003,2
16670,2011-03,615.33,1
16670,2011-04,554.38,1
16670,2011-06,600.54,2
16670,2011-08,691.21,1
16670,2011-10,341.78,1
16670,2011-11,514.15,2
16671,2011-06,1382.88,1
16671,2011-11,309.39,2
16672,2011-03,1175.44,1
16672,2011-04,1281.3,4
16672,2011-05,1031.6,3
16672,2011-06,1513.2,5
16672,2011-07,585.0,1
16672,2011-08,717.2,2
16672,2011-09,1023.6,2
16672,2011-11,537.6,1
16672,2011-12,270.0,1
16673,2010-01,171.13,1
16674,2011-09,115.1,1
16674,2011-10,189.14000000000001,1
16675,2010-08,307.06,1
16675,2010-09,301.79999999999995,1
16676,2010-10,417.38,1
16676,2010-11,352.4,1
16676,2011-01,464.82,1
16676,2011-04,329.24,1
16676,2011-05,304.44,1
16676,2011-11,493.62,1
16677,2010-02,263.23,1
16677,2010-10,617.39,1
16678,2011-03,312.18,1
16678,2011-04,429.9,2
16678,2011-05,524.5699999999999,2
16678,2011-07,236.94,1
16678,2011-08,326.75,1
16678,2011-09,306.96,1
16678,2011-11,648.75,3
16678,2011-12,323.94,1
16679,2010-06,187.15,1
16679,2010-11,346.40999999999997,1
16679,2010-12,259.5,1
16680,2010-06,637.75,2
16680,2011-10,183.7,1
16681,2010-03,151.5,1
16681,2011-03,301.6,1
16681,2011-04,314.91999999999996,1
16681,2011-05,259.32,1
16681,2011-07,456.84,1
16681,2011-09,437.65999999999997,2
16682,2011-06,525.5,1
16682,2011-07,100.8,1
16682,2011-09,183.92000000000002,1
16682,2011-10,106.92,1
16682,2011-12,110.86,1
16683,2010-06,320.25,1
16684,2009-12,2886.32,3
16684,2010-01,3151.0,1
16684,2010-02,6440.4,2
16684,2010-04,6912.76,4
16684,2010-06,11296.4,5
16684,2010-08,7948.04,3
16684,2010-09,1633.1200000000001,1
16684,2010-10,17574.28,3
16684,2010-11,22646.89,5
16684,2010-12,3113.4,4
16684,2011-02,6698.58,2
16684,2011-03,4819.08,2
16684,2011-04,4018.36,2
16684,2011-05,6426.52,3
16684,2011-07,8807.56,5
16684,2011-10,19180.9,5
16684,2011-11,8187.18,4
16684,2011-12,5401.98,1
16685,2011-10,324.24,2
16686,2009-12,163.94,2
16686,2010-03,408.93,1
16686,2010-05,318.16,1
16686,2010-06,277.57,1
16686,2010-09,191.89000000000001,1
16686,2010-10,156.39000000000001,1
16686,2010-11,404.31,2
16686,2010-12,351.13,1
16686,2011-02,336.78000000000003,1
16686,2011-04,141.68,1
16686,2011-05,366.04,1
16686,2011-08,803.02,1
16686,2011-09,401.28999999999996,1
16686,2011-10,559.9399999999999,1
16687,2010-11,157.63,1
16688,2011-10,831.52,2
16688,2011-11,283.64,1
16688,2011-12,145.7,1
16689,2011-09,422.59999999999997,2
16690,2010-09,45.8,1
16690,2010-11,81.65,1
16690,2011-05,86.5,1
16690,2011-09,139.07999999999998,1
16691,2010-05,35.879999999999995,1
16691,2010-10,142.95,1
16692,2010-09,571.1999999999999,1
16692,2010-10,67.5,1
16692,2011-02,8.5,1
16692,2011-03,1117.5,1
16693,2010-02,205.98,1
16693,2010-07,231.54,1
16693,2010-10,264.1,1
16693,2011-03,153.41,1
16693,2011-10,324.45,1
16694,2009-12,98.30000000000001,1
16695,2010-05,191.9,2
16696,2011-04,35.400000000000006,1
16696,2011-05,523.5,2
16696,2011-07,99.0,1
16697,2011-04,112.75,1
16698,2011-03,1182.0,1
16698,2011-04,816.0,1
16699,2009-12,137.4,1
16699,2010-03,141.29999999999998,1
16699,2010-05,181.29000000000002,2
16699,2010-07,107.97,1
16699,2010-09,319.92,1
16699,2010-11,106.72,1
16700,2009-12,418.7,2
16700,2010-01,616.1800000000001,1
16700,2010-03,260.4,1
16700,2010-04,612.81,1
16700,2010-05,301.12,1
16700,2010-07,313.41,1
16700,2010-08,361.86,1
16700,2010-09,457.12,2
16700,2010-11,412.62,2
16700,2010-12,673.88,1
16700,2011-01,508.36,1
16700,2011-02,433.0,1
16700,2011-03,483.3,1
16700,2011-04,405.16,1
16700,2011-05,781.47,2
16700,2011-06,394.42,1
16700,2011-07,446.08,1
16700,2011-08,307.22,1
16700,2011-09,327.67,1
16700,2011-11,369.12,1
16700,2011-12,283.81,1
16701,2009-12,722.08,2
16701,2010-02,394.42,1
16701,2010-03,299.40999999999997,1
16701,2010-05,310.62,1
16701,2010-06,648.42,2
16701,2010-07,718.44,2
16701,2010-08,700.4200000000001,2
16701,2010-09,303.78000000000003,1
16701,2010-10,420.84,1
16701,2010-12,476.76,1
16701,2011-01,366.12,1
16701,2011-02,379.74,1
16701,2011-03,353.3,1
16701,2011-05,319.25,1
16701,2011-06,676.62,2
16701,2011-07,1102.61,2
16701,2011-08,376.02,1
16701,2011-10,849.4399999999999,2
16701,2011-12,498.43999999999994,1
16702,2009-12,221.52,1
16702,2010-02,245.25,1
16702,2010-05,326.85,1
16702,2010-10,315.90999999999997,1
16704,2010-02,542.31,1
16704,2010-03,121.85,1
16705,2009-12,3249.32,1
16705,2010-01,2842.601,3
16705,2010-03,1586.32,2
16705,2010-04,3401.98,4
16705,2010-05,547.5,3
16705,2010-06,1675.52,1
16705,2010-07,1892.87,1
16705,2010-09,8675.59,3
16705,2010-10,165.0,1
16705,2010-11,5443.360000000001,3
16705,2010-12,1131.72,2
16705,2011-02,2489.11,1
16705,2011-04,1407.9,2
16705,2011-05,1579.76,3
16705,2011-07,1585.94,1
16705,2011-09,1966.34,3
16705,2011-10,2422.56,3
16705,2011-11,1201.1399999999999,4
16705,2011-12,250.52,1
16706,2011-08,291.53,1
16706,2011-09,120.02,1
16706,2011-11,119.8,1
16707,2010-03,168.29,1
16707,2010-05,114.21,1
16707,2010-06,55.379999999999995,1
16707,2010-11,195.53,1
16708,2011-10,656.63,1
16709,2009-12,1248.3,1
16709,2010-02,652.65,1
16709,2010-04,1033.5,1
16709,2010-06,584.54,2
16709,2010-09,717.3,1
16709,2010-10,262.4,1
16709,2010-11,1527.45,2
16709,2011-03,1120.53,1
16709,2011-04,149.89999999999998,1
16709,2011-05,714.16,2
16709,2011-09,1045.28,1
16710,2009-12,1023.47,3
16710,2010-02,154.38,1
16710,2010-03,289.19,1
16710,2010-05,201.68,1
16710,2010-06,618.38,2
16710,2010-09,142.76,1
16710,2010-10,317.25,1
16710,2010-11,706.25,2
16710,2010-12,890.34,2
16710,2011-03,360.85,2
16710,2011-05,748.06,2
16710,2011-07,206.25,1
16710,2011-09,249.7,1
16710,2011-11,383.21,2
16711,2009-12,665.64,2
16711,2010-03,230.01000000000002,1
16711,2010-11,321.8,1
16711,2010-12,214.20000000000002,1
16711,2011-02,384.6,1
16711,2011-07,311.07,1
16711,2011-11,445.56,1
16711,2011-12,295.6,1
16712,2010-11,621.5600000000001,2
16712,2011-03,717.58,2
16712,2011-05,480.64,2
16712,2011-06,393.78000000000003,1
16712,2011-08,418.90999999999997,2
16712,2011-09,478.9,1
16712,2011-11,1113.85,3
16713,2009-12,933.52,3
16713,2010-01,231.85,1
16713,2010-02,2110.34,3
16713,2010-04,360.76,1
16713,2010-06,563.48,2
16713,2010-07,376.6,1
16713,2010-08,1163.05,2
16713,2010-09,777.87,2
16713,2010-10,687.31,2
16713,2010-12,1172.97,2
16713,2011-02,857.58,2
16713,2011-03,197.05,1
16713,2011-04,798.46,3
16713,2011-06,529.67,1
16713,2011-07,460.14,1
16713,2011-08,369.33,1
16713,2011-09,617.95,1
16713,2011-10,702.04,1
16713,2011-11,1620.02,2
16714,2010-02,368.27,1
16714,2011-01,1114.06,2
16715,2010-05,323.8,1
16715,2011-09,301.71999999999997,1
16716,2010-03,1248.48,1
16716,2011-02,734.4000000000001,1
16716,2011-03,166.8,1
16717,2009-12,386.39,1
16717,2010-03,347.50000000000006,1
16717,2010-05,393.49,1
16717,2010-10,311.78000000000003,1
16717,2010-11,1381.44,4
16717,2010-12,614.5,1
16717,2011-06,828.91,2
16717,2011-09,423.5,1
16717,2011-11,2283.42,2
16718,2009-12,647.82,1
16718,2010-01,696.45,1
16718,2010-03,574.11,1
16718,2010-04,481.65000000000003,1
16718,2010-12,1212.1000000000001,1
16719,2009-12,344.65,1
16719,2010-01,229.59,1
16719,2010-03,277.6,1
16719,2010-06,203.51,1
16719,2010-09,234.06,1
16719,2010-10,196.55,1
16719,2010-11,252.44,1
16719,2010-12,861.46,1
16719,2011-01,152.45,1
16719,2011-02,169.32999999999998,1
16719,2011-04,223.17000000000002,1
16719,2011-07,308.2,1
16719,2011-09,199.87,1
16719,2011-11,286.47,1
16720,2009-12,160.07,1
16720,2010-11,253.72,1
16720,2011-11,152.95,1
16721,2011-03,292.47,1
16722,2009-12,339.78,1
16722,2010-02,306.1,1
16722,2010-03,325.35,1
16722,2010-04,324.4,1
16722,2010-06,302.3,1
16722,2010-07,301.0,1
16722,2010-08,379.42,1
16722,2010-10,691.52,1
16722,2010-11,488.88,1
16722,2010-12,1599.04,2
16722,2011-02,314.36,1
16722,2011-04,451.6,1
16722,2011-05,397.78,1
16722,2011-06,290.2,1
16722,2011-07,685.74,2
16722,2011-08,295.3,1
16722,2011-09,422.08,1
16722,2011-10,764.87,2
16722,2011-11,309.36,1
16723,2009-12,426.43,1
16723,2010-09,228.53,1
16723,2011-08,411.4,1
16723,2011-09,165.0,1
16724,2010-10,147.35,1
16725,2009-12,204.73000000000002,1
16725,2010-08,264.16,1
16725,2010-10,104.8,1
16725,2010-11,356.3,4
16725,2010-12,441.15000000000003,2
16725,2011-01,222.75,2
16725,2011-02,215.07,2
16726,2010-10,322.23,1
16726,2010-11,382.91,1
16726,2010-12,129.57,1
16726,2011-02,456.19,2
16726,2011-05,191.4,1
16726,2011-11,581.58,1
16727,2010-01,524.94,1
16727,2010-03,283.75,1
16727,2010-11,312.76,1
16727,2010-12,256.32,1
16728,2011-03,224.49,1
16728,2011-04,102.44,1
16728,2011-06,221.38,1
16728,2011-10,499.96999999999997,1
16729,2011-04,1386.6399999999999,4
16729,2011-05,1434.09,5
16729,2011-06,657.0600000000001,3
16729,2011-07,1119.81,3
16729,2011-08,395.37,1
16729,2011-09,1155.76,3
16729,2011-10,493.05,1
16729,2011-11,560.23,1
16730,2011-01,187.01999999999998,1
16730,2011-04,293.92,1
16730,2011-10,262.17,1
16731,2010-03,170.3,1
16732,2009-12,792.84,1
16732,2010-04,680.04,1
16732,2010-11,2311.01,1
16732,2011-11,603.75,1
16733,2010-06,259.68,1
16734,2011-08,302.40999999999997,2
16734,2011-10,344.35,1
16735,2009-12,338.34000000000003,1
16735,2010-01,523.48,1
16735,2010-03,770.52,2
16735,2010-05,506.64,2
16735,2010-09,638.09,1
16735,2010-10,464.06,1
16735,2010-11,728.87,1
16735,2011-01,607.21,1
16735,2011-04,437.56,1
16735,2011-09,1202.64,3
16736,2009-12,1671.13,3
16736,2010-04,453.15,1
16736,2010-07,832.28,1
16737,2010-05,417.59999999999997,1
16737,2011-10,417.59999999999997,1
16738,2011-02,3.75,1
16739,2010-06,463.43,1
16739,2011-06,323.0,1
16740,2010-11,226.91,1
16741,2010-03,173.06,1
16742,2009-12,220.07,1
16742,2010-01,140.95,1
16742,2010-02,418.69,2
16742,2010-03,368.53999999999996,2
16742,2010-04,506.79999999999995,3
16742,2010-05,426.65,2
16742,2010-06,165.74,1
16742,2010-08,87.53,1
16743,2010-04,308.46000000000004,1
16743,2010-05,113.75,1
16743,2010-06,398.84000000000003,1
16743,2010-07,219.42,1
16743,2010-08,697.5500000000001,2
16743,2010-09,261.0,1
16743,2010-12,430.28000000000003,1
16743,2011-03,360.78000000000003,1
16743,2011-05,270.69,1
16743,2011-07,432.41,2
16743,2011-08,366.74,1
16743,2011-11,352.23,1
16744,2011-06,109.96,1
16744,2011-07,130.78,1
16744,2011-09,379.44,2
16744,2011-10,275.7,1
16744,2011-11,396.03,2
16745,2011-02,1225.92,4
16745,2011-03,1051.9,2
16745,2011-04,267.1,1
16745,2011-05,1029.51,2
16745,2011-06,1076.15,3
16745,2011-07,513.48,1
16745,2011-08,733.27,2
16745,2011-09,1283.37,2
16746,2009-12,1051.12,3
16746,2010-01,641.88,2
16746,2010-02,1017.15,2
16746,2010-03,829.65,2
16746,2010-04,502.05,1
16746,2010-05,888.85,1
16746,2010-06,1247.15,3
16746,2010-07,1122.17,3
16746,2010-09,1247.35,2
16746,2010-10,1756.27,3
16746,2010-11,1061.3,2
16746,2010-12,311.64,1
16746,2011-01,380.4,1
16746,2011-02,553.3,1
16746,2011-03,300.0,1
16746,2011-04,522.69,2
16746,2011-05,803.6,2
16746,2011-07,887.48,2
16746,2011-08,644.42,2
16746,2011-09,900.77,2
16746,2011-11,925.89,3
16746,2011-12,449.92,1
16747,2011-10,480.2,1
16747,2011-11,355.86,1
16748,2009-12,97.5,1
16748,2010-02,119.85,1
16748,2010-03,97.5,1
16748,2010-04,396.0,1
16748,2010-06,175.0,1
16748,2010-09,388.0,1
16748,2010-10,370.08,2
16748,2010-11,477.5,1
16748,2011-01,479.0,1
16748,2011-02,130.8,1
16748,2011-05,300.4,1
16748,2011-11,605.7,2
16749,2009-12,2343.72,1
16749,2010-04,1814.16,1
16750,2011-04,118.7,1
16750,2011-07,199.04,1
16750,2011-08,98.38,1
16750,2011-09,93.07000000000001,1
16750,2011-10,114.74,1
16751,2011-11,1764.72,1
16752,2010-12,415.0,1
16753,2011-10,223.92000000000002,1
16754,2010-03,12859.44,5
16754,2010-04,9813.07,5
16754,2010-05,7192.47,4
16754,2010-06,16766.489999999998,10
16754,2010-08,2780.3199999999997,1
16754,2010-09,1515.02,1
16754,2010-10,5245.18,1
16754,2010-11,7325.679999999999,1
16754,2010-12,4004.8,1
16755,2009-12,207.58,1
16755,2010-02,219.41000000000003,1
16755,2010-04,600.42,1
16755,2010-08,361.84,1
16755,2011-01,316.06,1
16755,2011-04,592.41,1
16755,2011-08,566.96,1
16756,2010-03,273.54,1
16756,2010-04,172.78,1
16756,2010-06,166.55,1
16756,2010-08,142.0,1
16756,2010-09,13.05,1
16756,2010-10,305.05,1
16756,2011-05,239.4,1
16757,2010-10,163.65,1
16757,2011-01,106.83000000000001,1
16758,2011-10,369.34000000000003,1
16759,2011-11,418.85,2
16759,2011-12,370.94,1
16760,2010-10,228.0,1
16761,2011-09,316.62,1
16762,2011-07,314.15000000000003,1
16762,2011-10,573.45,1
16762,2011-11,319.64,1
16763,2009-12,352.85,1
16763,2011-05,611.85,1
16764,2011-07,349.64,2
16764,2011-08,172.42000000000002,1
16764,2011-09,562.01,3
16764,2011-10,486.39,2
16764,2011-11,1017.62,4
16764,2011-12,202.87,1
16765,2010-11,420.75,1
16765,2011-02,34.0,1
16766,2011-03,1145.6,2
16767,2010-04,780.81,1
16767,2010-07,368.7,1
16767,2010-08,577.6800000000001,1
16767,2010-10,749.66,1
16767,2011-01,1866.02,1
16767,2011-03,364.84000000000003,1
16767,2011-05,413.15999999999997,1
16767,2011-06,399.18,1
16767,2011-07,618.5,1
16767,2011-08,567.62,1
16767,2011-09,591.14,1
16767,2011-11,755.1,4
16768,2009-12,224.98,1
16768,2010-02,85.5,1
16768,2010-03,366.65,1
16768,2010-06,126.5,1
16768,2010-09,192.35,1
16768,2010-11,224.5,1
16768,2011-03,183.25,1
16768,2011-08,103.24000000000001,1
16768,2011-10,191.6,1
16769,2009-12,394.46000000000004,2
16769,2010-08,361.05,1
16769,2011-03,361.54,1
16770,2010-08,168.81,1
16770,2010-09,184.5,1
16770,2010-10,297.52,1
16770,2010-11,371.0,1
16770,2010-12,393.00000000000006,2
16770,2011-01,265.55,1
16770,2011-04,121.63,1
16770,2011-10,107.72,1
16771,2009-12,203.3,1
16771,2010-02,585.03,1
16771,2010-03,687.91,1
16771,2010-06,106.09,1
16771,2010-09,108.16,1
16771,2011-01,296.66,1
16771,2011-02,650.76,1
16771,2011-03,692.33,1
16771,2011-09,446.56,1
16771,2011-11,144.3,1
16772,2009-12,896.8499999999999,1
16772,2010-01,1104.25,1
16772,2010-10,1696.95,1
16773,2009-12,137.75,1
16773,2010-09,111.9,1
16773,2011-10,171.59,1
16774,2010-02,354.7,1
16774,2010-04,199.38,1
16774,2010-07,216.18,1
16774,2010-10,135.7,1
16774,2011-06,143.4,1
16774,2011-07,160.8,1
16774,2011-08,238.0,1
16774,2011-10,119.32,1
16775,2010-09,108.15,1
16775,2010-10,520.2,2
16775,2010-11,500.98,2
16775,2010-12,463.8,1
16775,2011-01,174.14999999999998,1
16775,2011-02,171.04999999999998,1
16775,2011-05,114.7,1
16775,2011-06,114.35000000000001,1
16775,2011-07,258.77,2
16775,2011-08,109.63,1
16775,2011-09,183.53,1
16775,2011-10,204.28,1
16775,2011-11,129.15,1
16776,2010-10,220.97,1
16776,2011-10,371.54,1
16777,2010-03,198.03,1
16777,2010-06,61.739999999999995,1
16777,2010-10,809.7900000000001,1
16777,2011-03,173.52,1
16777,2011-09,49.1,1
16778,2011-03,93.18,1
16778,2011-09,152.76,1
16779,2009-12,6712.400000000001,6
16779,2010-01,4734.79,4
16779,2010-02,1512.4,2
16779,2010-03,1899.6100000000001,2
16779,2010-04,1511.95,3
16779,2010-05,792.33,2
16779,2010-06,926.95,3
16779,2010-07,1105.46,3
16779,2010-08,460.45,1
16779,2010-09,835.5600000000001,2
16779,2010-10,805.38,1
16779,2010-11,900.03,2
16779,2010-12,1044.74,2
16779,2011-01,1014.0,3
16779,2011-02,364.32,1
16779,2011-03,734.1800000000001,2
16779,2011-04,480.34000000000003,1
16779,2011-05,500.09,1
16779,2011-06,1257.0800000000002,3
16779,2011-07,660.01,1
16779,2011-08,678.88,1
16779,2011-09,891.5500000000001,1
16779,2011-11,2386.38,4
16779,2011-12,957.0600000000001,2
16780,2010-10,174.16,1
16780,2011-03,161.89,1
16780,2011-08,260.35,1
16781,2010-02,311.75,1
16781,2010-12,622.5,1
16782,2009-12,181.45,1
16782,2010-01,245.82,1
16782,2010-03,186.65,1
16782,2010-04,376.76,2
16782,2010-05,262.88,2
16782,2010-06,595.71,2
16782,2010-07,1027.64,4
16782,2010-08,226.09,2
16782,2010-09,222.36,1
16782,2010-10,1205.12,3
16782,2010-11,2837.69,6
16782,2010-12,930.24,2
16782,2011-01,339.6,1
16782,2011-03,187.8,2
16782,2011-04,112.96000000000001,1
16782,2011-05,129.95000000000002,1
16782,2011-07,294.05,2
16782,2011-09,161.95000000000002,1
16782,2011-11,475.6,3
16783,2010-09,391.95,1
16784,2010-03,210.47,1
16784,2010-08,105.05000000000001,1
16784,2010-10,240.0,1
16784,2010-11,229.21,1
16784,2011-11,107.6,1
16785,2010-10,533.78,1
16786,2010-11,51.839999999999996,1
16787,2010-01,241.54,1
16787,2010-03,445.71999999999997,1
16787,2010-09,137.82,1
16787,2010-11,192.45000000000002,1
16788,2010-02,412.36,1
16788,2010-06,387.22,1
16788,2010-10,534.96,1
16788,2011-03,292.82,1
16788,2011-08,299.92,1
16789,2011-12,80.8,1
16790,2011-11,1366.1200000000001,5
16790,2011-12,179.5,1
16791,2009-12,304.92,1
16791,2010-01,227.82,1
16791,2010-03,178.35999999999999,1
16791,2010-06,338.32,1
16791,2010-08,312.14,1
16791,2010-10,378.3,2
16791,2010-11,511.99,1
16791,2011-01,234.23,1
16791,2011-03,151.9,1
16791,2011-05,168.87,2
16791,2011-08,224.12,1
16791,2011-10,434.55,1
16791,2011-11,479.36,1
16792,2010-01,211.29,1
16792,2010-04,155.9,1
16792,2010-11,145.89000000000001,1
16792,2011-03,110.38000000000001,2
16793,2011-10,243.84,1
16794,2010-03,231.03,1
16794,2010-05,286.82,2
16794,2010-09,204.89,1
16794,2010-11,133.46,1
16794,2011-06,254.59,2
16794,2011-07,222.13,1
16794,2011-08,128.31,1
16794,2011-09,89.52,1
16794,2011-10,111.16,1
16794,2011-11,289.36,3
16794,2011-12,99.41,1
16795,2010-01,607.82,1
16795,2010-10,1039.71,1
16795,2010-12,829.76,1
16796,2011-09,305.62,1
16797,2009-12,176.88,1
16797,2010-02,347.3,1
16797,2010-06,492.05,1
16797,2010-10,331.68,1
16797,2010-11,454.11,1
16798,2009-12,208.9,1
16798,2010-03,371.01,1
16798,2010-06,261.25,1
16799,2010-09,240.49,1
16799,2010-10,212.29,1
16800,2011-11,1162.65,1
16801,2011-03,751.9,1
16801,2011-05,701.48,2
16801,2011-06,140.85,1
16802,2009-12,259.11,1
16802,2010-01,323.5,1
16803,2011-10,332.3,1
16804,2011-03,118.05,1
16804,2011-11,418.94,2
16805,2009-12,271.05,1
16805,2010-05,344.7,1
16805,2010-12,214.77,1
16805,2011-06,245.82,1
16806,2011-04,227.5,1
16806,2011-05,143.18,1
16806,2011-06,127.19,1
16806,2011-08,238.34,1
16807,2010-03,274.05,1
16807,2010-05,369.75,1
16807,2010-08,358.49,1
16807,2011-03,371.23,1
16807,2011-05,280.6,1
16807,2011-07,469.76,1
16808,2011-03,166.5,1
16808,2011-09,121.92,1
16809,2010-04,261.41,1
16809,2010-07,116.28,1
16809,2010-09,258.95,1
16809,2010-10,176.1,1
16809,2011-03,214.28,1
16809,2011-05,128.8,1
16809,2011-07,127.61,1
16809,2011-10,149.68,1
16809,2011-11,294.32,1
16810,2010-10,532.5,1
16810,2011-05,309.54,1
16811,2011-11,314.77,1
16811,2011-12,232.3,1
16812,2010-11,1912.65,3
16812,2010-12,479.35,1
16813,2011-05,191.10999999999999,1
16813,2011-06,252.61,2
16813,2011-07,422.85,2
16813,2011-08,162.79,1
16813,2011-09,229.73,2
16813,2011-10,244.55,1
16813,2011-12,148.54,1
16814,2010-04,1133.58,2
16814,2010-05,1192.57,3
16814,2010-06,831.34,2
16814,2010-07,563.6800000000001,2
16814,2010-08,898.77,2
16814,2010-10,545.11,2
16814,2010-11,343.1,2
16814,2010-12,546.58,1
16814,2011-01,1486.6200000000001,4
16814,2011-02,350.3,2
16814,2011-03,430.23,1
16814,2011-04,571.7,2
16814,2011-05,975.82,2
16814,2011-06,297.15,1
16814,2011-07,300.03,1
16814,2011-08,436.65,2
16814,2011-09,556.3,1
16814,2011-10,246.97,2
16814,2011-11,481.74,2
16815,2010-06,233.12,1
16815,2010-09,172.9,1
16816,2010-12,75.78,1
16816,2011-01,249.67000000000002,1
16816,2011-07,47.24,1
16816,2011-08,44.370000000000005,1
16817,2010-10,507.11,2
16817,2010-11,448.84000000000003,2
16817,2010-12,611.5,2
16817,2011-03,148.25,2
16817,2011-04,215.9,1
16817,2011-05,217.8,1
16817,2011-06,230.18,1
16817,2011-11,207.99,1
16817,2011-12,217.33,1
16818,2011-05,726.24,2
16818,2011-06,466.93,2
16818,2011-07,506.91999999999996,2
16818,2011-08,402.31,2
16818,2011-09,1119.41,2
16818,2011-11,127.76,1
16819,2010-08,182.59,2
16820,2011-09,497.61,1
16821,2010-11,113.35,1
16822,2010-01,181.39,1
16823,2009-12,189.29999999999998,1
16823,2010-03,266.08,1
16823,2010-09,463.7,1
16823,2010-10,507.76,1
16823,2010-11,457.87,2
16823,2011-04,358.38,1
16824,2010-11,225.6,1
16824,2011-06,222.9,1
16824,2011-11,237.74,1
16825,2010-06,363.3,1
16825,2010-10,350.01,1
16825,2010-11,338.4,1
16825,2011-06,318.7,1
16825,2011-11,456.48,1
16826,2011-10,341.7,1
16827,2010-04,48.45,1
16827,2010-05,60.55,1
16827,2010-09,162.72,1
16827,2010-11,115.46,2
16828,2011-08,113.5,1
16829,2010-11,316.1,1
16829,2011-07,197.22,1
16830,2009-12,300.42,1
16830,2010-02,179.97,1
16830,2010-09,401.20000000000005,1
16830,2011-11,325.91,1
16831,2010-05,91.8,1
16832,2010-09,111.0,1
16832,2010-10,107.46000000000001,1
16832,2011-05,136.65,2
16832,2011-06,62.5,1
16833,2010-03,312.88,1
16833,2010-09,989.63,1
16833,2011-01,309.48,1
16833,2011-03,361.81,2
16833,2011-12,435.24,1
16834,2010-02,485.5,1
16834,2011-04,413.46,1
16835,2010-05,301.63,1
16835,2010-06,467.76,1
16835,2010-07,328.92,1
16835,2010-11,177.5,1
16835,2010-12,163.5,1
16835,2011-08,99.1,1
16836,2010-05,220.75,1
16836,2010-10,309.75,1
16836,2011-08,91.32000000000001,1
16836,2011-10,160.55,1
16837,2011-04,362.94,3
16837,2011-05,1451.8,5
16837,2011-07,97.0,1
16837,2011-10,737.7,1
16837,2011-11,521.54,1
16838,2010-02,341.23,1
16838,2010-06,229.53,1
16838,2011-02,392.12,1
16838,2011-05,196.73000000000002,1
16839,2010-02,324.82,1
16839,2010-04,402.68,1
16839,2010-05,595.94,1
16839,2010-06,353.52,1
16839,2010-08,431.28,1
16839,2010-09,441.71999999999997,1
16839,2010-10,1796.5,2
16839,2010-11,817.4399999999999,2
16839,2010-12,1104.48,1
16839,2011-01,1133.79,3
16839,2011-02,1200.3,2
16839,2011-03,2038.29,4
16839,2011-05,1716.57,3
16839,2011-06,1106.22,3
16839,2011-07,2132.82,4
16839,2011-08,989.05,2
16839,2011-09,1758.6599999999999,3
16839,2011-10,702.9399999999999,2
16839,2011-11,2422.99,5
16839,2011-12,840.48,2
16840,2010-02,107.75,1
16840,2010-04,32.1,1
16841,2010-01,293.35,1
16841,2010-02,291.86,1
16841,2010-04,495.0,1
16841,2010-06,321.55,1
16841,2010-08,390.38,1
16841,2010-10,344.1,1
16841,2011-02,317.38,1
16841,2011-05,319.12,1
16841,2011-06,606.74,2
16841,2011-07,317.82,1
16841,2011-11,308.76,1
16842,2011-02,520.5699999999999,1
16842,2011-07,346.38,1
16842,2011-08,397.24,1
16843,2009-12,730.59,1
16843,2010-02,2271.42,3
16843,2010-04,790.43,2
16843,2010-05,638.98,3
16843,2010-06,891.8100000000001,1
16843,2010-07,799.8599999999999,1
16843,2010-08,1064.76,2
16843,2010-09,794.43,3
16843,2010-10,1392.58,3
16843,2011-01,759.0600000000001,1
16843,2011-02,1240.4,1
16843,2011-04,394.56,1
16843,2011-05,1447.8799999999999,3
16843,2011-06,1900.02,2
16843,2011-07,1629.68,3
16843,2011-09,1437.64,2
16843,2011-10,1387.33,3
16844,2010-05,614.34,2
16845,2010-03,253.88,1
16846,2010-03,355.86,1
16846,2010-05,272.23,1
16846,2011-10,214.32,1
16847,2010-03,421.45000000000005,1
16847,2011-10,193.44,1
16848,2010-10,751.95,1
16848,2010-11,378.25,2
16848,2011-10,281.42,1
16849,2011-06,124.57,1
16850,2011-01,332.41,1
16851,2011-10,239.45999999999998,2
16851,2011-12,102.99000000000001,1
16852,2011-06,113.06,1
16852,2011-11,31.85,1
16854,2010-03,1290.81,1
16854,2010-10,118.15,1
16855,2011-10,151.2,1
16855,2011-11,177.2,1
16856,2010-09,183.78000000000003,1
16856,2010-10,139.31,1
16856,2011-11,35.400000000000006,1
16857,2010-09,352.8,1
16858,2009-12,297.86,1
16858,2010-01,756.6,2
16858,2010-02,310.7,1
16858,2010-03,181.8,1
16858,2010-04,683.48,1
16858,2010-06,387.82,1
16858,2010-09,876.54,1
16858,2010-10,422.1,1
16858,2010-12,751.3800000000001,1
16859,2010-03,257.77,1
16859,2010-07,228.9,2
16859,2010-09,293.22999999999996,1
16859,2010-10,404.7,1
16859,2011-03,259.84,1
16859,2011-07,487.96999999999997,1
16860,2010-02,517.12,1
16860,2010-06,662.2,1
16860,2010-09,431.3,1
16861,2010-07,137.4,1
16861,2010-11,635.43,2
16861,2011-07,70.80000000000001,1
16861,2011-10,102.96,1
16862,2010-01,165.60000000000002,1
16862,2010-04,418.13,2
16862,2010-06,78.60000000000001,1
16863,2010-10,331.47,1
16863,2010-12,328.5,1
16863,2011-11,338.55,1
16864,2010-04,111.72000000000001,1
16864,2010-10,297.53,1
16865,2010-11,130.95,1
16866,2011-07,207.73999999999998,3
16867,2010-01,76.74000000000001,1
16868,2010-04,183.9,1
16868,2010-10,74.36,1
16868,2010-11,126.3,1
16869,2011-06,387.68,2
16869,2011-10,296.42,1
16869,2011-11,133.02,1
16870,2010-08,450.15999999999997,1
16871,2011-03,927.3100000000001,3
16871,2011-05,1110.51,1
16871,2011-09,329.44,1
16871,2011-11,445.08000000000004,1
16872,2010-09,337.96,2
16872,2010-10,195.15,1
16872,2011-06,388.36,1
16872,2011-08,76.32000000000001,1
16872,2011-09,215.34000000000003,1
16873,2010-02,1460.7,1
16873,2010-05,2226.33,2
16873,2010-07,1169.02,1
16873,2010-08,967.94,1
16873,2010-10,1669.78,1
16873,2010-12,2157.64,1
16873,2011-04,528.93,1
16873,2011-05,546.88,1
16873,2011-08,638.02,1
16873,2011-10,1397.32,1
16873,2011-12,1854.83,1
16874,2010-11,209.89000000000001,1
16875,2010-01,644.58,1
16875,2010-03,537.9200000000001,1
16875,2010-05,299.81,1
16875,2010-07,344.63,1
16875,2010-09,312.06,2
16875,2011-01,368.8,1
16875,2011-02,436.29,2
16875,2011-07,333.11,1
16875,2011-10,957.33,1
16876,2010-11,136.01,1
16877,2011-05,77.75,1
16877,2011-07,111.23,1
16877,2011-10,261.93,1
16877,2011-11,395.71,3
16878,2011-09,13.3,1
16880,2010-08,321.78,1
16880,2011-06,421.06,3
16880,2011-07,261.54,1
16880,2011-08,158.41,1
16880,2011-09,252.11,1
16880,2011-11,398.31,1
16881,2011-10,432.0,1
16882,2011-01,9.9,1
16882,2011-04,205.8,1
16882,2011-10,489.41999999999996,1
16883,2009-12,108.95,1
16883,2010-04,90.00999999999999,1
16883,2010-05,127.74,1
16883,2010-06,784.61,6
16883,2010-07,738.22,6
16883,2010-08,124.05,2
16883,2010-12,256.06,1
16883,2011-06,144.45,1
16884,2010-05,417.90000000000003,1
16884,2010-06,223.23,1
16884,2011-11,429.84000000000003,2
16885,2010-11,232.94,1
16885,2010-12,177.95,1
16885,2011-10,121.65,1
16885,2011-11,150.81,1
16886,2010-09,134.0,1
16887,2009-12,219.82,1
16887,2010-11,246.01999999999998,1
16887,2011-11,192.32999999999998,1
16888,2010-01,200.09,1
16888,2010-02,117.22,1
16888,2010-11,116.88999999999999,1
16889,2010-05,357.0,1
16889,2010-07,292.54,1
16889,2010-11,298.44,1
16889,2011-01,523.05,1
16889,2011-04,705.56,1
16889,2011-05,350.06,1
16890,2010-05,237.11,2
16890,2010-08,40.8,1
16891,2009-12,422.74,2
16891,2010-02,125.65,1
16891,2010-03,155.64000000000001,1
16891,2010-05,146.34,1
16891,2010-08,135.14,1
16891,2010-12,434.52,1
16891,2011-07,176.31,1
16891,2011-09,122.22,1
16891,2011-11,123.19,1
16891,2011-12,103.45,1
16892,2009-12,97.55,1
16892,2010-06,139.01,1
16892,2011-06,102.97999999999999,1
16892,2011-11,280.29,2
16892,2011-12,134.92000000000002,2
16893,2010-11,103.54,1
16893,2010-12,291.86,1
16894,2010-06,1289.96,2
16894,2010-07,17.0,1
16895,2010-02,150.39000000000001,1
16895,2010-03,186.9,1
16895,2010-06,223.19,1
16895,2010-09,340.15,1
16895,2011-10,202.27,1
16896,2010-06,103.95,1
16897,2011-01,213.03,1
16897,2011-02,76.75,1
16898,2010-05,192.64,1
16898,2010-10,191.54,1
16898,2010-12,224.16,1
16898,2011-06,201.69,1
16898,2011-11,187.26,1
16899,2010-11,424.71000000000004,2
16899,2010-12,170.55,1
16899,2011-05,177.0,1
16899,2011-07,162.63,1
16899,2011-09,77.55,1
16899,2011-11,381.7,1
16899,2011-12,301.63,1
16900,2011-10,752.6800000000001,1
16900,2011-11,129.48000000000002,2
16901,2009-12,204.26,1
16902,2011-08,1706.88,1
16903,2010-10,431.56,1
16903,2010-11,246.99,1
16903,2011-11,363.2,1
16904,2010-10,193.08,1
16904,2010-11,828.53,4
16904,2010-12,677.4000000000001,2
16904,2011-01,188.46,1
16904,2011-02,101.45,1
16904,2011-03,381.52,1
16904,2011-04,221.22,1
16904,2011-06,743.32,3
16904,2011-07,180.89,1
16904,2011-08,774.1899999999999,3
16904,2011-11,356.18,1
16904,2011-12,349.02,1
16905,2009-12,221.85,1
16905,2010-01,113.19,1
16905,2010-02,129.05,1
16905,2010-03,154.21,1
16905,2010-04,230.7,2
16905,2010-07,129.75,1
16905,2010-10,290.62,1
16905,2010-11,397.3,2
16905,2010-12,508.79999999999995,1
16905,2011-03,349.23,1
16905,2011-04,218.55,1
16905,2011-10,1172.73,1
16905,2011-11,707.99,2
16905,2011-12,334.7,1
16906,2010-05,342.51,2
16906,2010-10,507.96999999999997,1
16906,2011-04,112.69,1
16906,2011-05,99.0,1
16906,2011-06,181.3,1
16906,2011-09,166.6,1
16907,2010-07,104.65,1
16907,2010-09,156.1,1
16907,2010-10,118.2,1
16907,2010-11,163.18,1
16907,2010-12,359.84000000000003,1
16907,2011-02,229.83,1
16907,2011-04,121.36,1
16907,2011-07,127.88,1
16907,2011-11,269.77,1
16908,2009-12,252.59,1
16909,2011-09,379.14,1
16910,2011-09,755.08,4
16910,2011-10,404.59,2
16910,2011-11,163.59,1
16910,2011-12,185.7,1
16911,2010-02,139.35000000000002,1
16911,2010-03,115.9,1
16912,2009-12,383.8,1
16912,2010-02,342.04,1
16912,2010-09,848.79,1
16912,2010-10,330.3,1
16912,2011-01,377.3,1
16912,2011-02,360.54,2
16912,2011-05,408.02,2
16912,2011-07,392.72,2
16912,2011-10,860.57,3
16912,2011-11,156.43,1
16913,2010-02,310.46999999999997,2
16913,2011-02,113.44,1
16914,2011-11,183.76,1
16915,2010-05,299.75,1
16915,2010-07,200.70000000000002,1
16915,2010-09,30.599999999999998,1
16915,2010-10,219.75,1
16915,2010-11,170.70000000000002,1
16915,2011-03,54.300000000000004,1
16915,2011-04,112.49,1
16915,2011-06,41.9,1
16915,2011-08,173.70000000000002,1
16915,2011-10,129.61,1
16915,2011-11,109.68,1
16916,2010-10,117.59,1
16916,2010-11,216.12,1
16916,2010-12,392.86,1
16916,2011-11,365.98,1
16917,2010-03,1460.3600000000001,1
16917,2011-03,391.52,1
16918,2009-12,221.69,1
16918,2010-02,457.5,2
16918,2010-03,210.5,1
16918,2010-04,298.88,1
16918,2010-05,143.55,1
16918,2010-06,121.08,1
16918,2010-07,238.45,2
16918,2010-10,446.07,1
16918,2011-01,275.78,1
16918,2011-07,247.25,1
16918,2011-09,299.67,1
16918,2011-10,246.12,3
16919,2010-08,336.74,2
16919,2010-09,819.51,6
16919,2010-10,766.15,3
16919,2010-11,395.01,2
16919,2010-12,738.36,2
16919,2011-04,935.05,4
16919,2011-05,580.29,3
16919,2011-06,321.16,1
16919,2011-07,215.74,1
16920,2010-10,355.45,1
16921,2010-04,141.56,1
16921,2010-09,113.47,1
16921,2011-10,154.18,1
16922,2010-05,611.08,1
16923,2010-01,528.98,1
16923,2010-03,646.6800000000001,2
16923,2010-04,486.3,1
16923,2010-05,597.8,1
16923,2010-06,200.91000000000003,1
16923,2010-08,866.34,1
16923,2010-10,736.2,2
16923,2010-11,2024.8400000000001,4
16923,2010-12,550.5,1
16923,2011-01,658.81,2
16923,2011-03,1175.16,2
16923,2011-04,192.33,1
16923,2011-05,566.72,3
16923,2011-06,715.75,3
16923,2011-07,383.15000000000003,1
16923,2011-09,521.52,1
16923,2011-10,1176.16,2
16923,2011-11,1128.98,3
16924,2011-09,271.11,1
16924,2011-10,252.54,1
16924,2011-11,306.24,1
16925,2010-06,125.65,1
16926,2010-07,530.66,2
16926,2010-08,202.54999999999998,1
16926,2010-09,206.15,1
16926,2010-12,460.5,1
16927,2010-12,218.1,1
16927,2011-03,123.35,1
16927,2011-08,201.6,1
16928,2010-02,112.2,1
16928,2010-09,226.3,3
16928,2010-10,394.2,3
16928,2010-11,258.63,2
16928,2010-12,232.5,1
16928,2011-01,101.25,1
16928,2011-02,112.5,1
16928,2011-04,502.36,2
16928,2011-05,105.55,1
16928,2011-06,506.84999999999997,3
16928,2011-07,116.55,1
16928,2011-08,602.09,4
16928,2011-09,643.3499999999999,3
16929,2011-07,229.14000000000001,1
16929,2011-08,199.74,1
16929,2011-09,110.83999999999999,1
16929,2011-11,549.73,3
16929,2011-12,205.94,1
16930,2011-10,205.45000000000002,2
16930,2011-11,173.44,1
16931,2010-11,477.35,2
16931,2010-12,516.71,2
16931,2011-01,215.16000000000003,1
16931,2011-02,302.37,1
16931,2011-03,277.43,1
16931,2011-04,147.06,1
16931,2011-05,596.43,3
16931,2011-06,184.23,1
16931,2011-07,654.68,3
16931,2011-08,155.31,1
16931,2011-09,256.64,1
16931,2011-10,694.53,4
16931,2011-11,294.93,1
16931,2011-12,411.44,1
16932,2010-05,115.23,1
16932,2010-10,147.09,1
16932,2011-10,150.23000000000002,1
16933,2009-12,554.99,1
16933,2010-01,463.16,1
16933,2010-03,506.16,1
16933,2010-07,281.42,1
16933,2010-10,356.19,1
16933,2010-11,374.15,2
16933,2011-04,224.73,1
16933,2011-12,338.5,1
16934,2010-03,382.2,1
16934,2010-05,291.11,1
16934,2010-07,100.30000000000001,1
16934,2010-11,378.5,1
16934,2011-10,931.03,2
16935,2010-10,264.01,1
16935,2010-11,266.85,2
16936,2010-11,286.39,1
16936,2011-11,261.9,1
16937,2010-07,196.25,1
16938,2010-02,859.32,1
16938,2010-05,933.72,1
16938,2010-08,901.42,1
16938,2010-10,1132.72,1
16938,2010-11,456.5,1
16938,2011-02,267.6,1
16938,2011-06,2118.4500000000003,2
16938,2011-12,325.63,1
16939,2010-02,166.1,1
16939,2010-03,145.84,1
16939,2010-08,121.91,1
16940,2009-12,656.85,1
16940,2010-02,553.28,1
16940,2010-04,747.09,1
16940,2010-06,403.09,1
16940,2010-09,1017.47,1
16940,2011-02,757.68,1
16940,2011-06,1110.68,1
16940,2011-10,1181.52,1
16941,2010-04,33.0,1
16942,2011-04,275.34,1
16942,2011-05,292.92,2
16942,2011-06,499.94,2
16942,2011-07,371.24,2
16942,2011-11,465.55,2
16943,2011-01,451.03,1
16943,2011-03,193.6,1
16943,2011-05,172.1,1
16944,2010-04,101.36,1
16945,2009-12,610.01,2
16945,2010-02,315.0,1
16945,2010-03,579.05,2
16945,2010-05,314.79,1
16945,2010-06,361.88,2
16945,2010-07,333.79,1
16945,2010-08,305.11,1
16945,2010-09,672.59,1
16945,2010-11,710.44,3
16945,2010-12,279.85,1
16945,2011-02,500.79,2
16945,2011-03,675.94,3
16945,2011-05,317.1,2
16945,2011-06,320.08,2
16945,2011-07,308.71000000000004,1
16945,2011-08,302.74,1
16945,2011-09,587.33,2
16945,2011-10,341.02,2
16945,2011-11,711.94,3
16946,2010-03,677.0400000000001,2
16946,2010-05,172.0,1
16946,2010-07,186.9,1
16946,2010-11,186.1,1
16947,2010-03,508.33,1
16947,2010-05,8.5,1
16947,2010-09,23.400000000000002,1
16947,2011-04,406.48,1
16948,2010-02,110.9,1
16948,2010-05,119.35000000000001,1
16948,2010-06,164.6,1
16948,2010-10,38.9,1
16948,2011-01,69.6,1
16948,2011-03,170.94,1
16948,2011-07,194.48,1
16949,2011-01,74.42,1
16949,2011-03,127.78999999999999,1
16949,2011-05,303.54,1
16949,2011-06,388.0,1
16949,2011-10,310.48,1
16949,2011-12,82.04,1
16950,2010-01,394.6,1
16950,2010-02,245.97,1
16950,2010-06,201.25,1
16950,2010-07,353.7,1
16950,2010-08,428.09,1
16950,2010-10,523.89,1
16950,2010-11,207.71,1
16950,2010-12,344.0,1
16950,2011-08,606.41,1
16950,2011-10,400.15,1
16951,2011-02,1053.79,1
16951,2011-07,223.96,2
16952,2009-12,249.09,1
16952,2010-09,379.13,2
16952,2011-08,167.61,2
16953,2011-11,20.8,1
16954,2010-01,443.13,1
16954,2010-02,935.8299999999999,1
16954,2010-03,594.0,2
16954,2010-05,440.34999999999997,1
16954,2010-06,270.29999999999995,1
16954,2010-07,444.38,2
16954,2010-09,211.35,1
16954,2010-10,423.40999999999997,1
16954,2010-11,234.05,1
16954,2010-12,346.79999999999995,1
16954,2011-03,594.6800000000001,2
16954,2011-08,303.9,1
16954,2011-10,225.18,1
16954,2011-11,233.39999999999998,2
16954,2011-12,381.12000000000006,2
16955,2010-01,310.39,1
16955,2010-06,291.25,1
16955,2010-12,378.2,2
16955,2011-01,165.88,1
16955,2011-06,163.69,1
16956,2011-11,308.74,1
16957,2011-03,114.84,1
16957,2011-04,301.8,1
16958,2010-09,778.49,1
16959,2011-09,117.35000000000001,1
16960,2010-03,443.98,1
16960,2010-06,310.2,1
16960,2010-11,729.65,3
16960,2011-04,199.58,1
16960,2011-10,156.56,1
16960,2011-11,148.96,1
16961,2010-06,162.05,1
16961,2010-11,398.34,1
16961,2011-08,234.17,1
16962,2010-10,251.04,1
16963,2011-06,110.55000000000001,1
16964,2009-12,207.85,2
16965,2011-04,192.07,1
16966,2011-04,409.2,1
16966,2011-05,745.1999999999999,2
16966,2011-06,332.16,1
16966,2011-10,3.25,1
16966,2011-11,279.35999999999996,1
16966,2011-12,385.79999999999995,1
16967,2011-06,319.02,1
16968,2011-08,253.31,1
16968,2011-12,186.12,1
16969,2011-06,397.36,1
16969,2011-07,81.6,1
16969,2011-10,171.45,1
16970,2010-03,71.4,1
16971,2011-11,357.21,1
16972,2010-09,276.95,1
16972,2010-11,472.05,1
16973,2010-11,127.0,1
16974,2010-05,89.25,1
16974,2010-07,276.25,1
16975,2010-07,315.0,1
16975,2010-08,36.480000000000004,1
16975,2010-10,574.64,1
16976,2011-03,251.51999999999998,1
16977,2010-03,140.20000000000002,1
16977,2010-05,220.1,2
16977,2010-11,135.7,1
16978,2010-02,424.55,2
16978,2011-09,344.33,1
16979,2010-09,305.65000000000003,1
16979,2010-10,354.54,1
16979,2010-11,347.55,1
16979,2011-02,347.15,1
16979,2011-07,208.5,1
16979,2011-10,343.94,1
16979,2011-11,720.67,2
16979,2011-12,231.74,1
16980,2010-10,394.37,1
16980,2011-02,681.86,1
16980,2011-03,346.6,1
16982,2011-10,384.06,1
16983,2010-09,169.62,1
16983,2010-10,316.86,1
16983,2010-11,1098.18,2
16983,2010-12,326.98,1
16983,2011-01,195.26,1
16983,2011-03,263.59000000000003,1
16983,2011-06,262.88,1
16983,2011-09,300.13,1
16983,2011-11,720.52,2
16984,2010-03,2081.5,2
16984,2010-04,812.53,1
16984,2010-06,824.95,1
16984,2010-07,731.85,1
16984,2010-08,391.76,1
16984,2010-10,1048.42,1
16984,2011-08,3213.19,1
16984,2011-09,1246.33,1
16985,2009-12,961.55,2
16985,2010-01,935.5500000000001,1
16985,2010-02,355.25,1
16985,2010-05,733.77,2
16985,2010-07,559.88,1
16985,2010-08,1058.95,4
16985,2010-09,433.85,1
16985,2010-11,420.24,1
16985,2010-12,933.3199999999999,1
16985,2011-01,340.24,1
16985,2011-03,828.9,2
16985,2011-05,812.9,2
16985,2011-07,663.18,1
16985,2011-09,501.9,1
16985,2011-11,1383.68,2
16986,2010-02,2591.85,6
16986,2010-04,109.5,1
16986,2010-05,141.7,1
16986,2010-09,172.5,1
16986,2011-11,1873.2,2
16987,2009-12,290.91,2
16987,2010-04,333.24,1
16987,2010-11,258.5,1
16987,2011-05,213.05,1
16987,2011-06,416.4,2
16987,2011-10,763.67,3
16987,2011-12,223.68,1
16988,2010-11,256.55,1
16988,2011-12,126.12,1
16989,2011-07,857.7,1
16989,2011-09,70.94999999999999,2
16989,2011-10,99.0,1
16989,2011-11,66.0,1
16989,2011-12,39.599999999999994,1
16990,2010-10,165.0,1
16990,2011-05,179.0,1
16991,2010-10,1041.21,1
16992,2010-02,114.88,1
16992,2010-06,1168.15,2
16992,2010-07,541.61,1
16992,2010-09,426.95000000000005,2
16992,2010-10,1509.8,1
16992,2010-11,100.80000000000001,1
16992,2011-02,421.6,1
16992,2011-05,249.55,1
16992,2011-09,301.2,1
16992,2011-11,641.96,2
16993,2010-05,719.8,1
16993,2010-09,1231.15,1
16996,2010-10,400.70000000000005,1
16996,2010-11,265.95000000000005,2
16996,2010-12,127.54000000000002,2
16996,2011-03,242.40000000000003,1
16996,2011-04,330.94,1
16996,2011-08,340.90000000000003,1
16996,2011-11,415.18,1
16997,2011-01,390.0,1
16997,2011-02,312.0,2
16998,2010-09,107.0,1
16998,2011-02,90.0,1
16998,2011-05,197.10000000000002,2
16998,2011-07,7.9,1
16999,2011-09,245.83,1
16999,2011-11,238.99,1
17000,2010-10,191.72,1
17000,2010-11,214.58,1
17001,2010-03,577.24,1
17001,2010-06,401.83,2
17001,2010-07,186.3,1
17001,2010-08,307.16,1
17001,2010-09,405.04,1
17001,2010-11,773.66,2
17001,2010-12,397.96,1
17001,2011-01,374.93,1
17001,2011-03,333.2,1
17001,2011-04,313.5,1
17001,2011-05,382.35,1
17001,2011-06,408.45,1
17001,2011-08,260.7,1
17001,2011-09,322.4,1
17001,2011-10,430.8,1
17001,2011-11,357.6,1
17001,2011-12,407.68,1
17002,2010-03,216.36,2
17002,2010-05,217.6,1
17002,2010-09,643.86,1
17002,2011-02,513.06,1
17002,2011-05,480.46000000000004,1
17002,2011-09,500.21,1
17003,2010-05,144.35999999999999,1
17003,2010-10,248.25,1
17003,2010-11,435.6,2
17004,2010-10,569.63,1
17004,2010-11,442.59000000000003,1
17004,2011-09,905.6,1
17004,2011-10,406.54,1
17005,2010-04,333.75,1
17005,2010-08,288.61,1
17006,2010-03,179.76,1
17006,2010-10,147.65,1
17006,2010-11,526.08,2
17006,2011-09,280.76,1
17006,2011-11,253.96,2
17006,2011-12,247.06,1
17007,2010-09,230.17000000000002,1
17007,2010-12,207.12,2
17007,2011-05,255.61,2
17007,2011-07,112.71,1
17007,2011-10,314.49,1
17008,2010-10,81.36,1
17009,2010-06,242.06,1
17010,2011-11,195.36,1
17011,2010-02,332.52,1
17011,2010-03,68.28,1
17011,2011-11,270.9,1
17012,2009-12,360.61,1
17014,2011-10,188.05,1
17014,2011-11,165.76,1
17014,2011-12,229.62,1
17015,2011-06,520.55,1
17015,2011-09,1045.48,1
17015,2011-11,272.58,1
17016,2010-05,552.4,1
17017,2009-12,277.5,1
17017,2010-06,409.82,1
17017,2010-09,1001.47,1
17017,2010-10,602.27,2
17017,2010-11,1591.67,4
17017,2010-12,3891.2599999999998,5
17017,2011-02,528.32,1
17017,2011-03,748.76,2
17017,2011-04,267.96,1
17017,2011-05,591.14,2
17017,2011-06,937.4599999999999,3
17017,2011-09,815.04,1
17017,2011-10,326.03999999999996,1
17017,2011-11,1491.3,3
17017,2011-12,630.6,1
17018,2009-12,351.6,1
17018,2010-01,357.0,1
17018,2010-05,254.0,1
17018,2010-11,405.0,1
17018,2011-01,405.0,1
17018,2011-10,515.1,1
17019,2009-12,212.66,1
17019,2010-03,359.31,1
17019,2010-06,428.04,1
17019,2010-10,544.98,2
17019,2010-11,783.92,2
17019,2010-12,717.64,1
17019,2011-01,271.09,1
17019,2011-03,366.02,1
17019,2011-11,262.15,1
17020,2010-03,316.86,1
17020,2010-06,618.76,1
17021,2010-04,301.73,1
17021,2010-05,260.20000000000005,1
17021,2010-07,247.8,2
17021,2010-09,372.49,2
17022,2010-10,189.0,1
17022,2011-11,71.0,1
17023,2010-01,142.35,1
17023,2010-08,462.21,1
17023,2010-10,195.62,1
17024,2011-07,31.25,1
17024,2011-09,25.0,1
17024,2011-10,39.599999999999994,1
17025,2010-03,848.7,1
17025,2010-10,143.2,1
17025,2010-12,321.94,2
17025,2011-10,196.8,1
17026,2010-10,21.0,1
17026,2010-12,66.3,1
17026,2011-06,121.67999999999999,1
17027,2009-12,139.85000000000002,1
17027,2010-02,104.4,1
17027,2010-09,188.82,1
17027,2011-01,187.6,1
17027,2011-02,232.43,1
17027,2011-03,13.2,1
17027,2011-06,212.0,1
17027,2011-09,232.33,2
17028,2009-12,307.91,1
17028,2010-02,262.18,1
17028,2010-05,1023.74,1
17029,2010-02,271.0,1
17029,2010-03,330.0,1
17029,2010-07,288.15,1
17029,2010-09,367.15,1
17029,2010-11,165.0,1
17029,2011-04,358.0,1
17029,2011-08,358.0,1
17030,2011-10,146.87,1
17031,2010-05,1857.0,1
17031,2010-06,118.0,1
17031,2010-09,165.0,1
17031,2010-11,253.5,1
17031,2011-07,225.95,1
17031,2011-11,154.4,1
17032,2009-12,834.25,1
17032,2010-01,848.17,1
17032,2010-02,575.75,2
17032,2010-04,638.52,1
17033,2010-11,302.65000000000003,1
17033,2010-12,307.8,1
17033,2011-05,300.29999999999995,1
17033,2011-09,422.04,1
17034,2010-07,190.45000000000002,1
17034,2010-10,340.45,1
17034,2011-02,141.79999999999998,1
17034,2011-09,223.07999999999998,1
17034,2011-11,380.64,1
17035,2009-12,54.599999999999994,1
17035,2010-04,125.46000000000001,1
17035,2011-02,259.51,1
17035,2011-04,174.02,1
17036,2010-11,176.9,1
17037,2011-09,1267.32,1
17038,2010-10,630.77,1
17038,2011-11,112.4,1
17039,2010-04,1954.99,1
17040,2010-06,13.52,1
17040,2011-07,449.73,1
17041,2010-04,220.41,2
17041,2010-11,363.3,1
17041,2010-12,304.5,1
17041,2011-08,446.39,1
17041,2011-11,320.6,1
17042,2011-04,265.40999999999997,1
17042,2011-05,222.18,1
17042,2011-07,185.51,1
17042,2011-08,241.92000000000002,1
17042,2011-12,121.56,1
17043,2009-12,377.06,1
17043,2010-05,187.54,1
17043,2010-11,293.87,2
17043,2011-03,174.6,1
17043,2011-06,150.37,1
17043,2011-10,768.85,1
17043,2011-11,641.36,1
17044,2009-12,990.48,1
17044,2010-03,665.38,1
17044,2010-04,514.42,1
17044,2010-05,1037.7,1
17044,2010-08,1092.72,1
17044,2010-10,2491.12,2
17044,2010-11,4222.0,4
17044,2011-11,948.48,1
17045,2010-10,360.64,1
17045,2010-11,127.6,1
17045,2011-04,39.95,1
17045,2011-07,108.4,1
17045,2011-08,191.09,1
17046,2010-03,359.44,1
17046,2010-08,356.67,2
17046,2010-09,547.94,1
17046,2011-07,642.02,1
17047,2009-12,322.65,1
17047,2010-04,443.28000000000003,1
17047,2010-10,422.4,1
17047,2011-05,749.4300000000001,2
17047,2011-09,351.47,1
17048,2010-01,213.53,1
17048,2010-04,226.7,1
17048,2010-08,204.82,1
17048,2010-09,501.28000000000003,1
17048,2011-01,258.41,1
17048,2011-03,501.99,1
17048,2011-08,164.95000000000002,1
17049,2010-03,939.52,2
17049,2010-04,661.79,1
17049,2010-08,1245.44,4
17049,2010-11,1440.75,3
17049,2011-03,924.5400000000001,1
17049,2011-05,657.26,2
17049,2011-07,694.57,1
17049,2011-08,330.28,1
17049,2011-09,635.19,1
17049,2011-10,1279.01,1
17049,2011-11,738.1800000000001,1
17049,2011-12,396.0,1
17050,2010-01,301.53999999999996,1
17050,2010-02,208.93,1
17050,2010-08,351.95,1
17050,2010-11,300.4,1
17050,2011-02,660.94,2
17050,2011-03,826.37,1
17050,2011-04,670.33,1
17050,2011-06,459.75,1
17050,2011-09,568.25,1
17051,2010-03,167.65,1
17051,2010-05,115.4,1
17051,2010-09,182.55,1
17051,2011-05,240.89000000000001,1
17052,2011-11,399.09,1
17053,2011-08,498.48,1
17054,2011-04,612.37,2
17054,2011-05,306.45,1
17054,2011-07,288.5,1
17054,2011-11,149.01,1
17055,2010-09,232.85,1
17056,2009-12,128.60000000000002,1
17057,2010-04,288.79,1
17058,2011-04,582.72,1
17058,2011-05,236.94,1
17058,2011-09,360.23,1
17059,2010-01,430.3,1
17059,2010-03,505.73,1
17059,2010-06,415.81,1
17059,2010-07,432.34,1
17059,2010-12,1444.72,1
17059,2011-03,446.3,1
17059,2011-05,329.01,1
17059,2011-08,739.43,1
17059,2011-11,843.29,1
17060,2011-03,234.24,1
17061,2011-04,1999.41,4
17061,2011-05,1250.8200000000002,3
17061,2011-06,671.9,1
17061,2011-07,329.30000000000007,1
17061,2011-08,407.4,1
17061,2011-09,573.4,1
17062,2010-09,183.97,1
17062,2010-11,172.45,1
17062,2010-12,710.0,3
17062,2011-01,102.64,1
17063,2009-12,278.61,1
17063,2010-03,296.25,1
17063,2010-04,521.88,1
17063,2010-08,330.6,1
17063,2010-09,422.45,1
17063,2010-10,327.6,1
17063,2011-02,319.37,2
17063,2011-06,352.5,2
17063,2011-10,423.1,2
17063,2011-11,366.17,1
17064,2011-01,143.95,1
17064,2011-06,313.45000000000005,1
17064,2011-10,398.05,1
17065,2010-03,194.7,2
17066,2009-12,228.34,1
17067,2009-12,454.54,3
17068,2010-03,253.45,1
17068,2010-04,114.53,1
17068,2010-05,717.35,4
17068,2010-06,482.28000000000003,3
17068,2010-07,508.35,3
17068,2010-08,621.95,4
17068,2010-09,605.03,4
17068,2010-10,429.23,3
17068,2010-11,702.12,3
17068,2010-12,451.1,2
17068,2011-01,557.7,2
17068,2011-03,368.55,2
17068,2011-04,808.0500000000001,2
17068,2011-05,304.35,2
17068,2011-06,312.75,1
17068,2011-07,425.95,3
17068,2011-08,206.69,1
17068,2011-09,545.2,2
17068,2011-10,415.67,2
17068,2011-11,309.78000000000003,2
17069,2009-12,500.55,1
17069,2010-05,750.28,1
17069,2010-10,880.7,1
17069,2010-11,676.0,2
17069,2010-12,860.25,2
17069,2011-04,489.87,2
17069,2011-07,422.72,1
17069,2011-09,563.12,2
17069,2011-11,650.79,2
17070,2010-10,133.18,1
17070,2011-08,304.24,1
17071,2010-01,308.01,1
17071,2010-06,380.86,1
17071,2010-08,127.91,1
17071,2010-11,547.9,1
17071,2011-02,308.55,1
17071,2011-03,204.78,1
17071,2011-04,278.5,1
17071,2011-06,252.19,1
17071,2011-07,358.4,2
17071,2011-09,291.8,1
17071,2011-10,302.65000000000003,1
17071,2011-11,432.16,1
17072,2010-03,273.35,1
17073,2011-08,453.79,1
17073,2011-09,387.4,1
17073,2011-10,325.53,1
17073,2011-11,278.12,1
17074,2010-05,203.05,1
17075,2009-12,187.70000000000002,1
17075,2010-01,177.0,1
17075,2010-02,236.86,1
17075,2010-03,156.51999999999998,1
17075,2010-08,244.75,1
17075,2010-10,399.68,1
17075,2011-01,188.86,1
17075,2011-02,373.74,1
17075,2011-03,133.47,1
17075,2011-11,138.05,1
17076,2009-12,67.67999999999999,1
17076,2010-03,124.07,1
17076,2010-11,209.92,1
17076,2010-12,151.5,1
17076,2011-03,182.7,1
17076,2011-11,506.88,1
17077,2010-05,306.0,1
17078,2011-11,375.86,2
17079,2011-09,118.80000000000001,1
17080,2010-07,367.65,3
17080,2010-11,302.26,2
17080,2011-03,76.32000000000001,1
17080,2011-11,211.29999999999998,1
17081,2010-02,112.88,1
17081,2010-05,164.66,1
17081,2010-09,220.56,1
17081,2010-11,162.38,1
17081,2011-10,111.9,1
17081,2011-11,177.01,1
17082,2009-12,908.2,2
17082,2010-03,877.1800000000001,1
17082,2010-11,942.8,1
17082,2011-01,636.94,1
17082,2011-11,1366.91,1
17083,2010-02,548.9,1
17083,2010-03,356.23,1
17083,2010-04,342.7,1
17083,2010-07,411.64,1
17083,2010-09,398.96,1
17083,2010-10,585.5799999999999,1
17083,2011-02,996.02,2
17083,2011-08,409.76,1
17084,2010-11,2253.22,1
17084,2011-11,2747.9900000000002,2
17085,2009-12,531.79,3
17085,2010-01,155.45,1
17085,2010-02,183.69,1
17085,2010-03,644.55,2
17085,2010-04,316.05,1
17085,2010-05,452.64,2
17085,2010-07,277.6,1
17085,2010-08,161.51,1
17085,2010-09,857.57,3
17085,2010-10,1546.4,6
17085,2010-11,1149.6200000000001,2
17085,2010-12,736.19,2
17085,2011-02,233.96,1
17085,2011-04,244.5,1
17085,2011-08,347.75,1
17086,2011-10,641.88,2
17086,2011-11,948.34,3
17086,2011-12,459.86,1
17087,2009-12,221.53,1
17088,2011-03,1015.83,1
17088,2011-06,383.28000000000003,1
17088,2011-09,352.62,1
17088,2011-11,239.28,1
17089,2010-11,128.45,1
17090,2010-07,611.76,3
17090,2010-10,200.52,1
17090,2010-11,293.25,2
17090,2010-12,61.199999999999996,1
17090,2011-02,400.8,1
17090,2011-04,187.04999999999998,1
17090,2011-09,799.16,2
17090,2011-10,302.40000000000003,1
17090,2011-12,224.04000000000002,1
17091,2009-12,276.5,1
17091,2010-02,348.38,1
17091,2010-05,382.3,1
17091,2010-06,608.18,2
17091,2010-07,225.57999999999998,1
17091,2010-08,567.65,1
17091,2010-09,426.59000000000003,1
17091,2010-10,377.71,1
17091,2010-11,455.1,1
17091,2010-12,586.9000000000001,1
17091,2011-01,594.7,1
17091,2011-04,505.57,1
17091,2011-06,600.69,2
17091,2011-09,697.59,2
17091,2011-11,684.96,1
17091,2011-12,450.8,1
17092,2010-02,287.26,1
17092,2010-05,782.0600000000001,1
17092,2010-06,385.0,1
17092,2010-07,827.65,1
17092,2010-08,246.0,1
17092,2010-09,1209.41,2
17092,2011-03,134.9,1
17092,2011-08,494.42,1
17092,2011-09,356.6,1
17092,2011-10,788.11,1
17093,2010-04,235.88,1
17094,2010-10,100.2,1
17094,2011-01,302.0,1
17095,2009-12,301.9,1
17095,2010-03,328.03000000000003,1
17095,2010-08,303.76,1
17095,2010-10,314.4,1
17095,2011-01,313.15,1
17095,2011-02,230.81,1
17095,2011-11,780.1999999999999,1
17096,2010-06,894.25,2
17096,2010-07,849.5,2
17096,2010-09,318.45,1
17096,2010-10,306.75,1
17096,2010-11,306.85,1
17096,2011-03,133.49,1
17096,2011-07,310.45,1
17096,2011-10,263.61,1
17096,2011-11,314.58,1
17097,2010-10,188.94,1
17097,2010-12,349.44,1
17097,2011-01,112.92,1
17097,2011-08,351.89,4
17097,2011-11,170.74,1
17097,2011-12,144.15,1
17098,2010-06,299.47,1
17098,2010-10,143.7,1
17098,2010-11,147.9,1
17099,2010-06,582.17,1
17100,2011-11,971.74,2
17101,2010-06,168.4,1
17101,2010-10,479.32,1
17101,2010-11,237.6,1
17101,2011-06,230.57999999999998,1
17101,2011-10,669.1500000000001,1
17101,2011-11,722.0,2
17102,2011-03,25.5,1
17103,2009-12,424.3,1
17104,2010-10,474.03,1
17105,2011-02,319.4,1
17105,2011-07,346.38,1
17106,2010-11,481.58,1
17107,2010-01,1610.19,1
17107,2010-06,1657.38,1
17107,2010-08,1124.8,1
17107,2010-11,862.87,1
17107,2011-03,1695.21,1
17107,2011-05,2422.15,1
17107,2011-07,2215.25,1
17107,2011-09,2166.21,1
17107,2011-11,2298.66,2
17108,2010-02,174.95,1
17109,2010-07,184.69,1
17109,2010-10,225.73,1
17109,2011-04,464.59000000000003,2
17109,2011-10,109.17000000000002,1
17109,2011-11,307.53,3
17110,2010-04,190.5,1
17110,2010-07,146.1,1
17110,2011-06,163.29999999999998,1
17111,2010-10,227.97,1
17111,2011-10,231.61,1
17112,2010-07,197.57,1
17113,2010-01,515.62,2
17113,2010-03,446.21,1
17113,2010-04,1093.21,2
17113,2010-05,250.55,1
17114,2011-01,140.59,1
17114,2011-02,127.95,1
17114,2011-04,130.2,1
17114,2011-05,45.7,1
17114,2011-06,45.5,1
17114,2011-07,112.0,1
17114,2011-11,114.14,1
17114,2011-12,85.04,1
17115,2009-12,434.15,1
17115,2010-01,846.8100000000001,1
17115,2010-04,253.73,1
17115,2010-06,389.3,1
17115,2011-04,310.02,1
17115,2011-06,302.8,1
17115,2011-12,224.68,1
17116,2010-03,389.78,1
17117,2011-02,116.19999999999999,1
17118,2011-01,157.02,1
17119,2011-10,547.25,1
17119,2011-12,59.66,1
17120,2011-04,307.46,1
17121,2010-11,314.74,1
17122,2010-07,102.02,1
17122,2010-10,242.24,1
17122,2010-11,87.92,1
17122,2011-08,138.32,1
17123,2010-05,206.86,1
17123,2010-09,414.51,1
17123,2011-07,345.29999999999995,1
17124,2011-06,294.24,1
17125,2011-10,230.5,1
17126,2010-08,282.05,1
17126,2010-10,323.52,1
17126,2010-11,413.91,2
17126,2010-12,201.95,1
17126,2011-02,299.72,1
17126,2011-07,487.78,3
17127,2009-12,137.95,1
17127,2010-06,308.03000000000003,1
17127,2010-08,158.85000000000002,1
17127,2010-09,195.90000000000003,1
17127,2010-10,354.3,1
17128,2011-01,157.09,1
17129,2010-07,31.85,1
17131,2011-09,789.77,1
17131,2011-10,492.67,2
17131,2011-11,113.39999999999999,1
17131,2011-12,1067.33,1
17132,2010-08,628.53,1
17132,2010-09,592.38,1
17133,2010-03,2613.62,1
17133,2010-04,1262.88,1
17133,2010-05,2691.59,1
17133,2010-06,1511.76,1
17133,2010-08,1650.24,1
17133,2011-03,683.4200000000001,1
17133,2011-04,358.25000000000006,1
17133,2011-06,1437.12,1
17133,2011-09,1658.9,1
17133,2011-11,754.5500000000001,3
17134,2010-09,212.1,1
17134,2011-03,318.7,1
17134,2011-08,94.5,1
17135,2010-05,164.6,1
17135,2010-08,185.55,1
17135,2010-10,226.5,1
17135,2010-12,431.15999999999997,1
17135,2011-02,284.97,1
17135,2011-10,205.06,1
17135,2011-11,434.12,4
17136,2010-02,231.68,1
17137,2010-01,398.37,2
17137,2010-05,244.5,1
17137,2010-06,112.66,1
17137,2010-08,152.8,1
17137,2010-10,191.48,1
17138,2010-02,1728.58,1
17138,2010-03,1238.1,2
17138,2010-04,603.08,1
17138,2010-06,322.11,1
17138,2010-11,144.9,1
17138,2011-03,380.5,1
17139,2010-01,595.0,1
17139,2010-02,2016.21,2
17139,2010-04,1106.65,2
17139,2010-06,1227.2,3
17139,2010-08,974.9,1
17139,2010-09,1478.53,1
17139,2010-10,328.35,1
17139,2010-11,1189.15,2
17139,2011-02,2639.38,1
17139,2011-03,708.66,1
17139,2011-05,1357.86,2
17139,2011-06,888.97,2
17139,2011-08,1256.95,1
17139,2011-09,1517.54,1
17139,2011-10,1173.29,2
17139,2011-11,1108.1200000000001,2
17140,2011-04,454.12,1
17141,2010-01,400.59000000000003,2
17141,2010-10,326.99,2
17142,2010-01,225.5,1
17142,2010-06,212.54999999999998,1
17142,2010-10,258.2,1
17142,2011-04,579.0,1
17143,2010-07,642.8100000000001,1
17143,2010-10,238.16,1
17144,2011-09,595.89,1
17144,2011-12,388.68,1
17145,2010-02,897.0300000000001,1
17145,2010-07,2223.88,3
17146,2010-02,1023.6,1
17146,2010-04,1095.92,2
17146,2010-05,360.23,1
17146,2010-06,366.54,1
17146,2010-07,869.6800000000001,1
17146,2010-08,1090.29,3
17146,2010-09,296.6,1
17146,2010-12,298.25,1
17146,2011-03,265.63,1
17146,2011-08,185.9,1
17147,2010-01,249.6,1
17147,2010-03,359.27,1
17147,2010-04,107.78999999999999,1
17147,2010-06,304.25,1
17147,2010-09,464.45000000000005,1
17147,2011-02,409.5,1
17147,2011-05,563.61,1
17147,2011-09,376.19,1
17147,2011-11,365.29,1
17148,2011-10,124.88,1
17149,2010-09,143.10000000000002,1
17150,2009-12,315.65,2
17150,2010-02,202.03,1
17150,2010-05,277.97,1
17150,2010-10,347.3,1
17150,2010-11,215.0,1
17151,2009-12,231.90000000000003,1
17152,2010-10,327.0,1
17152,2011-03,315.90000000000003,1
17152,2011-05,1373.6,2
17153,2011-11,213.78,1
17154,2011-09,329.34,1
17155,2009-12,272.36,2
17155,2010-03,118.0,1
17155,2010-05,90.8,1
17155,2010-06,159.6,1
17155,2011-06,143.3,1
17155,2011-11,108.39999999999999,1
17156,2010-08,591.87,1
17157,2009-12,1661.04,5
17157,2010-02,604.48,2
17157,2010-03,166.86,1
17157,2010-05,732.12,3
17157,2010-06,697.84,3
17157,2010-07,638.36,2
17157,2010-08,332.2,1
17157,2011-06,161.46,1
17157,2011-12,157.54000000000002,1
17158,2010-03,298.5,1
17158,2010-06,414.53,1
17158,2010-12,413.79,1
17158,2011-04,284.76,1
17158,2011-11,568.42,1
17159,2010-03,261.3,1
17159,2010-08,299.41,1
17159,2011-06,528.45,1
17159,2011-09,398.22,1
17159,2011-11,612.21,1
17160,2009-12,825.94,1
17160,2010-01,526.96,1
17160,2010-02,327.33,1
17160,2010-03,312.46000000000004,1
17160,2010-04,289.25,1
17160,2010-06,881.4,1
17160,2010-07,754.4300000000001,1
17160,2010-08,316.76,1
17160,2010-10,410.58000000000004,1
17160,2010-11,2046.02,2
17160,2011-04,1205.07,2
17160,2011-07,1038.06,2
17160,2011-08,758.0500000000001,1
17160,2011-11,516.85,1
17161,2010-09,856.01,1
17162,2011-02,424.41,1
17162,2011-03,211.75,2
17162,2011-04,183.15,2
17162,2011-06,345.96999999999997,3
17162,2011-07,298.38,1
17162,2011-11,251.8,1
17163,2010-02,141.24,1
17163,2010-09,265.44,1
17163,2011-09,123.10000000000001,1
17163,2011-11,170.0,1
17164,2011-03,627.13,1
17164,2011-05,316.09,1
17164,2011-07,327.2,1
17164,2011-09,745.84,1
17164,2011-11,451.09000000000003,3
17165,2009-12,375.66,1
17165,2010-01,326.98,1
17165,2010-03,243.29,1
17165,2010-06,263.0,1
17165,2010-11,426.71,1
17165,2011-02,158.68,1
17166,2011-05,127.59,1
17166,2011-11,78.75,1
17167,2010-09,257.69,1
17167,2010-10,309.05,1
17167,2010-11,300.37,1
17168,2010-07,400.2,1
17169,2010-05,320.95,1
17169,2011-06,308.68,1
17169,2011-10,527.1,1
17170,2010-11,178.68,2
17171,2010-02,159.68,1
17171,2011-02,224.91,1
17172,2009-12,336.82,1
17172,2010-10,301.99,1
17172,2011-09,317.76,1
17173,2011-07,462.78,1
17173,2011-08,498.48,1
17173,2011-10,963.0600000000001,3
17173,2011-11,1285.08,2
17173,2011-12,557.2,1
17174,2011-05,59.9,1
17175,2011-02,519.08,1
17175,2011-06,302.62,1
17175,2011-07,310.93,1
17175,2011-10,311.06,1
17176,2010-01,286.34,1
17176,2010-07,309.84999999999997,1
17176,2011-05,306.13,1
17177,2010-07,119.5,1
17178,2009-12,432.96,1
17179,2010-05,193.17000000000002,1
17179,2010-10,341.99,1
17179,2010-11,260.31,1
17179,2010-12,243.0,1
17179,2011-04,245.31,1
17179,2011-06,223.48,1
17180,2010-01,170.71,1
17180,2010-03,187.49,1
17180,2010-04,196.13,1
17180,2010-05,215.04,1
17180,2010-06,292.85,1
17180,2010-09,282.59,1
17180,2010-10,107.99000000000001,1
17180,2011-01,245.44,1
17180,2011-04,307.36,2
17180,2011-10,231.17,1
17181,2010-04,69.93,1
17181,2010-12,311.04,1
17181,2011-10,84.39999999999999,1
17182,2009-12,178.5,1
17182,2010-10,142.8,1
17183,2011-08,329.67,1
17183,2011-10,1225.8700000000001,2
17183,2011-11,1077.99,2
17183,2011-12,713.78,1
17184,2009-12,50.55,1
17184,2010-05,147.86,1
17185,2010-04,229.46,3
17186,2011-10,144.0,2
17187,2010-07,263.76,1
17187,2011-04,203.95,1
17188,2009-12,328.02000000000004,1
17188,2010-01,384.49,1
17188,2010-03,268.68,1
17188,2010-05,337.73,1
17188,2010-07,394.09999999999997,1
17188,2010-09,405.68,1
17188,2010-12,513.64,1
17188,2011-01,910.8,2
17188,2011-06,390.65,2
17188,2011-11,659.14,2
17189,2009-12,442.57,2
17189,2010-05,127.31,1
17189,2010-12,226.57000000000002,1
17189,2011-08,157.18,1
17190,2010-03,405.41999999999996,1
17190,2010-06,531.95,2
17190,2010-11,342.62,2
17190,2011-05,195.0,1
17190,2011-10,249.74,1
17191,2009-12,261.74,1
17191,2010-01,276.07,1
17191,2010-03,356.66,1
17191,2010-06,497.28000000000003,2
17191,2010-08,182.38,1
17191,2010-10,642.53,2
17191,2010-12,1020.22,3
17191,2011-03,310.77,1
17191,2011-06,354.82,1
17191,2011-09,385.81,1
17191,2011-11,532.17,1
17192,2010-06,75.28,1
17193,2009-12,45.0,1
17193,2010-11,565.74,1
17193,2011-06,448.56000000000006,2
17193,2011-09,299.04,1
17193,2011-10,935.1600000000001,3
17193,2011-11,16.54,1
17194,2010-06,549.88,1
17194,2010-12,226.78,1
17195,2010-02,562.98,1
17196,2010-10,327.75,1
17197,2011-11,1013.01,1
17198,2010-12,1043.32,2
17198,2011-11,170.56,1
17199,2010-05,135.04000000000002,1
17200,2010-02,165.06,2
17200,2010-11,191.65,2
17201,2010-02,439.77,1
17201,2010-06,166.43,1
17201,2010-07,236.62,1
17201,2011-10,289.78,1
17202,2010-10,160.65,1
17203,2010-11,2004.01,4
17203,2011-10,2563.24,3
17203,2011-11,996.84,3
17204,2010-06,299.33,1
17204,2010-09,2190.94,1
17204,2010-10,327.72,1
17204,2010-11,1122.14,2
17204,2011-03,788.9100000000001,1
17204,2011-04,461.25,1
17204,2011-06,314.4,2
17205,2010-05,274.95,1
17205,2010-10,340.32,1
17205,2011-10,384.08,1
17206,2011-10,204.24,1
17207,2010-02,291.77,1
17208,2010-11,111.15,1
17209,2009-12,373.20000000000005,2
17209,2010-02,222.5,1
17210,2010-11,251.72,1
17211,2009-12,729.5500000000001,2
17211,2010-02,533.45,2
17211,2010-10,193.13,1
17211,2010-12,1053.01,3
17211,2011-03,345.82000000000005,1
17211,2011-04,128.41,1
17211,2011-06,210.95,1
17211,2011-10,419.33,1
17211,2011-11,433.0,1
17212,2010-08,448.52,1
17212,2010-09,119.04,1
17212,2011-03,226.85,1
17213,2009-12,610.65,2
17213,2010-01,443.83000000000004,1
17213,2010-03,283.47,1
17213,2010-07,750.22,2
17213,2010-12,928.75,2
17213,2011-01,321.1,1
17213,2011-07,843.0600000000001,2
17213,2011-10,1001.22,2
17214,2010-12,171.05,1
17214,2011-02,282.05,2
17214,2011-04,158.87,1
17214,2011-09,250.45000000000002,1
17214,2011-10,196.7,1
17215,2010-09,186.15,1
17216,2010-06,63.6,1
17217,2010-03,96.6,1
17217,2011-04,113.5,1
17218,2010-01,387.74,1
17218,2010-03,180.85,1
17218,2010-04,104.5,1
17218,2010-07,210.9,1
17218,2010-09,141.75,1
17218,2010-11,911.68,3
17218,2010-12,888.82,3
17218,2011-01,169.35,1
17218,2011-05,172.95,1
17218,2011-09,412.02,2
17218,2011-11,487.68,2
17218,2011-12,108.69,1
17219,2010-10,144.9,1
17219,2011-11,114.23,1
17220,2010-01,345.1,2
17220,2010-03,283.94,2
17220,2010-09,225.27,2
17220,2010-10,409.55,1
17220,2010-12,317.5,1
17220,2011-01,320.0,1
17220,2011-03,415.8,1
17220,2011-05,409.53,2
17220,2011-07,371.1,2
17220,2011-08,331.57,1
17220,2011-09,444.51,3
17220,2011-10,283.76,1
17220,2011-11,293.78,2
17221,2010-04,642.14,3
17221,2011-11,132.28,1
17221,2011-12,202.2,1
17222,2010-01,194.25,1
17222,2010-03,302.63,2
17222,2010-04,168.73,1
17222,2010-08,569.35,1
17222,2011-10,328.65,1
17223,2010-11,141.15,1
17223,2010-12,515.6800000000001,1
17223,2011-02,124.05,1
17224,2010-07,100.86,1
17225,2010-05,131.15,1
17226,2010-02,420.97999999999996,1
17226,2010-09,81.0,1
17226,2011-02,393.49,1
17227,2010-01,208.1,1
17227,2010-03,169.45,1
17227,2010-06,139.54999999999998,1
17227,2010-07,81.05,1
17227,2010-09,104.51,1
17227,2010-11,236.95000000000002,1
17227,2010-12,284.5,1
17227,2011-03,223.9,1
17227,2011-06,107.6,1
17227,2011-09,139.45,1
17227,2011-10,107.11,1
17227,2011-11,219.01000000000002,1
17228,2010-03,128.06,1
17228,2010-05,349.84999999999997,2
17228,2010-07,226.01999999999998,1
17228,2010-09,210.01,1
17228,2010-12,711.9,2
17228,2011-02,123.42999999999999,1
17228,2011-05,208.2,1
17228,2011-09,368.72,1
17228,2011-10,432.26,1
17228,2011-11,417.53000000000003,2
17229,2011-07,157.71,1
17229,2011-09,161.05,1
17230,2009-12,3004.49,3
17230,2010-01,283.8,1
17230,2010-02,689.39,2
17230,2010-03,414.5,1
17230,2010-04,710.4399999999999,1
17230,2010-05,647.46,2
17230,2010-12,2760.01,6
17230,2011-02,675.0,1
17230,2011-03,203.4,1
17231,2009-12,535.69,2
17231,2010-01,232.04,2
17231,2010-02,228.1,1
17231,2010-03,258.32,1
17231,2010-04,355.96,1
17231,2010-05,520.98,1
17231,2010-06,453.73,2
17231,2010-07,210.08,1
17231,2010-08,280.46,2
17231,2010-10,469.19,1
17231,2010-11,395.53,1
17231,2010-12,232.01,1
17231,2011-01,150.98,1
17231,2011-02,316.89,1
17231,2011-03,245.62,1
17231,2011-05,374.06,1
17231,2011-06,385.19,1
17231,2011-08,201.07,1
17231,2011-10,381.07,1
17231,2011-11,837.83,2
17232,2011-11,208.04,1
17232,2011-12,209.73,1
17233,2009-12,179.36,1
17233,2010-09,190.62,1
17233,2011-11,190.88,1
17234,2011-06,149.89000000000001,1
17235,2010-06,117.33,1
17235,2010-07,263.03999999999996,2
17235,2010-08,203.35,1
17235,2010-11,429.2,2
17235,2010-12,683.8,1
17235,2011-11,208.16,1
17236,2010-03,382.43,2
17236,2010-04,204.74999999999997,1
17236,2010-05,129.35,1
17236,2010-07,123.45,1
17236,2010-10,173.14999999999998,1
17236,2010-12,126.28,1
17236,2011-01,199.32999999999998,1
17236,2011-02,119.76,1
17236,2011-04,118.45,1
17236,2011-06,133.91,1
17236,2011-11,218.4,1
17237,2010-11,679.44,2
17237,2011-11,314.69,2
17238,2009-12,559.9,3
17238,2010-03,351.06,1
17238,2010-05,883.68,3
17238,2010-06,227.77,1
17238,2010-07,200.62,1
17238,2010-08,268.05,2
17238,2010-09,255.12,1
17238,2010-11,865.87,3
17238,2010-12,740.1800000000001,2
17238,2011-01,138.55,1
17238,2011-03,477.93,3
17238,2011-05,360.68,2
17238,2011-06,184.59,1
17238,2011-07,411.73,2
17238,2011-09,264.31,1
17238,2011-10,282.93,1
17238,2011-11,593.67,2
17238,2011-12,634.62,2
17239,2010-07,308.45,1
17239,2010-10,183.5,1
17239,2010-11,315.0,1
17239,2011-01,382.5,1
17240,2010-04,130.6,1
17241,2010-02,541.8000000000001,1
17241,2010-03,897.69,4
17241,2010-04,176.4,1
17241,2010-05,184.15,1
17241,2010-06,171.9,1
17241,2010-07,436.65000000000003,2
17241,2010-09,164.45,1
17241,2010-11,163.6,1
17242,2010-01,441.26,1
17242,2010-05,575.68,1
17242,2010-09,737.3,1
17242,2011-06,709.44,1
17242,2011-08,425.6,1
17243,2009-12,4119.74,9
17243,2010-01,702.69,3
17243,2010-02,542.79,3
17243,2010-03,857.27,3
17243,2010-04,202.17000000000002,1
17243,2010-05,775.52,4
17243,2010-06,507.55,3
17243,2010-07,326.06,2
17243,2010-08,790.21,5
17243,2010-09,707.73,4
17243,2010-10,1174.28,3
17243,2010-11,947.02,3
17243,2010-12,1085.05,3
17243,2011-01,430.6,2
17243,2011-02,607.85,2
17243,2011-03,444.15000000000003,2
17243,2011-04,465.75,2
17243,2011-06,433.0,1
17243,2011-07,421.22,2
17243,2011-08,270.15000000000003,1
17243,2011-09,671.79,2
17243,2011-10,414.21000000000004,1
17243,2011-11,2609.2,6
17243,2011-12,935.58,2
17244,2009-12,260.65,1
17244,2010-11,610.49,3
17244,2011-10,954.9,1
17245,2010-01,200.18,1
17245,2011-05,171.45,1
17246,2009-12,23.48,1
17246,2010-06,15.44,1
17247,2011-11,280.09000000000003,1
17248,2010-08,181.89000000000001,1
17248,2011-08,318.65,1
17249,2010-10,68.03,1
17250,2011-03,162.65,1
17250,2011-12,219.32,1
17251,2009-12,306.40000000000003,1
17251,2010-11,222.75,1
17251,2010-12,269.83,1
17252,2011-06,337.01,1
17252,2011-08,11.9,1
17253,2011-11,178.26,1
17254,2010-11,198.29,1
17254,2011-11,169.06,1
17254,2011-12,102.13,1
17255,2010-09,370.65,1
17255,2010-11,119.57000000000001,1
17255,2011-02,108.26,1
17255,2011-10,183.22,1
17256,2010-04,153.63,2
17256,2010-08,105.3,1
17256,2011-01,127.89999999999999,1
17256,2011-08,112.10000000000001,1
17257,2010-09,189.78,2
17258,2010-02,283.85,1
17258,2010-11,133.45000000000002,1
17259,2010-02,308.62,1
17259,2010-06,307.92,1
17259,2010-09,254.62,2
17259,2010-12,735.9,1
17259,2011-07,213.28,1
17260,2010-10,120.95,1
17261,2010-07,221.59,1
17262,2009-12,169.5,1
17262,2010-04,139.5,2
17262,2010-05,145.2,1
17262,2010-07,169.5,1
17262,2010-08,611.7,1
17262,2010-12,537.72,1
17262,2011-03,584.5,1
17262,2011-04,102.0,2
17262,2011-10,298.0,1
17263,2011-05,63.440000000000005,1
17264,2010-10,268.28,1
17265,2011-06,377.84000000000003,1
17265,2011-07,172.17,1
17266,2010-03,114.73,1
17266,2010-07,90.41,1
17266,2011-07,113.06,1
17266,2011-12,183.52,2
17267,2011-08,317.2,2
17268,2009-12,155.7,1
17268,2010-03,112.8,1
17268,2010-04,162.39999999999998,2
17268,2010-05,396.55,1
17268,2010-08,20.4,1
17268,2010-09,122.39999999999999,1
17268,2011-04,276.48,2
17268,2011-07,35.0,1
17268,2011-08,452.15999999999997,1
17269,2010-11,491.81,1
17270,2009-12,389.62,1
17270,2010-08,211.82999999999998,1
17271,2009-12,204.3,1
17272,2011-03,657.68,1
17272,2011-05,751.76,1
17272,2011-10,739.1899999999999,2
17273,2010-10,141.12,1
17274,2010-11,465.4,1
17274,2011-11,107.82,1
17275,2010-11,114.1,1
17276,2010-11,501.24,1
17277,2011-01,717.02,1
17277,2011-04,348.33000000000004,1
17278,2010-05,25.2,1
17278,2011-04,246.04,1
17279,2011-10,187.82999999999998,1
17280,2010-09,118.85999999999999,1
17281,2010-02,112.5,1
17281,2010-04,89.25,1
17281,2010-05,140.25,1
17281,2010-07,168.29999999999998,1
17281,2010-09,216.74999999999997,1
17281,2010-11,70.80000000000001,1
17282,2010-06,352.93,1
17282,2010-09,270.15,1
17282,2011-02,723.9,1
17282,2011-06,274.56,1
17282,2011-08,687.0,1
17283,2010-11,188.46,1
17284,2010-11,911.12,1
17284,2011-01,716.11,1
17284,2011-04,207.24,1
17284,2011-06,292.71999999999997,2
17284,2011-08,272.96999999999997,1
17284,2011-10,158.44,1
17285,2010-02,204.95,1
17285,2010-03,195.49,1
17286,2010-11,237.81,2
17286,2011-11,151.37,1
17287,2009-12,465.21,4
17287,2010-02,250.61,2
17287,2010-03,231.25,1
17287,2010-05,126.57,1
17287,2010-06,155.21,1
17287,2010-07,194.76999999999998,1
17287,2010-09,604.53,2
17287,2010-11,749.65,2
17287,2010-12,445.4,2
17287,2011-04,145.24,1
17287,2011-05,132.4,1
17287,2011-07,202.07,1
17287,2011-09,177.89,1
17287,2011-11,168.76,1
17288,2010-11,1050.8,4
17288,2010-12,133.56,1
17288,2011-01,103.56,1
17288,2011-02,53.400000000000006,1
17288,2011-04,127.30000000000001,1
17288,2011-05,245.88,1
17288,2011-11,753.93,2
17289,2010-03,349.79,2
17289,2010-04,158.55,1
17289,2010-07,134.13,1
17289,2010-09,252.17000000000002,1
17289,2010-11,216.14,1
17289,2011-06,164.45,1
17289,2011-11,766.57,2
17290,2009-12,56.45,1
17290,2010-03,102.53999999999999,1
17290,2010-06,310.89,2
17290,2010-10,112.76,1
17290,2010-11,331.83,1
17290,2011-11,348.83,1
17290,2011-12,164.18,1
17291,2011-02,550.8000000000001,1
17292,2010-05,141.35000000000002,1
17292,2010-08,130.39999999999998,1
17293,2009-12,405.04,2
17293,2010-02,164.95000000000002,1
17293,2010-05,104.55,1
17293,2010-06,256.35,1
17293,2010-07,73.09,1
17293,2010-08,170.56,1
17293,2010-11,722.0300000000001,1
17293,2010-12,346.14,1
17293,2011-02,123.21,1
17293,2011-07,235.82,1
17293,2011-08,161.86,2
17293,2011-09,250.34,1
17293,2011-10,236.31,1
17293,2011-11,306.25,1
17293,2011-12,194.13,1
17294,2010-02,467.78999999999996,2
17295,2011-10,279.36,1
17295,2011-11,267.64,2
17296,2009-12,338.13,1
17297,2011-11,128.18,1
17298,2010-03,122.02000000000001,1
17298,2010-08,202.42,1
17298,2010-11,115.5,1
17298,2011-08,498.42,2
17299,2010-08,217.92000000000002,1
17299,2010-09,118.7,1
17299,2011-06,151.63,1
17299,2011-08,116.56,1
17299,2011-09,297.36,1
17299,2011-11,91.06,1
17300,2010-08,155.8,1
17300,2010-11,237.84,1
17301,2010-03,131.15,1
17301,2011-11,163.24,1
17302,2011-02,182.85,1
17302,2011-05,120.27,1
17302,2011-08,358.49,1
17302,2011-11,474.02,2
17303,2010-12,250.04,1
17304,2010-06,111.5,1
17305,2010-03,2135.46,1
17306,2010-11,1151.04,2
17306,2010-12,324.0,1
17306,2011-01,748.94,1
17306,2011-02,601.94,1
17306,2011-03,1069.08,4
17306,2011-05,451.70000000000005,1
17306,2011-06,1278.98,3
17306,2011-07,1037.44,2
17306,2011-08,611.24,1
17306,2011-09,1082.92,2
17306,2011-11,1425.0700000000002,3
17307,2010-01,381.6,2
17307,2010-03,76.32000000000001,1
17307,2010-04,1076.5,1
17307,2010-05,465.84000000000003,1
17307,2010-07,90.0,1
17307,2010-08,154.05,1
17307,2010-09,194.64000000000001,1
17307,2010-10,666.5600000000001,2
17307,2010-11,894.3800000000001,1
17308,2010-09,3845.04,1
17308,2010-11,666.72,1
17309,2010-02,209.89000000000001,1
17309,2010-11,27.75,1
17309,2011-09,82.75,1
17310,2010-06,765.0,1
17310,2010-11,260.09999999999997,1
17311,2010-02,509.46,1
17311,2010-05,733.03,1
17311,2010-10,634.22,1
17311,2010-11,305.0,1
17311,2011-01,556.46,1
17311,2011-09,828.39,1
17312,2011-07,644.3,3
17313,2011-11,2328.84,1
17314,2009-12,154.2,1
17314,2010-01,95.9,1
17314,2010-04,703.09,2
17314,2010-05,141.9,1
17314,2010-07,586.32,2
17314,2010-08,360.47,1
17314,2010-11,334.63,1
17314,2011-01,203.8,1
17314,2011-02,362.40000000000003,1
17314,2011-03,220.8,1
17314,2011-06,517.05,1
17314,2011-07,202.87,1
17314,2011-10,670.63,1
17314,2011-11,350.37,2
17315,2010-09,752.73,1
17315,2010-11,2565.62,4
17315,2010-12,108.92,1
17315,2011-01,521.37,2
17315,2011-02,438.75,4
17315,2011-03,730.85,5
17315,2011-04,299.59999999999997,3
17315,2011-05,529.27,4
17315,2011-06,262.61,1
17315,2011-07,586.82,4
17315,2011-08,849.8199999999999,4
17315,2011-09,568.8000000000001,2
17315,2011-10,411.79,2
17315,2011-11,752.4499999999999,3
17315,2011-12,180.1,1
17316,2010-10,124.45,1
17317,2011-09,2027.94,1
17317,2011-10,572.4,2
17318,2009-12,157.32999999999998,1
17319,2010-02,29.1,1
17320,2010-01,323.66,1
17320,2010-07,490.82,1
17320,2010-09,429.75,1
17320,2010-12,901.84,1
17320,2011-04,459.18,1
17320,2011-08,290.52,1
17321,2010-05,411.51,1
17321,2010-06,80.65,1
17321,2010-11,515.89,2
17321,2011-10,615.91,1
17321,2011-12,41.25,1
17322,2009-12,114.55,1
17322,2010-10,475.99,2
17322,2010-11,332.05,2
17323,2010-01,147.6,1
17323,2010-02,99.64999999999999,1
17323,2010-05,151.97,1
17323,2010-08,113.81,1
17323,2010-10,131.49,1
17323,2011-02,138.29,1
17323,2011-05,149.38,1
17323,2011-06,135.37,1
17323,2011-08,104.50999999999999,1
17323,2011-10,158.82,1
17323,2011-11,216.75,2
17324,2009-12,101.03999999999999,1
17324,2010-03,40.32,1
17324,2010-04,93.71000000000001,1
17324,2010-05,274.27,2
17324,2010-07,236.1,1
17324,2010-09,439.15,2
17324,2010-12,254.1,1
17324,2011-01,575.18,1
17324,2011-11,284.25,2
17325,2010-03,101.89999999999999,1
17325,2010-10,410.87,1
17325,2011-03,96.8,1
17326,2010-06,164.7,1
17326,2010-10,147.65,1
17327,2010-05,4.25,1
17327,2010-10,148.1,1
17328,2010-02,104.7,1
17329,2009-12,475.42,3
17329,2011-01,243.36,1
17329,2011-11,279.75,1
17330,2010-03,49.95,1
17330,2010-06,9.95,1
17330,2011-10,264.9,1
17330,2011-11,99.0,1
17331,2011-08,175.2,1
17332,2010-02,268.86,1
17332,2010-03,116.85,1
17332,2010-04,98.83,1
17332,2010-05,176.63,1
17332,2010-06,166.6,1
17333,2011-09,494.25,1
17334,2010-10,328.13,1
17334,2011-02,307.02,2
17335,2010-01,143.81,1
17335,2010-11,353.23,1
17336,2010-08,81.12,1
17337,2011-02,989.38,1
17337,2011-04,459.5,1
17337,2011-05,497.78,1
17337,2011-07,32.95,1
17338,2010-03,267.21000000000004,1
17338,2010-05,280.11,1
17338,2010-06,564.0,1
17338,2010-07,575.3100000000001,1
17338,2010-08,765.02,1
17338,2010-09,571.02,1
17338,2010-10,639.89,1
17338,2010-11,1733.23,2
17338,2010-12,767.6,1
17338,2011-01,770.75,1
17338,2011-02,1100.25,1
17338,2011-04,682.2,1
17338,2011-05,300.05,1
17338,2011-07,596.33,1
17338,2011-08,941.7,1
17338,2011-11,1325.8700000000001,1
17339,2010-07,59.0,1
17339,2010-12,120.0,1
17339,2011-09,183.36,1
17340,2010-02,842.84,1
17340,2010-03,1006.1,1
17340,2010-05,1193.5,1
17340,2010-07,1111.14,1
17340,2010-08,459.76,1
17340,2010-09,1256.26,1
17340,2010-11,1395.06,1
17340,2010-12,7031.66,2
17340,2011-04,834.6800000000001,1
17340,2011-05,607.74,1
17340,2011-07,1195.12,2
17340,2011-08,595.72,1
17340,2011-09,865.85,3
17340,2011-11,3893.79,1
17341,2010-06,589.92,2
17341,2010-12,833.22,1
17341,2011-07,265.68,2
17342,2010-02,626.14,2
17342,2010-06,301.0,1
17342,2010-11,300.4,1
17343,2009-12,197.3,1
17343,2010-01,263.83,1
17343,2010-05,302.92,1
17343,2010-07,102.3,1
17343,2010-11,199.95,1
17343,2010-12,193.64,1
17344,2009-12,299.74,1
17344,2011-10,157.62,1
17345,2009-12,329.90999999999997,1
17345,2010-05,214.37,2
17345,2010-06,224.32,2
17345,2010-11,298.34000000000003,1
17345,2011-05,125.38,2
17345,2011-09,155.8,1
17345,2011-11,238.51,1
17346,2010-04,433.57,2
17346,2010-05,113.2,1
17346,2010-06,720.24,2
17346,2010-08,264.29,1
17346,2010-09,215.74,1
17346,2010-10,298.17,2
17346,2010-11,323.32,2
17346,2010-12,369.45,2
17346,2011-02,102.62,1
17346,2011-04,223.42000000000002,1
17346,2011-05,222.31,1
17346,2011-06,293.57,2
17346,2011-08,151.52,1
17346,2011-10,705.45,3
17346,2011-11,551.5600000000001,3
17346,2011-12,137.09,1
17347,2011-09,228.96,1
17348,2010-03,406.96,1
17348,2010-04,284.66,1
17348,2010-09,582.77,2
17348,2011-02,160.15,1
17348,2011-09,500.46,1
17348,2011-11,495.99,3
17349,2010-03,136.10000000000002,1
17349,2010-06,121.8,1
17349,2010-11,416.26,2
17349,2011-06,98.25,1
17350,2010-02,342.25100000000003,1
17350,2010-06,109.22,1
17350,2010-11,160.91,1
17350,2011-10,886.34,2
17350,2011-12,394.98,2
17351,2009-12,133.75,1
17351,2010-01,313.68,2
17351,2010-02,175.85000000000002,1
17351,2010-04,180.15,1
17351,2010-06,15.0,1
17351,2010-08,276.8,2
17351,2010-10,282.0,1
17351,2011-03,198.6,1
17351,2011-06,228.7,1
17351,2011-11,159.85,1
17352,2010-01,36.25,1
17353,2010-03,342.0,1
17353,2010-08,1160.0,1
17353,2011-07,870.0,1
17353,2011-08,870.0,1
17354,2010-10,1740.8999999999999,3
17354,2011-10,1393.06,1
17355,2010-11,273.31,1
17356,2010-01,301.58,1
17356,2010-03,120.64999999999999,1
17356,2010-04,166.27,1
17356,2010-06,179.75,1
17356,2011-02,178.22,1
17357,2011-11,384.39,2
17358,2010-02,117.22,1
17358,2010-10,119.28,1
17358,2010-11,263.7,1
17358,2010-12,241.66000000000003,1
17358,2011-02,119.15,1
17359,2010-03,156.6,1
17359,2011-11,127.86,1
17360,2010-10,234.93,1
17360,2010-11,397.34,2
17360,2011-06,320.9,1
17360,2011-11,247.34,2
17361,2010-02,383.59000000000003,2
17361,2011-02,45.0,1
17361,2011-06,218.92,1
17361,2011-10,224.28,1
17362,2010-01,151.1,1
17362,2010-02,111.82000000000001,1
17362,2010-03,136.07999999999998,1
17362,2010-04,123.87,1
17362,2010-11,188.94,1
17362,2011-02,150.0,1
17362,2011-04,162.23000000000002,1
17363,2010-11,920.46,3
17364,2009-12,1136.08,2
17364,2010-01,574.18,2
17364,2010-02,306.48,1
17364,2010-03,323.93,1
17364,2010-05,1277.69,2
17364,2010-06,994.51,2
17364,2010-07,535.2,2
17364,2010-09,805.68,1
17364,2010-10,488.28,1
17364,2010-11,709.74,2
17364,2011-01,419.83,1
17364,2011-02,504.56,1
17364,2011-03,247.45000000000002,1
17364,2011-05,913.61,2
17364,2011-07,531.96,1
17364,2011-11,1152.76,2
17364,2011-12,692.51,3
17365,2010-02,452.9,1
17365,2010-03,164.05,1
17365,2010-05,324.0,1
17365,2010-07,938.9399999999999,1
17365,2010-10,1273.21,1
17365,2010-11,264.03000000000003,2
17365,2011-01,742.66,2
17365,2011-03,541.05,1
17365,2011-05,609.28,1
17365,2011-06,443.82,1
17365,2011-09,1121.43,1
17365,2011-10,877.71,1
17365,2011-11,426.37,1
17366,2010-09,483.49,1
17366,2010-10,593.75,1
17367,2011-04,167.55,1
17368,2009-12,191.72,1
17368,2010-06,241.62,1
17368,2010-07,156.3,1
17368,2010-11,289.78,3
17368,2011-01,694.0,2
17368,2011-03,194.92000000000002,1
17368,2011-06,695.35,2
17368,2011-09,20.8,1
17368,2011-11,273.8,2
17369,2010-09,979.1999999999999,1
17370,2011-06,110.69999999999999,1
17370,2011-09,335.48,3
17371,2009-12,154.29,2
17371,2010-03,78.68,1
17371,2010-12,92.14,1
17371,2011-11,326.26,2
17372,2009-12,492.4,3
17372,2010-01,293.13,2
17372,2010-02,211.9,1
17372,2010-03,134.28,2
17372,2010-04,304.32,2
17372,2010-05,339.88,2
17372,2010-06,147.45,1
17372,2010-08,122.8,1
17372,2010-09,205.67,1
17372,2010-10,341.85,2
17372,2010-11,385.6,2
17372,2010-12,366.53000000000003,2
17372,2011-01,162.4,1
17372,2011-04,212.12,1
17372,2011-06,314.58,2
17372,2011-10,281.55,2
17373,2010-02,163.7,1
17373,2010-09,133.08,1
17373,2010-10,223.8,1
17373,2011-01,145.25,1
17373,2011-07,142.05,1
17373,2011-09,146.22,1
17373,2011-10,213.4,1
17374,2010-11,231.34,1
17374,2011-03,191.95,1
17374,2011-05,303.82,1
17375,2010-10,260.45,1
17375,2010-12,109.71000000000001,1
17375,2011-01,176.66,1
17375,2011-05,113.73,1
17376,2010-07,141.25,1
17376,2010-10,109.19,1
17376,2011-02,105.85,1
17376,2011-09,97.35,1
17377,2009-12,2105.67,6
17377,2010-01,125.97,1
17377,2010-02,1170.41,7
17377,2010-03,1295.89,9
17377,2010-04,324.8,3
17377,2010-05,521.78,4
17377,2010-06,1662.68,6
17377,2010-07,753.24,4
17377,2010-08,662.19,4
17377,2010-09,945.46,4
17377,2010-10,684.41,4
17377,2010-11,3328.41,6
17377,2010-12,1373.38,3
17377,2011-02,348.75,2
17377,2011-03,463.79,2
17377,2011-06,133.07,1
17377,2011-08,309.65,1
17377,2011-09,272.24,2
17377,2011-10,838.28,4
17377,2011-11,907.46,5
17378,2010-11,10.95,1
17379,2011-11,389.71999999999997,1
17380,2010-06,343.2,1
17380,2010-07,178.2,1
17380,2010-10,123.6,1
17381,2010-06,8141.139999999999,1
17381,2010-07,211.2,1
17381,2010-08,467.0,2
17381,2010-09,1979.88,2
17381,2010-10,2515.92,2
17381,2010-11,2807.9,1
17381,2010-12,7207.4400000000005,3
17381,2011-01,212.0,1
17381,2011-02,3363.74,4
17381,2011-03,2019.96,2
17381,2011-04,2349.39,4
17381,2011-05,2269.3199999999997,2
17381,2011-06,513.8399999999999,2
17381,2011-07,1488.16,2
17381,2011-08,1055.52,3
17381,2011-09,1386.0,1
17381,2011-10,1110.3600000000001,3
17381,2011-11,595.44,1
17381,2011-12,308.15999999999997,1
17382,2010-05,221.4,2
17382,2010-06,98.4,1
17382,2010-07,40.2,1
17382,2010-09,476.88,3
17382,2011-10,65.4,1
17383,2010-09,110.69999999999999,1
17383,2011-12,193.39000000000001,1
17384,2010-08,171.15,1
17384,2011-05,227.65,1
17384,2011-11,108.75,1
17385,2011-11,256.11,1
17386,2010-11,126.35000000000001,1
17386,2011-06,613.32,2
17386,2011-08,928.08,1
17386,2011-09,155.94000000000003,2
17386,2011-12,989.08,1
17387,2011-11,746.81,2
17388,2009-12,228.96,1
17388,2010-05,155.45,2
17388,2010-06,228.96,1
17388,2010-08,327.92,1
17388,2010-10,474.52000000000004,2
17388,2011-02,381.6,1
17388,2011-05,381.6,1
17388,2011-07,189.82999999999998,1
17388,2011-09,306.53000000000003,1
17389,2009-12,908.0400000000001,1
17389,2010-03,112.83,1
17389,2010-04,957.3199999999999,1
17389,2010-05,1363.1,3
17389,2010-06,2125.7,4
17389,2010-07,543.48,1
17389,2010-08,727.28,4
17389,2010-10,6194.16,5
17389,2010-11,12449.74,7
17389,2011-01,677.3399999999999,4
17389,2011-02,96.9,1
17389,2011-03,230.22,2
17389,2011-04,3019.0,2
17389,2011-05,956.46,4
17389,2011-06,858.88,4
17389,2011-07,2007.0,5
17389,2011-08,1066.98,2
17389,2011-09,4682.76,2
17389,2011-11,12361.36,5
17389,2011-12,5876.78,3
17390,2010-10,149.3,1
17391,2011-06,508.8,2
17392,2010-09,168.65,1
17392,2010-12,265.77,1
17392,2011-02,145.5,1
17393,2010-08,194.60000000000002,1
17393,2010-10,186.55,1
17394,2011-05,203.86999999999998,1
17395,2010-07,97.5,1
17396,2010-09,263.4,1
17396,2010-10,815.4,5
17396,2010-12,795.0,1
17396,2011-07,4386.3,4
17396,2011-10,2529.0,2
17397,2010-10,516.87,1
17397,2011-11,681.41,2
17398,2011-03,305.68,1
17398,2011-05,222.77,1
17398,2011-08,124.92999999999999,1
17400,2009-12,799.3,1
17400,2010-02,958.11,1
17400,2010-05,768.03,1
17400,2010-12,424.17,1
17400,2011-03,638.7,2
17400,2011-05,243.75,1
17400,2011-08,791.22,1
17401,2010-06,114.85,1
17402,2009-12,129.7,2
17402,2010-03,81.0,1
17402,2010-06,273.49,1
17402,2010-07,89.85,1
17402,2010-08,417.84999999999997,2
17402,2010-09,380.4,1
17402,2010-11,629.42,2
17402,2010-12,919.9399999999999,2
17402,2011-01,111.9,1
17402,2011-04,212.5,1
17402,2011-06,377.94,2
17402,2011-08,570.14,2
17402,2011-09,115.2,1
17402,2011-10,151.5,1
17402,2011-11,312.9,1
17402,2011-12,286.8,1
17403,2010-09,118.95,1
17403,2011-11,263.92,1
17404,2010-01,1360.45,2
17404,2010-02,1677.42,1
17404,2010-04,3720.24,1
17404,2010-07,1518.96,1
17404,2010-09,2204.76,1
17404,2010-10,5374.47,2
17404,2010-12,3834.2999999999997,2
17404,2011-01,2938.7599999999998,1
17404,2011-03,4522.68,2
17404,2011-05,2557.88,1
17404,2011-07,6428.68,2
17404,2011-08,612.0,1
17404,2011-09,4114.08,1
17404,2011-10,5296.96,1
17404,2011-11,1238.48,1
17404,2011-12,238.0,1
17405,2011-07,393.31,1
17405,2011-09,489.70000000000005,1
17405,2011-12,148.4,1
17406,2009-12,406.70000000000005,1
17406,2010-02,286.41999999999996,1
17406,2010-04,436.70000000000005,4
17406,2010-05,279.15000000000003,2
17406,2010-07,293.11,1
17406,2010-09,300.45000000000005,1
17406,2010-12,1404.2,1
17406,2011-01,1482.32,2
17407,2010-10,552.9,1
17408,2010-07,283.44000000000005,2
17408,2011-06,32.65,1
17409,2009-12,899.64,1
17409,2010-01,812.44,1
17409,2010-03,760.38,1
17409,2010-05,787.5600000000001,2
17409,2010-10,3761.64,3
17409,2011-04,260.55,1
17409,2011-06,511.3,1
17410,2011-05,302.4,1
17410,2011-09,117.15,1
17410,2011-10,449.15,1
17410,2011-11,346.02,2
17411,2009-12,344.40000000000003,1
17411,2010-11,302.04,1
17411,2011-03,285.58,1
17411,2011-09,283.86,1
17411,2011-11,209.5,1
17412,2009-12,1126.27,3
17412,2010-01,151.32,1
17412,2010-05,261.5,1
17412,2010-06,308.22,1
17412,2010-08,246.3,1
17412,2010-10,655.85,1
17412,2010-11,212.7,1
17412,2010-12,645.06,2
17412,2011-02,141.36,1
17412,2011-05,120.7,1
17412,2011-10,160.4,1
17412,2011-11,201.44,1
17412,2011-12,186.4,1
17413,2010-05,219.84,1
17413,2010-10,340.29999999999995,1
17414,2009-12,239.68,1
17414,2010-05,539.04,1
17414,2010-06,408.48,1
17414,2010-10,284.32,1
17414,2011-06,598.0,1
17414,2011-10,180.0,1
17415,2011-09,507.84,1
17416,2009-12,659.4,1
17416,2010-04,1275.6,1
17416,2010-05,1835.53,1
17416,2010-06,1819.45,3
17416,2010-08,1329.6,2
17416,2010-09,837.2,4
17416,2010-11,2648.25,3
17416,2011-03,2114.71,1
17416,2011-05,1333.3,2
17416,2011-06,937.74,1
17416,2011-08,908.74,1
17416,2011-09,584.3199999999999,1
17416,2011-11,1014.61,1
17417,2010-06,164.18,1
17418,2010-11,206.60000000000002,1
17418,2011-01,167.39000000000001,1
17418,2011-10,296.07,1
17419,2010-01,215.7,1
17419,2010-03,164.47,1
17419,2010-06,323.69,1
17419,2010-07,311.3,1
17419,2010-10,451.58,1
17419,2010-11,432.94,1
17419,2010-12,748.54,2
17419,2011-01,330.2,1
17419,2011-02,333.0,1
17419,2011-03,650.83,2
17419,2011-04,357.5,1
17419,2011-07,614.2,1
17419,2011-10,465.55,1
17419,2011-11,1101.02,3
17420,2010-11,354.75,3
17420,2010-12,261.7,1
17420,2011-06,260.66,1
17420,2011-10,207.32,1
17421,2009-12,130.8,1
17421,2010-10,463.86,1
17421,2010-11,464.75,1
17422,2010-06,307.24,1
17422,2010-08,297.06,1
17422,2010-09,316.42,1
17422,2010-10,401.85,1
17422,2010-11,292.82,1
17422,2011-02,321.25,1
17422,2011-05,306.82,1
17422,2011-06,375.04,1
17422,2011-07,293.07,1
17422,2011-09,402.79,1
17422,2011-11,280.4,1
17423,2010-11,420.54,1
17423,2011-05,449.42,1
17423,2011-10,248.99,1
17425,2011-10,688.97,1
17425,2011-11,70.2,1
17426,2010-02,521.96,1
17426,2010-04,699.0899999999999,2
17426,2010-09,1819.46,4
17426,2011-03,1193.88,1
17426,2011-06,2085.35,2
17426,2011-09,1001.36,1
17426,2011-12,756.6700000000001,2
17427,2011-09,100.8,1
17428,2009-12,3204.62,4
17428,2010-03,2174.84,1
17428,2010-05,1926.4,1
17428,2010-07,1092.13,2
17428,2010-09,676.22,1
17428,2010-10,2361.76,3
17428,2010-11,2773.94,5
17428,2010-12,1246.95,2
17428,2011-01,993.84,2
17428,2011-02,1222.33,2
17428,2011-03,955.2199999999999,2
17428,2011-04,1111.82,2
17428,2011-05,2111.66,3
17428,2011-06,1321.82,4
17428,2011-07,345.65,1
17428,2011-08,1704.8,2
17428,2011-09,4090.28,1
17428,2011-10,1172.9,3
17428,2011-11,916.98,3
17428,2011-12,415.6,1
17429,2010-10,529.0,1
17429,2010-11,303.54,1
17429,2011-05,186.86,1
17429,2011-06,189.28,1
17429,2011-08,148.78,1
17430,2010-08,210.8,1
17430,2010-11,146.01,1
17430,2010-12,225.2,1
17430,2011-11,153.16,1
17431,2011-01,403.3,1
17432,2009-12,159.95,1
17432,2010-03,114.5,1
17432,2010-05,185.1,1
17432,2010-10,778.81,3
17432,2010-11,124.86999999999999,1
17432,2011-11,365.76,2
17433,2010-11,266.8,1
17433,2011-09,303.15999999999997,1
17434,2011-09,499.56,1
17434,2011-10,327.93,1
17434,2011-11,1224.99,4
17434,2011-12,321.34000000000003,1
17435,2010-10,331.35,1
17436,2009-12,76.5,1
17436,2010-04,139.5,1
17436,2010-10,101.76,1
17436,2011-04,122.39999999999999,1
17436,2011-12,93.89999999999999,1
17437,2010-06,369.68,1
17438,2010-03,263.73,1
17438,2010-06,308.55,2
17438,2010-09,462.04,1
17438,2011-03,388.45000000000005,1
17439,2010-02,325.74,1
17440,2010-06,137.16,1
17440,2011-04,124.62,2
17440,2011-07,61.8,1
17441,2009-12,293.35,1
17442,2010-02,517.57,1
17442,2010-05,642.58,2
17442,2010-07,406.73,2
17442,2010-08,229.38,2
17442,2010-09,305.38,1
17442,2010-11,270.1,1
17442,2011-02,440.83,1
17442,2011-05,374.0,1
17442,2011-06,254.18,1
17442,2011-08,521.44,1
17442,2011-09,331.24,1
17442,2011-11,326.87,1
17443,2011-05,534.24,1
17444,2011-06,1171.46,1
17444,2011-07,1217.64,1
17446,2011-02,68.10000000000001,1
17446,2011-06,52.800000000000004,1
17447,2011-09,372.48,1
17447,2011-10,169.05,1
17448,2010-03,7156.7300000000005,22
17448,2010-04,3444.58,11
17448,2010-05,1707.74,4
17448,2010-06,2139.62,4
17449,2009-12,283.88,1
17449,2010-03,343.45,1
17449,2010-04,341.29,1
17449,2010-06,300.55,1
17449,2010-10,531.41,1
17449,2010-11,548.36,1
17449,2010-12,684.26,1
17449,2011-03,338.34,1
17449,2011-04,297.09000000000003,1
17449,2011-09,174.86,1
17449,2011-10,597.62,2
17449,2011-12,424.04,1
17450,2010-09,39841.38,3
17450,2010-10,10552.08,2
17450,2010-12,4057.68,2
17450,2011-01,18620.2,3
17450,2011-03,13500.5,3
17450,2011-04,3585.04,2
17450,2011-05,18025.68,4
17450,2011-06,5405.48,1
17450,2011-07,8485.14,3
17450,2011-08,15959.460000000001,4
17450,2011-09,75412.64,11
17450,2011-10,3935.96,2
17450,2011-11,27869.45,10
17450,2011-12,1562.4,1
17451,2011-08,346.01,1
17451,2011-09,214.97,1
17451,2011-10,489.27,2
17451,2011-11,376.97,2
17451,2011-12,294.18,1
17453,2011-10,341.99999999999994,1
17453,2011-11,144.72,1
17454,2010-01,158.9,1
17454,2010-03,204.05,1
17454,2010-05,163.75,1
17454,2010-06,134.41,1
17454,2010-08,180.0,1
17454,2010-09,189.3,1
17454,2010-12,165.85,1
17454,2011-02,132.25,1
17454,2011-04,115.43,1
17454,2011-05,104.0,1
17455,2011-05,131.7,1
17456,2010-09,725.7,1
17456,2010-12,499.72,1
17457,2009-12,355.38,1
17457,2010-01,760.02,1
17457,2010-04,1121.42,2
17457,2010-06,312.78,1
17457,2010-08,260.57,1
17457,2010-10,680.5799999999999,2
17457,2010-11,756.3599999999999,1
17457,2011-01,385.8,1
17457,2011-02,331.26,1
17457,2011-04,313.38,1
17457,2011-05,367.2,1
17457,2011-08,340.06,1
17458,2010-11,213.08,1
17458,2011-11,316.5,1
17459,2011-10,657.3,2
17460,2010-01,238.78000000000003,1
17460,2010-02,262.32,1
17460,2010-03,118.8,1
17460,2010-04,284.61,2
17460,2010-06,103.56,1
17460,2010-07,147.31,1
17460,2010-09,130.68,1
17460,2010-10,133.08,1
17460,2010-11,116.4,1
17460,2010-12,140.60000000000002,2
17460,2011-01,133.5,1
17460,2011-03,138.88,1
17460,2011-04,119.9,1
17460,2011-09,159.85000000000002,1
17461,2011-11,735.82,3
17462,2011-02,463.40999999999997,1
17462,2011-10,212.28,1
17463,2010-04,447.5,1
17463,2010-05,211.9,1
17463,2011-01,691.46,1
17463,2011-04,234.25,1
17463,2011-06,301.88,1
17463,2011-10,449.96,1
17463,2011-11,198.31,1
17464,2010-03,248.09,1
17464,2010-07,369.09000000000003,1
17464,2011-07,289.96000000000004,1
17465,2009-12,408.37,2
17465,2010-01,676.5,1
17465,2010-03,324.89,1
17465,2010-05,495.24,1
17465,2010-07,353.18,1
17465,2010-10,284.61,1
17466,2011-09,460.41,1
17466,2011-11,302.87,1
17467,2010-11,102.6,1
17468,2010-11,57.8,1
17468,2011-11,137.0,2
17469,2009-12,338.31,1
17469,2010-01,371.46999999999997,1
17469,2010-02,311.21000000000004,1
17469,2010-04,352.17,2
17469,2010-05,528.32,1
17469,2010-07,568.5500000000001,2
17469,2010-08,305.55,1
17469,2010-11,404.70000000000005,3
17469,2011-05,305.36,1
17469,2011-07,440.71,1
17469,2011-08,304.2,1
17469,2011-09,441.8,1
17469,2011-11,378.90000000000003,1
17470,2010-07,446.28,2
17470,2010-08,303.7,1
17470,2010-09,300.24,1
17470,2010-10,299.36,1
17470,2010-11,151.82,1
17470,2010-12,356.8,1
17470,2011-04,304.13,1
17470,2011-05,140.57999999999998,1
17470,2011-08,193.36,1
17470,2011-10,308.6,1
17471,2010-08,321.65000000000003,1
17472,2010-03,224.81,1
17472,2011-02,438.27,2
17472,2011-06,259.27,1
17473,2010-09,298.1,1
17473,2010-10,308.9,1
17474,2010-04,1047.0,1
17475,2011-09,194.37,1
17476,2009-12,260.36,1
17476,2010-11,229.5,1
17477,2010-03,731.72,1
17477,2010-04,412.58,1
17478,2010-03,706.2,1
17478,2010-10,566.6,1
17479,2010-03,389.26000000000005,1
17480,2010-09,370.40999999999997,1
17480,2011-09,511.82,1
17481,2011-09,260.63,1
17481,2011-11,822.5600000000001,2
17481,2011-12,172.4,1
17482,2010-05,250.29000000000002,1
17482,2010-08,525.35,1
17483,2010-10,177.69,1
17483,2011-06,155.10000000000002,1
17483,2011-07,119.64,1
17483,2011-10,139.3,1
17484,2010-03,133.85,1
17484,2010-05,75.72,1
17486,2011-03,396.87,1
17487,2009-12,160.55,1
17488,2010-03,336.5,1
17489,2011-05,208.56,1
17489,2011-10,168.07999999999998,1
17490,2010-05,353.14,1
17490,2010-11,305.04,1
17490,2011-06,305.2,1
17490,2011-09,709.3,2
17490,2011-10,306.71999999999997,1
17490,2011-12,771.0999999999999,3
17491,2010-04,412.5,1
17491,2010-06,302.3,1
17491,2010-07,306.75,1
17491,2010-08,135.96,1
17491,2010-09,495.45,1
17491,2010-11,441.84000000000003,2
17491,2010-12,654.8000000000001,1
17491,2011-01,305.52,1
17491,2011-03,556.9399999999999,1
17491,2011-06,135.0,1
17491,2011-07,335.45,1
17491,2011-09,763.3100000000001,2
17491,2011-11,692.35,2
17491,2011-12,442.90000000000003,1
17492,2010-07,354.6,1
17492,2010-08,393.25,1
17492,2011-04,374.57,1
17493,2010-11,100.91000000000001,1
17494,2010-07,54.699999999999996,1
17495,2010-11,309.16,1
17495,2011-11,342.59000000000003,1
17495,2011-12,154.97,1
17496,2010-01,354.66,1
17496,2010-03,388.48,1
17496,2010-05,398.7,1
17496,2010-12,271.05,1
17497,2010-04,204.60000000000002,1
17497,2010-11,82.65,1
17498,2011-09,272.22,1
17499,2010-05,718.51,1
17499,2011-02,622.88,1
17500,2011-11,1138.0,3
17501,2011-05,288.6,2
17502,2011-11,689.1,4
17503,2011-11,340.43,1
17503,2011-12,218.53,1
17504,2010-02,328.75,1
17504,2010-03,359.46000000000004,1
17504,2010-05,1241.33,2
17504,2010-07,464.3,1
17504,2010-09,3386.92,2
17504,2010-11,712.38,2
17504,2011-01,441.15,1
17504,2011-02,346.28,1
17504,2011-03,859.01,1
17504,2011-05,1350.59,6
17505,2010-04,924.1700000000001,1
17505,2010-06,365.47,2
17505,2011-05,486.99,1
17505,2011-07,658.85,1
17506,2011-09,302.2,1
17507,2011-02,340.56,1
17507,2011-03,265.02,1
17508,2009-12,610.95,1
17508,2010-01,859.27,1
17508,2010-03,522.73,1
17508,2010-05,413.55999999999995,1
17508,2010-06,302.4,1
17508,2010-08,721.7099999999999,1
17508,2010-11,761.3,1
17508,2011-03,387.31,1
17509,2011-10,6083.64,8
17510,2010-10,206.07999999999998,1
17510,2011-11,308.48,1
17511,2009-12,8367.81,2
17511,2010-01,4448.09,1
17511,2010-02,3622.84,2
17511,2010-03,4607.3,1
17511,2010-04,6631.2699999999995,1
17511,2010-05,8630.39,3
17511,2010-06,5792.139999999999,3
17511,2010-07,6839.65,2
17511,2010-08,7191.75,3
17511,2010-09,10809.34,3
17511,2010-10,5557.78,1
17511,2010-11,8572.13,7
17511,2010-12,10181.76,3
17511,2011-01,3862.14,1
17511,2011-02,7783.64,2
17511,2011-03,7238.58,3
17511,2011-04,2941.8,3
17511,2011-05,7213.16,3
17511,2011-06,4415.4400000000005,1
17511,2011-07,7590.01,2
17511,2011-08,8419.62,2
17511,2011-09,8229.92,3
17511,2011-10,5755.45,3
17511,2011-11,13522.22,3
17511,2011-12,7379.32,2
17512,2009-12,864.8900000000001,1
17512,2010-03,516.5,3
17512,2010-06,158.4,1
17512,2010-08,267.0,1
17512,2010-09,736.0400000000001,2
17512,2011-02,651.21,3
17512,2011-03,441.81,1
17512,2011-05,209.4,2
17512,2011-07,238.9,1
17512,2011-08,350.58,1
17512,2011-10,581.41,1
17512,2011-11,451.68,1
17513,2010-08,387.0,1
17513,2010-10,258.6,1
17513,2011-09,513.2,1
17514,2010-02,313.35,1
17514,2011-08,208.65,1
17515,2010-06,163.42,1
17515,2010-07,175.44,1
17515,2010-08,168.53,1
17515,2010-09,111.1,1
17515,2010-11,345.0,1
17515,2011-01,231.48,1
17515,2011-03,200.7,1
17515,2011-05,139.19,1
17515,2011-11,67.65,1
17516,2010-11,182.62,1
17516,2011-02,324.63,2
17516,2011-05,127.38,1
17516,2011-08,153.64,1
17516,2011-11,159.23,1
17517,2011-02,153.94,1
17518,2010-03,153.55,1
17518,2010-10,175.87,1
17519,2009-12,308.44,1
17519,2010-01,302.4,1
17519,2010-02,289.6,1
17519,2010-03,330.29,1
17519,2010-04,322.35,1
17519,2010-05,410.4,1
17519,2010-06,327.3,1
17519,2010-07,330.53,1
17519,2010-09,308.84000000000003,1
17519,2010-12,670.6,1
17519,2011-03,313.45,1
17519,2011-05,306.85,1
17519,2011-06,200.5,1
17519,2011-07,331.90000000000003,1
17519,2011-11,356.02,1
17520,2011-10,546.81,1
17521,2010-10,245.1,1
17521,2010-11,309.75,1
17521,2011-05,159.56,1
17521,2011-10,338.19,1
17521,2011-11,225.46,1
17522,2011-05,248.42,2
17522,2011-06,534.56,1
17522,2011-07,124.71,1
17522,2011-12,158.45999999999998,1
17523,2011-11,652.74,4
17524,2010-09,394.14,2
17524,2010-12,145.0,1
17525,2010-10,432.3,1
17525,2010-11,306.90000000000003,1
17525,2010-12,422.70000000000005,1
17526,2009-12,729.12,1
17526,2010-01,54.95,1
17526,2010-03,346.38,2
17526,2010-06,543.8,1
17526,2010-08,235.95,1
17526,2010-10,327.29999999999995,1
17526,2010-11,505.84000000000003,1
17526,2010-12,465.4,2
17526,2011-02,634.2,1
17526,2011-12,323.1,1
17527,2011-05,292.11,1
17527,2011-08,314.51,1
17527,2011-09,181.6,1
17527,2011-10,151.15,1
17528,2011-09,1107.08,2
17528,2011-10,1404.66,3
17528,2011-11,916.26,2
17528,2011-12,200.5,1
17529,2010-01,858.27,1
17529,2010-04,381.98,1
17530,2009-12,245.63,1
17530,2010-05,178.94,1
17530,2010-12,601.28,1
17530,2011-02,340.1,1
17530,2011-04,473.03999999999996,3
17530,2011-05,246.89,1
17530,2011-09,395.55,1
17530,2011-10,218.83,1
17530,2011-11,172.45,1
17530,2011-12,215.03,1
17531,2010-03,560.14,1
17531,2010-06,409.98,1
17531,2011-06,296.7,1
17532,2010-11,65.34,1
17533,2010-10,34.8,1
17534,2010-02,502.2,1
17534,2010-05,347.13,1
17534,2010-06,302.2,1
17534,2010-09,293.94,1
17534,2011-10,223.36,1
17535,2011-03,164.4,1
17536,2010-01,34.78,1
17536,2010-10,253.55,1
17536,2011-06,76.5,1
17537,2011-02,620.75,1
17537,2011-11,266.92,1
17538,2011-11,98.42,1
17539,2009-12,359.0,1
17539,2010-01,91.28,1
17539,2010-03,711.56,1
17540,2010-04,321.15000000000003,1
17540,2010-05,55.35,1
17540,2010-08,222.85000000000002,1
17540,2010-11,412.35,1
17540,2011-01,268.8,1
17540,2011-11,310.1,1
17541,2010-07,119.86,1
17542,2010-03,170.1,2
17542,2011-03,170.75,1
17543,2010-06,120.05,1
17544,2010-11,944.82,3
17545,2010-05,339.8,1
17545,2010-11,427.74,2
17545,2011-10,642.32,3
17547,2010-02,404.55,1
17547,2010-11,323.3,1
17548,2010-11,627.96,3
17548,2011-04,103.3,1
17549,2011-10,28.2,1
17549,2011-11,120.66,1
17550,2010-02,281.02,1
17550,2010-04,965.5,2
17550,2010-05,189.74,1
17550,2010-08,445.49,1
17550,2010-11,357.73,1
17550,2011-04,156.22,1
17550,2011-05,110.94,2
17551,2010-12,290.34,1
17552,2010-03,415.92,1
17552,2010-05,558.95,3
17552,2010-06,275.84000000000003,1
17552,2010-07,209.6,2
17552,2010-09,396.05,1
17552,2010-12,597.04,2
17552,2011-09,615.39,1
17552,2011-10,16.5,1
17553,2010-04,816.0,1
17553,2010-08,1454.0,2
17553,2011-08,1487.6,1
17554,2011-07,772.43,1
17554,2011-08,477.46000000000004,1
17554,2011-10,210.14,1
17554,2011-11,254.12,1
17554,2011-12,238.3,1
17555,2010-05,150.95,1
17555,2010-10,414.48,2
17555,2011-01,195.45,1
17555,2011-11,284.86,1
17556,2010-11,142.77,1
17556,2011-05,157.9,1
17557,2009-12,34.0,1
17557,2011-09,288.36,1
17557,2011-10,150.8,1
17557,2011-11,102.3,1
17558,2010-11,259.17,1
17559,2010-07,167.62,1
17560,2010-02,223.2,1
17560,2010-05,160.4,1
17560,2010-09,157.8,1
17560,2010-11,499.45000000000005,1
17560,2011-02,162.1,1
17560,2011-05,323.95,1
17560,2011-07,219.78,1
17560,2011-09,149.12,1
17561,2009-12,189.7,1
17561,2010-06,170.95,1
17561,2010-11,177.25,1
17561,2011-11,165.12,1
17562,2011-06,300.1,1
17562,2011-07,109.0,1
17562,2011-08,252.0,2
17562,2011-09,191.78,1
17562,2011-10,103.80000000000001,1
17562,2011-11,165.70000000000002,1
17563,2010-04,359.83,1
17563,2010-05,32.550000000000004,1
17564,2011-09,119.12,1
17564,2011-10,124.34,1
17564,2011-11,210.55,1
17565,2010-05,131.83,1
17566,2011-11,394.82,1
17566,2011-12,474.95,1
17567,2010-09,506.6,1
17567,2010-12,1035.9,1
17567,2011-02,424.85,1
17567,2011-03,535.38,1
17567,2011-04,395.78999999999996,1
17567,2011-07,461.08,1
17567,2011-09,590.4,1
17567,2011-10,988.03,1
17567,2011-12,418.0,1
17568,2010-03,374.45,1
17569,2011-01,344.14,1
17571,2010-06,205.23999999999998,1
17571,2011-02,282.7,1
17571,2011-03,75.6,1
17571,2011-07,201.25,1
17571,2011-10,864.87,1
17572,2009-12,62.31,1
17572,2010-04,39.15,1
17572,2010-07,39.15,1
17572,2010-09,83.85000000000001,1
17572,2010-11,201.0,2
17572,2010-12,141.60000000000002,1
17572,2011-04,81.4,1
17572,2011-09,74.55,2
17573,2011-09,182.21,2
17573,2011-11,198.39000000000001,1
17574,2011-04,185.65,1
17575,2010-02,171.7,1
17576,2009-12,554.5,2
17576,2010-01,563.22,2
17576,2010-02,201.42,1
17576,2010-03,714.48,4
17576,2010-04,114.09,1
17576,2010-05,204.2,1
17576,2010-06,211.09,1
17576,2010-07,146.32,1
17576,2010-08,593.5,2
17576,2010-09,346.78,1
17576,2010-10,762.8199999999999,3
17576,2010-11,728.35,3
17576,2010-12,416.65,2
17576,2011-01,140.07,2
17576,2011-02,147.20000000000002,1
17576,2011-03,334.14,2
17576,2011-04,337.02,1
17576,2011-05,147.15,1
17576,2011-06,294.86,1
17576,2011-07,263.38,1
17576,2011-08,179.88,2
17576,2011-09,588.85,3
17576,2011-10,317.0,1
17576,2011-11,132.53,1
17576,2011-12,385.75,1
17577,2010-02,112.4,1
17577,2010-03,236.35,1
17578,2010-06,310.51,2
17578,2010-07,271.65000000000003,3
17578,2010-08,321.71,1
17578,2011-05,143.45999999999998,1
17579,2010-05,304.38,1
17579,2011-06,164.41,1
17579,2011-07,106.45000000000002,1
17579,2011-12,178.04,1
17580,2010-10,157.41,1
17580,2010-11,167.89,1
17580,2010-12,46.85,1
17580,2011-01,118.22,1
17580,2011-04,47.7,1
17581,2009-12,402.2,4
17581,2010-01,482.4,1
17581,2010-02,304.35,1
17581,2010-03,860.05,2
17581,2010-04,914.24,2
17581,2010-05,573.5,3
17581,2010-06,786.28,2
17581,2010-08,759.35,1
17581,2010-09,1233.61,1
17581,2010-11,609.95,1
17581,2010-12,1573.56,2
17581,2011-01,448.95,1
17581,2011-03,829.25,3
17581,2011-05,1354.58,4
17581,2011-06,1323.93,3
17581,2011-07,361.34,2
17581,2011-08,1417.46,2
17581,2011-09,1835.98,2
17581,2011-11,1682.29,3
17581,2011-12,984.68,3
17582,2010-03,303.55,1
17582,2010-05,149.04,1
17582,2010-06,309.75,1
17582,2010-09,509.34,1
17582,2011-04,175.27,1
17583,2010-05,135.95,1
17584,2010-01,462.05,1
17584,2010-04,522.2,1
17584,2010-07,1119.34,1
17584,2010-08,1963.53,1
17584,2011-08,749.45,1
17584,2011-12,492.85,1
17585,2010-08,344.61,1
17585,2010-09,603.42,2
17585,2011-01,417.81,1
17585,2011-03,103.72,1
17585,2011-06,280.74,1
17585,2011-08,314.40999999999997,1
17586,2010-03,167.4,1
17587,2010-03,173.76,1
17588,2010-03,402.5,1
17588,2010-06,602.43,1
17588,2010-09,354.4,1
17588,2010-11,340.02,1
17588,2011-04,397.20000000000005,1
17588,2011-06,305.04,1
17588,2011-08,537.96,1
17589,2010-03,1414.28,2
17589,2010-05,1312.42,2
17589,2010-06,1078.05,1
17589,2010-07,2865.14,3
17589,2010-08,2818.19,4
17589,2010-09,1197.6399999999999,1
17589,2010-11,717.63,1
17589,2011-04,590.77,1
17589,2011-06,620.65,1
17589,2011-07,631.65,1
17589,2011-10,559.85,1
17590,2011-10,349.38,1
17590,2011-11,796.46,1
17590,2011-12,320.93,1
17591,2010-01,135.65,1
17591,2010-12,768.6,1
17591,2011-01,309.43,1
17591,2011-02,151.68,1
17591,2011-03,326.04,1
17591,2011-05,455.82000000000005,1
17591,2011-08,213.6,1
17591,2011-09,362.8,1
17592,2009-12,148.3,1
17593,2009-12,1887.44,3
17593,2010-03,669.71,1
17593,2010-06,678.82,1
17593,2010-10,932.49,1
17593,2010-12,662.9,1
17593,2011-06,849.36,1
17593,2011-07,747.78,1
17593,2011-09,985.62,1
17593,2011-12,678.2,1
17594,2010-04,611.7,1
17594,2010-09,893.0,1
17594,2011-03,315.0,1
17594,2011-09,678.18,1
17595,2011-11,386.69,2
17596,2009-12,474.06,1
17596,2010-03,224.22,1
17596,2010-04,119.84,1
17596,2010-05,166.14000000000001,1
17596,2010-06,357.15999999999997,1
17596,2010-09,343.35,1
17596,2010-12,781.94,1
17596,2011-04,354.29,1
17596,2011-06,541.95,1
17596,2011-07,449.87,1
17596,2011-10,774.44,2
17596,2011-11,295.17,1
17597,2010-05,315.82,1
17597,2010-06,176.1,1
17597,2010-08,380.13,1
17597,2010-10,567.67,1
17597,2011-05,2044.3700000000001,1
17598,2010-11,409.98,1
17599,2010-08,52.05,1
17600,2011-11,161.67000000000002,1
17601,2010-11,296.65,1
17601,2011-04,116.00999999999999,1
17602,2010-03,390.59,2
17602,2010-04,518.22,2
17602,2010-06,446.99,2
17602,2010-07,330.31,1
17602,2010-08,613.9,1
17602,2011-01,767.0500000000001,1
17602,2011-08,142.5,1
17602,2011-09,1224.64,1
17602,2011-10,1062.18,1
17602,2011-11,769.36,1
17602,2011-12,1088.69,1
17603,2009-12,289.85,1
17603,2010-01,777.1600000000001,1
17603,2010-04,326.65000000000003,1
17603,2011-09,394.72,1
17604,2010-01,157.08,1
17604,2010-06,149.38,1
17604,2010-08,123.72,1
17604,2010-10,202.84,1
17604,2011-01,136.24,1
17604,2011-05,173.12,1
17605,2010-04,160.75,1
17606,2009-12,87.30000000000001,1
17607,2010-11,333.81,1
17608,2010-04,155.88,1
17608,2010-09,140.19,1
17608,2011-11,191.99,2
17609,2010-04,370.23,1
17609,2010-05,128.27,2
17609,2010-10,275.18,2
17609,2010-11,3.4,1
17609,2011-01,421.1,1
17609,2011-02,107.65,1
17609,2011-09,213.35,1
17609,2011-10,356.18,2
17610,2009-12,796.01,2
17610,2010-01,445.34,1
17610,2010-02,158.79,1
17610,2010-06,111.80000000000001,1
17611,2009-12,507.49,1
17611,2010-01,427.14,1
17611,2010-03,608.39,2
17611,2010-04,705.59,2
17611,2010-05,192.89000000000001,1
17611,2010-06,252.22,1
17611,2010-07,691.73,2
17611,2010-09,475.61,2
17611,2010-10,465.35,1
17611,2010-12,244.19,1
17611,2011-01,808.98,2
17611,2011-03,365.37,1
17611,2011-04,282.4,1
17611,2011-05,297.9,1
17611,2011-06,114.88,1
17611,2011-07,285.83,1
17611,2011-08,301.59999999999997,1
17611,2011-09,292.47,1
17611,2011-10,118.9,1
17611,2011-11,542.55,2
17611,2011-12,306.05,2
17612,2009-12,233.4,1
17612,2010-01,272.45,1
17612,2010-03,306.97,1
17612,2010-05,314.68,1
17612,2010-06,320.0,1
17612,2010-07,319.14,2
17612,2010-08,301.39,1
17612,2010-09,636.18,2
17612,2010-11,642.2,2
17612,2011-02,305.46,1
17612,2011-05,360.29,1
17612,2011-07,366.31,1
17612,2011-08,306.81,1
17612,2011-09,344.07,1
17612,2011-10,365.51,1
17613,2011-02,897.51,2
17613,2011-03,493.11,1
17613,2011-04,666.15,2
17613,2011-05,455.64,2
17613,2011-06,308.35,1
17613,2011-08,155.93,1
17613,2011-09,789.84,1
17613,2011-10,481.12,2
17613,2011-11,296.90000000000003,2
17614,2011-10,386.32,1
17615,2010-08,122.7,1
17615,2010-09,193.9,1
17615,2010-11,75.6,1
17615,2011-05,272.3,2
17615,2011-08,57.3,1
17616,2010-09,163.2,1
17616,2010-12,652.8,1
17616,2011-03,81.6,1
17616,2011-06,163.2,1
17617,2010-05,385.19,1
17618,2010-01,436.35,1
17618,2010-05,267.32,1
17618,2010-06,556.59,2
17618,2010-08,956.37,2
17618,2010-10,562.53,1
17618,2010-11,292.2,1
17618,2010-12,278.98,1
17618,2011-04,346.5,1
17618,2011-12,304.8,1
17619,2011-01,214.37,1
17620,2011-10,81.44,1
17621,2010-10,1795.22,3
17621,2010-12,239.4,1
17621,2011-01,662.38,1
17621,2011-11,478.12,1
17622,2010-04,1130.21,2
17623,2009-12,197.05,1
17623,2010-05,243.65,1
17623,2010-06,294.62,1
17623,2010-07,303.35,1
17623,2010-08,350.6,1
17623,2010-10,449.45000000000005,1
17623,2011-11,527.0500000000001,1
17624,2009-12,316.83,1
17624,2010-09,408.32,1
17624,2011-05,400.3,1
17624,2011-11,443.18,1
17625,2009-12,675.12,1
17625,2010-01,943.8199999999999,1
17625,2010-06,696.53,1
17625,2010-09,1643.03,1
17625,2011-03,542.03,1
17625,2011-07,685.1,1
17625,2011-10,381.92,1
17625,2011-11,411.35,1
17626,2010-04,254.0,1
17627,2010-08,296.36,1
17628,2011-09,75.75,1
17629,2010-10,339.95,1
17629,2010-11,301.45,1
17629,2010-12,238.65,1
17629,2011-04,266.36,1
17629,2011-05,101.17999999999999,1
17629,2011-06,108.94,1
17629,2011-08,83.25,1
17629,2011-10,593.79,1
17629,2011-11,82.5,1
17629,2011-12,339.45,1
17630,2011-04,335.5,1
17630,2011-06,168.1,1
17631,2009-12,180.85000000000002,2
17631,2010-02,154.91,1
17631,2010-11,134.4,1
17631,2011-04,302.55,1
17631,2011-07,113.95,1
17631,2011-12,111.83,1
17633,2010-11,732.55,3
17633,2011-08,648.61,2
17633,2011-09,355.89,1
17633,2011-11,320.34000000000003,1
17634,2011-01,785.65,1
17634,2011-03,451.66,1
17634,2011-04,164.75,1
17634,2011-05,409.23,2
17634,2011-08,105.99000000000001,1
17634,2011-09,159.79,1
17634,2011-10,147.86,1
17634,2011-11,133.66,1
17635,2010-04,538.8,1
17635,2010-07,313.28,1
17635,2010-10,413.5,1
17636,2011-11,285.56,1
17637,2011-08,338.95,1
17637,2011-11,208.11,1
17638,2009-12,608.4,1
17638,2010-03,234.0,1
17639,2010-08,269.13,3
17639,2010-11,237.54,2
17639,2011-03,108.5,1
17640,2010-03,853.02,2
17640,2010-06,720.3,1
17640,2010-09,646.66,1
17640,2010-11,327.3,1
17640,2011-09,621.66,1
17642,2009-12,281.02,1
17642,2010-03,367.69,1
17642,2010-10,463.49,1
17642,2011-06,395.3,1
17642,2011-08,316.99,1
17643,2010-07,338.15000000000003,1
17643,2010-12,203.1,1
17644,2010-02,623.9300000000001,1
17644,2010-03,63.72,1
17644,2010-04,634.9,2
17644,2010-05,285.51,1
17644,2010-07,306.63,1
17644,2010-08,301.81,1
17644,2010-09,416.05,1
17644,2010-11,500.41,1
17644,2011-03,442.47,1
17644,2011-05,479.3,2
17644,2011-06,32.55,1
17644,2011-07,356.45,2
17644,2011-08,314.86,1
17644,2011-09,507.04,1
17644,2011-11,430.21000000000004,2
17644,2011-12,332.76,1
17646,2009-12,435.5,1
17646,2010-01,286.15000000000003,1
17646,2010-02,253.60000000000002,1
17646,2010-04,206.46,1
17646,2010-05,267.83,1
17646,2010-06,367.8,1
17646,2010-08,321.74,1
17646,2010-09,361.6,1
17646,2010-10,389.71999999999997,1
17646,2010-12,502.0,1
17646,2011-03,345.85,1
17646,2011-05,411.54,1
17647,2010-02,198.6,2
17647,2011-10,133.06,1
17648,2010-11,418.87,1
17648,2011-04,583.87,1
17648,2011-05,523.52,2
17648,2011-10,690.11,1
17649,2010-08,710.4,2
17649,2011-07,868.49,1
17650,2011-11,166.08,1
17651,2010-07,1758.52,6
17651,2011-06,705.0,2
17651,2011-07,443.01,2
17651,2011-09,652.85,1
17651,2011-10,1548.91,3
17651,2011-11,595.23,2
17652,2011-03,222.3,1
17652,2011-04,409.94,1
17652,2011-06,1717.19,3
17652,2011-07,364.14,1
17652,2011-09,488.45000000000005,1
17652,2011-10,1216.26,3
17652,2011-11,449.44000000000005,2
17653,2011-08,163.24,1
17653,2011-09,180.1,1
17653,2011-11,864.22,2
17654,2011-03,117.55,1
17655,2010-10,313.64,1
17655,2010-11,23.8,1
17655,2010-12,1352.2,1
17655,2011-02,620.6,2
17655,2011-05,306.0,1
17655,2011-08,300.63,1
17655,2011-10,287.87,1
17655,2011-11,447.74,1
17656,2011-08,927.65,3
17656,2011-09,747.04,2
17657,2010-10,126.0,1
17658,2011-05,317.59999999999997,1
17658,2011-11,277.82,1
17659,2010-11,587.53,2
17659,2010-12,607.75,2
17659,2011-02,115.0,1
17659,2011-05,595.29,1
17659,2011-06,72.63,2
17659,2011-08,510.15999999999997,3
17659,2011-10,308.86,1
17659,2011-11,1037.57,2
17660,2009-12,163.47,1
17660,2011-07,178.75,1
17662,2009-12,353.0,1
17662,2010-02,59.92,1
17663,2010-03,1240.46,2
17663,2010-04,350.23,1
17663,2010-06,298.55,1
17663,2010-07,160.75,1
17663,2010-08,650.0,2
17663,2010-09,364.28000000000003,2
17663,2010-10,308.65,1
17663,2011-02,371.39,1
17663,2011-04,188.87,1
17663,2011-05,230.55,1
17663,2011-07,225.72,1
17663,2011-09,271.28000000000003,1
17663,2011-11,515.1,2
17664,2010-03,308.85,1
17664,2010-08,252.74,1
17664,2011-05,326.19,1
17664,2011-11,278.45,1
17665,2010-08,563.1,1
17666,2010-06,311.4,1
17666,2010-08,1008.24,2
17666,2011-10,409.08,1
17666,2011-12,319.08000000000004,1
17667,2010-02,454.7,1
17667,2010-06,767.05,1
17667,2010-07,370.54,1
17667,2010-09,302.90000000000003,1
17667,2011-02,928.05,1
17667,2011-05,428.62,2
17667,2011-07,394.34000000000003,1
17667,2011-10,304.5,1
17668,2011-11,161.85,1
17668,2011-12,185.89999999999998,1
17669,2010-04,1505.89,1
17669,2010-06,595.39,1
17669,2010-09,634.35,1
17669,2011-04,991.5,2
17669,2011-05,619.5,1
17669,2011-06,453.72,1
17669,2011-08,368.5,1
17669,2011-09,761.5,1
17669,2011-10,212.0,1
17670,2011-04,205.7,1
17671,2010-11,436.45,1
17671,2010-12,788.36,1
17671,2011-05,392.54999999999995,1
17671,2011-07,311.82,1
17671,2011-11,474.16,1
17672,2010-03,1334.27,1
17672,2010-09,495.98,1
17672,2010-10,655.32,2
17672,2011-02,1177.8400000000001,1
17672,2011-10,2000.33,1
17673,2010-03,583.9399999999999,1
17673,2010-04,179.05,1
17673,2010-06,567.6899999999999,2
17673,2010-08,473.06,1
17673,2010-10,410.91,1
17673,2010-11,364.26,1
17673,2011-01,402.41999999999996,1
17673,2011-03,343.49,1
17673,2011-06,429.71,2
17673,2011-10,306.88,1
17673,2011-12,112.47,1
17674,2010-12,601.32,1
17674,2011-09,250.38,1
17675,2009-12,1113.92,3
17675,2010-01,930.1600000000001,2
17675,2010-02,1747.52,6
17675,2010-03,985.6500000000001,2
17675,2010-04,908.16,3
17675,2010-05,1165.93,3
17675,2010-06,1338.48,3
17675,2010-07,1593.1,3
17675,2010-08,1397.56,3
17675,2010-09,994.38,2
17675,2010-10,3652.09,5
17675,2010-11,1441.25,4
17675,2010-12,1636.24,2
17675,2011-01,969.36,1
17675,2011-02,1658.26,3
17675,2011-03,1162.55,2
17675,2011-04,1505.56,2
17675,2011-05,1191.3,2
17675,2011-06,1278.27,3
17675,2011-07,2312.46,3
17675,2011-08,2977.31,5
17675,2011-09,1050.98,2
17675,2011-10,764.32,1
17675,2011-11,3235.21,3
17675,2011-12,1249.58,2
17676,2010-03,369.3,1
17676,2010-06,331.57,1
17676,2010-08,149.76,1
17676,2010-10,226.83,1
17676,2010-12,601.4,1
17676,2011-08,430.14,3
17676,2011-10,292.74,1
17676,2011-12,347.6,1
17677,2009-12,1030.65,4
17677,2010-01,2646.4,1
17677,2010-03,1321.55,1
17677,2010-04,3022.45,3
17677,2010-05,478.93,1
17677,2010-06,1890.96,4
17677,2010-07,1384.3999999999999,2
17677,2010-08,985.1,1
17677,2010-09,2590.0,4
17677,2010-10,1390.54,1
17677,2010-11,1972.1,2
17677,2010-12,3233.2000000000003,4
17677,2011-01,500.09999999999997,1
17677,2011-02,594.4,1
17677,2011-03,1408.7,2
17677,2011-04,310.0,1
17677,2011-05,1815.28,2
17677,2011-06,1075.41,3
17677,2011-07,1729.3500000000001,3
17677,2011-08,2616.66,3
17677,2011-09,1036.68,2
17677,2011-10,1878.08,4
17677,2011-11,1059.96,2
17677,2011-12,704.16,2
17678,2010-04,301.65,1
17678,2011-03,298.11,1
17679,2009-12,465.0,2
17679,2010-01,305.09999999999997,1
17679,2010-03,389.4,1
17679,2010-07,426.0,1
17679,2011-09,1643.2,1
17679,2011-10,348.91,1
17680,2010-07,226.05,1
17680,2010-11,87.0,1
17680,2011-11,184.4,1
17681,2010-01,479.2,2
17681,2010-03,161.4,1
17681,2010-04,90.6,2
17682,2010-03,373.5,1
17682,2010-04,217.2,1
17682,2010-06,452.0,1
17682,2010-07,390.5,1
17682,2010-09,157.75,1
17682,2010-12,783.0,1
17682,2011-04,365.79,1
17682,2011-05,350.12,1
17682,2011-07,362.82,1
17682,2011-08,429.12,1
17682,2011-11,574.98,1
17683,2010-06,506.19,1
17683,2010-07,177.04,1
17683,2010-11,135.78,1
17684,2011-10,239.41,1
17685,2010-02,636.9,1
17685,2010-05,358.65999999999997,1
17685,2010-08,434.12,1
17685,2010-10,489.84,1
17685,2010-11,379.6,1
17685,2010-12,915.54,2
17685,2011-01,361.5,1
17685,2011-02,361.70000000000005,1
17685,2011-03,326.5,1
17685,2011-09,1250.71,1
17685,2011-11,392.40000000000003,1
17686,2010-06,1294.8700000000001,1
17686,2010-10,1262.48,1
17686,2011-02,1592.61,1
17686,2011-05,1444.14,3
17686,2011-08,1552.6,1
17686,2011-09,520.74,1
17686,2011-12,629.37,1
17687,2010-10,432.68,1
17688,2010-11,304.2,1
17689,2010-08,166.0,1
17689,2010-11,151.08,1
17690,2010-02,294.65000000000003,1
17690,2010-03,470.72,1
17690,2010-10,1232.91,2
17690,2010-11,238.72000000000003,1
17690,2010-12,1136.1000000000001,4
17690,2011-01,882.75,1
17690,2011-03,94.65,1
17690,2011-04,311.6,1
17690,2011-05,142.65,1
17690,2011-06,913.23,2
17690,2011-08,462.75,1
17690,2011-10,457.64,2
17690,2011-11,773.63,2
17691,2010-06,172.65,1
17691,2010-11,174.5,1
17691,2010-12,432.90000000000003,2
17692,2010-06,343.59999999999997,1
17692,2010-07,306.35,1
17692,2010-08,606.6,2
17692,2010-09,355.51,1
17692,2010-10,320.7,2
17692,2010-11,302.1,1
17692,2010-12,327.9,1
17692,2011-02,110.7,1
17692,2011-04,169.5,1
17692,2011-08,117.47999999999999,1
17693,2011-07,200.47,1
17694,2010-05,610.87,1
17694,2010-07,801.98,1
17694,2011-07,283.12,1
17695,2010-01,303.9,1
17695,2010-09,360.59999999999997,1
17695,2010-11,316.2,1
17695,2011-06,353.6,1
17695,2011-07,411.74,1
17696,2009-12,636.92,2
17696,2010-02,213.4,1
17696,2010-03,630.72,1
17696,2010-04,354.06,1
17696,2010-06,836.38,4
17696,2010-07,297.43,1
17696,2010-08,512.72,2
17696,2010-09,846.25,2
17696,2010-10,696.85,2
17696,2010-11,369.15000000000003,3
17696,2010-12,175.6,2
17696,2011-03,318.24,1
17696,2011-06,343.75,1
17696,2011-07,802.1800000000001,2
17696,2011-08,275.82,1
17696,2011-11,370.12,1
17697,2011-04,338.95,1
17698,2011-03,154.95,1
17699,2010-05,182.7,1
17699,2010-08,259.3,1
17700,2009-12,696.73,1
17700,2010-01,388.24,1
17700,2010-03,534.6,1
17700,2010-04,303.39,1
17700,2010-05,481.3,1
17700,2010-07,448.22,1
17700,2010-08,338.18,1
17700,2010-10,345.48,2
17700,2010-11,609.19,1
17700,2011-03,602.61,1
17700,2011-05,522.96,1
17700,2011-09,556.26,1
17700,2011-11,852.8100000000001,1
17701,2011-04,417.95,1
17702,2010-11,1319.67,2
17702,2011-05,439.8,1
17702,2011-06,335.33,1
17702,2011-08,563.64,1
17702,2011-11,485.6,1
17703,2010-10,296.1,1
17703,2011-07,229.14,1
17703,2011-08,261.82,1
17703,2011-11,307.78,1
17704,2011-04,387.29,1
17704,2011-06,497.90000000000003,1
17705,2010-05,88.7,1
17705,2010-09,171.68,1
17705,2011-02,136.3,1
17705,2011-03,114.0,1
17705,2011-05,107.0,1
17705,2011-07,302.5,2
17705,2011-08,308.2,1
17705,2011-09,223.92,1
17705,2011-11,413.6,1
17705,2011-12,218.0,1
17706,2010-01,2278.07,2
17706,2010-06,490.64,1
17706,2010-07,268.45,2
17706,2010-08,302.90000000000003,1
17706,2010-09,3819.41,3
17706,2010-10,1323.81,3
17706,2010-11,1284.38,2
17706,2010-12,955.66,3
17706,2011-02,411.02,1
17706,2011-06,2964.59,2
17706,2011-07,2665.36,3
17706,2011-08,1508.7,3
17706,2011-10,1701.15,4
17706,2011-12,775.84,1
17707,2009-12,51.0,1
17707,2010-03,53.4,1
17707,2010-04,88.5,1
17707,2010-07,58.5,1
17707,2010-09,78.9,1
17707,2010-11,126.60000000000001,1
17707,2011-01,83.7,1
17707,2011-06,68.7,1
17708,2010-10,306.55,1
17708,2010-11,314.3,1
17708,2011-01,106.85,1
17708,2011-06,156.48,1
17709,2010-04,387.71999999999997,2
17709,2010-08,145.84,2
17709,2011-06,137.45,1
17710,2010-10,293.5,1
17711,2011-02,220.53000000000003,1
17711,2011-11,164.57,1
17712,2011-10,522.91,1
17713,2010-06,302.93,1
17713,2010-08,309.49,1
17713,2010-09,311.72,1
17713,2010-11,273.95,1
17714,2010-07,590.86,2
17714,2010-08,233.21,1
17714,2010-10,433.11,1
17714,2011-01,153.0,1
17715,2010-04,163.2,1
17715,2011-05,326.4,1
17716,2009-12,520.2,1
17716,2010-03,2213.88,3
17716,2010-05,1215.73,1
17716,2010-06,2199.39,1
17716,2010-07,1259.05,1
17716,2010-08,873.35,1
17716,2010-09,1331.18,1
17716,2010-10,336.9,2
17716,2010-11,351.29999999999995,2
17716,2011-03,665.46,1
17716,2011-04,786.16,1
17716,2011-06,1175.32,1
17716,2011-08,809.82,1
17716,2011-09,1565.55,5
17716,2011-11,653.6800000000001,2
17717,2010-10,376.92,1
17718,2010-03,299.83,1
17718,2011-04,139.35,1
17719,2011-03,579.83,1
17719,2011-04,781.38,2
17719,2011-05,304.4,1
17719,2011-06,617.25,2
17719,2011-07,614.68,2
17719,2011-08,1579.86,4
17719,2011-09,611.5,2
17719,2011-11,307.14,1
17720,2010-05,132.62,1
17720,2010-07,214.92,1
17720,2010-08,378.58,1
17720,2010-09,362.39,1
17720,2010-10,204.42,1
17720,2010-11,178.04,1
17720,2010-12,204.0,1
17720,2011-04,430.38,1
17720,2011-08,355.21999999999997,1
17720,2011-11,308.34,1
17721,2010-02,307.21000000000004,1
17722,2010-11,1096.18,1
17722,2010-12,1820.28,1
17722,2011-01,833.44,1
17722,2011-06,357.3,1
17722,2011-09,323.16,1
17723,2010-11,102.0,1
17723,2011-05,746.8000000000001,2
17723,2011-06,1077.1,2
17723,2011-07,830.0000000000001,1
17723,2011-08,622.5,1
17724,2011-07,373.1,1
17724,2011-09,659.9,2
17725,2011-03,337.71000000000004,1
17725,2011-04,617.45,2
17725,2011-05,314.47,1
17725,2011-06,310.48,1
17725,2011-07,307.5,1
17725,2011-08,619.51,2
17725,2011-09,333.96,1
17725,2011-10,278.67,1
17725,2011-11,319.33,1
17726,2010-01,108.84,1
17726,2010-02,126.43,1
17726,2010-07,125.87,1
17726,2010-09,165.65,1
17726,2010-10,471.82,2
17726,2010-11,93.45,1
17727,2011-11,1060.25,1
17728,2010-09,990.2,1
17728,2010-10,372.55,1
17728,2011-09,345.03000000000003,1
17728,2011-10,1943.1299999999999,1
17728,2011-12,587.85,1
17729,2010-04,438.65000000000003,1
17730,2010-04,347.34,1
17730,2010-06,356.8,1
17730,2010-07,313.63,1
17730,2010-08,305.2,1
17730,2010-09,578.52,1
17730,2010-11,573.83,2
17730,2011-01,311.48,1
17730,2011-02,375.56,1
17730,2011-03,411.18,1
17730,2011-04,347.17,1
17730,2011-06,928.22,2
17730,2011-08,682.1600000000001,2
17730,2011-09,491.56,1
17730,2011-10,763.4399999999999,2
17730,2011-11,325.01,1
17730,2011-12,662.7,1
17731,2010-02,373.1,1
17731,2010-03,95.78,1
17731,2011-06,662.5699999999999,2
17731,2011-08,301.17,1
17731,2011-09,276.37,1
17732,2010-08,710.46,2
17732,2010-09,209.24,1
17732,2010-10,657.38,3
17732,2010-11,285.37,1
17732,2010-12,607.94,1
17733,2011-03,216.95000000000002,1
17733,2011-11,475.24,1
17734,2010-03,321.7,1
17734,2010-04,111.9,1
17734,2010-07,308.09000000000003,1
17734,2011-04,112.97999999999999,1
17734,2011-07,427.23,1
17734,2011-10,160.42,1
17735,2010-07,271.02,1
17735,2010-09,1152.28,2
17735,2010-10,424.63,1
17735,2010-11,1832.38,3
17735,2010-12,909.2,1
17735,2011-01,594.04,1
17735,2011-02,847.38,1
17735,2011-03,652.52,1
17735,2011-04,1908.18,3
17735,2011-05,562.29,1
17735,2011-06,1804.03,3
17735,2011-07,1490.99,2
17735,2011-08,1905.96,2
17735,2011-09,871.25,1
17735,2011-10,562.47,1
17735,2011-11,562.71,1
17735,2011-12,893.6,1
17736,2011-08,307.49,1
17736,2011-10,39.95,1
17736,2011-11,30.0,1
17737,2011-10,87.39,1
17737,2011-11,80.85000000000001,1
17738,2010-03,453.17,1
17738,2010-04,393.41999999999996,2
17738,2010-05,394.68,3
17738,2010-06,306.6,1
17738,2010-09,316.62,1
17738,2010-11,440.02,1
17738,2011-03,779.92,1
17738,2011-07,791.57,2
17738,2011-11,307.56,1
17739,2009-12,811.96,2
17739,2010-01,559.96,1
17739,2010-02,408.5,1
17739,2010-04,486.8,1
17739,2010-05,370.21000000000004,1
17739,2010-07,300.97,1
17739,2010-08,333.20000000000005,1
17739,2010-09,672.0600000000001,1
17739,2010-11,995.58,2
17739,2010-12,360.06,1
17739,2011-01,322.53000000000003,1
17739,2011-05,388.18,1
17739,2011-09,542.16,1
17739,2011-10,434.65000000000003,1
17739,2011-11,743.77,2
17740,2010-01,60.300000000000004,1
17740,2010-03,172.07999999999998,2
17740,2010-05,81.12,1
17740,2010-10,37.800000000000004,1
17740,2010-11,75.60000000000001,1
17741,2010-05,41.400000000000006,1
17741,2010-10,59.7,1
17742,2009-12,218.54999999999998,1
17742,2010-02,279.5,1
17742,2010-03,193.66000000000003,1
17742,2010-04,271.19,1
17742,2010-06,181.68,1
17742,2010-07,95.46000000000001,1
17742,2010-08,186.0,1
17742,2010-09,202.83,1
17742,2010-10,114.5,1
17742,2011-01,302.57,1
17742,2011-08,52.54,1
17743,2010-09,229.2,1
17744,2010-11,326.74,1
17744,2010-12,377.52,1
17744,2011-01,630.88,2
17744,2011-04,280.56,1
17744,2011-11,303.06,1
17744,2011-12,730.38,1
17745,2010-06,489.23,1
17745,2010-08,111.11,1
17746,2010-04,404.58000000000004,1
17746,2010-08,389.34999999999997,2
17746,2011-04,110.25,1
17747,2011-08,71.4,1
17748,2010-06,358.15,1
17749,2010-06,351.66,1
17749,2011-03,369.01,1
17749,2011-06,305.51,1
17750,2011-06,288.08,1
17750,2011-07,485.59999999999997,2
17750,2011-08,230.58,1
17750,2011-09,313.58000000000004,2
17750,2011-10,142.04,1
17750,2011-11,131.04,1
17750,2011-12,103.24,1
17751,2010-10,157.85999999999999,1
17752,2010-12,80.64,1
17753,2010-01,30.45,1
17753,2010-08,213.16,2
17753,2010-09,138.45,1
17754,2009-12,270.18,1
17754,2010-01,769.63,2
17754,2010-03,531.87,1
17754,2010-04,354.9,1
17754,2010-08,450.91,2
17754,2010-11,409.08,1
17754,2011-03,264.24,1
17754,2011-07,310.82,1
17754,2011-10,374.5,1
17754,2011-11,523.46,1
17754,2011-12,191.63,1
17756,2010-11,728.75,3
17757,2010-01,117.28,1
17757,2010-02,119.45,1
17757,2010-03,120.4,1
17757,2010-04,131.4,1
17757,2010-05,230.39000000000001,2
17757,2010-06,113.02,1
17757,2010-07,463.87,5
17757,2010-08,390.29,3
17757,2010-09,512.23,3
17757,2010-10,473.65,3
17757,2010-11,808.68,5
17757,2010-12,858.25,4
17757,2011-01,278.95,2
17757,2011-02,295.2,2
17757,2011-03,646.17,3
17757,2011-04,191.86,1
17757,2011-05,329.02,2
17757,2011-06,485.11,3
17757,2011-07,150.75,1
17757,2011-08,361.74,2
17757,2011-09,414.97,2
17757,2011-10,225.6,1
17757,2011-11,1227.72,5
17757,2011-12,416.55,2
17758,2010-05,434.96,1
17758,2010-10,1120.87,3
17758,2011-04,583.79,1
17758,2011-05,468.09000000000003,2
17758,2011-07,381.37,1
17758,2011-09,659.23,1
17758,2011-10,632.01,1
17758,2011-11,683.71,2
17759,2010-05,132.15,1
17759,2010-11,309.77,1
17759,2011-06,165.9,2
17759,2011-11,652.8100000000001,1
17760,2010-02,141.54,1
17760,2010-03,96.35,2
17760,2010-10,220.91,1
17760,2010-12,345.08,1
17760,2011-11,115.05,1
17761,2011-11,712.78,1
17762,2010-09,129.75,1
17763,2010-02,71.15,3
17763,2011-03,15.0,1
17764,2009-12,187.15,1
17764,2010-06,284.76,1
17764,2010-11,269.11,1
17764,2011-05,230.67000000000002,1
17764,2011-10,541.88,1
17765,2010-09,156.37,1
17765,2011-03,121.25,1
17765,2011-05,137.05,1
17765,2011-07,109.33,1
17766,2010-11,299.61,2
17767,2010-10,141.85,1
17767,2011-11,271.2,1
17768,2009-12,382.57,1
17768,2010-01,187.2,2
17768,2010-11,641.0600000000001,1
17768,2011-06,385.83,1
17768,2011-11,893.62,1
17768,2011-12,802.45,1
17769,2010-01,270.8,1
17769,2010-03,94.5,1
17769,2010-04,698.63,1
17769,2010-05,409.58,1
17769,2010-09,310.32,1
17769,2010-10,532.5,1
17769,2010-11,779.62,1
17769,2011-01,370.41,1
17769,2011-03,506.35,1
17769,2011-06,621.27,1
17769,2011-07,319.85,1
17769,2011-10,814.76,2
17769,2011-11,1324.79,4
17770,2011-03,864.77,2
17770,2011-05,278.5,3
17771,2010-04,16.0,1
17771,2010-09,125.6,1
17771,2011-01,115.8,1
17771,2011-10,129.53,1
17772,2010-11,187.3,1
17772,2011-11,173.45,2
17773,2010-01,366.35,1
17773,2010-07,209.02,1
17774,2010-02,541.66,1
17774,2010-03,256.48,1
17774,2010-07,409.0,1
17774,2010-08,552.57,1
17774,2010-11,299.39,1
17774,2011-02,219.98999999999998,1
17774,2011-04,375.0,1
17774,2011-07,383.2,1
17774,2011-09,235.54,1
17775,2011-03,56.4,1
17776,2009-12,207.75,1
17776,2010-11,121.55,1
17777,2011-08,189.79999999999998,1
17777,2011-10,242.85,1
17777,2011-11,214.91,1
17778,2010-02,197.70000000000002,1
17779,2011-07,323.09,1
17779,2011-09,158.17,1
17779,2011-11,169.06,1
17780,2010-01,152.75,1
17780,2010-02,193.81,2
17781,2011-03,102.0,1
17781,2011-07,86.02,1
17782,2010-11,679.02,2
17783,2010-07,93.49,1
17783,2011-04,112.41,1
17783,2011-09,171.06,1
17784,2010-06,112.86,1
17785,2010-05,115.25,1
17785,2010-09,156.19,1
17785,2011-10,131.94,1
17786,2011-01,103.35,1
17786,2011-09,163.5,1
17787,2010-12,1472.56,1
17787,2011-01,482.26,1
17787,2011-02,449.98,1
17787,2011-07,149.02,1
17788,2011-08,11.75,1
17788,2011-09,1101.2,1
17789,2010-02,171.25,1
17789,2011-03,225.9,1
17790,2010-06,205.74,1
17790,2010-07,116.85,1
17790,2010-08,247.5,2
17790,2010-11,245.02,2
17790,2010-12,399.55,5
17790,2011-02,116.8,1
17790,2011-04,107.07000000000001,1
17790,2011-05,273.59000000000003,2
17790,2011-07,261.28,2
17790,2011-08,205.22,1
17790,2011-10,327.28000000000003,1
17790,2011-11,273.51,1
17791,2011-11,106.1,1
17792,2010-08,368.35,2
17793,2011-11,300.34,1
17794,2010-01,147.3,2
17795,2011-03,155.69,1
17795,2011-06,187.14000000000001,1
17796,2010-10,141.29,1
17796,2010-11,405.1,2
17796,2010-12,229.3,1
17796,2011-01,499.45,2
17796,2011-10,75.9,1
17797,2009-12,205.73,1
17797,2010-01,106.05000000000001,1
17797,2010-03,298.74,1
17797,2010-05,314.54,1
17797,2010-11,266.38,1
17797,2011-06,272.41,1
17797,2011-11,508.02,2
17798,2010-05,172.17,1
17799,2009-12,334.46,1
17799,2010-01,614.1899999999999,1
17799,2010-03,487.49,1
17799,2010-04,331.93,2
17799,2010-06,373.11,2
17799,2010-08,586.36,1
17799,2010-09,230.02,1
17799,2010-11,250.2,1
17799,2010-12,223.48,1
17799,2011-01,787.23,2
17799,2011-03,264.76,2
17799,2011-04,111.75999999999999,1
17799,2011-06,741.1,2
17799,2011-09,386.65999999999997,1
17799,2011-11,524.18,1
17800,2011-01,136.05,1
17800,2011-03,103.65,1
17800,2011-05,115.15,1
17800,2011-07,239.65,2
17800,2011-08,169.8,1
17800,2011-09,139.5,1
17800,2011-10,155.11,1
17800,2011-11,127.30000000000001,1
17801,2010-01,382.44,1
17801,2010-06,124.77,1
17801,2010-09,262.82,1
17802,2009-12,522.95,2
17802,2010-04,481.75,1
17802,2010-07,972.24,1
17802,2010-08,398.37,1
17802,2010-11,1285.8700000000001,2
17802,2010-12,200.4,1
17802,2011-06,532.22,1
17802,2011-09,652.62,1
17803,2010-11,184.66,1
17804,2009-12,124.95,1
17804,2010-06,139.83,1
17804,2010-11,119.0,1
17805,2010-04,414.72,1
17805,2011-09,512.31,1
17806,2011-11,546.04,1
17807,2010-01,189.68,1
17807,2010-05,111.94,1
17807,2010-11,136.25,1
17808,2010-05,135.24,2
17808,2010-06,127.4,2
17809,2009-12,761.7,2
17809,2010-01,654.0,1
17809,2010-03,717.23,1
17809,2010-06,762.0,1
17809,2010-08,476.25,1
17809,2010-10,1302.8000000000002,2
17809,2010-12,2503.0,3
17809,2011-02,610.2,1
17809,2011-04,270.0,1
17809,2011-05,519.0,1
17809,2011-06,90.0,1
17809,2011-08,116.01,1
17809,2011-10,2118.8,2
17809,2011-11,436.4,2
17810,2010-01,279.07,1
17810,2010-02,64.14,1
17811,2010-09,383.98,2
17811,2010-11,1374.0,6
17811,2011-01,625.52,3
17811,2011-02,1986.45,5
17811,2011-03,508.21000000000004,4
17811,2011-04,230.93,2
17811,2011-05,530.82,3
17811,2011-06,271.81,2
17811,2011-07,261.61,2
17811,2011-08,229.36,2
17811,2011-09,542.9,4
17811,2011-10,830.4399999999999,4
17811,2011-11,1416.69,6
17811,2011-12,320.38,2
17812,2010-06,101.4,1
17812,2010-10,54.129999999999995,1
17812,2010-11,56.650000000000006,1
17812,2010-12,386.59999999999997,1
17812,2011-11,506.51,3
17813,2011-09,306.61,1
17813,2011-10,976.87,2
17813,2011-11,414.59,2
17814,2010-10,800.62,1
17814,2010-11,808.75,1
17815,2010-11,591.96,1
17816,2009-12,24.630000000000003,1
17816,2010-02,34.92,1
17816,2010-12,32.42,1
17816,2011-03,5.1,1
17816,2011-10,9.01,1
17816,2011-11,6.24,1
17817,2010-10,272.32,2
17817,2010-11,128.15,1
17817,2011-03,269.7,2
17817,2011-12,117.97999999999999,1
17818,2009-12,124.78,1
17819,2009-12,1157.1,2
17819,2010-02,131.4,1
17819,2010-05,796.6,1
17819,2010-09,231.07999999999998,1
17819,2010-12,1571.59,2
17819,2011-02,855.9999999999999,1
17819,2011-04,189.83999999999997,1
17819,2011-05,843.0600000000001,1
17819,2011-06,599.4499999999999,1
17819,2011-09,236.39999999999998,1
17820,2010-11,180.60999999999999,1
17821,2010-10,334.62,1
17822,2010-05,1074.92,2
17822,2010-10,1079.16,3
17823,2010-10,449.25,2
17824,2011-10,298.4,1
17825,2009-12,437.46,3
17825,2010-04,264.5,1
17826,2010-11,133.34,1
17827,2010-03,388.84,1
17827,2010-12,1270.96,3
17827,2011-04,309.51,1
17827,2011-12,406.86,1
17828,2011-06,703.16,2
17828,2011-08,173.5,1
17828,2011-11,288.43,1
17829,2010-02,1310.3000000000002,1
17829,2010-08,2047.28,1
17829,2010-10,509.92,2
17829,2011-02,889.24,1
17830,2011-02,188.5,1
17830,2011-03,99.15,1
17830,2011-12,111.05,1
17831,2011-11,35.400000000000006,1
17832,2011-10,155.37,1
17833,2009-12,338.46000000000004,1
17834,2010-09,412.68,1
17834,2010-10,276.99,1
17835,2011-11,228.1,2
17835,2011-12,114.14,1
17836,2011-10,109.83,1
17837,2011-06,113.89999999999999,1
17837,2011-07,256.71,2
17837,2011-09,158.04,1
17837,2011-10,1006.6800000000001,4
17838,2010-03,788.97,3
17838,2010-04,335.0,1
17838,2010-05,494.01,1
17838,2010-07,555.02,1
17838,2010-08,710.84,2
17838,2010-12,1805.72,2
17838,2011-02,752.14,1
17838,2011-09,612.4,1
17838,2011-11,453.40000000000003,1
17839,2011-10,318.15,1
17840,2010-09,175.9,1
17841,2009-12,2758.34,8
17841,2010-01,1868.6200000000001,7
17841,2010-02,1922.52,8
17841,2010-03,2467.76,9
17841,2010-04,2150.85,8
17841,2010-05,3208.4,7
17841,2010-06,2854.29,6
17841,2010-07,1550.73,6
17841,2010-08,1698.08,8
17841,2010-09,1577.2,5
17841,2010-10,2213.61,7
17841,2010-11,3753.56,8
17841,2010-12,4004.73,6
17841,2011-01,1948.73,9
17841,2011-02,1007.2,7
17841,2011-03,1467.55,9
17841,2011-04,1766.32,6
17841,2011-05,2806.39,10
17841,2011-06,3132.4900000000002,9
17841,2011-07,4076.42,12
17841,2011-08,3525.58,10
17841,2011-09,3618.2400000000002,10
17841,2011-10,5163.72,16
17841,2011-11,6989.34,16
17841,2011-12,2525.89,4
17842,2010-04,430.69,1
17843,2010-10,114.92,1
17843,2011-02,197.73,1
17844,2011-08,51.559999999999995,1
17845,2010-05,451.19,3
17845,2010-06,144.9,1
17847,2010-03,36.7,1
17847,2010-07,89.04,1
17848,2009-12,175.20000000000002,1
17848,2010-01,93.47,1
17848,2010-02,713.55,3
17848,2010-03,314.94,2
17848,2010-04,163.85,2
17848,2010-05,355.46,3
17848,2010-06,194.71,2
17848,2010-07,15.23,1
17848,2010-08,80.22,1
17848,2010-09,303.14,3
17848,2010-10,227.49,2
17848,2010-12,97.3,1
17848,2011-01,72.26,1
17848,2011-02,44.35,1
17848,2011-04,174.45999999999998,1
17848,2011-06,144.56,1
17848,2011-07,139.95,2
17848,2011-08,148.72,1
17848,2011-09,79.6,1
17849,2010-03,191.08,2
17849,2010-06,122.35,1
17849,2010-08,144.53,1
17849,2011-01,217.75,1
17849,2011-02,127.35000000000001,1
17849,2011-03,151.45000000000002,1
17849,2011-05,109.25,1
17850,2009-12,7411.14,15
17850,2010-01,8069.04,18
17850,2010-02,1510.06,3
17850,2010-03,2429.44,6
17850,2010-04,7050.72,19
17850,2010-07,9595.65,20
17850,2010-09,9751.61,40
17850,2010-12,10782.42,34
17851,2009-12,1130.68,3
17851,2010-01,203.78,1
17851,2010-07,104.35,1
17851,2010-10,113.54,1
17852,2009-12,380.36,2
17852,2010-11,163.11,1
17852,2011-11,114.34,2
17853,2009-12,584.35,1
17853,2010-08,477.26,1
17853,2010-10,534.6800000000001,1
17854,2009-12,135.94,1
17854,2010-07,133.24,2
17854,2010-09,488.06,1
17854,2011-04,111.76,1
17854,2011-06,199.5,1
17855,2010-12,417.94,1
17856,2011-03,1067.93,2
17856,2011-04,74.7,1
17856,2011-12,275.4,1
17857,2010-03,468.0,1
17857,2010-12,2675.9,2
17857,2011-02,786.8399999999999,1
17857,2011-03,108.5,1
17857,2011-04,6367.2,3
17857,2011-05,180.6,2
17857,2011-06,931.44,2
17857,2011-08,3977.64,2
17857,2011-09,1146.6,2
17857,2011-10,3390.0,1
17857,2011-11,4511.92,4
17857,2011-12,2560.1,2
17858,2009-12,1136.3700000000001,2
17858,2010-02,1839.01,3
17858,2010-04,736.89,2
17858,2010-06,138.7,1
17858,2010-07,219.82000000000002,1
17858,2010-08,226.70000000000002,1
17858,2010-09,1572.75,3
17858,2010-10,253.15,2
17858,2010-11,1254.6,3
17858,2010-12,1778.1,2
17858,2011-01,224.75,1
17858,2011-02,326.4,1
17858,2011-03,511.8,2
17858,2011-06,484.4,1
17858,2011-08,552.05,2
17858,2011-09,266.14,1
17858,2011-10,469.55,1
17858,2011-12,763.72,1
17859,2011-02,141.92000000000002,1
17860,2009-12,246.94,2
17860,2010-10,244.0,1
17860,2010-12,452.90000000000003,1
17861,2009-12,328.99,1
17861,2010-01,785.2,2
17861,2010-03,327.4,1
17861,2010-04,354.09,1
17861,2010-07,331.36,2
17861,2010-09,150.32,1
17861,2010-11,713.05,2
17861,2011-01,241.85999999999999,1
17861,2011-03,216.12,1
17861,2011-07,841.51,3
17861,2011-11,360.65,2
17861,2011-12,437.74,1
17862,2010-05,150.83,1
17862,2010-11,773.16,2
17862,2011-01,330.9,1
17863,2010-02,335.58,1
17863,2010-05,422.4,1
17863,2010-06,264.24,1
17863,2010-07,368.8,1
17863,2010-09,422.76,1
17863,2010-10,386.7,1
17863,2010-12,769.4399999999999,1
17863,2011-02,505.98,1
17863,2011-03,481.2,1
17863,2011-07,413.38,1
17863,2011-09,342.02,1
17863,2011-10,1032.7,1
17864,2010-10,207.01,1
17864,2010-11,114.71000000000001,1
17864,2011-03,200.85,1
17864,2011-09,237.22,1
17864,2011-11,116.78,1
17865,2009-12,2953.81,6
17865,2010-01,1356.63,1
17865,2010-03,240.9,1
17865,2010-04,2372.0,3
17865,2010-05,463.23,1
17865,2010-06,970.2,1
17865,2010-07,1740.35,3
17865,2010-08,1303.05,3
17865,2010-09,1036.09,3
17865,2010-10,1416.96,2
17865,2010-11,1932.65,2
17865,2010-12,1079.83,2
17865,2011-02,1251.52,2
17865,2011-03,398.22,1
17865,2011-04,569.2,1
17865,2011-05,862.89,1
17865,2011-06,102.0,1
17865,2011-07,831.34,1
17865,2011-08,1920.24,3
17865,2011-09,1497.74,5
17865,2011-10,880.5,2
17865,2011-11,1130.74,1
17866,2009-12,149.5,1
17866,2010-08,655.8000000000001,1
17866,2011-07,329.65,1
17867,2009-12,110.55000000000001,2
17867,2010-04,43.75,1
17867,2010-06,24.0,1
17867,2010-07,141.29999999999998,1
17867,2010-09,54.0,2
17867,2010-10,29.25,1
17867,2011-02,25.5,1
17867,2011-05,578.5500000000001,1
17867,2011-07,353.43,2
17867,2011-11,200.39000000000001,2
17868,2010-11,227.15,1
17869,2010-06,155.19,1
17869,2010-08,230.27,1
17869,2010-12,428.64,1
17869,2011-04,91.09,1
17869,2011-05,5.55,1
17869,2011-08,117.22,2
17870,2010-11,887.3999999999999,1
17870,2010-12,652.8,1
17870,2011-07,168.26,4
17870,2011-08,106.91,1
17870,2011-09,303.59000000000003,2
17870,2011-10,200.55,1
17870,2011-11,510.33,2
17870,2011-12,249.85,1
17871,2010-01,230.48,1
17871,2010-05,293.06,1
17871,2010-10,322.44,1
17871,2010-11,67.07,1
17871,2011-05,155.9,1
17872,2010-11,235.87,1
17873,2009-12,592.76,2
17873,2010-02,676.59,2
17873,2010-03,344.3,1
17873,2010-05,359.85,1
17873,2010-07,448.59000000000003,2
17873,2010-08,541.1700000000001,2
17873,2010-09,250.8,1
17873,2010-10,579.75,1
17873,2010-11,622.56,1
17873,2010-12,409.9,1
17873,2011-03,485.78000000000003,1
17873,2011-04,490.05000000000007,1
17873,2011-06,266.76000000000005,1
17873,2011-09,272.04,1
17874,2011-03,65.16000000000001,1
17874,2011-04,495.54,4
17874,2011-06,122.76,1
17875,2010-01,167.1,1
17876,2010-02,777.4,1
17876,2010-04,841.62,1
17876,2010-11,1805.0,1
17877,2011-06,237.61,1
17878,2010-11,999.48,2
17878,2011-10,379.45,1
17879,2011-06,178.51999999999998,1
17880,2009-12,171.6,1
17880,2010-03,194.4,1
17880,2010-12,458.92,1
17881,2011-02,133.35000000000002,1
17882,2010-11,291.56,2
17883,2010-02,168.48,1
17883,2010-06,155.6,2
17883,2011-04,119.35,1
17883,2011-09,78.45,1
17883,2011-11,285.35,1
17883,2011-12,181.19,1
17884,2009-12,444.03000000000003,4
17884,2010-02,405.52,2
17884,2010-04,252.32,2
17884,2010-06,475.94,3
17884,2010-08,98.0,1
17884,2010-09,39.92,2
17884,2010-10,102.33,1
17884,2010-11,180.34,1
17884,2010-12,645.04,2
17884,2011-02,268.02,1
17884,2011-12,104.53,1
17885,2011-11,156.34,1
17886,2010-04,144.2,1
17886,2010-08,164.78,1
17886,2010-09,394.29,1
17886,2011-04,219.94,1
17886,2011-05,157.77,1
17886,2011-11,491.57,1
17887,2011-08,111.35,1
17888,2009-12,63.25,1
17888,2010-01,115.49,1
17888,2010-02,199.75,2
17888,2010-04,139.62,2
17888,2010-05,258.93,2
17888,2010-06,121.0,3
17888,2010-08,49.5,1
17888,2010-09,15.600000000000001,1
17888,2010-10,44.550000000000004,1
17888,2010-11,83.75,3
17888,2010-12,29.43,1
17888,2011-01,82.65,1
17888,2011-05,56.65,1
17888,2011-07,128.27,1
17888,2011-09,58.599999999999994,1
17888,2011-10,250.9,1
17888,2011-11,109.5,2
17889,2010-03,16.44,1
17889,2010-11,528.61,4
17889,2011-01,99.35,1
17889,2011-05,102.02,1
17890,2010-12,463.01,1
17890,2011-01,123.88,1
17891,2011-06,203.85999999999999,1
17892,2011-07,142.1,1
17892,2011-10,102.0,2
17893,2011-04,107.21,1
17894,2010-08,132.34,1
17894,2010-10,340.23,3
17894,2010-11,713.0500000000001,6
17894,2010-12,621.35,4
17894,2011-01,93.60000000000001,1
17894,2011-02,258.4,1
17894,2011-09,251.96,2
17895,2011-10,95.45,1
17896,2011-11,256.32,1
17897,2010-05,371.08,2
17897,2010-06,405.84999999999997,2
17897,2010-07,542.03,1
17897,2010-11,192.27,1
17897,2010-12,821.34,2
17897,2011-06,131.14,1
17898,2010-05,114.88,1
17898,2010-09,32.24,1
17898,2011-05,99.84,1
17898,2011-09,52.22,1
17899,2011-07,154.55,1
17900,2011-06,112.19999999999999,2
17901,2010-07,149.7,2
17901,2011-11,110.38,1
17902,2010-06,216.39999999999998,1
17903,2010-11,381.09000000000003,1
17904,2011-11,181.07,1
17905,2010-01,176.43,2
17905,2010-02,231.55999999999997,1
17905,2010-03,528.59,3
17905,2010-05,166.69,1
17905,2010-06,121.05,1
17905,2010-09,145.06,1
17905,2010-12,593.4,2
17905,2011-07,224.84,1
17905,2011-09,181.25,1
17906,2011-04,72.9,1
17907,2010-03,291.76,1
17908,2009-12,398.96,1
17908,2010-04,122.21,1
17908,2010-07,147.44,1
17908,2010-10,241.83,1
17908,2010-12,464.06,1
17909,2009-12,110.05,1
17910,2009-12,261.7,1
17911,2011-11,366.23,1
17912,2010-11,61.54,1
17912,2010-12,288.46,4
17912,2011-02,21.6,1
17913,2009-12,625.29,3
17913,2010-03,203.37,1
17913,2010-04,560.35,1
17913,2010-05,150.21,1
17913,2010-06,218.19,1
17913,2010-07,254.69,1
17913,2010-08,371.66,1
17913,2010-09,253.69,1
17913,2010-10,167.04,1
17913,2010-11,211.95000000000002,1
17913,2010-12,218.05,1
17913,2011-10,190.6,1
17914,2011-12,329.36,1
17915,2010-06,225.78,1
17916,2009-12,25.46,1
17916,2010-03,18.41,1
17917,2010-12,107.16,1
17917,2011-03,119.55,1
17917,2011-10,108.32,1
17918,2010-07,388.44,3
17919,2010-09,536.28,1
17919,2011-09,1304.04,1
17920,2009-12,1888.95,4
17920,2010-01,3752.1,4
17920,2010-02,849.86,1
17920,2010-03,2416.78,5
17920,2010-04,3761.25,5
17920,2010-05,3949.87,7
17920,2010-06,1263.58,3
17920,2010-07,217.4,2
17920,2010-10,765.0,3
17920,2010-11,597.49,3
17920,2010-12,1326.12,2
17920,2011-01,159.85,1
17920,2011-04,417.93,1
17920,2011-05,259.9,1
17920,2011-07,619.83,3
17920,2011-08,196.32999999999998,1
17920,2011-09,227.0,1
17920,2011-10,251.88,1
17920,2011-11,820.75,4
17920,2011-12,491.07,2
17921,2010-07,621.89,2
17921,2010-08,184.8,1
17921,2010-09,250.19,1
17921,2010-11,517.25,2
17921,2011-03,278.07,1
17921,2011-06,161.89000000000001,1
17921,2011-07,155.51,1
17921,2011-10,224.76,1
17922,2010-06,170.4,1
17923,2010-06,289.5,2
17923,2011-03,207.50000000000003,1
17924,2010-10,295.20000000000005,1
17924,2010-12,558.0,1
17924,2011-02,223.20000000000002,1
17924,2011-10,2167.7400000000002,3
17924,2011-11,292.56,2
17925,2010-12,488.16,1
17926,2010-05,178.3,1
17926,2010-09,459.9,2
17926,2011-05,211.73000000000002,1
17926,2011-07,185.56,1
17927,2009-12,294.0,1
17928,2010-05,128.7,1
17928,2011-04,78.25999999999999,1
17928,2011-10,106.2,1
17929,2009-12,392.40000000000003,1
17929,2010-02,196.20000000000002,1
17929,2010-07,308.0,2
17929,2010-09,580.6,2
17929,2010-10,571.5,1
17929,2010-11,190.4,1
17929,2011-02,196.20000000000002,1
17929,2011-03,238.79999999999998,1
17929,2011-08,272.0,1
17929,2011-11,136.0,1
17930,2010-03,570.8,2
17930,2010-05,334.56,1
17930,2010-07,698.78,2
17930,2010-08,305.96000000000004,1
17930,2010-10,315.84000000000003,1
17930,2010-11,308.8,1
17930,2011-04,390.6,1
17930,2011-06,303.53999999999996,1
17930,2011-09,296.46,1
17930,2011-10,323.04,1
17930,2011-11,426.84000000000003,1
17931,2010-02,357.39,1
17931,2010-03,245.34,4
17931,2010-04,562.26,1
17931,2010-06,861.34,2
17931,2010-07,134.95,1
17931,2010-08,202.18,1
17931,2010-10,478.33000000000004,1
17931,2010-11,152.09,1
17931,2011-03,297.2,1
17931,2011-07,111.16000000000001,1
17932,2011-05,589.01,1
17932,2011-06,345.5,1
17932,2011-11,397.06,1
17933,2010-03,105.99,1
17934,2010-10,344.90000000000003,1
17934,2011-10,704.25,2
17935,2009-12,106.25,1
17935,2010-03,119.0,1
17935,2010-10,187.25,2
17935,2010-11,127.85,1
17935,2011-07,142.89,2
17936,2011-12,380.13,1
17937,2010-12,2153.88,2
17937,2011-02,540.0,1
17937,2011-03,633.6,1
17937,2011-08,287.04,1
17937,2011-11,326.4,1
17937,2011-12,360.3,1
17938,2010-10,144.29,1
17939,2011-07,99.14,1
17940,2009-12,4380.0,1
17940,2010-03,11900.0,2
17940,2010-05,6250.0,1
17940,2010-09,3707.4,1
17940,2011-02,1045.44,1
17940,2011-03,181.44,1
17940,2011-04,172.8,1
17940,2011-05,108.0,1
17940,2011-06,215.5,2
17940,2011-08,237.0,2
17940,2011-10,192.0,1
17941,2010-01,414.71999999999997,1
17941,2010-02,408.0,1
17941,2010-04,306.0,1
17941,2011-08,304.56,1
17942,2011-12,77.50000000000001,1
17944,2010-10,74.99,1
17945,2010-01,359.5,3
17946,2011-03,17.549999999999997,1
17946,2011-04,132.03,1
17947,2011-11,176.68,1
17948,2011-07,358.56000000000006,1
17949,2009-12,5749.56,10
17949,2010-01,2535.0,6
17949,2010-02,1912.08,8
17949,2010-03,8758.92,10
17949,2010-04,3215.76,8
17949,2010-05,2973.24,4
17949,2010-06,915.6,3
17949,2010-07,5265.36,5
17949,2010-08,2154.24,3
17949,2010-09,6775.679999999999,9
17949,2010-10,5669.999999999999,3
17949,2010-11,3877.56,3
17949,2010-12,2628.0,1
17949,2011-01,432.0,1
17949,2011-02,432.0,2
17949,2011-03,1988.1,2
17949,2011-04,1642.5,1
17949,2011-05,3250.2,6
17949,2011-06,21263.18,8
17949,2011-07,11590.58,4
17949,2011-08,3413.04,4
17949,2011-09,6891.6,6
17949,2011-10,2218.56,3
17949,2011-11,720.0,1
17949,2011-12,2874.7200000000003,5
17950,2010-01,131.95,1
17950,2010-05,174.03,1
17950,2010-07,223.06,1
17950,2010-10,155.05,1
17950,2010-12,526.34,2
17950,2011-09,219.03,1
17951,2010-10,332.04,1
17951,2010-12,705.0000000000001,2
17951,2011-10,599.0400000000001,1
17952,2010-06,360.11,2
17952,2010-11,428.35,2
17953,2010-06,148.67000000000002,1
17954,2009-12,670.42,3
17954,2010-02,228.81,1
17954,2010-03,25.95,1
17954,2010-06,240.96,1
17954,2010-11,321.56,1
17954,2010-12,257.36,2
17954,2011-01,254.54,1
17954,2011-02,325.54,1
17954,2011-03,242.69,2
17954,2011-04,228.15,1
17954,2011-06,467.9,2
17954,2011-08,237.71,1
17954,2011-10,149.55,1
17954,2011-12,279.37,1
17955,2010-02,392.6,2
17955,2011-05,557.3,4
17956,2011-04,12.75,1
17957,2011-10,110.72,1
17958,2009-12,465.42,1
17958,2011-08,508.4599999999999,1
17959,2010-04,140.75,1
17960,2010-03,10.9,1
17960,2010-07,50.400000000000006,1
17960,2011-06,73.78,1
17961,2009-12,742.08,12
17961,2010-01,76.9,3
17961,2010-02,62.419999999999995,6
17961,2010-03,83.35,6
17961,2010-04,107.17,6
17961,2010-05,111.1,6
17961,2010-06,37.35,3
17961,2010-07,103.84,4
17961,2010-08,130.9,6
17961,2010-09,54.79,3
17961,2010-10,26.55,4
17961,2010-11,33.85,2
17961,2010-12,697.3,3
17961,2011-01,13.1,2
17961,2011-02,27.58,2
17961,2011-03,64.82,5
17961,2011-04,56.69,3
17961,2011-05,142.45,5
17961,2011-06,94.06,5
17961,2011-07,184.04,4
17961,2011-08,27.13,2
17961,2011-09,90.27,5
17961,2011-11,26.55,3
17962,2010-01,366.23,1
17962,2010-06,197.27,2
17962,2011-07,102.41,1
17963,2010-01,171.17,1
17963,2010-06,139.76999999999998,1
17963,2010-07,140.07,1
17963,2010-08,192.14999999999998,1
17964,2010-12,523.52,1
17964,2011-11,201.45,1
17965,2009-12,266.98,1
17965,2010-01,741.63,1
17965,2010-02,538.9300000000001,2
17965,2010-03,595.62,1
17965,2010-05,553.62,2
17965,2010-06,98.48,2
17965,2010-07,334.56,1
17965,2010-09,104.6,1
17965,2010-10,472.69,2
17965,2010-11,696.6,2
17965,2010-12,301.1,2
17965,2011-01,589.5500000000001,2
17965,2011-03,313.58,1
17965,2011-04,270.1,1
17965,2011-06,140.06,1
17965,2011-07,423.89,3
17965,2011-09,363.68,2
17965,2011-10,44.71,1
17965,2011-11,303.07,1
17966,2010-01,381.92,2
17966,2010-03,292.47,1
17966,2010-04,191.1,2
17966,2011-03,147.0,1
17966,2011-06,136.5,1
17966,2011-07,310.93,2
17966,2011-11,504.0,1
17967,2010-10,111.14999999999999,1
17967,2010-12,224.54,1
17968,2010-07,128.54,1
17968,2010-11,196.79999999999998,2
17968,2010-12,530.2,1
17969,2009-12,435.8,4
17969,2010-01,286.65999999999997,2
17969,2010-02,300.5,3
17969,2010-03,227.85,2
17969,2010-04,250.75,2
17969,2010-05,239.03,2
17969,2010-06,112.55,1
17969,2010-07,272.95,2
17969,2010-12,125.2,1
17969,2011-06,103.0,1
17970,2011-05,562.79,1
17971,2010-06,161.94,1
17972,2011-04,135.19,1
17973,2011-10,337.04,1
17974,2010-10,207.25,1
17974,2010-11,827.85,2
17974,2011-05,164.07,1
17974,2011-10,135.55,1
17974,2011-11,404.37,1
17975,2010-08,108.60000000000001,1
17975,2010-09,464.38,2
17975,2010-10,935.75,5
17975,2010-11,704.34,3
17975,2010-12,935.59,2
17975,2011-01,431.88000000000005,1
17975,2011-02,325.41,1
17975,2011-03,488.06000000000006,1
17975,2011-04,762.5500000000001,1
17975,2011-05,147.48,1
17975,2011-07,625.47,3
17975,2011-08,544.8100000000001,1
17975,2011-10,285.19,1
17975,2011-11,247.62,1
17976,2010-12,643.58,1
17977,2010-11,1223.31,1
17977,2011-11,288.14,1
17978,2009-12,123.1,1
17978,2010-01,164.95000000000002,1
17978,2010-10,571.02,1
17978,2010-12,601.8399999999999,1
17979,2011-03,231.67,2
17979,2011-06,262.87,1
17979,2011-11,234.47,1
17980,2010-11,201.27,1
17980,2010-12,295.2,1
17980,2011-05,267.55,1
17980,2011-06,248.7,1
17981,2010-10,239.12,1
17982,2010-01,138.18,1
17983,2010-11,171.71,1
17984,2009-12,212.63,1
17984,2010-08,221.7,1
17984,2010-11,561.68,2
17984,2011-07,152.68,1
17985,2011-11,631.35,1
17986,2011-10,20.8,1
17987,2010-06,173.98,1
17987,2010-11,592.89,3
17987,2011-06,198.57,1
17988,2009-12,190.32,3
17988,2010-07,77.6,2
17988,2010-08,16.65,1
17988,2011-01,64.99000000000001,1
17988,2011-07,13.370000000000001,1
17988,2011-08,67.64,3
17988,2011-11,55.12,2
17989,2010-11,207.32999999999998,1
17990,2009-12,332.70000000000005,1
17990,2010-06,202.98000000000002,1
17990,2010-11,361.09000000000003,1
17990,2010-12,316.0,2
17990,2011-04,314.84000000000003,1
17991,2010-04,205.3,1
17991,2011-04,93.35,2
17992,2010-11,252.88,1
17993,2010-04,225.99,1
17994,2010-03,573.34,1
17994,2010-05,244.26,1
17994,2010-06,123.86,1
17994,2010-07,410.34000000000003,2
17994,2010-10,125.45,1
17994,2010-11,111.89,1
17994,2011-02,305.3,1
17994,2011-03,21.9,1
17994,2011-06,226.98,1
17994,2011-08,120.71000000000001,1
17995,2010-11,419.38,2
17995,2011-03,76.1,1
17996,2010-06,262.9,2
17996,2010-11,206.82999999999998,1
17997,2011-06,322.53,1
17997,2011-07,945.98,3
17997,2011-09,693.95,4
17998,2009-12,319.19,2
17998,2010-11,320.05,1
17999,2010-11,148.07,1
17999,2010-12,380.68,1
17999,2011-11,190.05,1
18000,2010-05,124.25,1
18001,2009-12,176.6,1
18001,2010-06,101.1,1
18001,2010-09,231.31,2
18001,2011-09,250.13,1
18001,2011-11,165.0,1
18002,2009-12,44.32,1
18002,2010-03,23.4,1
18002,2010-07,101.8,1
18002,2010-11,68.1,1
18003,2010-11,353.51,1
18004,2010-12,157.92,1
18005,2011-10,132.07,1
18005,2011-12,94.4,1
18006,2009-12,53.55,1
18006,2010-04,274.58,1
18006,2010-11,196.7,1
18006,2011-11,444.68,1
18007,2010-11,215.22,1
18008,2010-01,1077.6,2
18008,2010-02,158.45,1
18008,2010-03,112.9,1
18008,2010-04,90.44,2
18008,2010-05,34.5,1
18008,2010-06,13636.5,3
18008,2010-09,281.7,2
18008,2010-10,2250.8,2
18008,2011-01,130.81,1
18008,2011-03,760.1,2
18008,2011-04,777.5,2
18008,2011-05,397.0,2
18008,2011-09,50.78,2
18009,2010-02,252.26,1
18009,2010-03,255.69,1
18009,2010-04,1107.61,3
18009,2010-05,153.15,1
18009,2010-06,128.13,1
18009,2011-04,247.39,1
18010,2011-03,174.8,1
18011,2010-05,308.0,1
18011,2010-12,205.57999999999998,1
18012,2009-12,115.3,1
18013,2011-07,187.29,2
18014,2011-11,154.27,1
18015,2011-12,120.03,1
18016,2010-01,201.20000000000002,1
18016,2010-10,275.7,1
18016,2010-12,156.65,1
18016,2011-01,162.2,1
18016,2011-06,164.01,1
18016,2011-09,624.55,1
18016,2011-11,370.25,1
18017,2010-10,165.0,1
18017,2011-02,165.0,1
18017,2011-06,179.0,1
18017,2011-09,179.0,1
18018,2010-10,141.3,1
18018,2010-11,34.55,1
18018,2011-05,37.45,1
18018,2011-08,84.69,1
18019,2011-10,38.45,1
18020,2010-06,190.48000000000002,1
18021,2010-07,216.41,2
18022,2010-06,172.51,1
18022,2010-10,302.12,1
18022,2010-11,419.27,2
18022,2011-11,612.72,1
18024,2011-07,389.78,2
18025,2010-03,258.45,1
18025,2010-05,234.39000000000001,1
18025,2010-10,347.77,1
18025,2010-11,337.11,3
18026,2010-07,2074.07,2
18027,2011-09,115.31,1
18028,2010-05,192.05,1
18029,2010-03,433.77,1
18030,2011-10,121.1,1
18030,2011-12,109.55,1
18031,2010-11,451.3,1
18032,2011-01,73.5,1
18033,2011-10,93.82000000000001,1
18034,2010-11,334.67,1
18034,2011-11,418.68,2
18035,2010-11,546.34,2
18035,2011-10,478.53,2
18035,2011-11,235.35999999999999,1
18036,2009-12,70.80000000000001,1
18036,2010-01,176.35,1
18036,2010-06,199.93,1
18036,2010-07,216.6,2
18036,2010-09,168.23,1
18036,2010-11,310.46,2
18036,2011-04,109.95,1
18036,2011-08,143.74,1
18036,2011-11,149.43,1
18037,2009-12,27.65,3
18037,2010-01,18.75,2
18037,2010-03,23.75,2
18037,2010-06,7.95,1
18037,2010-10,19.3,1
18037,2010-12,31.3,1
18037,2011-01,8.25,1
18037,2011-03,3.9,1
18037,2011-04,17.369999999999997,2
18037,2011-07,9.2,1
18038,2010-06,141.48,1
18039,2010-03,120.97,1
18039,2010-05,129.19,1
18039,2010-06,127.35,1
18039,2010-11,170.71,1
18040,2011-04,239.0,1
18040,2011-11,118.2,1
18041,2010-01,726.16,2
18041,2010-02,688.53,2
18041,2010-03,338.57,2
18041,2010-05,606.81,1
18041,2010-06,276.32,2
18041,2010-08,177.45,1
18041,2010-09,508.28999999999996,3
18041,2010-10,258.19,2
18041,2010-11,341.08,2
18041,2010-12,1229.78,3
18041,2011-01,522.93,2
18041,2011-02,370.36,2
18041,2011-03,575.37,3
18041,2011-04,83.89,1
18041,2011-05,384.16999999999996,2
18041,2011-06,105.0,1
18041,2011-07,109.01,1
18041,2011-08,232.49,1
18041,2011-09,490.92,2
18041,2011-11,608.34,3
18042,2010-06,116.1,1
18042,2011-10,165.04999999999998,1
18043,2010-12,575.82,1
18043,2011-05,133.68,1
18043,2011-11,107.7,1
18044,2010-05,53.86,1
18044,2010-06,548.2,2
18044,2010-09,284.87,2
18044,2010-10,335.39,1
18044,2010-11,194.69,2
18044,2010-12,74.25,1
18044,2011-03,361.37,2
18044,2011-04,124.15,1
18044,2011-05,323.44,2
18044,2011-06,222.32,1
18044,2011-09,431.97,1
18044,2011-11,340.2,1
18044,2011-12,210.9,1
18045,2011-10,178.34,1
18046,2010-02,189.63,1
18047,2010-11,326.09,2
18048,2010-08,222.64,1
18048,2011-05,172.29000000000002,2
18049,2010-04,261.93,1
18049,2010-09,238.57,1
18050,2010-11,337.66,1
18050,2010-12,74.4,1
18051,2009-12,701.1,2
18051,2010-01,655.18,2
18051,2010-02,619.02,2
18051,2010-03,306.98,1
18052,2010-05,10877.18,1
18053,2010-06,241.2,1
18053,2010-07,29.849999999999998,1
18053,2011-09,300.02,1
18054,2010-11,176.5,1
18055,2010-10,1391.51,1
18055,2010-11,1989.79,3
18055,2010-12,2751.6,3
18055,2011-02,642.9100000000001,2
18055,2011-05,968.5,1
18055,2011-08,310.33,1
18055,2011-09,1233.01,1
18055,2011-10,991.7,1
18055,2011-12,863.77,1
18056,2010-03,190.95,1
18056,2011-02,363.65,1
18057,2010-01,297.32,1
18057,2010-04,670.07,1
18057,2010-11,200.75,1
18058,2010-02,301.2,1
18058,2010-06,302.7,1
18058,2011-11,170.16,1
18059,2011-10,219.86,2
18059,2011-11,86.6,1
18060,2010-05,464.40000000000003,1
18060,2010-10,721.06,1
18061,2009-12,567.36,2
18061,2010-01,616.8,3
18061,2010-02,147.0,1
18061,2010-03,426.15,2
18061,2010-04,471.02000000000004,1
18061,2010-05,510.74,2
18061,2010-07,270.08,2
18061,2010-08,196.5,1
18061,2010-10,174.0,1
18061,2010-11,584.75,3
18061,2010-12,810.32,1
18061,2011-01,304.02,1
18061,2011-02,108.15,1
18061,2011-04,213.8,1
18061,2011-05,159.49,1
18061,2011-06,147.75,1
18061,2011-07,213.70000000000002,1
18061,2011-08,241.44,1
18061,2011-10,233.5,1
18061,2011-11,92.4,1
18062,2010-04,422.75,1
18062,2010-10,260.7,1
18062,2010-11,228.7,1
18062,2011-01,169.8,1
18062,2011-05,316.12,1
18062,2011-06,234.6,1
18063,2010-03,102.0,1
18063,2010-11,84.60000000000001,1
18064,2010-02,452.4,1
18064,2010-03,650.76,1
18064,2010-04,772.43,2
18064,2010-05,606.88,2
18064,2010-07,379.26,1
18064,2010-09,806.1,2
18064,2011-04,408.0,1
18064,2011-07,406.0,1
18065,2009-12,306.9,2
18065,2010-01,137.1,1
18065,2010-02,329.23,1
18065,2010-04,845.57,2
18065,2010-07,325.6,1
18065,2010-08,448.1,2
18065,2010-10,812.4,3
18065,2010-11,248.9,2
18065,2010-12,345.02,2
18065,2011-02,405.03000000000003,1
18065,2011-05,397.68,3
18065,2011-06,264.42,2
18065,2011-09,537.04,3
18065,2011-12,443.64,3
18066,2010-10,751.3,1
18066,2010-11,371.1,1
18066,2011-09,318.0,1
18067,2011-10,396.33,1
18068,2011-02,101.69999999999999,1
18069,2010-02,379.59000000000003,2
18069,2010-04,506.34,1
18069,2010-05,411.94,1
18069,2010-09,671.34,1
18069,2010-11,470.57,1
18069,2011-01,287.11,1
18069,2011-04,386.9,1
18069,2011-06,304.31,1
18069,2011-09,782.85,1
18069,2011-11,248.07,1
18070,2010-02,314.1,1
18071,2009-12,407.55,2
18071,2010-08,309.13,2
18071,2010-12,517.9,1
18071,2011-03,194.05,1
18072,2011-06,247.44,1
18073,2011-05,241.08,2
18073,2011-06,1140.2,5
18073,2011-07,869.7600000000001,3
18073,2011-08,1608.7800000000002,2
18074,2010-07,529.84,1
18074,2010-12,979.2,1
18075,2010-07,627.62,1
18075,2010-09,1058.49,4
18075,2010-10,594.24,2
18075,2010-11,891.19,3
18075,2010-12,198.95000000000002,1
18075,2011-01,333.08000000000004,1
18075,2011-02,78.62,1
18075,2011-03,518.53,2
18075,2011-05,141.54000000000002,1
18075,2011-06,282.23,1
18075,2011-08,404.8,1
18075,2011-10,300.02000000000004,1
18075,2011-11,353.98,1
18076,2010-11,151.49,1
18077,2009-12,534.7,3
18077,2010-02,218.53,1
18077,2010-03,150.34,1
18077,2010-08,201.07,1
18077,2010-11,389.74,1
18077,2010-12,601.2,2
18077,2011-01,315.13,1
18077,2011-04,167.92,1
18077,2011-06,226.39,1
18077,2011-08,516.5699999999999,2
18077,2011-10,370.87,2
18077,2011-11,335.86,1
18077,2011-12,255.34,1
18078,2010-03,256.22,1
18078,2010-10,133.18,1
18078,2011-03,197.94,1
18078,2011-05,138.19,1
18079,2010-08,590.78,1
18079,2011-04,1612.83,1
18079,2011-08,593.35,1
18079,2011-10,1406.97,2
18080,2011-04,841.4999999999999,1
18080,2011-11,390.0,1
18081,2011-07,113.25000000000001,1
18081,2011-08,94.80000000000001,1
18081,2011-11,135.4,1
18082,2011-11,680.84,1
18083,2010-11,463.53,1
18084,2010-11,704.75,2
18084,2011-11,90.47999999999999,1
18085,2010-03,258.75,1
18085,2010-11,393.15000000000003,1
18085,2010-12,607.8,1
18085,2011-01,386.05,1
18086,2011-03,101.34,1
18087,2009-12,989.74,4
18087,2010-01,304.76,1
18087,2010-02,315.6,1
18087,2010-03,303.0,1
18087,2010-04,313.92,1
18087,2010-08,5737.32,1
18087,2010-09,306.0,1
18087,2010-11,2435.46,5
18087,2011-02,3202.9199999999996,1
18088,2011-10,166.03,1
18089,2010-09,428.45,1
18090,2010-10,321.9,1
18091,2010-04,360.85,1
18092,2009-12,2276.2200000000003,3
18092,2010-02,968.78,1
18092,2010-05,1236.6000000000001,1
18092,2010-08,500.40000000000003,1
18092,2010-09,643.46,1
18092,2010-12,4338.36,3
18092,2011-01,259.20000000000005,1
18092,2011-04,884.4,1
18092,2011-06,673.8,2
18092,2011-08,1181.44,1
18092,2011-09,1304.04,1
18092,2011-11,1350.9,1
18092,2011-12,561.84,1
18093,2010-03,349.20000000000005,1
18093,2010-04,325.43,1
18093,2010-08,1051.88,1
18093,2010-09,619.6800000000001,1
18093,2011-02,1117.52,2
18093,2011-08,899.36,1
18093,2011-09,89.64,1
18094,2010-01,854.72,1
18094,2010-05,1318.18,4
18094,2010-09,1201.32,1
18094,2011-02,504.72,1
18094,2011-04,639.48,1
18094,2011-05,633.0,1
18094,2011-07,625.1,2
18094,2011-09,615.0,2
18095,2010-04,1021.04,1
18095,2010-05,406.32,1
18095,2010-10,295.68,1
18095,2011-01,580.0500000000001,2
18096,2010-07,357.14,2
18096,2010-09,431.96,1
18096,2011-10,573.92,2
18096,2011-11,275.14,1
18097,2009-12,171.26,1
18097,2010-07,400.74,1
18097,2010-08,495.56,1
18097,2010-09,476.76,1
18097,2010-11,421.20000000000005,1
18097,2010-12,182.52,1
18097,2011-01,474.66,1
18097,2011-05,799.38,1
18097,2011-08,529.64,2
18097,2011-12,676.2,1
18098,2010-11,527.94,1
18099,2011-08,168.31,1
18100,2010-06,451.56,1
18101,2010-02,112.5,1
18101,2010-11,287.11,2
18101,2011-07,110.23,1
18101,2011-11,112.17,1
18102,2009-12,41005.74,9
18102,2010-01,38555.3,6
18102,2010-02,24019.4,7
18102,2010-03,21215.11,8
18102,2010-04,16596.55,10
18102,2010-05,13174.25,5
18102,2010-06,15349.619999999999,4
18102,2010-07,52609.31,12
18102,2010-08,46516.39,17
18102,2010-10,30195.56,3
18102,2010-11,22092.51,4
18102,2010-12,55669.22,4
18102,2011-02,10535.48,2
18102,2011-03,6909.32,2
18102,2011-04,1196.96,1
18102,2011-05,18165.74,6
18102,2011-06,41959.44,5
18102,2011-07,22949.76,5
18102,2011-08,985.92,1
18102,2011-09,49622.18,14
18102,2011-10,52681.27,11
18102,2011-11,15331.08,6
18102,2011-12,11485.54,3
18103,2010-06,105.8,1
18104,2011-11,754.64,1
18105,2011-11,113.48000000000002,1
18106,2010-01,304.31,2
18106,2010-02,294.82,1
18106,2010-08,420.03000000000003,2
18106,2011-01,421.9,1
18107,2010-09,165.88,1
18108,2009-12,493.25,1
18108,2010-04,84.56,1
18108,2011-03,271.0,1
18109,2010-07,221.3,1
18109,2010-08,255.63,2
18109,2010-09,223.8,2
18109,2010-10,228.09,2
18109,2010-11,621.97,5
18109,2010-12,830.2,2
18109,2011-01,482.67,3
18109,2011-02,178.15,1
18109,2011-03,266.98,1
18109,2011-04,372.85,2
18109,2011-05,618.28,2
18109,2011-06,757.91,2
18109,2011-07,544.8199999999999,2
18109,2011-08,658.6099999999999,2
18109,2011-09,705.22,2
18109,2011-10,712.23,2
18109,2011-11,785.94,2
18109,2011-12,1368.51,3
18110,2010-10,193.48000000000002,1
18110,2011-11,198.8,1
18111,2010-04,405.85,1
18112,2010-06,152.0,1
18112,2010-10,268.67,1
18112,2011-06,196.64,1
18112,2011-11,156.05,1
18113,2010-12,152.64000000000001,1
18114,2011-02,220.1,1
18115,2010-01,9.700000000000001,1
18116,2010-10,349.64,2
18116,2010-11,381.74,3
18116,2010-12,657.77,3
18116,2011-02,161.95,1
18116,2011-04,416.23,3
18116,2011-10,163.56,1
18117,2011-11,314.4,1
18118,2010-11,595.94,3
18118,2010-12,1076.87,2
18118,2011-01,287.15,1
18118,2011-02,373.84,2
18118,2011-03,1022.69,4
18118,2011-04,321.88,2
18118,2011-05,699.01,3
18118,2011-06,615.65,3
18118,2011-07,136.68,1
18118,2011-09,352.52,2
18118,2011-10,552.77,3
18118,2011-11,655.73,3
18119,2010-12,361.4,1
18120,2011-05,111.15,1
18121,2011-07,653.3,2
18122,2011-07,119.19,1
18122,2011-09,201.94,1
18122,2011-10,442.88,1
18122,2011-11,604.11,2
18122,2011-12,423.72,1
18123,2010-07,92.2,1
18123,2011-11,574.4399999999999,2
18124,2010-08,102.65,1
18125,2011-01,545.22,1
18125,2011-02,175.75,1
18125,2011-05,212.93,1
18125,2011-11,197.85,1
18126,2011-10,198.58,1
18127,2010-11,209.05,1
18127,2011-07,139.6,1
18127,2011-11,207.48,2
18128,2010-06,399.29,1
18129,2011-04,112.55000000000001,1
18130,2011-10,313.86,1
18130,2011-11,745.53,2
18131,2010-03,222.95999999999998,1
18132,2010-07,220.13,1
18133,2011-05,931.4999999999999,1
18134,2010-01,302.15,1
18134,2010-04,142.85,1
18135,2010-03,190.9,1
18135,2010-04,97.25,1
18135,2010-07,77.97000000000001,1
18135,2010-10,125.27,1
18135,2010-11,76.32000000000001,1
18135,2011-06,109.82000000000001,1
18135,2011-09,123.65,1
18135,2011-11,448.44000000000005,3
18136,2010-09,682.78,1
18136,2010-10,164.25,1
18136,2011-01,288.99,1
18136,2011-05,311.86,1
18136,2011-10,183.48000000000002,1
18137,2010-06,145.99,2
18138,2011-02,152.65,1
18139,2011-11,8438.34,6
18140,2010-08,536.41,1
18141,2010-04,458.27,1
18141,2010-11,424.20000000000005,1
18142,2011-05,282.48,1
18142,2011-07,737.04,1
18143,2011-07,480.18,1
18143,2011-08,519.98,1
18144,2009-12,597.5,1
18144,2010-04,239.06,1
18144,2010-06,131.24,1
18144,2010-08,375.55,1
18144,2010-09,232.0,1
18144,2010-10,126.75,1
18144,2010-11,302.1,1
18144,2010-12,667.6999999999999,2
18144,2011-01,157.4,1
18144,2011-03,363.4,1
18144,2011-04,293.5,2
18144,2011-05,288.7,1
18144,2011-07,202.1,1
18144,2011-08,357.8,1
18144,2011-09,176.20000000000002,1
18144,2011-11,315.0,1
18144,2011-12,232.0,1
18145,2009-12,309.7,1
18145,2010-01,364.04,1
18145,2010-05,678.87,1
18145,2010-06,188.3,1
18145,2010-08,447.26,1
18145,2010-10,467.37,1
18145,2010-11,292.65,1
18145,2011-01,609.01,1
18145,2011-05,414.77,1
18145,2011-09,1079.47,1
18145,2011-11,758.3,1
18146,2011-05,76.65,1
18146,2011-07,83.7,1
18147,2011-08,98.88,1
18147,2011-10,80.46,1
18148,2010-03,112.85000000000001,1
18149,2010-03,361.34000000000003,1
18149,2010-06,224.4,1
18149,2010-08,196.33999999999997,1
18149,2010-10,159.79999999999998,1
18149,2011-03,227.77999999999997,1
18149,2011-05,321.9,1
18149,2011-10,62.400000000000006,1
18150,2011-05,227.57999999999998,1
18150,2011-07,185.70000000000002,1
18150,2011-11,153.3,1
18151,2010-03,564.2,1
18151,2010-04,425.89,1
18151,2010-05,79.9,1
18151,2010-10,156.1,1
18151,2011-02,312.55,1
18151,2011-07,340.8,1
18152,2010-03,426.69,1
18153,2010-02,246.22,1
18154,2010-08,189.29999999999998,1
18154,2010-10,96.25,1
18154,2010-11,247.86,1
18154,2011-10,220.48999999999998,1
18154,2011-12,178.7,1
18155,2011-02,113.93,1
18155,2011-06,152.63,1
18155,2011-09,105.06,1
18156,2010-12,373.76,1
18156,2011-11,488.76,1
18157,2010-05,213.9,1
18158,2011-09,343.8,1
18158,2011-11,109.6,1
18159,2011-02,530.15,1
18160,2010-11,365.82,1
18160,2011-05,318.55,1
18160,2011-10,319.51,1
18161,2010-11,184.41,1
18161,2011-01,301.53,1
18161,2011-04,244.79,1
18161,2011-07,224.94,1
18161,2011-10,385.43,1
18161,2011-11,462.0,1
18162,2009-12,371.51,1
18163,2010-05,728.84,1
18164,2011-11,399.65000000000003,1
18165,2011-06,302.46000000000004,1
18166,2010-03,175.5,1
18167,2011-08,498.48,1
18167,2011-11,886.3800000000001,2
18168,2009-12,598.01,2
18168,2010-02,171.62,1
18168,2010-03,285.40999999999997,1
18168,2010-05,169.7,1
18168,2010-06,397.77,2
18168,2010-08,222.77,1
18168,2010-09,146.37,1
18168,2010-11,283.81,1
18168,2010-12,713.24,2
18168,2011-02,184.45,1
18168,2011-03,218.83,1
18168,2011-05,191.67,1
18168,2011-06,115.15,1
18169,2011-10,202.65,1
18170,2010-01,258.39,1
18170,2010-02,302.46000000000004,1
18170,2010-03,313.20000000000005,1
18170,2010-06,323.69,1
18170,2010-11,699.95,2
18170,2011-05,304.21,1
18170,2011-08,351.3,1
18170,2011-11,324.8,1
18171,2010-01,302.2,1
18171,2010-03,305.55,1
18171,2010-07,247.5,1
18171,2010-08,350.75,1
18171,2011-01,240.45000000000002,1
18171,2011-04,224.14000000000001,1
18171,2011-06,219.83,1
18171,2011-09,309.89,1
18171,2011-10,237.0,1
18172,2009-12,233.10000000000002,1
18172,2010-02,1454.41,2
18172,2010-03,238.5,1
18172,2010-04,1105.01,4
18172,2010-05,721.84,2
18172,2010-06,484.58000000000004,1
18172,2010-07,1742.62,4
18172,2010-08,641.1,3
18172,2010-09,1472.38,5
18172,2010-10,987.12,5
18172,2010-11,824.9,4
18172,2011-02,1978.3799999999999,2
18172,2011-03,269.62,1
18172,2011-04,159.2,1
18172,2011-05,1312.96,3
18172,2011-07,589.72,2
18172,2011-08,1019.44,1
18172,2011-09,1044.1200000000001,4
18172,2011-11,1188.24,6
18173,2010-04,589.52,1
18173,2011-03,853.48,1
18173,2011-04,423.36,1
18173,2011-05,452.0,1
18173,2011-09,378.0,1
18174,2010-04,58.5,1
18174,2011-12,104.0,1
18175,2010-02,176.1,1
18176,2010-12,476.35,1
18177,2009-12,334.5,1
18177,2010-03,220.0,1
18177,2010-05,320.95,1
18177,2011-03,169.05,1
18177,2011-04,232.75,2
18177,2011-05,311.3,1
18177,2011-07,324.17,1
18177,2011-11,303.6,1
18178,2010-02,485.67,1
18178,2010-03,638.75,1
18178,2010-04,654.32,1
18178,2010-06,572.2,1
18178,2010-08,312.3,1
18178,2010-09,1233.44,1
18178,2010-11,616.25,1
18178,2010-12,300.65000000000003,1
18178,2011-02,333.3,1
18178,2011-05,465.99,1
18178,2011-08,490.87,1
18179,2010-02,304.38,1
18179,2010-07,450.0,1
18179,2011-01,622.9,2
18179,2011-03,270.26,1
18179,2011-04,210.0,1
18179,2011-10,469.43,1
18179,2011-11,220.57999999999998,1
18180,2011-07,601.85,2
18180,2011-09,604.51,2
18180,2011-10,326.66,1
18180,2011-12,310.73,1
18181,2009-12,298.99,1
18181,2010-05,194.13,2
18181,2010-11,328.37,1
18181,2011-11,366.85,1
18182,2010-09,291.13,1
18183,2011-03,312.8,1
18183,2011-04,319.27000000000004,1
18184,2011-11,49.8,1
18185,2011-04,304.25,1
18186,2009-12,329.58,1
18187,2010-03,724.89,1
18188,2010-03,299.75,1
18188,2010-04,37.8,1
18188,2010-10,942.0,1
18188,2011-02,426.6,1
18188,2011-09,1181.68,1
18188,2011-11,392.76,1
18189,2010-03,313.49,1
18189,2011-03,633.1,1
18189,2011-09,457.14,1
18190,2009-12,192.42000000000002,1
18190,2010-01,75.9,1
18190,2010-04,192.84,1
18190,2011-01,171.46,1
18190,2011-05,113.0,1
18191,2010-08,321.59999999999997,1
18191,2011-03,207.79999999999998,1
18192,2011-09,957.97,1
18193,2010-09,684.15,1
18193,2010-11,279.44,1
18193,2011-06,243.76,1
18194,2010-01,630.32,1
18194,2010-04,894.0,1
18194,2010-05,40.0,1
18194,2010-06,1061.38,1
18194,2010-09,562.5,1
18194,2011-09,973.8399999999999,1
18195,2010-11,101.16,1
18196,2010-03,291.43,1
18196,2010-08,477.21,1
18196,2011-02,450.78,1
18196,2011-09,235.85,1
18197,2010-05,230.1,1
18198,2011-01,300.54,1
18198,2011-02,606.7800000000001,2
18198,2011-03,601.49,2
18198,2011-04,633.84,2
18198,2011-05,1032.46,3
18198,2011-06,637.2,2
18198,2011-07,300.8,1
18198,2011-08,314.28000000000003,1
18198,2011-09,376.64,1
18198,2011-11,303.08,1
18198,2011-12,318.45,1
18199,2010-01,344.75,1
18200,2011-08,150.35,1
18201,2009-12,447.53000000000003,1
18202,2011-02,485.73,1
18202,2011-05,911.26,2
18203,2009-12,109.08,1
18203,2010-06,100.45,1
18203,2010-11,112.57,1
18203,2011-07,160.42000000000002,1
18204,2011-05,540.98,1
18204,2011-08,817.89,1
18204,2011-09,616.48,1
18205,2011-09,225.76,1
18205,2011-11,291.6,1
18206,2010-06,314.65999999999997,1
18207,2010-07,544.47,1
18208,2010-05,360.08,1
18209,2011-11,139.10000000000002,1
18210,2010-11,147.45,1
18210,2011-03,142.4,1
18210,2011-10,1258.37,1
18210,2011-11,1042.71,3
18210,2011-12,177.9,1
18211,2011-03,137.9,1
18211,2011-07,130.79999999999998,1
18211,2011-09,151.5,1
18211,2011-10,130.67000000000002,1
18211,2011-11,49.2,1
18212,2010-01,298.3,1
18212,2011-01,216.07,1
18213,2011-04,232.48000000000002,1
18214,2010-06,1780.34,4
18215,2010-03,783.5500000000001,1
18215,2010-06,192.3,1
18215,2010-08,464.02000000000004,1
18215,2010-09,493.28000000000003,1
18215,2011-09,299.34000000000003,1
18216,2011-11,481.75,1
18217,2010-07,323.29,2
18217,2011-09,317.90000000000003,1
18217,2011-11,303.85,1
18218,2010-02,301.91999999999996,1
18218,2010-04,178.0,1
18218,2011-03,289.21999999999997,1
18218,2011-05,352.7,1
18219,2009-12,151.72,1
18219,2010-03,296.22,2
18219,2010-06,193.1,1
18219,2010-08,121.74000000000001,1
18219,2010-09,121.65,1
18219,2010-11,398.5,1
18219,2010-12,600.25,2
18219,2011-02,94.31,1
18219,2011-04,200.32000000000002,1
18219,2011-05,227.62,1
18219,2011-06,268.96999999999997,2
18219,2011-07,185.85,1
18219,2011-10,460.27,1
18219,2011-12,242.37,1
18220,2009-12,253.64000000000001,1
18220,2010-05,307.64,1
18220,2010-07,332.88,1
18220,2010-09,392.68,1
18220,2010-11,329.64,1
18220,2011-04,305.28000000000003,1
18221,2010-11,383.33,1
18221,2011-05,234.47,1
18221,2011-06,302.54,1
18221,2011-08,169.85,1
18221,2011-10,171.8,1
18221,2011-11,162.95,1
18222,2011-09,443.0,1
18223,2009-12,1507.76,2
18223,2010-01,777.53,1
18223,2010-02,905.45,2
18223,2010-03,663.6,1
18223,2010-06,639.39,1
18223,2010-07,443.39,1
18223,2010-08,379.93,1
18223,2010-10,1315.72,2
18223,2010-11,883.54,1
18223,2010-12,501.69,1
18223,2011-01,655.3,2
18223,2011-02,502.85,1
18223,2011-03,505.99,2
18223,2011-05,591.65,1
18223,2011-06,375.86,2
18223,2011-07,471.27000000000004,1
18223,2011-09,431.73,1
18223,2011-10,1869.48,2
18223,2011-12,578.72,1
18224,2011-03,158.95000000000002,1
18225,2009-12,59.5,1
18225,2010-01,777.9,1
18225,2010-03,1048.76,1
18225,2010-05,168.7,1
18225,2010-06,144.55,1
18225,2010-07,1895.3799999999999,1
18225,2010-08,684.31,3
18225,2010-09,571.58,1
18225,2010-10,1013.9,2
18225,2010-11,1145.26,2
18225,2010-12,60.0,1
18225,2011-02,438.82,1
18225,2011-03,612.04,2
18225,2011-05,587.21,1
18225,2011-07,488.4,1
18225,2011-08,574.31,1
18225,2011-09,1188.18,1
18225,2011-10,533.1800000000001,1
18225,2011-11,722.54,2
18225,2011-12,330.28000000000003,1
18226,2010-03,421.45,1
18226,2010-06,874.59,2
18226,2010-07,640.8100000000001,2
18226,2010-08,2175.2599999999998,4
18226,2010-09,846.96,2
18226,2010-10,928.63,2
18226,2010-11,763.13,2
18226,2011-01,417.3,1
18226,2011-03,428.05,1
18226,2011-04,1049.97,2
18226,2011-05,317.59999999999997,1
18226,2011-06,387.42,1
18226,2011-07,983.89,2
18226,2011-08,666.8,1
18226,2011-09,484.52,1
18226,2011-10,492.5,1
18227,2010-08,295.0,1
18227,2011-05,93.75,1
18228,2011-09,420.39,1
18228,2011-10,359.51,1
18229,2009-12,381.0,1
18229,2010-01,279.0,1
18229,2010-05,320.4,2
18229,2010-07,334.8,1
18229,2010-09,455.45000000000005,1
18229,2010-10,589.8,1
18229,2010-11,513.16,1
18229,2010-12,1306.4,2
18229,2011-01,359.9,1
18229,2011-02,359.8,1
18229,2011-03,361.4,1
18229,2011-04,348.4,1
18229,2011-05,776.0,2
18229,2011-06,761.54,2
18229,2011-07,748.42,2
18229,2011-08,495.4,1
18229,2011-09,988.8,3
18229,2011-10,323.74,1
18229,2011-11,1100.3,3
18230,2010-07,288.0,1
18230,2010-11,1192.8600000000001,1
18230,2011-02,464.82,1
18230,2011-04,386.22,1
18230,2011-05,403.26,1
18230,2011-06,388.98,1
18230,2011-09,503.08000000000004,1
18230,2011-11,663.84,2
18231,2010-01,268.3,1
18231,2010-02,822.96,3
18231,2010-03,1285.5,6
18231,2010-04,325.4,2
18231,2010-05,229.52,2
18231,2010-06,729.09,4
18231,2010-07,516.7800000000001,3
18231,2010-09,215.55,1
18231,2010-10,383.40000000000003,1
18231,2011-02,291.0,1
18231,2011-03,233.75,1
18231,2011-04,887.5,2
18231,2011-05,659.52,1
18232,2011-05,370.98,2
18232,2011-07,129.64000000000001,1
18232,2011-09,92.35000000000001,1
18233,2011-01,440.0,1
18234,2010-06,179.6,1
18235,2011-05,430.46000000000004,1
18235,2011-08,319.34,1
18235,2011-09,1046.68,1
18236,2010-04,236.64000000000001,1
18236,2010-08,187.78,2
18236,2010-10,246.20000000000002,2
18236,2010-11,242.49,1
18236,2011-04,123.2,1
18236,2011-06,181.3,1
18236,2011-07,171.45000000000002,1
18236,2011-08,165.24,1
18236,2011-09,132.55,1
18236,2011-11,108.5,1
18237,2011-07,323.38,1
18237,2011-08,243.20999999999998,1
18237,2011-09,158.95999999999998,1
18237,2011-10,135.79999999999998,1
18237,2011-12,125.75,1
18238,2010-07,270.92,1
18239,2010-10,150.65,1
18239,2010-12,876.2,1
18239,2011-01,480.42,2
18239,2011-03,176.38,1
18239,2011-05,466.71,1
18240,2011-10,422.58,1
18241,2010-04,216.3,1
18241,2010-08,250.0,1
18241,2010-10,447.6,2
18241,2011-05,365.83,1
18241,2011-06,122.0,2
18241,2011-07,165.0,1
18241,2011-08,552.95,6
18241,2011-09,438.14000000000004,3
18241,2011-10,311.63,3
18241,2011-11,117.54,1
18242,2010-01,326.54,1
18242,2010-03,307.90000000000003,1
18242,2010-05,425.86,1
18242,2010-09,312.42,1
18242,2011-05,694.08,2
18242,2011-09,1538.41,2
18243,2010-10,515.78,1
18244,2010-07,302.8,1
18244,2010-10,265.84,1
18245,2010-03,497.91,2
18245,2010-04,560.23,1
18245,2010-05,635.77,2
18245,2010-06,467.28000000000003,2
18245,2010-07,363.96000000000004,1
18245,2010-10,206.72000000000003,1
18245,2010-11,1026.05,4
18245,2010-12,365.73,1
18245,2011-01,439.18,1
18245,2011-05,501.38,2
18245,2011-07,366.52,2
18245,2011-12,894.25,1
18246,2010-04,162.72,1
18246,2011-04,232.9,1
18246,2011-11,363.2,1
18247,2010-03,186.0,1
18247,2010-06,254.03,1
18247,2010-10,399.7,1
18248,2011-06,496.46000000000004,1
18248,2011-08,307.56,1
18249,2011-11,95.34,1
18250,2011-02,349.27,1
18251,2009-12,3284.88,1
18251,2010-03,2825.6099999999997,2
18251,2010-04,4614.18,1
18251,2010-08,4952.91,2
18251,2010-09,6286.5599999999995,2
18251,2011-09,4314.72,1
18252,2009-12,489.96999999999997,2
18252,2010-01,256.8,1
18252,2010-03,90.15,1
18252,2010-06,178.5,1
18252,2011-06,69.89999999999999,1
18252,2011-10,448.37,1
18253,2010-03,317.88,1
18254,2010-05,267.9,1
18255,2010-09,199.85,1
18255,2011-09,103.3,1
18256,2010-11,110.7,1
18257,2010-02,360.38,1
18257,2010-05,1004.37,1
18257,2010-07,375.05,1
18257,2010-09,507.72,1
18257,2011-02,363.8,2
18257,2011-05,357.4,1
18257,2011-06,214.4,1
18257,2011-08,627.27,1
18257,2011-10,774.76,3
18258,2010-05,874.7900000000001,2
18258,2010-06,254.82,1
18258,2010-07,359.47999999999996,1
18258,2010-08,227.16000000000003,1
18258,2010-09,343.42,1
18259,2009-12,356.40000000000003,1
18259,2010-01,306.3,1
18259,2010-11,940.6,2
18259,2010-12,752.6000000000001,1
18259,2011-09,891.9000000000001,1
18259,2011-11,1070.4,1
18260,2009-12,308.38,1
18260,2010-04,428.3,1
18260,2010-05,175.2,1
18260,2010-06,128.52,1
18260,2010-07,679.3000000000001,1
18260,2010-08,1761.21,2
18260,2010-09,501.85,2
18260,2010-10,1456.36,4
18260,2010-11,1879.79,4
18260,2010-12,230.70000000000002,1
18260,2011-01,557.07,1
18260,2011-03,533.9,1
18260,2011-04,451.58,1
18260,2011-05,427.97,1
18260,2011-06,427.13,1
18261,2011-09,224.8,1
18261,2011-10,99.44,1
18262,2010-04,202.06,1
18262,2010-11,226.0,1
18262,2011-07,149.48,1
18263,2011-04,307.59999999999997,1
18263,2011-07,503.8,1
18263,2011-11,401.76,1
18264,2010-07,603.25,1
18265,2011-07,488.55,1
18265,2011-09,312.96,1
18266,2010-10,251.1,1
18267,2010-02,269.37,1
18268,2009-12,375.18,1
18268,2010-01,486.64,1
18268,2010-02,385.43,2
18268,2010-04,217.48000000000002,1
18268,2011-07,25.5,1
18269,2010-12,337.2,1
18270,2010-10,161.4,1
18270,2011-03,111.95,1
18270,2011-11,171.20000000000002,1
18271,2009-12,192.54999999999998,1
18271,2010-04,488.3,1
18272,2010-03,635.0,1
18272,2010-04,352.8,1
18272,2010-06,319.6,1
18272,2011-04,980.54,2
18272,2011-07,753.66,1
18272,2011-08,372.25,1
18272,2011-10,604.25,1
18272,2011-12,367.88,1
18273,2010-04,153.0,1
18273,2011-03,51.0,1
18273,2011-09,102.0,1
18273,2011-12,51.0,1
18274,2011-11,175.92,1
18275,2009-12,372.64,1
18275,2010-05,369.21000000000004,1
18276,2009-12,218.05,1
18276,2010-04,300.92,1
18276,2010-07,164.70000000000002,1
18276,2010-10,306.16,1
18276,2010-11,330.83000000000004,1
18276,2011-10,335.86,1
18277,2010-08,337.14,2
18277,2010-10,429.32000000000005,1
18277,2010-11,303.21,1
18277,2011-10,110.38,1
18278,2010-10,240.3,1
18278,2011-09,173.9,1
18279,2010-07,231.33999999999997,1
18280,2010-11,307.55,1
18280,2011-03,180.60000000000002,1
18281,2010-05,120.32,1
18281,2011-06,80.82,1
18282,2011-08,100.21000000000001,1
18282,2011-12,77.84,1
18283,2010-02,96.9,1
18283,2010-03,235.12,2
18283,2010-08,92.0,1
18283,2010-11,195.35,2
18283,2011-01,213.75,2
18283,2011-02,100.94999999999999,1
18283,2011-04,113.65,1
18283,2011-05,85.22,1
18283,2011-06,296.52,2
18283,2011-07,139.89000000000001,2
18283,2011-09,130.9,1
18283,2011-10,112.99,1
18283,2011-11,637.71,4
18283,2011-12,208.0,1
18284,2010-10,411.68,1
18285,2010-02,377.0,1
18286,2009-12,412.95,1
18286,2010-08,833.48,1
18287,2010-05,1071.61,1
18287,2010-09,892.6,2
18287,2010-11,331.5,1
18287,2011-05,765.28,1
18287,2011-10,1072.0,2
