Customer ID,Recency,Frequency,Monetary,R_Score,F_Score,M_Score,Cluster,RuleSegment,Segment,PCA1,PCA2,ChurnProbability,ChurnPrediction,RecommendedAction
12346,326,3,77352.96,2,3,5,1,At Risk,VIP,1.551151688304512,1.6420109153266766,0.49534004230307827,0.0,"Court: white-glove service, early access, loyalty rewards"
12347,2,8,5633.32,5,4,5,1,VIP,VIP,1.7683683140179636,-0.08851320919986568,0.06128671148172481,0.0,"Court: white-glove service, early access, loyalty rewards"
12348,75,5,1658.3999999999999,3,4,4,4,Loyal Customer,Loyal Customer,0.7435190322184608,-0.2692653001557753,0.21493686833656278,0.0,"Court: upsell/cross-sell, referral incentives"
12349,19,3,3678.69,5,3,5,4,Loyal Customer,Loyal Customer,0.9166039053756494,-0.45296831375112645,0.3396569986013487,0.0,"Court: upsell/cross-sell, referral incentives"
12350,310,1,294.4,2,1,2,0,One-Time Buyer,Lost / Let Go,-1.4159811105796045,-0.18137218709553218,0.7603569504311619,1.0,"Let go: exclude from paid marketing spend, low-cost win-back only"
12351,375,1,300.93,2,1,2,0,One-Time Buyer,Lost / Let Go,-1.5582298094719107,0.09649339941011298,0.7466786800804683,1.0,"Let go: exclude from paid marketing spend, low-cost win-back only"
12352,36,9,1729.54,4,5,4,4,VIP,Loyal Customer,1.2456827338809933,-0.2183142536734093,0.2799128208883774,0.0,"Court: upsell/cross-sell, referral incentives"
12353,204,2,406.76,2,2,2,2,Lost / Let Go,One-Time Buyer,-0.7136228331974215,-0.3781411393538462,0.5870264266733033,1.0,"Convert: post-purchase follow-up, incentivize 2nd order"
12354,232,1,1079.4,2,1,3,2,One-Time Buyer,One-Time Buyer,-0.6578639588896397,-0.16291763393516798,0.5863978156527239,1.0,"Convert: post-purchase follow-up, incentivize 2nd order"
12355,214,2,947.61,2,2,3,3,Needs Attention,At Risk,-0.3621172072689834,-0.1117132345351439,0.6348636430647677,1.0,"Win back: targeted discount, re-engagement email flow"
12356,23,6,5611.73,4,4,5,4,VIP,Loyal Customer,1.5245421103222068,-0.10152039138496928,0.09986735601003671,0.0,"Court: upsell/cross-sell, referral incentives"
12357,33,2,17437.66,4,2,5,4,New Customer,Loyal Customer,1.3537272449792324,-0.09487367631815395,0.3148006657920298,0.0,"Court: upsell/cross-sell, referral incentives"
12358,2,5,3447.07,5,4,5,4,VIP,Loyal Customer,1.2389066246610445,-0.38026971708652935,0.34994303087574924,0.0,"Court: upsell/cross-sell, referral incentives"
12359,58,10,8873.39,4,5,5,1,VIP,VIP,1.9932907453469926,0.3464541782290148,0.05732656074705937,0.0,"Court: white-glove service, early access, loyalty rewards"
12360,52,6,3612.89,4,4,5,4,VIP,Loyal Customer,1.261270769137891,-0.09724372344759151,0.14728445909219484,0.0,"Court: upsell/cross-sell, referral incentives"
12361,287,4,451.25,2,3,2,3,At Risk,At Risk,-0.46932893980568324,0.19980561026916477,0.6156906648900533,1.0,"Win back: targeted discount, re-engagement email flow"
12362,3,10,4737.23,5,5,5,1,VIP,VIP,1.8432525293797715,-0.050647509333108284,0.29351306136463073,0.0,"Court: white-glove service, early access, loyalty rewards"
12363,110,2,552.0,3,2,2,2,Needs Attention,One-Time Buyer,-0.3585901310941145,-0.6905278402220036,0.34937648519087894,0.0,"Convert: post-purchase follow-up, incentivize 2nd order"
12364,8,4,1208.1,5,3,3,4,Loyal Customer,Loyal Customer,0.6195515402185356,-0.7063501341759335,,,"Court: upsell/cross-sell, referral incentives"
12365,291,1,320.69,2,1,2,2,One-Time Buyer,One-Time Buyer,-1.3337078122018347,-0.2382173427107809,0.5942210268289236,1.0,"Convert: post-purchase follow-up, incentivize 2nd order"
12366,634,1,500.24,1,1,2,0,One-Time Buyer,Lost / Let Go,-1.938656701368441,1.3153315314671292,0.8012074577546451,1.0,"Let go: exclude from paid marketing spend, low-cost win-back only"
12367,4,1,150.9,5,1,1,2,One-Time Buyer,One-Time Buyer,-0.9959277055572119,-1.6390065950552135,,,"Convert: post-purchase follow-up, incentivize 2nd order"
12368,628,1,917.6999999999999,1,1,3,0,One-Time Buyer,Lost / Let Go,-1.6556173102976217,1.4513712676149817,0.8762819924714566,1.0,"Let go: exclude from paid marketing spend, low-cost win-back only"
12369,413,3,1511.15,1,3,4,3,At Risk,At Risk,-0.3993420444463448,0.9595355873320321,0.5292339391648644,1.0,"Win back: targeted discount, re-engagement email flow"
12370,51,7,3956.56,4,4,5,4,VIP,Loyal Customer,1.4065053128495215,-0.024197539078472833,0.1298158678616151,0.0,"Court: upsell/cross-sell, referral incentives"
12371,60,4,3347.38,3,3,5,4,Loyal Customer,Loyal Customer,0.9502518335569039,-0.21778032957479065,0.4228139469304731,0.0,"Court: upsell/cross-sell, referral incentives"
12372,72,3,1196.04,3,3,3,4,Loyal Customer,Loyal Customer,0.2940910563651341,-0.5298351255573622,0.23802517538300716,0.0,"Court: upsell/cross-sell, referral incentives"
12373,311,3,927.6500000000001,2,3,3,3,At Risk,At Risk,-0.3773649371505624,0.40294515791858176,0.5965123719875323,1.0,"Win back: targeted discount, re-engagement email flow"
12374,25,3,2669.22,4,3,4,4,Loyal Customer,Loyal Customer,0.7601984191704145,-0.5131479926042755,0.3493365917605369,0.0,"Court: upsell/cross-sell, referral incentives"
12375,11,2,377.5,5,2,2,2,New Customer,One-Time Buyer,-0.29548987336828286,-1.2057259169134245,,,"Convert: post-purchase follow-up, incentivize 2nd order"
12376,390,2,383.15,2,2,2,3,Lost / Let Go,At Risk,-1.1749362695003174,0.3844754786196464,0.7319634781802745,1.0,"Win back: targeted discount, re-engagement email flow"
12377,315,4,3266.32,2,3,5,3,At Risk,At Risk,0.3432323747259996,0.8429741301557103,0.38832757523771455,0.0,"Win back: targeted discount, re-engagement email flow"
12378,130,2,5416.32,3,2,5,4,Needs Attention,Loyal Customer,0.6078773903649465,0.00015148222490099256,0.5573107099472655,1.0,"Court: upsell/cross-sell, referral incentives"
12379,82,4,1470.22,3,3,4,4,Loyal Customer,Loyal Customer,0.5336756849151385,-0.34444181612203023,0.5384362914971463,1.0,"Court: upsell/cross-sell, referral incentives"
12380,22,8,7210.65,4,4,5,1,VIP,VIP,1.8312027695392983,0.0608446067501297,0.14792302173451394,0.0,"Court: white-glove service, early access, loyalty rewards"
12381,5,3,1474.81,5,3,4,4,Loyal Customer,Loyal Customer,0.5436786567841836,-0.754571011759527,,,"Court: upsell/cross-sell, referral incentives"
12383,185,5,1628.56,3,4,4,4,Loyal Customer,Loyal Customer,0.4783043294183476,0.1863003466707491,0.2041146046799924,0.0,"Court: upsell/cross-sell, referral incentives"
12384,29,2,425.27000000000004,4,2,2,2,New Customer,One-Time Buyer,-0.2847969356954393,-1.0987751667734966,,,"Convert: post-purchase follow-up, incentivize 2nd order"
12385,379,1,1668.4,2,1,4,3,One-Time Buyer,At Risk,-0.8083180939298307,0.5680714762480785,0.6732147267820342,1.0,"Win back: targeted discount, re-engagement email flow"
12386,338,2,660.8,2,2,3,3,Needs Attention,At Risk,-0.811861901660149,0.3115114756597081,0.5323282353554869,1.0,"Win back: targeted discount, re-engagement email flow"
12387,415,1,143.94,1,1,1,0,One-Time Buyer,Lost / Let Go,-1.9775875498685942,0.06871074438437014,0.7774729726664201,1.0,"Let go: exclude from paid marketing spend, low-cost win-back only"
12388,16,8,3901.11,5,4,5,4,VIP,Loyal Customer,1.572529140365076,-0.12762891282682012,0.15633699722530472,0.0,"Court: upsell/cross-sell, referral incentives"
12389,403,3,1433.33,2,3,4,3,At Risk,At Risk,-0.3994230220424836,0.9036286641221379,0.5098194249286736,1.0,"Win back: targeted discount, re-engagement email flow"
12390,80,1,504.84000000000003,3,1,2,2,One-Time Buyer,One-Time Buyer,-0.6394606974410376,-1.0009410440230408,,,"Convert: post-purchase follow-up, incentivize 2nd order"
12391,22,6,2724.84,4,4,4,4,VIP,Loyal Customer,1.206191096888247,-0.29781444903337506,0.5815888236128687,1.0,"Court: upsell/cross-sell, referral incentives"
12392,591,1,234.75000000000003,1,1,1,0,One-Time Buyer,Lost / Let Go,-2.173051760806879,0.9347259620599225,0.925569159480036,1.0,"Let go: exclude from paid marketing spend, low-cost win-back only"
12393,72,6,2399.4500000000003,3,4,4,4,Loyal Customer,Loyal Customer,1.032858856396257,-0.12235708254944906,0.10387161264066452,0.0,"Court: upsell/cross-sell, referral incentives"
12394,64,2,1080.48,3,2,3,2,Needs Attention,One-Time Buyer,0.046756418925997884,-0.7046536387685548,0.3774255039260787,0.0,"Convert: post-purchase follow-up, incentivize 2nd order"
12395,19,15,4551.27,5,5,5,1,VIP,VIP,2.0758626692143194,0.15458249843019564,0.05041724384218926,0.0,"Court: white-glove service, early access, loyalty rewards"
12396,674,1,931.43,1,1,3,0,One-Time Buyer,Lost / Let Go,-1.7565693937494167,1.6478446112251837,0.8445516594643835,1.0,"Let go: exclude from paid marketing spend, low-cost win-back only"
12397,36,2,2214.9,4,2,4,4,New Customer,Loyal Customer,0.43071352827197384,-0.6310476401256978,,,"Court: upsell/cross-sell, referral incentives"
12398,46,1,1435.66,4,1,4,2,One-Time Buyer,One-Time Buyer,-0.09649620770802282,-0.8655967014766606,,,"Convert: post-purchase follow-up, incentivize 2nd order"
12399,119,7,1842.3,3,4,4,4,Loyal Customer,Loyal Customer,0.9082824964699442,0.05717922979634073,0.10301427443372863,0.0,"Court: upsell/cross-sell, referral incentives"
12400,414,1,205.25,1,1,1,0,One-Time Buyer,Lost / Let Go,-1.8186177502854513,0.15835578228755856,0.7181725894201733,1.0,"Let go: exclude from paid marketing spend, low-cost win-back only"
12401,303,1,69.3,2,1,1,0,One-Time Buyer,Lost / Let Go,-2.0370146840203622,-0.5925033200998993,0.8172045516518408,1.0,"Let go: exclude from paid marketing spend, low-cost win-back only"
12402,323,6,1136.9,2,4,3,3,At Risk,At Risk,0.11463293775253768,0.7296257412440034,0.6363696170958316,1.0,"Win back: targeted discount, re-engagement email flow"
12403,50,2,947.36,4,2,3,2,New Customer,One-Time Buyer,0.021164556036629,-0.7981862265825943,0.5066437393661286,1.0,"Convert: post-purchase follow-up, incentivize 2nd order"
12405,149,1,1390.39,3,1,4,2,One-Time Buyer,One-Time Buyer,-0.3515054500996004,-0.4430183617550405,,,"Convert: post-purchase follow-up, incentivize 2nd order"
12406,22,5,6390.36,4,4,5,4,VIP,Loyal Customer,1.4661618340559726,-0.13241562699471882,0.16964260470076034,0.0,"Court: upsell/cross-sell, referral incentives"
12407,50,5,1507.1200000000001,4,4,4,4,VIP,Loyal Customer,0.7595203357472518,-0.3993257511070012,0.24477505499895022,0.0,"Court: upsell/cross-sell, referral incentives"
12408,33,8,3905.77,4,4,5,4,VIP,Loyal Customer,1.5333165107458153,-0.056159940666286184,0.09969717784082248,0.0,"Court: upsell/cross-sell, referral incentives"
12409,79,7,23419.29,3,4,5,1,Loyal Customer,VIP,2.130480483494697,0.5659034397109204,0.10730656514664498,0.0,"Court: white-glove service, early access, loyalty rewards"
12410,309,3,773.71,2,3,3,3,At Risk,At Risk,-0.45316258349400435,0.34636688523542075,0.5394348309390583,1.0,"Win back: targeted discount, re-engagement email flow"
12411,410,1,346.9,1,1,2,0,One-Time Buyer,Lost / Let Go,-1.5771280941412866,0.2806768269999818,0.7198777203493693,1.0,"Let go: exclude from paid marketing spend, low-cost win-back only"
12412,75,6,2404.93,3,4,4,4,Loyal Customer,Loyal Customer,1.0268579346664797,-0.10919441142650368,0.4114791012874504,0.0,"Court: upsell/cross-sell, referral incentives"
12413,67,4,871.45,3,3,3,4,Loyal Customer,Loyal Customer,0.3367303397811895,-0.5462095712735213,0.3231757730882385,0.0,"Court: upsell/cross-sell, referral incentives"
12414,217,4,532.41,2,3,2,3,At Risk,At Risk,-0.2323974217571666,-0.04926942780570472,0.48003055293756036,0.0,"Win back: targeted discount, re-engagement email flow"
12415,24,24,144033.37,4,5,5,1,VIP,VIP,3.9407442668682386,1.2716926560380155,0.10850513337206856,0.0,"Court: white-glove service, early access, loyalty rewards"
12416,657,1,202.56,1,1,1,0,One-Time Buyer,Lost / Let Go,-2.392531572629573,1.1719120816068553,0.9326547584882858,1.0,"Let go: exclude from paid marketing spend, low-cost win-back only"
12417,3,20,5998.41,5,5,5,1,VIP,VIP,2.444693900369684,0.26911059428663414,0.02195670613240593,0.0,"Court: white-glove service, early access, loyalty rewards"
12418,113,4,2021.2,3,3,4,4,Loyal Customer,Loyal Customer,0.6024399642036073,-0.13008748354036237,0.44202606885474544,0.0,"Court: upsell/cross-sell, referral incentives"
12419,386,2,391.01,2,2,2,3,Lost / Let Go,At Risk,-1.156592049922728,0.37312122033197626,0.7269768494017275,1.0,"Win back: targeted discount, re-engagement email flow"
12420,64,1,600.39,3,1,2,2,One-Time Buyer,One-Time Buyer,-0.5252324000719824,-1.0218860292363847,,,"Convert: post-purchase follow-up, incentivize 2nd order"
12421,16,6,874.6,5,4,3,4,Loyal Customer,Loyal Customer,0.7159934397737449,-0.6249824678701627,0.6252127123507065,1.0,"Court: upsell/cross-sell, referral incentives"
12422,96,12,3639.35,3,5,5,1,Loyal Customer,VIP,1.637114000974585,0.3348762245897295,0.2514334238242427,0.0,"Court: white-glove service, early access, loyalty rewards"
12423,1,10,2301.39,5,5,4,4,VIP,Loyal Customer,1.527481146489311,-0.250982080323614,0.06694046021419249,0.0,"Court: upsell/cross-sell, referral incentives"
12424,163,4,3340.03,3,3,5,4,Loyal Customer,Loyal Customer,0.7084829812448931,0.21272966755805975,0.37906708797406746,0.0,"Court: upsell/cross-sell, referral incentives"
12425,78,2,1741.41,3,2,4,4,Needs Attention,Loyal Customer,0.2257914260106648,-0.5192009153281976,0.6649799377222008,1.0,"Court: upsell/cross-sell, referral incentives"
12426,195,2,1201.21,2,2,3,3,Needs Attention,At Risk,-0.21250531940771766,-0.12821919930111145,0.7807656449271642,1.0,"Win back: targeted discount, re-engagement email flow"
12427,22,3,949.3,4,3,3,4,Loyal Customer,Loyal Customer,0.3084910478614232,-0.8005008766171838,0.6697201555651894,1.0,"Court: upsell/cross-sell, referral incentives"
12428,26,8,6405.26,4,4,5,1,VIP,VIP,1.7692713134515234,0.04608792529784502,0.0926878684532462,0.0,"Court: white-glove service, early access, loyalty rewards"
12429,9,8,6979.91,5,4,5,1,VIP,VIP,1.847155696453106,-0.002214727934251183,0.07658153876876612,0.0,"Court: white-glove service, early access, loyalty rewards"
12430,43,1,216.4,4,1,1,2,One-Time Buyer,One-Time Buyer,-0.9279179191112239,-1.3804175106533907,,,"Convert: post-purchase follow-up, incentivize 2nd order"
12431,36,25,10460.47,4,5,5,1,VIP,VIP,2.7784718050272064,0.6400046341057888,0.013705866652113112,0.0,"Court: white-glove service, early access, loyalty rewards"
12432,43,4,4359.32,4,3,5,4,Loyal Customer,Loyal Customer,1.1072428068794615,-0.21869416951468373,,,"Court: upsell/cross-sell, referral incentives"
12433,1,10,20581.26,5,5,5,1,VIP,VIP,2.5000705655052364,0.33164773851585827,0.2514438379365924,0.0,"Court: white-glove service, early access, loyalty rewards"
12434,85,3,1103.43,3,3,3,4,Loyal Customer,Loyal Customer,0.227947138918209,-0.4968427103252534,0.4309324461670784,0.0,"Court: upsell/cross-sell, referral incentives"
12435,80,6,13925.93,3,4,5,1,Loyal Customer,VIP,1.7947955690485915,0.37876793581043167,0.21674890444595873,0.0,"Court: white-glove service, early access, loyalty rewards"
12436,100,1,429.01000000000005,3,1,2,2,One-Time Buyer,One-Time Buyer,-0.7583287018761963,-0.9604321105071701,,,"Convert: post-purchase follow-up, incentivize 2nd order"
12437,2,38,11282.4,5,5,5,1,VIP,VIP,3.202965562365271,0.6789614824300348,0.01091715725432116,0.0,"Court: white-glove service, early access, loyalty rewards"
12438,14,2,2466.85,5,2,4,4,New Customer,Loyal Customer,0.5299596112523404,-0.6944827709729676,,,"Court: upsell/cross-sell, referral incentives"
12439,683,2,1142.88,1,2,3,3,Needs Attention,At Risk,-1.3754334412658022,1.9010191392252753,0.8485535729227514,1.0,"Win back: targeted discount, re-engagement email flow"
12440,462,2,739.2,1,2,3,3,Needs Attention,At Risk,-1.052039084131855,0.860277631316527,0.7516492345597778,1.0,"Win back: targeted discount, re-engagement email flow"
12441,367,1,311.1,2,1,2,0,One-Time Buyer,Lost / Let Go,-1.5248181646381702,0.07182191876736028,0.7327161610401983,1.0,"Let go: exclude from paid marketing spend, low-cost win-back only"
12442,3,1,144.06,5,1,1,2,One-Time Buyer,One-Time Buyer,-1.0140475159092854,-1.6554471111767686,,,"Convert: post-purchase follow-up, incentivize 2nd order"
12443,732,1,365.31,1,1,2,0,One-Time Buyer,Lost / Let Go,-2.307003722254154,1.6420856533530672,0.9265019522995571,1.0,"Let go: exclude from paid marketing spend, low-cost win-back only"
12444,21,5,4085.46,4,4,5,4,VIP,Loyal Customer,1.269909473203788,-0.2555664708230093,,,"Court: upsell/cross-sell, referral incentives"
12445,22,2,378.98,4,2,2,2,New Customer,One-Time Buyer,-0.3194728877221077,-1.1586486898757338,0.713084475166882,1.0,"Convert: post-purchase follow-up, incentivize 2nd order"
12446,58,1,1002.3100000000001,4,1,3,2,One-Time Buyer,One-Time Buyer,-0.2839556163344596,-0.910864188481104,,,"Convert: post-purchase follow-up, incentivize 2nd order"
12447,243,1,431.49,2,1,2,2,One-Time Buyer,One-Time Buyer,-1.090080378343559,-0.3603926816881558,0.6313504046719478,1.0,"Convert: post-purchase follow-up, incentivize 2nd order"
12448,44,1,365.45,4,1,2,2,One-Time Buyer,One-Time Buyer,-0.6984293632511749,-1.2373565198527643,,,"Convert: post-purchase follow-up, incentivize 2nd order"
12449,22,5,4274.89,4,4,5,4,VIP,Loyal Customer,1.2876910561036545,-0.23932856990099585,0.17200238655318814,0.0,"Court: upsell/cross-sell, referral incentives"
12450,156,5,688.2,3,4,3,4,Loyal Customer,Loyal Customer,0.16401735955841226,-0.1639627031392796,0.5344134074571303,1.0,"Court: upsell/cross-sell, referral incentives"
12451,11,8,12629.88,5,4,5,1,VIP,VIP,2.1057608999806896,0.16387443582198957,0.13610605999116185,0.0,"Court: white-glove service, early access, loyalty rewards"
12452,17,1,348.57,5,1,2,2,One-Time Buyer,One-Time Buyer,-0.6562474303834531,-1.3629051440837465,,,"Convert: post-purchase follow-up, incentivize 2nd order"
12453,134,1,707.09,3,1,3,2,One-Time Buyer,One-Time Buyer,-0.6163596344927474,-0.6854669159586314,,,"Convert: post-purchase follow-up, incentivize 2nd order"
12454,56,4,16459.78,4,3,5,4,Loyal Customer,Loyal Customer,1.666686030947741,0.18905630477393526,0.2965253952110985,0.0,"Court: upsell/cross-sell, referral incentives"
12455,73,9,5722.95,3,5,5,1,Loyal Customer,VIP,1.690316862518164,0.25472000952967194,0.12029126219509559,0.0,"Court: white-glove service, early access, loyalty rewards"
12456,44,3,2581.04,4,3,4,4,Loyal Customer,Loyal Customer,0.7008700284334314,-0.44255768706176735,0.46987231001904123,0.0,"Court: upsell/cross-sell, referral incentives"
12457,66,7,2555.91,3,4,4,4,Loyal Customer,Loyal Customer,1.177483551349525,-0.07760543494405937,0.23203114805625608,0.0,"Court: upsell/cross-sell, referral incentives"
12458,71,4,1502.49,3,3,4,4,Loyal Customer,Loyal Customer,0.569025116261683,-0.3847099895715967,0.29765588683242,0.0,"Court: upsell/cross-sell, referral incentives"
12459,605,1,398.36,1,1,2,0,One-Time Buyer,Lost / Let Go,-1.9717486423783679,1.133518400517217,0.7992032064776903,1.0,"Let go: exclude from paid marketing spend, low-cost win-back only"
12460,456,1,296.65,1,1,2,0,One-Time Buyer,Lost / Let Go,-1.7539304547050532,0.4317120521723068,0.7648568957998917,1.0,"Let go: exclude from paid marketing spend, low-cost win-back only"
12461,155,1,626.88,3,1,3,2,One-Time Buyer,One-Time Buyer,-0.7188328622023236,-0.6295508479410791,,,"Convert: post-purchase follow-up, incentivize 2nd order"
12462,19,2,937.59,5,2,3,2,New Customer,One-Time Buyer,0.08903839608130992,-0.9306874758825329,0.5328373141161415,1.0,"Convert: post-purchase follow-up, incentivize 2nd order"
12463,53,4,1200.78,4,3,3,4,Loyal Customer,Loyal Customer,0.511654423095383,-0.5196230552531668,0.2699116522010012,0.0,"Court: upsell/cross-sell, referral incentives"
12464,10,8,957.05,5,4,3,4,Loyal Customer,Loyal Customer,0.9630044977609844,-0.5262797779491496,0.30756878929121745,0.0,"Court: upsell/cross-sell, referral incentives"
12465,17,2,682.1899999999999,5,2,3,2,New Customer,One-Time Buyer,-0.04730520481329239,-1.0235358105691423,,,"Convert: post-purchase follow-up, incentivize 2nd order"
12467,423,1,132.8,1,1,1,0,One-Time Buyer,Lost / Let Go,-2.0317988254305357,0.08092220351531035,0.7694912610262155,1.0,"Let go: exclude from paid marketing spend, low-cost win-back only"
12468,188,5,3238.74,2,4,5,4,Win-Back Priority,Loyal Customer,0.7764050654726784,0.38163515571681644,0.251027556588012,0.0,"Court: upsell/cross-sell, referral incentives"
12469,523,2,3070.54,1,2,5,3,Needs Attention,At Risk,-0.5628164892825991,1.494082813612388,0.6234329045038771,1.0,"Win back: targeted discount, re-engagement email flow"
12470,690,1,211.95,1,1,1,0,One-Time Buyer,Lost / Let Go,-2.449655684025203,1.3220246399759414,0.9262143652963586,1.0,"Let go: exclude from paid marketing spend, low-cost win-back only"
12471,2,71,35099.9,5,5,5,1,VIP,VIP,4.177775538140161,1.2244875507826543,0.011884081285953809,0.0,"Court: white-glove service, early access, loyalty rewards"
12472,32,19,16494.59,4,5,5,1,VIP,VIP,2.788506301473854,0.640119390064357,0.037847912768984845,0.0,"Court: white-glove service, early access, loyalty rewards"
12473,54,3,2585.73,4,3,4,4,Loyal Customer,Loyal Customer,0.6782978130698035,-0.40022116206126207,0.22549032909218794,0.0,"Court: upsell/cross-sell, referral incentives"
12474,17,29,11310.75,5,5,5,1,VIP,VIP,2.9674978973069104,0.6381391221697399,0.013669695085712308,0.0,"Court: white-glove service, early access, loyalty rewards"
12475,54,2,1065.64,4,2,3,2,New Customer,One-Time Buyer,0.06399956952215555,-0.7501825407159495,0.6754135642159067,1.0,"Convert: post-purchase follow-up, incentivize 2nd order"
12476,16,18,12319.91,5,5,5,1,VIP,VIP,2.6569549153074403,0.4751555006830471,0.02942756052268974,0.0,"Court: white-glove service, early access, loyalty rewards"
12477,23,9,20276.37,4,5,5,1,VIP,VIP,2.368807465675112,0.3818778263597133,0.11270705160764743,0.0,"Court: white-glove service, early access, loyalty rewards"
12478,4,1,545.99,5,1,2,2,One-Time Buyer,One-Time Buyer,-0.42706224513390567,-1.298227666485524,,,"Convert: post-purchase follow-up, incentivize 2nd order"
12479,11,1,473.2,5,1,2,2,One-Time Buyer,One-Time Buyer,-0.5068316356185705,-1.3069126408033658,,,"Convert: post-purchase follow-up, incentivize 2nd order"
12480,28,7,4834.85,4,4,5,4,VIP,Loyal Customer,1.5492666561536694,-0.06715068888671212,0.0975612276221684,0.0,"Court: upsell/cross-sell, referral incentives"
12481,23,14,11174.89,4,5,5,1,VIP,VIP,2.4157184884383183,0.38456229422477145,0.030541396538992623,0.0,"Court: white-glove service, early access, loyalty rewards"
12482,576,27,21941.72,1,5,5,1,Win-Back Priority,VIP,1.9018736851399782,3.1265871062448367,0.8557044081274561,1.0,"Court: white-glove service, early access, loyalty rewards"
12483,17,19,4069.1800000000003,5,5,5,1,VIP,VIP,2.2022271730156224,0.20512118102223117,0.0339766644223199,0.0,"Court: white-glove service, early access, loyalty rewards"
12484,35,9,5557.1,4,5,5,1,VIP,VIP,1.7660981158743638,0.08785480771039082,0.17547458064644597,0.0,"Court: white-glove service, early access, loyalty rewards"
12485,529,1,708.1,1,1,3,0,One-Time Buyer,Lost / Let Go,-1.539156788233773,0.9681386642637312,0.6288100750720983,1.0,"Let go: exclude from paid marketing spend, low-cost win-back only"
12486,432,1,917.28,1,1,3,3,One-Time Buyer,At Risk,-1.1976120277514892,0.6309144861299161,0.7557695813235015,1.0,"Win back: targeted discount, re-engagement email flow"
12487,731,1,285.29999999999995,1,1,1,0,One-Time Buyer,Lost / Let Go,-2.414086919498249,1.5723516086625,0.9113030182130931,1.0,"Let go: exclude from paid marketing spend, low-cost win-back only"
12488,10,3,1244.66,5,3,4,4,Loyal Customer,Loyal Customer,0.45671205251989655,-0.7787391606487198,,,"Court: upsell/cross-sell, referral incentives"
12489,336,1,298.93,2,1,2,0,One-Time Buyer,Lost / Let Go,-1.4700066162553658,-0.0685042980633662,0.7596470726625796,1.0,"Let go: exclude from paid marketing spend, low-cost win-back only"
12490,5,20,8764.64,5,5,5,1,VIP,VIP,2.608376197028604,0.37833617825134924,0.036128483944363236,0.0,"Court: white-glove service, early access, loyalty rewards"
12491,39,1,424.40000000000003,4,1,2,2,One-Time Buyer,One-Time Buyer,-0.620508810426474,-1.2186074092631982,,,"Convert: post-purchase follow-up, incentivize 2nd order"
12492,63,3,607.21,3,3,2,2,Needs Attention,One-Time Buyer,0.014499860840813346,-0.7475968400669649,0.6688928602694861,1.0,"Convert: post-purchase follow-up, incentivize 2nd order"
12493,166,2,379.74,3,2,2,2,Needs Attention,One-Time Buyer,-0.655228557194804,-0.5554220122339267,0.2772827526320611,0.0,"Convert: post-purchase follow-up, incentivize 2nd order"
12494,16,9,1602.8700000000001,5,5,4,4,VIP,Loyal Customer,1.2586879132308328,-0.322240326421271,0.22813916798949274,0.0,"Court: upsell/cross-sell, referral incentives"
12495,641,1,277.4,1,1,1,0,One-Time Buyer,Lost / Let Go,-2.2161090301412867,1.188224567077636,0.9238416467418125,1.0,"Let go: exclude from paid marketing spend, low-cost win-back only"
12496,620,2,45.34,1,2,1,0,Lost / Let Go,Lost / Let Go,-2.6517169013289434,0.7845533598292728,0.8423273969543409,1.0,"Let go: exclude from paid marketing spend, low-cost win-back only"
12497,82,3,5996.5,3,3,5,4,Loyal Customer,Loyal Customer,0.986226423097463,-0.05935292989853134,0.41756469304846006,0.0,"Court: upsell/cross-sell, referral incentives"
12498,21,3,349.70000000000005,4,3,2,2,Needs Attention,One-Time Buyer,-0.13177807883545403,-1.0698299959830981,,,"Convert: post-purchase follow-up, incentivize 2nd order"
12499,560,1,357.72,1,1,2,0,One-Time Buyer,Lost / Let Go,-1.9141990925269843,0.9166306048263827,0.7745868896565704,1.0,"Let go: exclude from paid marketing spend, low-cost win-back only"
12500,23,18,5559.21,4,5,5,1,VIP,VIP,2.2873108046172987,0.2928210372618345,0.06566264138098506,0.0,"Court: white-glove service, early access, loyalty rewards"
12501,337,1,2025.39,2,1,4,3,One-Time Buyer,At Risk,-0.6240857553269282,0.44383054582131515,0.6250982254408166,1.0,"Win back: targeted discount, re-engagement email flow"
12502,96,5,2995.87,3,4,5,4,Loyal Customer,Loyal Customer,0.9568833336482775,-0.024146718942695516,0.1953558050197542,0.0,"Court: upsell/cross-sell, referral incentives"
12503,584,1,896.0,1,1,3,0,One-Time Buyer,Lost / Let Go,-1.5633676600241988,1.2608564129836006,0.7209809813612437,1.0,"Let go: exclude from paid marketing spend, low-cost win-back only"
12504,18,4,689.05,5,3,3,4,Loyal Customer,Loyal Customer,0.34714442859104755,-0.8136772365026425,0.4994572334888564,0.0,"Court: upsell/cross-sell, referral incentives"
12505,409,1,787.2,2,1,3,3,One-Time Buyer,At Risk,-1.2116649824319559,0.49402171057635635,0.7043991502372448,1.0,"Win back: targeted discount, re-engagement email flow"
12506,233,1,73.5,2,1,1,2,One-Time Buyer,One-Time Buyer,-1.84760431406085,-0.8700459081612311,0.8125988286829973,1.0,"Convert: post-purchase follow-up, incentivize 2nd order"
12507,134,4,1508.06,3,3,4,4,Loyal Customer,Loyal Customer,0.4233857518665874,-0.12004726439352999,0.53597820761137,1.0,"Court: upsell/cross-sell, referral incentives"
12508,26,2,397.88,4,2,2,2,New Customer,One-Time Buyer,-0.30727108658121344,-1.1289958338761081,,,"Convert: post-purchase follow-up, incentivize 2nd order"
12509,284,1,158.5,2,1,1,2,One-Time Buyer,One-Time Buyer,-1.6288339154159428,-0.4541135629924602,0.7313966563767587,1.0,"Convert: post-purchase follow-up, incentivize 2nd order"
12510,143,7,3039.03,3,4,5,4,Loyal Customer,Loyal Customer,1.07431650693915,0.29070211808181495,0.27982770465644136,0.0,"Court: upsell/cross-sell, referral incentives"
12511,429,1,3084.02,1,1,5,3,One-Time Buyer,At Risk,-0.6525459542350496,0.9406788647849953,0.6600303667008404,1.0,"Win back: targeted discount, re-engagement email flow"
12512,66,2,132.18,3,2,1,2,Needs Attention,One-Time Buyer,-0.8878405500969838,-1.253352392749899,,,"Convert: post-purchase follow-up, incentivize 2nd order"
12513,113,1,558.29,3,1,2,2,One-Time Buyer,One-Time Buyer,-0.6720085229466528,-0.836106058372837,,,"Convert: post-purchase follow-up, incentivize 2nd order"
12514,267,2,1597.76,2,2,4,3,Needs Attention,At Risk,-0.25425506668639825,0.24895118683003703,0.6803838510117868,1.0,"Win back: targeted discount, re-engagement email flow"
12515,353,1,278.7,2,1,1,0,One-Time Buyer,Lost / Let Go,-1.540754860087027,-0.01592673972692348,0.7405184533107227,1.0,"Let go: exclude from paid marketing spend, low-cost win-back only"
12516,78,4,2288.62,3,3,4,4,Loyal Customer,Loyal Customer,0.7394084834636854,-0.24354092163526192,0.16590528833178592,0.0,"Court: upsell/cross-sell, referral incentives"
12517,28,4,2301.6,4,3,4,4,Loyal Customer,Loyal Customer,0.8588083557460133,-0.4513064803585941,0.1496114825065469,0.0,"Court: upsell/cross-sell, referral incentives"
12518,1,5,1840.89,5,4,4,4,VIP,Loyal Customer,0.9628420271481004,-0.5512320917392879,,,"Court: upsell/cross-sell, referral incentives"
12519,64,2,626.54,3,2,3,2,Needs Attention,One-Time Buyer,-0.19490701177051697,-0.8494221485774511,0.7568973449347084,1.0,"Convert: post-purchase follow-up, incentivize 2nd order"
12520,79,5,2346.2599999999998,3,4,4,4,Loyal Customer,Loyal Customer,0.8881462082494695,-0.16028300598475503,0.10742755075672977,0.0,"Court: upsell/cross-sell, referral incentives"
12521,143,1,545.68,3,1,2,2,One-Time Buyer,One-Time Buyer,-0.7522678079407064,-0.7166101528489479,,,"Convert: post-purchase follow-up, incentivize 2nd order"
12522,39,2,156.72,4,2,1,2,New Customer,One-Time Buyer,-0.7496296688796643,-1.321374862895346,,,"Convert: post-purchase follow-up, incentivize 2nd order"
12523,19,23,4010.35,5,5,5,1,VIP,VIP,2.3311233616144706,0.28207886317838204,0.05189800274717856,0.0,"Court: white-glove service, early access, loyalty rewards"
12524,9,17,9794.11,5,5,5,1,VIP,VIP,2.529930252256685,0.36334980808047196,0.021979601829342017,0.0,"Court: white-glove service, early access, loyalty rewards"
12525,498,3,883.73,1,3,3,3,At Risk,At Risk,-0.8360449524606313,1.1727251684397535,0.6148326112409469,1.0,"Win back: targeted discount, re-engagement email flow"
12526,1,3,1172.66,5,3,3,4,Loyal Customer,Loyal Customer,0.45131674249281406,-0.8322437940403455,,,"Court: upsell/cross-sell, referral incentives"
12527,82,5,717.51,3,4,3,4,Loyal Customer,Loyal Customer,0.35550643548539784,-0.4626034075466818,0.3655138132664418,0.0,"Court: upsell/cross-sell, referral incentives"
12528,9,6,1645.48,5,4,4,4,VIP,Loyal Customer,1.0127420890769945,-0.48631604013973245,0.3862088424371199,0.0,"Court: upsell/cross-sell, referral incentives"
12529,528,1,316.48,1,1,2,0,One-Time Buyer,Lost / Let Go,-1.893614963448792,0.7502146066215032,0.8299080659438681,1.0,"Let go: exclude from paid marketing spend, low-cost win-back only"
12530,60,9,3381.26,3,5,5,4,Loyal Customer,Loyal Customer,1.4871094496859663,0.06037264461747971,0.07748273772253654,0.0,"Court: upsell/cross-sell, referral incentives"
12531,15,2,1771.2,5,2,4,4,New Customer,Loyal Customer,0.380599699984422,-0.7783710040223341,0.7308534290273976,1.0,"Court: upsell/cross-sell, referral incentives"
12532,30,1,313.83000000000004,4,1,2,2,One-Time Buyer,One-Time Buyer,-0.7331134699033823,-1.3363358174837243,,,"Convert: post-purchase follow-up, incentivize 2nd order"
12533,628,2,1223.89,1,2,4,3,Needs Attention,At Risk,-1.2164733706876338,1.6890229156870213,0.7156574459982139,1.0,"Win back: targeted discount, re-engagement email flow"
12534,131,1,981.18,3,1,3,2,One-Time Buyer,One-Time Buyer,-0.4640656246626659,-0.6109926934953929,,,"Convert: post-purchase follow-up, incentivize 2nd order"
12535,92,2,716.35,3,2,3,2,Needs Attention,One-Time Buyer,-0.2009765317481391,-0.6966545373180565,0.34280915310848686,0.0,"Convert: post-purchase follow-up, incentivize 2nd order"
12536,59,1,4279.71,4,1,5,4,One-Time Buyer,Loyal Customer,0.3578784157272106,-0.5207875861578806,,,"Court: upsell/cross-sell, referral incentives"
12537,409,1,612.94,2,1,3,3,One-Time Buyer,At Risk,-1.3226022186875688,0.42756474466821587,0.6079392064509811,1.0,"Win back: targeted discount, re-engagement email flow"
12538,29,2,640.45,4,2,3,2,New Customer,One-Time Buyer,-0.10334976525215178,-0.9900792155556923,0.7050729446383206,1.0,"Convert: post-purchase follow-up, incentivize 2nd order"
12539,22,7,11186.75,4,4,5,1,VIP,VIP,1.9357099285460015,0.1308331559093805,0.1260413659518507,0.0,"Court: white-glove service, early access, loyalty rewards"
12540,20,32,19250.49,4,5,5,1,VIP,VIP,3.269788858075733,0.8300093307461744,0.014939550641193922,0.0,"Court: white-glove service, early access, loyalty rewards"
12541,30,3,841.18,4,3,3,4,Loyal Customer,Loyal Customer,0.2361597371308601,-0.799144226927149,0.507934020455803,1.0,"Court: upsell/cross-sell, referral incentives"
12542,484,2,481.88,1,2,2,0,Lost / Let Go,Lost / Let Go,-1.2931292464388489,0.8387410478661614,0.7652982091715044,1.0,"Let go: exclude from paid marketing spend, low-cost win-back only"
12543,448,1,840.25,1,1,3,3,One-Time Buyer,At Risk,-1.2739177901019345,0.6745769709127925,0.6745043093119769,1.0,"Win back: targeted discount, re-engagement email flow"
12544,36,1,316.7,4,1,2,2,One-Time Buyer,One-Time Buyer,-0.7431110104634856,-1.3088097973234178,,,"Convert: post-purchase follow-up, incentivize 2nd order"
12545,75,2,832.39,3,2,3,2,Needs Attention,One-Time Buyer,-0.09466050679265725,-0.7279252117140371,0.6008439866085498,1.0,"Convert: post-purchase follow-up, incentivize 2nd order"
12546,47,2,1021.5,4,2,3,2,New Customer,One-Time Buyer,0.06159912047958906,-0.7907214195285062,,,"Convert: post-purchase follow-up, incentivize 2nd order"
12547,198,3,299.58,2,3,2,2,At Risk,One-Time Buyer,-0.6140417747241004,-0.3700362059715501,0.5843670955796928,1.0,"Convert: post-purchase follow-up, incentivize 2nd order"
12548,166,1,67.19999999999999,3,1,1,2,One-Time Buyer,One-Time Buyer,-1.7302019295753934,-1.1739673652804334,,,"Convert: post-purchase follow-up, incentivize 2nd order"
12549,576,5,1570.68,1,4,4,3,Win-Back Priority,At Risk,-0.45183198648523076,1.8131660354103112,0.7402018720250445,1.0,"Win back: targeted discount, re-engagement email flow"
12550,79,1,824.83,3,1,3,2,One-Time Buyer,One-Time Buyer,-0.4194846078758311,-0.8747501801162322,,,"Convert: post-purchase follow-up, incentivize 2nd order"
12551,358,1,168.0,2,1,1,0,One-Time Buyer,Lost / Let Go,-1.7761429951439995,-0.1290068260759289,0.7778526514265666,1.0,"Let go: exclude from paid marketing spend, low-cost win-back only"
12552,40,1,317.82,4,1,2,2,One-Time Buyer,One-Time Buyer,-0.750899677990893,-1.2911322341976477,,,"Convert: post-purchase follow-up, incentivize 2nd order"
12553,8,12,4104.75,5,5,5,1,VIP,VIP,1.8962580518579797,-0.001437537207857374,0.05318313042391543,0.0,"Court: white-glove service, early access, loyalty rewards"
12554,449,1,384.5,1,1,2,0,One-Time Buyer,Lost / Let Go,-1.6227354787122226,0.47120353022391565,0.6541012221156243,1.0,"Let go: exclude from paid marketing spend, low-cost win-back only"
12556,50,2,599.56,4,2,2,2,New Customer,One-Time Buyer,-0.1816896753236361,-0.9197060804463515,,,"Convert: post-purchase follow-up, incentivize 2nd order"
12557,16,8,18716.14,5,4,5,1,VIP,VIP,2.2686977053442945,0.28941095719970744,0.20726384776328258,0.0,"Court: white-glove service, early access, loyalty rewards"
12558,8,1,269.96,5,1,1,2,One-Time Buyer,One-Time Buyer,-0.7483103367561618,-1.4683280124168916,,,"Convert: post-purchase follow-up, incentivize 2nd order"
12559,311,2,525.71,2,2,2,3,Lost / Let Go,At Risk,-0.8501140805296574,0.13777878625825268,0.5818069921874052,1.0,"Win back: targeted discount, re-engagement email flow"
12560,5,2,1918.01,5,2,4,4,New Customer,Loyal Customer,0.4393151836166322,-0.7990558994329376,,,"Court: upsell/cross-sell, referral incentives"
12561,303,1,238.85,2,1,1,0,One-Time Buyer,Lost / Let Go,-1.4921105899796034,-0.26607845119984413,0.7321211742242942,1.0,"Let go: exclude from paid marketing spend, low-cost win-back only"
12562,8,9,4426.92,5,5,5,1,VIP,VIP,1.7282841309717145,-0.08561538153782831,0.22323208249321014,0.0,"Court: white-glove service, early access, loyalty rewards"
12563,409,1,221.24,2,1,1,0,One-Time Buyer,Lost / Let Go,-1.7737752636191586,0.15728947301276605,0.6964829152822639,1.0,"Let go: exclude from paid marketing spend, low-cost win-back only"
12564,261,1,402.9,2,1,2,2,One-Time Buyer,One-Time Buyer,-1.1625272130269844,-0.3032468230668911,0.7073388210918636,1.0,"Convert: post-purchase follow-up, incentivize 2nd order"
12565,289,1,145.92,2,1,1,2,One-Time Buyer,One-Time Buyer,-1.677000615301866,-0.4550386240822524,0.7076453872228569,1.0,"Convert: post-purchase follow-up, incentivize 2nd order"
12566,86,1,297.65,3,1,2,2,One-Time Buyer,One-Time Buyer,-0.8874561624859246,-1.1159877116954298,,,"Convert: post-purchase follow-up, incentivize 2nd order"
12567,23,15,12467.86,4,5,5,1,VIP,VIP,2.5138967005994997,0.4393302077280087,0.03730832776112567,0.0,"Court: white-glove service, early access, loyalty rewards"
12568,645,1,52.0,1,1,1,0,One-Time Buyer,Lost / Let Go,-2.961964503563056,0.7637631134693375,0.938159233503783,1.0,"Let go: exclude from paid marketing spend, low-cost win-back only"
12569,2,32,3152.69,5,5,5,1,VIP,VIP,2.508653644986853,0.27350603723443,0.19122465113069628,0.0,"Court: white-glove service, early access, loyalty rewards"
12571,40,2,519.61,4,2,2,2,New Customer,One-Time Buyer,-0.22174315063451985,-0.9995585336473775,,,"Convert: post-purchase follow-up, incentivize 2nd order"
12572,9,2,912.42,5,2,3,2,New Customer,One-Time Buyer,0.1003469482437933,-0.979771499798862,,,"Convert: post-purchase follow-up, incentivize 2nd order"
12573,227,5,717.41,2,4,3,3,At Risk,At Risk,0.016463994700770705,0.14424017066728373,0.3541429381364037,0.0,"Win back: targeted discount, re-engagement email flow"
12574,316,1,182.45000000000002,2,1,1,0,One-Time Buyer,Lost / Let Go,-1.6415276335062814,-0.28297081305191657,0.7557565544963487,1.0,"Let go: exclude from paid marketing spend, low-cost win-back only"
12575,457,2,568.8199999999999,1,2,2,3,Lost / Let Go,At Risk,-1.156502301137486,0.7697697207028157,0.604848077561849,1.0,"Win back: targeted discount, re-engagement email flow"
12576,36,8,2062.72,4,4,4,4,VIP,Loyal Customer,1.2429374654573193,-0.21335402170559348,0.17865827677755006,0.0,"Court: upsell/cross-sell, referral incentives"
12577,35,8,1613.15,4,4,4,4,VIP,Loyal Customer,1.136181981025545,-0.28289174999302036,0.3085198579216061,0.0,"Court: upsell/cross-sell, referral incentives"
12578,21,4,4026.4500000000003,4,3,5,4,Loyal Customer,Loyal Customer,1.1234148505493942,-0.33189481449090036,0.2745818918894049,0.0,"Court: upsell/cross-sell, referral incentives"
12579,78,1,386.42,3,1,2,2,One-Time Buyer,One-Time Buyer,-0.7532066890578007,-1.0802522779121997,,,"Convert: post-purchase follow-up, incentivize 2nd order"
12580,247,2,962.9,2,2,3,3,Needs Attention,At Risk,-0.4321649414945348,0.03065742588509827,0.6502931918122625,1.0,"Win back: targeted discount, re-engagement email flow"
12581,40,1,179.71,4,1,1,2,One-Time Buyer,One-Time Buyer,-1.002977208128492,-1.4421393116406382,,,"Convert: post-purchase follow-up, incentivize 2nd order"
12582,239,4,1820.4,2,3,4,4,At Risk,Loyal Customer,0.2614429541047546,0.36945422388631866,0.31597249389074683,0.0,"Court: upsell/cross-sell, referral incentives"
12583,3,27,13295.44,5,5,5,1,VIP,VIP,3.0190111676877787,0.5951213638947834,0.013037272974690869,0.0,"Court: white-glove service, early access, loyalty rewards"
12584,4,9,2254.15,5,5,4,4,VIP,Loyal Customer,1.4380577748833023,-0.2818188835910535,0.24871361316941124,0.0,"Court: upsell/cross-sell, referral incentives"
12585,234,2,1824.1,2,2,4,3,Needs Attention,At Risk,-0.11831834782274664,0.14605133128658995,0.53113379384739,1.0,"Win back: targeted discount, re-engagement email flow"
12586,17,4,2062.67,5,3,4,4,Loyal Customer,Loyal Customer,0.8358818360326341,-0.526484869922886,0.4216098966033998,0.0,"Court: upsell/cross-sell, referral incentives"
12587,8,1,104.0,5,1,1,2,One-Time Buyer,One-Time Buyer,-1.1692338610010404,-1.7204823047432511,,,"Convert: post-purchase follow-up, incentivize 2nd order"
12588,39,3,718.78,4,3,3,2,Loyal Customer,One-Time Buyer,0.14538906666073725,-0.8032478367470294,0.5137808850582717,1.0,"Convert: post-purchase follow-up, incentivize 2nd order"
12589,29,6,3294.91,4,4,5,4,VIP,Loyal Customer,1.2741459737442737,-0.2180051816536401,0.3644519862790298,0.0,"Court: upsell/cross-sell, referral incentives"
12590,211,1,9341.26,2,1,5,4,One-Time Buyer,Loyal Customer,0.3490493236508051,0.3229712313463155,0.7428305214666455,1.0,"Court: upsell/cross-sell, referral incentives"
12591,317,3,1114.95,2,3,3,3,At Risk,At Risk,-0.30981456051684797,0.47692626803013183,0.4565340601094605,0.0,"Win back: targeted discount, re-engagement email flow"
12592,92,4,1723.6399999999999,3,3,4,4,Loyal Customer,Loyal Customer,0.5808621303575274,-0.2603163562295361,0.14385551575460642,0.0,"Court: upsell/cross-sell, referral incentives"
12593,109,3,382.09999999999997,3,3,2,2,Needs Attention,One-Time Buyer,-0.2982696229410858,-0.6780127378657892,0.3168602601727672,0.0,"Convert: post-purchase follow-up, incentivize 2nd order"
12594,38,14,4890.110000000001,4,5,5,1,VIP,VIP,2.013750941290294,0.22755120281638996,0.04540669557474916,0.0,"Court: white-glove service, early access, loyalty rewards"
12595,505,1,281.02,1,1,1,0,One-Time Buyer,Lost / Let Go,-1.8924324120501799,0.6224486629799777,0.8635136552415643,1.0,"Let go: exclude from paid marketing spend, low-cost win-back only"
12596,51,2,450.27,4,2,2,2,New Customer,One-Time Buyer,-0.3109232387732173,-0.9915376221992377,0.332736839592347,0.0,"Convert: post-purchase follow-up, incentivize 2nd order"
12597,19,4,3195.22,5,3,5,4,Loyal Customer,Loyal Customer,1.0254517465583182,-0.40175130748083976,0.11916279939827355,0.0,"Court: upsell/cross-sell, referral incentives"
12598,10,10,4192.09,5,5,5,1,VIP,VIP,1.7726188646078633,-0.05385972596623626,0.13412703000484003,0.0,"Court: white-glove service, early access, loyalty rewards"
12599,29,13,2026.72,4,5,4,4,VIP,Loyal Customer,1.5908481118172306,-0.07173637542417775,0.09181215433898955,0.0,"Court: upsell/cross-sell, referral incentives"
12600,29,20,4444.35,4,5,5,1,VIP,VIP,2.250796723809324,0.29818834055668375,0.14068754776080278,0.0,"Court: white-glove service, early access, loyalty rewards"
12601,190,6,573.26,2,4,2,4,At Risk,Loyal Customer,0.1219224510667732,-0.008924375335694183,0.3459968939701341,0.0,"Court: upsell/cross-sell, referral incentives"
12602,59,1,153.12,4,1,1,2,One-Time Buyer,One-Time Buyer,-1.1180644218674247,-1.4049513363200634,,,"Convert: post-purchase follow-up, incentivize 2nd order"
12603,22,1,613.1999999999999,4,1,3,2,One-Time Buyer,One-Time Buyer,-0.41768658237841727,-1.1920660300573585,,,"Convert: post-purchase follow-up, incentivize 2nd order"
12604,79,2,236.18,3,2,1,2,Needs Attention,One-Time Buyer,-0.6619875563227743,-1.0454391896085506,0.5894847386604752,1.0,"Convert: post-purchase follow-up, incentivize 2nd order"
12605,376,3,1124.95,2,3,3,3,At Risk,At Risk,-0.4437835990737425,0.7262367380018818,0.5311019660034952,1.0,"Win back: targeted discount, re-engagement email flow"
12607,60,1,1579.51,3,1,4,2,One-Time Buyer,One-Time Buyer,-0.08685528581821994,-0.7816195269574722,,,"Convert: post-purchase follow-up, incentivize 2nd order"
12608,405,1,415.79,2,1,2,0,One-Time Buyer,Lost / Let Go,-1.4852214965123085,0.3078042795612733,0.7094512829836168,1.0,"Let go: exclude from paid marketing spend, low-cost win-back only"
12609,78,9,3021.86,3,5,5,4,Loyal Customer,Loyal Customer,1.3951490193598284,0.1058288812133231,0.08818799716124781,0.0,"Court: upsell/cross-sell, referral incentives"
12610,23,4,1747.54,4,3,4,4,Loyal Customer,Loyal Customer,0.7482809493201227,-0.545447144438726,,,"Court: upsell/cross-sell, referral incentives"
12611,52,1,1193.32,4,1,3,2,One-Time Buyer,One-Time Buyer,-0.1925506303775268,-0.8896230678146786,,,"Convert: post-purchase follow-up, incentivize 2nd order"
12612,74,1,668.0400000000001,3,1,3,2,One-Time Buyer,One-Time Buyer,-0.5012791298706815,-0.9516784060148641,,,"Convert: post-purchase follow-up, incentivize 2nd order"
12613,57,9,6277.37,4,5,5,1,VIP,VIP,1.7687706387658757,0.212344292753274,0.08213375189818778,0.0,"Court: white-glove service, early access, loyalty rewards"
12614,278,1,315.6,2,1,2,2,One-Time Buyer,One-Time Buyer,-1.3103980026101418,-0.29686953586345927,0.6502888735050912,1.0,"Convert: post-purchase follow-up, incentivize 2nd order"
12615,2,8,5362.98,5,4,5,1,VIP,VIP,1.7465363846714372,-0.10159162933418397,0.35672144913284787,0.0,"Court: white-glove service, early access, loyalty rewards"
12616,95,3,1023.1,3,3,3,4,Loyal Customer,Loyal Customer,0.17103988684752996,-0.4750745935608942,0.43800869752905175,0.0,"Court: upsell/cross-sell, referral incentives"
12617,29,1,352.98,4,1,2,2,One-Time Buyer,One-Time Buyer,-0.6787346675668711,-1.3093460301791926,,,"Convert: post-purchase follow-up, incentivize 2nd order"
12618,22,1,137.31,4,1,1,2,One-Time Buyer,One-Time Buyer,-1.079622564622347,-1.588598866912942,,,"Convert: post-purchase follow-up, incentivize 2nd order"
12619,16,9,3085.7,5,5,5,4,VIP,Loyal Customer,1.5493718388521691,-0.14810608270754974,0.4625280577605661,0.0,"Court: upsell/cross-sell, referral incentives"
12620,15,3,1303.41,5,3,4,4,Loyal Customer,Loyal Customer,0.4654852734282744,-0.7455543547293847,0.26942369817929945,0.0,"Court: upsell/cross-sell, referral incentives"
12621,2,35,22525.81,5,5,5,1,VIP,VIP,3.4484616641643306,0.8310436301216882,0.019400480717531837,0.0,"Court: white-glove service, early access, loyalty rewards"
12622,232,1,162.1,2,1,1,2,One-Time Buyer,One-Time Buyer,-1.497358389555205,-0.6658168825721875,0.5940315393414375,1.0,"Convert: post-purchase follow-up, incentivize 2nd order"
12623,276,7,3315.84,2,4,5,4,Win-Back Priority,Loyal Customer,0.8020824940143927,0.8705371974706078,0.2356215848880326,0.0,"Court: upsell/cross-sell, referral incentives"
12624,106,2,569.13,3,2,2,2,Needs Attention,One-Time Buyer,-0.3356938821519944,-0.699155204722682,,,"Convert: post-purchase follow-up, incentivize 2nd order"
12625,212,4,4678.88,2,3,5,4,At Risk,Loyal Customer,0.7435583220663122,0.507447781565452,0.16250444552147994,0.0,"Court: upsell/cross-sell, referral incentives"
12626,23,9,5954.48,4,5,5,1,VIP,VIP,1.824812807931168,0.055997755392372124,0.46662259382889126,0.0,"Court: white-glove service, early access, loyalty rewards"
12627,11,6,4082.53,5,4,5,4,VIP,Loyal Customer,1.4113679443202347,-0.23634748663501856,,,"Court: upsell/cross-sell, referral incentives"
12628,4,3,732.46,5,3,3,4,Loyal Customer,Loyal Customer,0.23557150237114302,-0.9447284843198346,,,"Court: upsell/cross-sell, referral incentives"
12629,386,2,1198.22,2,2,3,3,Needs Attention,At Risk,-0.6601303058568294,0.670526693135199,0.5555681482960162,1.0,"Win back: targeted discount, re-engagement email flow"
12630,10,2,1030.88,5,2,3,2,New Customer,One-Time Buyer,0.15215220032749902,-0.9431517153962614,,,"Convert: post-purchase follow-up, incentivize 2nd order"
12631,57,6,3321.57,4,4,5,4,VIP,Loyal Customer,1.2122646857002937,-0.09867161736394635,0.4581480557127195,0.0,"Court: upsell/cross-sell, referral incentives"
12632,521,2,714.88,1,2,3,3,Needs Attention,At Risk,-1.2048024662275345,1.0983293473299125,0.63463857176572,1.0,"Win back: targeted discount, re-engagement email flow"
12633,59,7,5156.16,4,4,5,4,VIP,Loyal Customer,1.5053575194812023,0.07970661910695775,0.10278603454115535,0.0,"Court: upsell/cross-sell, referral incentives"
12634,548,1,360.0,1,1,2,0,One-Time Buyer,Lost / Let Go,-1.8833323740509245,0.8680912202876286,0.819334744398679,1.0,"Let go: exclude from paid marketing spend, low-cost win-back only"
12635,90,4,2624.41,3,3,4,4,Loyal Customer,Loyal Customer,0.7721178177866883,-0.15691629434080812,0.4904108324318826,0.0,"Court: upsell/cross-sell, referral incentives"
12637,67,12,8085.8099999999995,3,5,5,1,Loyal Customer,VIP,2.059296374466532,0.42579523136848024,0.05790805079836468,0.0,"Court: white-glove service, early access, loyalty rewards"
12638,33,2,681.49,4,2,3,2,New Customer,One-Time Buyer,-0.08516513035265665,-0.9568423422094177,0.9494712207664857,1.0,"Convert: post-purchase follow-up, incentivize 2nd order"
12639,239,3,1072.37,2,3,3,3,At Risk,At Risk,-0.14473948449311194,0.1401188880931734,0.5026240352528267,1.0,"Win back: targeted discount, re-engagement email flow"
12640,24,3,994.58,4,3,3,4,Loyal Customer,Loyal Customer,0.3244829863531603,-0.7797492210552138,,,"Court: upsell/cross-sell, referral incentives"
12641,115,1,145.9,3,1,1,2,One-Time Buyer,One-Time Buyer,-1.270284292291658,-1.1833315536398121,,,"Convert: post-purchase follow-up, incentivize 2nd order"
12642,25,3,905.26,4,3,3,4,Loyal Customer,Loyal Customer,0.2804088610427985,-0.800565990237649,,,"Court: upsell/cross-sell, referral incentives"
12643,128,11,7803.82,3,5,5,1,Loyal Customer,VIP,1.8394530132847784,0.6398520355959151,0.05393806093777717,0.0,"Court: white-glove service, early access, loyalty rewards"
12644,130,4,1900.49,3,3,4,4,Loyal Customer,Loyal Customer,0.5353695532981775,-0.07530671890778284,0.460191932431488,0.0,"Court: upsell/cross-sell, referral incentives"
12645,34,8,3215.3,4,4,5,4,VIP,Loyal Customer,1.444628522207621,-0.10370265045833786,0.09670173170504441,0.0,"Court: upsell/cross-sell, referral incentives"
12646,5,2,1346.97,5,2,4,4,New Customer,Loyal Customer,0.2824875922351579,-0.8930034885893883,,,"Court: upsell/cross-sell, referral incentives"
12647,22,35,14916.35,4,5,5,1,VIP,VIP,3.218694350739546,0.8051183180630753,0.01799195513516728,0.0,"Court: white-glove service, early access, loyalty rewards"
12648,155,4,1039.0,3,3,3,4,Loyal Customer,Loyal Customer,0.2090031667601061,-0.13117051158112594,0.5074990786331923,1.0,"Court: upsell/cross-sell, referral incentives"
12649,107,8,2096.65,3,4,4,4,Loyal Customer,Loyal Customer,1.0841944825797036,0.08814570996062382,0.1265847279132081,0.0,"Court: upsell/cross-sell, referral incentives"
12650,3,1,242.44000000000003,5,1,1,2,One-Time Buyer,One-Time Buyer,-0.7841748185149655,-1.5177418416967596,,,"Convert: post-purchase follow-up, incentivize 2nd order"
12651,335,4,377.75,2,3,2,3,At Risk,At Risk,-0.660291767754716,0.3535296883138438,0.7260501588604514,1.0,"Win back: targeted discount, re-engagement email flow"
12652,331,2,891.03,2,2,3,3,Needs Attention,At Risk,-0.6629450603675624,0.36161923944013097,0.623020455961921,1.0,"Win back: targeted discount, re-engagement email flow"
12653,149,3,4160.83,3,3,5,4,Loyal Customer,Loyal Customer,0.6673592069925715,0.12388099345362479,0.3295654783374255,0.0,"Court: upsell/cross-sell, referral incentives"
12654,11,5,529.98,5,4,2,4,Needs Attention,Loyal Customer,0.38719778229853913,-0.8402134384370067,0.34179416300787746,0.0,"Court: upsell/cross-sell, referral incentives"
12655,424,1,243.35000000000002,1,1,1,0,One-Time Buyer,Lost / Let Go,-1.766730933209762,0.2452970004225791,0.7687351207972741,1.0,"Let go: exclude from paid marketing spend, low-cost win-back only"
12656,17,8,5723.83,5,4,5,1,VIP,VIP,1.7403772204802053,-0.021493657094111072,0.09546517916852336,0.0,"Court: white-glove service, early access, loyalty rewards"
12657,11,4,1427.18,5,3,4,4,Loyal Customer,Loyal Customer,0.6864762586860667,-0.6495013487418734,,,"Court: upsell/cross-sell, referral incentives"
12658,19,1,632.05,5,1,3,2,One-Time Buyer,One-Time Buyer,-0.39725138888501244,-1.1965818487898765,,,"Convert: post-purchase follow-up, incentivize 2nd order"
12659,30,1,73.68,4,1,1,2,One-Time Buyer,One-Time Buyer,-1.3719599418439399,-1.7190368801680886,,,"Convert: post-purchase follow-up, incentivize 2nd order"
12660,11,1,227.1,5,1,1,2,One-Time Buyer,One-Time Buyer,-0.8317760099906721,-1.5015706108282516,,,"Convert: post-purchase follow-up, incentivize 2nd order"
12661,436,1,162.0,1,1,1,0,One-Time Buyer,Lost / Let Go,-1.9745413978657114,0.1878382106383212,0.7377402368892005,1.0,"Let go: exclude from paid marketing spend, low-cost win-back only"
12662,1,20,6374.02,5,5,5,1,VIP,VIP,2.476332311967891,0.2768919061840916,0.026895707401091363,0.0,"Court: white-glove service, early access, loyalty rewards"
12663,625,2,185.4,1,2,1,0,Lost / Let Go,Lost / Let Go,-2.045397161100787,1.1756984864065276,0.8569922232775946,1.0,"Let go: exclude from paid marketing spend, low-cost win-back only"
12664,8,11,5420.04,5,5,5,1,VIP,VIP,1.9581686463911099,0.04066768831233491,0.4160115461448702,0.0,"Court: white-glove service, early access, loyalty rewards"
12665,325,3,259.6,2,3,1,3,At Risk,At Risk,-0.9743139803414713,0.12354453441236302,0.590457433622952,1.0,"Win back: targeted discount, re-engagement email flow"
12666,394,1,1248.42,2,1,4,3,One-Time Buyer,At Risk,-0.9720515733196475,0.5537745343312637,0.706368606424184,1.0,"Win back: targeted discount, re-engagement email flow"
12667,58,1,460.13,4,1,2,2,One-Time Buyer,One-Time Buyer,-0.6291177504375659,-1.1176336101207256,,,"Convert: post-purchase follow-up, incentivize 2nd order"
12668,12,9,9906.03,5,5,5,1,VIP,VIP,2.0764983433362745,0.14532575341217013,0.0656581399731226,0.0,"Court: white-glove service, early access, loyalty rewards"
12669,151,2,1427.73,3,2,4,4,Needs Attention,Loyal Customer,-0.03299577057852272,-0.2664610002744124,0.4452526591490611,0.0,"Court: upsell/cross-sell, referral incentives"
12670,10,7,3436.29,5,4,5,4,VIP,Loyal Customer,1.4397747439795052,-0.23328697764114933,0.3099918869560678,0.0,"Court: upsell/cross-sell, referral incentives"
12671,606,1,2622.481,1,1,4,3,One-Time Buyer,At Risk,-1.1382901606305904,1.6383876545215525,0.8631977394004826,1.0,"Win back: targeted discount, re-engagement email flow"
12672,330,2,407.05,2,2,2,3,Lost / Let Go,At Risk,-1.0078696544226213,0.1494062748403701,0.7042330674056844,1.0,"Win back: targeted discount, re-engagement email flow"
12673,5,3,1140.02,5,3,3,4,Loyal Customer,Loyal Customer,0.42944256737023206,-0.8230041560842142,0.4722041682484101,0.0,"Court: upsell/cross-sell, referral incentives"
12674,39,4,1844.6,4,3,4,4,Loyal Customer,Loyal Customer,0.7348629045201747,-0.4641117642209526,0.36774209249618,0.0,"Court: upsell/cross-sell, referral incentives"
12675,554,2,873.25,1,2,3,3,Needs Attention,At Risk,-1.193213274966648,1.2896046186546208,0.569668579433473,1.0,"Win back: targeted discount, re-engagement email flow"
12676,25,10,2333.09,4,5,4,4,VIP,Loyal Customer,1.477445527185755,-0.146895732051696,0.06663859402377832,0.0,"Court: upsell/cross-sell, referral incentives"
12677,555,2,359.1,1,2,2,0,Lost / Let Go,Lost / Let Go,-1.5893785088745584,1.0578676247541952,0.8558990928986367,1.0,"Let go: exclude from paid marketing spend, low-cost win-back only"
12678,42,15,32595.18,4,5,5,1,VIP,VIP,2.8961519231129973,0.7744512346214902,0.06002825835382352,0.0,"Court: white-glove service, early access, loyalty rewards"
12679,59,4,951.02,4,3,3,4,Loyal Customer,Loyal Customer,0.3941859666362882,-0.5564775013373899,0.18868098198870575,0.0,"Court: upsell/cross-sell, referral incentives"
12680,1,4,790.81,5,3,3,4,Loyal Customer,Loyal Customer,0.44796344708595426,-0.848240893338762,,,"Court: upsell/cross-sell, referral incentives"
12681,15,44,27898.28,5,5,5,1,VIP,VIP,3.6844315882075183,1.0310290744198978,0.011516695809111254,0.0,"Court: white-glove service, early access, loyalty rewards"
12682,4,51,21685.51,5,5,5,1,VIP,VIP,3.7093462571720113,0.9754465220918123,0.009476971929743408,0.0,"Court: white-glove service, early access, loyalty rewards"
12683,4,20,11400.78,5,5,5,1,VIP,VIP,2.727456751537266,0.4440855586684598,0.012941417476348376,0.0,"Court: white-glove service, early access, loyalty rewards"
12684,8,6,2073.63,5,4,4,4,VIP,Loyal Customer,1.11770907899756,-0.42902139243754484,0.24554991074201415,0.0,"Court: upsell/cross-sell, referral incentives"
12685,28,6,2575.08,4,4,4,4,VIP,Loyal Customer,1.1670744606113785,-0.28773222697586304,,,"Court: upsell/cross-sell, referral incentives"
12686,372,1,142.28,2,1,1,0,One-Time Buyer,Lost / Let Go,-1.8821768208255643,-0.1143246242390457,0.7713475245699107,1.0,"Let go: exclude from paid marketing spend, low-cost win-back only"
12687,481,1,1858.91,1,1,4,3,One-Time Buyer,At Risk,-0.9987923416214759,1.0237236716396727,0.735759766687803,1.0,"Win back: targeted discount, re-engagement email flow"
12688,114,1,4873.8099999999995,3,1,5,4,One-Time Buyer,Loyal Customer,0.2870037079129127,-0.2560238145195755,,,"Court: upsell/cross-sell, referral incentives"
12689,26,2,1139.61,4,2,3,4,New Customer,Loyal Customer,0.15922843494904784,-0.8495392344069479,,,"Court: upsell/cross-sell, referral incentives"
12690,206,1,335.01,2,1,2,2,One-Time Buyer,One-Time Buyer,-1.1156573725278507,-0.582390713614212,0.35172775767627856,0.0,"Convert: post-purchase follow-up, incentivize 2nd order"
12691,28,6,1044.4,4,4,3,4,Loyal Customer,Loyal Customer,0.7666381250242957,-0.5276136662536063,0.622237391001418,1.0,"Court: upsell/cross-sell, referral incentives"
12692,637,1,110.95,1,1,1,0,One-Time Buyer,Lost / Let Go,-2.6112512054595856,0.9291712297741442,0.960350249899497,1.0,"Let go: exclude from paid marketing spend, low-cost win-back only"
12693,127,7,1415.02,3,4,4,4,Loyal Customer,Loyal Customer,0.7724921997938274,0.020520765644602184,0.20596107953114237,0.0,"Court: upsell/cross-sell, referral incentives"
12694,70,3,1663.35,3,3,4,4,Loyal Customer,Loyal Customer,0.445103751190063,-0.4505426336587392,0.16022020191958825,0.0,"Court: upsell/cross-sell, referral incentives"
12695,7,7,1371.1200000000001,5,4,4,4,VIP,Loyal Customer,1.0390447300608674,-0.4901018690329695,0.2591019019111986,0.0,"Court: upsell/cross-sell, referral incentives"
12696,435,2,731.91,1,2,3,3,Needs Attention,At Risk,-0.9933131148286705,0.7446397142789465,0.6191094108937626,1.0,"Win back: targeted discount, re-engagement email flow"
12697,29,3,757.59,4,3,3,4,Loyal Customer,Loyal Customer,0.19208444495351387,-0.8311333778354685,,,"Court: upsell/cross-sell, referral incentives"
12698,590,1,285.75,1,1,1,0,One-Time Buyer,Lost / Let Go,-2.0837601360417515,0.9826302802127753,0.8723097599349563,1.0,"Let go: exclude from paid marketing spend, low-cost win-back only"
12699,418,1,566.11,1,1,2,0,One-Time Buyer,Lost / Let Go,-1.3788716557102172,0.4441291032635987,0.6423453191600048,1.0,"Let go: exclude from paid marketing spend, low-cost win-back only"
12700,8,4,4525.99,5,3,5,4,Loyal Customer,Loyal Customer,1.2057212292311128,-0.35520510520354287,0.27634613863043783,0.0,"Court: upsell/cross-sell, referral incentives"
12701,80,6,2248.41,3,4,4,4,Loyal Customer,Loyal Customer,0.985301229175247,-0.10615975450845963,0.13601721991659127,0.0,"Court: upsell/cross-sell, referral incentives"
12702,20,1,201.0,4,1,1,2,One-Time Buyer,One-Time Buyer,-0.9067703426746407,-1.4962234034311428,,,"Convert: post-purchase follow-up, incentivize 2nd order"
12703,71,4,898.53,3,3,3,4,Loyal Customer,Loyal Customer,0.3409511399480455,-0.5213377349526482,0.6781226586062465,1.0,"Court: upsell/cross-sell, referral incentives"
12704,7,8,1740.84,5,4,4,4,VIP,Loyal Customer,1.2354441344152343,-0.37983230200167384,,,"Court: upsell/cross-sell, referral incentives"
12705,15,13,11114.1,5,5,5,1,VIP,VIP,2.379007592832268,0.32220888590301244,0.039827982777690514,0.0,"Court: white-glove service, early access, loyalty rewards"
12707,292,1,603.42,2,1,2,3,One-Time Buyer,At Risk,-1.0560187989466077,-0.06628186159486132,0.5861130634653644,1.0,"Win back: targeted discount, re-engagement email flow"
12708,30,18,4738.1,4,5,5,1,VIP,VIP,2.199998939042881,0.27961774225365443,0.040190836314662824,0.0,"Court: white-glove service, early access, loyalty rewards"
12709,15,32,29883.88,5,5,5,1,VIP,VIP,3.4767362628561536,0.9260519938981894,0.016750133774007175,0.0,"Court: white-glove service, early access, loyalty rewards"
12710,97,3,1023.02,3,3,3,4,Loyal Customer,Loyal Customer,0.16632960577986955,-0.4667246053373074,0.1947381206289865,0.0,"Court: upsell/cross-sell, referral incentives"
12711,612,2,1213.05,1,2,3,3,Needs Attention,At Risk,-1.1830154629061318,1.6196924180129266,0.8226450114992075,1.0,"Win back: targeted discount, re-engagement email flow"
12712,29,21,6401.66,4,5,5,1,VIP,VIP,2.448525654035666,0.4137216594852327,0.01728298747568495,0.0,"Court: white-glove service, early access, loyalty rewards"
12713,1,1,794.55,5,1,3,2,One-Time Buyer,One-Time Buyer,-0.25372239252768036,-1.2111459291509068,,,"Convert: post-purchase follow-up, incentivize 2nd order"
12714,9,12,12815.710000000001,5,5,5,1,VIP,VIP,2.3993607463664404,0.3055320391847654,0.049693141354213724,0.0,"Court: white-glove service, early access, loyalty rewards"
12715,106,1,263.36,3,1,1,2,One-Time Buyer,One-Time Buyer,-0.9883634411207777,-1.0647194030366076,,,"Convert: post-purchase follow-up, incentivize 2nd order"
12716,4,2,963.49,5,2,3,2,New Customer,One-Time Buyer,0.1361915489080763,-0.9862279938615925,,,"Convert: post-purchase follow-up, incentivize 2nd order"
12717,151,3,1058.91,3,3,3,4,Loyal Customer,Loyal Customer,0.055383668951310305,-0.23155135004507213,0.5216584849890609,1.0,"Court: upsell/cross-sell, referral incentives"
12718,71,1,202.25,3,1,1,2,One-Time Buyer,One-Time Buyer,-1.0232589141134816,-1.2811279881992002,,,"Convert: post-purchase follow-up, incentivize 2nd order"
12719,5,2,572.95,5,2,2,2,New Customer,One-Time Buyer,-0.09661130652625984,-1.1201027335421978,,,"Convert: post-purchase follow-up, incentivize 2nd order"
12720,3,29,7306.67,5,5,5,1,VIP,VIP,2.8062325913304287,0.46333134050550107,0.015941563878047158,0.0,"Court: white-glove service, early access, loyalty rewards"
12721,32,8,3635.08,4,4,5,4,VIP,Loyal Customer,1.5037724838448645,-0.07944413520765176,0.06012454916915927,0.0,"Court: upsell/cross-sell, referral incentives"
12722,85,4,979.63,3,3,3,4,Loyal Customer,Loyal Customer,0.3465499159803549,-0.43978200843878257,,,"Court: upsell/cross-sell, referral incentives"
12723,4,5,707.07,5,4,3,4,Loyal Customer,Loyal Customer,0.5313558598377122,-0.7929564127063116,,,"Court: upsell/cross-sell, referral incentives"
12724,5,7,2083.52,5,4,4,4,VIP,Loyal Customer,1.2293959229657125,-0.3872436447074927,0.3124374745354044,0.0,"Court: upsell/cross-sell, referral incentives"
12725,371,3,2278.56,2,3,4,3,At Risk,At Risk,-0.1189118628228358,0.8929219873655917,0.38328861358256294,0.0,"Win back: targeted discount, re-engagement email flow"
12726,28,11,3690.6,4,5,5,1,VIP,VIP,1.7408128756552799,0.02217751252705364,0.05479495863221356,0.0,"Court: white-glove service, early access, loyalty rewards"
12727,11,10,4905.53,5,5,5,1,VIP,VIP,1.8400474712763712,-0.007880768953452274,0.061810622870819,0.0,"Court: white-glove service, early access, loyalty rewards"
12728,71,5,926.17,3,4,3,4,Loyal Customer,Loyal Customer,0.49442505782988455,-0.4408284435646926,0.2842615252416867,0.0,"Court: upsell/cross-sell, referral incentives"
12729,114,1,417.01,3,1,2,2,One-Time Buyer,One-Time Buyer,-0.8036246475285695,-0.9093648736840879,,,"Convert: post-purchase follow-up, incentivize 2nd order"
12730,522,1,703.25,1,1,3,0,One-Time Buyer,Lost / Let Go,-1.5258394942723865,0.9370155014562123,0.6681799164605008,1.0,"Let go: exclude from paid marketing spend, low-cost win-back only"
12731,24,17,25631.71,4,5,5,1,VIP,VIP,2.9219918703332364,0.6820019920921951,0.04384674741927237,0.0,"Court: white-glove service, early access, loyalty rewards"
12732,180,1,218.26000000000002,3,1,1,2,One-Time Buyer,One-Time Buyer,-1.244413565727744,-0.804754003296372,,,"Convert: post-purchase follow-up, incentivize 2nd order"
12733,234,4,2424.02,2,3,4,4,At Risk,Loyal Customer,0.40022201063005247,0.42466062908823726,0.45934156297442996,0.0,"Court: upsell/cross-sell, referral incentives"
12734,353,3,603.65,2,3,2,3,At Risk,At Risk,-0.6660679374166955,0.4646029247936849,0.5936750540558952,1.0,"Win back: targeted discount, re-engagement email flow"
12735,315,2,689.5699999999999,2,2,3,3,Needs Attention,At Risk,-0.7391983047956341,0.22656626166625307,0.5187360991830391,1.0,"Win back: targeted discount, re-engagement email flow"
12736,333,1,144.0,2,1,1,0,One-Time Buyer,Lost / Let Go,-1.7857043878292145,-0.2743806135420473,0.801113292256331,1.0,"Let go: exclude from paid marketing spend, low-cost win-back only"
12738,372,1,274.7,2,1,1,0,One-Time Buyer,Lost / Let Go,-1.5915686161754807,0.05976425881692961,0.7295797327743258,1.0,"Let go: exclude from paid marketing spend, low-cost win-back only"
12739,99,2,2421.23,3,2,4,4,Needs Attention,Loyal Customer,0.32296221688504767,-0.3436880718309691,0.5805488477685532,1.0,"Court: upsell/cross-sell, referral incentives"
12740,64,1,427.6,3,1,2,2,One-Time Buyer,One-Time Buyer,-0.6756262794910417,-1.1119795023991408,,,"Convert: post-purchase follow-up, incentivize 2nd order"
12741,533,1,236.07,1,1,1,0,One-Time Buyer,Lost / Let Go,-2.034980375556292,0.6934588447693368,0.8691705202907836,1.0,"Let go: exclude from paid marketing spend, low-cost win-back only"
12742,626,1,1201.52,1,1,3,0,One-Time Buyer,Lost / Let Go,-1.5314083487792818,1.5146069795658639,0.8430065486096225,1.0,"Let go: exclude from paid marketing spend, low-cost win-back only"
12743,134,2,540.13,3,2,2,2,Needs Attention,One-Time Buyer,-0.4243315394620952,-0.595850046946083,,,"Convert: post-purchase follow-up, incentivize 2nd order"
12744,56,8,13158.16,4,4,5,1,VIP,VIP,2.01875252835599,0.36311492047135957,0.08297350113265317,0.0,"Court: white-glove service, early access, loyalty rewards"
12745,487,2,723.85,1,2,3,3,Needs Attention,At Risk,-1.1197884936758071,0.9593383725820304,0.6449140779438618,1.0,"Win back: targeted discount, re-engagement email flow"
12746,541,1,254.55,1,1,1,0,One-Time Buyer,Lost / Let Go,-2.0203544177052133,0.7469072575918142,0.860742146028634,1.0,"Let go: exclude from paid marketing spend, low-cost win-back only"
12747,2,26,9257.039999999999,5,5,5,1,VIP,VIP,2.832683641265626,0.4801957894529467,0.025207801608190028,0.0,"Court: white-glove service, early access, loyalty rewards"
12748,1,322,51105.96,5,5,5,1,VIP,VIP,5.499790961589532,1.9167621770704641,0.06012662662471269,0.0,"Court: white-glove service, early access, loyalty rewards"
12749,4,9,6847.36,5,5,5,1,VIP,VIP,1.9312575957828366,0.013632533712151496,0.0915088734400496,0.0,"Court: white-glove service, early access, loyalty rewards"
12750,129,1,275.88,3,1,1,2,One-Time Buyer,One-Time Buyer,-1.021587516394695,-0.956147938468994,,,"Convert: post-purchase follow-up, incentivize 2nd order"
12751,445,1,268.27,1,1,1,0,One-Time Buyer,Lost / Let Go,-1.7727058358826626,0.3590204026915338,0.6849275108872422,1.0,"Let go: exclude from paid marketing spend, low-cost win-back only"
12752,81,1,4366.78,3,1,5,4,One-Time Buyer,Loyal Customer,0.3153873908908782,-0.4233533302963368,,,"Court: upsell/cross-sell, referral incentives"
12753,23,6,21429.39,4,4,5,1,VIP,VIP,2.119410696014331,0.25483571278258,0.23964122043976366,0.0,"Court: white-glove service, early access, loyalty rewards"
12754,236,3,3010.74,2,3,5,4,At Risk,Loyal Customer,0.3203625534108743,0.40198080074189146,0.5114734869680959,1.0,"Court: upsell/cross-sell, referral incentives"
12755,281,11,9030.66,2,5,5,1,Win-Back Priority,VIP,1.5465926670777514,1.3190477344712208,0.08439595684329115,0.0,"Court: white-glove service, early access, loyalty rewards"
12756,87,1,112.07999999999998,3,1,1,2,One-Time Buyer,One-Time Buyer,-1.3210033200872418,-1.370118351880222,,,"Convert: post-purchase follow-up, incentivize 2nd order"
12757,16,9,4176.75,5,5,5,4,VIP,Loyal Customer,1.683759576629302,-0.06760109079168004,0.11522972762488548,0.0,"Court: upsell/cross-sell, referral incentives"
12758,117,7,9903.24,3,4,5,1,Loyal Customer,VIP,1.659514024410002,0.4960328922819746,0.17405668020745124,0.0,"Court: white-glove service, early access, loyalty rewards"
12759,52,8,4618.74,4,4,5,4,VIP,Loyal Customer,1.5633261445234305,0.06794832016210434,0.20064805014288792,0.0,"Court: upsell/cross-sell, referral incentives"
12760,456,1,317.8,1,1,2,0,One-Time Buyer,Lost / Let Go,-1.7234513019210547,0.4499705926393513,0.7582957997015383,1.0,"Let go: exclude from paid marketing spend, low-cost win-back only"
12761,465,1,712.95,1,1,3,0,One-Time Buyer,Lost / Let Go,-1.386511229537521,0.7020871593423268,0.7457564904168652,1.0,"Let go: exclude from paid marketing spend, low-cost win-back only"
12762,8,2,1702.52,5,2,4,4,New Customer,Loyal Customer,0.3794148969432577,-0.81818164993854,,,"Court: upsell/cross-sell, referral incentives"
12763,138,2,814.16,3,2,3,2,Needs Attention,One-Time Buyer,-0.25176199143551736,-0.4701288711715636,0.4938886609279994,0.0,"Convert: post-purchase follow-up, incentivize 2nd order"
12764,317,1,1693.88,2,1,4,3,One-Time Buyer,At Risk,-0.6566489786726871,0.3126067154706578,0.7284435886502013,1.0,"Win back: targeted discount, re-engagement email flow"
12765,472,6,1299.58,1,4,4,3,Win-Back Priority,At Risk,-0.17436806642858876,1.388790014037246,0.7348666395961005,1.0,"Win back: targeted discount, re-engagement email flow"
12766,4,9,9116.28,5,5,5,1,VIP,VIP,2.058315683219615,0.08974669763168312,0.0537378515460504,0.0,"Court: white-glove service, early access, loyalty rewards"
12767,376,1,949.82,2,1,3,3,One-Time Buyer,At Risk,-1.051233967859919,0.40579516608498356,0.6221455625669179,1.0,"Win back: targeted discount, re-engagement email flow"
12768,451,1,168.69000000000003,1,1,1,0,One-Time Buyer,Lost / Let Go,-1.991749045589281,0.26131758737135063,0.7572657858235465,1.0,"Let go: exclude from paid marketing spend, low-cost win-back only"
12769,239,1,1143.6,2,1,3,3,One-Time Buyer,At Risk,-0.6485987271087236,-0.11826640612413698,0.6754335209427297,1.0,"Win back: targeted discount, re-engagement email flow"
12770,211,2,3246.45,2,2,5,4,Needs Attention,Loyal Customer,0.19130353969540406,0.2030560123431223,0.6578226697672981,1.0,"Court: upsell/cross-sell, referral incentives"
12771,486,1,226.3,1,1,1,0,One-Time Buyer,Lost / Let Go,-1.9437898075477602,0.4855520226973708,0.8752076803962855,1.0,"Let go: exclude from paid marketing spend, low-cost win-back only"
12772,60,1,752.47,3,1,3,2,One-Time Buyer,One-Time Buyer,-0.4157817870367969,-0.9786629905912699,,,"Convert: post-purchase follow-up, incentivize 2nd order"
12773,564,1,124.25,1,1,1,0,One-Time Buyer,Lost / Let Go,-2.390748020231879,0.6534972727002875,0.8996696627080542,1.0,"Let go: exclude from paid marketing spend, low-cost win-back only"
12774,536,1,83.7,1,1,1,0,One-Time Buyer,Lost / Let Go,-2.4989835410188967,0.4322552118005454,0.9264627610720976,1.0,"Let go: exclude from paid marketing spend, low-cost win-back only"
12775,17,7,1551.12,5,4,4,4,VIP,Loyal Customer,1.0703971750952885,-0.4154617691586139,0.13019647690715908,0.0,"Court: upsell/cross-sell, referral incentives"
12776,668,1,27.5,1,1,1,0,One-Time Buyer,Lost / Let Go,-3.29119042807787,0.6950146314824549,0.9494563857470859,1.0,"Let go: exclude from paid marketing spend, low-cost win-back only"
12777,458,1,519.45,1,1,2,0,One-Time Buyer,Lost / Let Go,-1.510505766868483,0.5887073260156862,0.7281202323152715,1.0,"Let go: exclude from paid marketing spend, low-cost win-back only"
12778,20,9,1541.68,4,5,4,4,VIP,Loyal Customer,1.2320656050671077,-0.31584505818528935,0.11457200832276172,0.0,"Court: upsell/cross-sell, referral incentives"
12779,38,14,6722.2699999999995,4,5,5,1,VIP,VIP,2.1550141759319557,0.31217496202942474,0.026726459145979677,0.0,"Court: white-glove service, early access, loyalty rewards"
12780,599,1,322.4,1,1,2,0,One-Time Buyer,Lost / Let Go,-2.0513955024301085,1.0522908904298476,0.8891003690262635,1.0,"Let go: exclude from paid marketing spend, low-cost win-back only"
12781,64,2,786.74,3,2,3,2,Needs Attention,One-Time Buyer,-0.09395726571487614,-0.7889481899816445,0.5310677054938904,1.0,"Convert: post-purchase follow-up, incentivize 2nd order"
12782,5,11,3862.2400000000002,5,5,5,1,VIP,VIP,1.8147606711452966,-0.06199840211160589,0.05824491075825318,0.0,"Court: white-glove service, early access, loyalty rewards"
12783,2,4,1295.87,5,3,4,4,Loyal Customer,Loyal Customer,0.6646931810478013,-0.7128230764672498,,,"Court: upsell/cross-sell, referral incentives"
12784,15,2,1511.15,5,2,4,4,New Customer,Loyal Customer,0.3101405582847539,-0.8205795620854053,0.5463190200485399,1.0,"Court: upsell/cross-sell, referral incentives"
12785,364,3,904.4,2,3,3,3,At Risk,At Risk,-0.5125260423241765,0.6180264720852703,0.5769065084716753,1.0,"Win back: targeted discount, re-engagement email flow"
12786,610,1,668.5,1,1,3,0,One-Time Buyer,Lost / Let Go,-1.7540334294447195,1.2918699341239817,0.7540338844075103,1.0,"Let go: exclude from paid marketing spend, low-cost win-back only"
12787,10,4,799.18,5,3,3,4,Loyal Customer,Loyal Customer,0.43159210953402516,-0.8077755730300749,0.40069290043650485,0.0,"Court: upsell/cross-sell, referral incentives"
12788,463,4,384.9,1,3,2,3,At Risk,At Risk,-0.9512260697627413,0.8942331502930069,0.774921482868316,1.0,"Win back: targeted discount, re-engagement email flow"
12789,65,3,225.35,3,3,1,2,Needs Attention,One-Time Buyer,-0.42904908116591356,-1.0021332091526984,0.6333124634503765,1.0,"Convert: post-purchase follow-up, incentivize 2nd order"
12790,192,2,546.85,2,2,2,2,Lost / Let Go,One-Time Buyer,-0.554443868957832,-0.3498150562631737,0.4700762495100298,0.0,"Convert: post-purchase follow-up, incentivize 2nd order"
12791,374,5,834.4300000000001,2,4,3,3,At Risk,At Risk,-0.26018885449506407,0.7996299246076128,0.6693572601971787,1.0,"Win back: targeted discount, re-engagement email flow"
12792,257,2,715.01,2,2,3,3,Needs Attention,At Risk,-0.5875432979387984,-0.006563585322091024,0.5393560845655069,1.0,"Win back: targeted discount, re-engagement email flow"
12793,335,3,849.33,2,3,3,3,At Risk,At Risk,-0.4725923903907107,0.4799593321521052,0.541606815799255,1.0,"Win back: targeted discount, re-engagement email flow"
12794,53,2,860.41,4,2,3,2,New Customer,One-Time Buyer,-0.028546152859405538,-0.8112079091861738,,,"Convert: post-purchase follow-up, incentivize 2nd order"
12795,19,1,318.48,5,1,2,2,One-Time Buyer,One-Time Buyer,-0.7008877261019861,-1.3784752363663144,,,"Convert: post-purchase follow-up, incentivize 2nd order"
12796,628,1,351.0,1,1,2,0,One-Time Buyer,Lost / Let Go,-2.081565926003575,1.1962066935907398,0.9194445210092592,1.0,"Let go: exclude from paid marketing spend, low-cost win-back only"
12797,366,2,694.11,2,2,3,3,Needs Attention,At Risk,-0.8555165054512157,0.44176373753821996,0.566187030284663,1.0,"Win back: targeted discount, re-engagement email flow"
12798,10,4,8510.93,5,3,5,4,Loyal Customer,Loyal Customer,1.4813967822613876,-0.1788899463420474,0.43162057323363956,0.0,"Court: upsell/cross-sell, referral incentives"
12799,529,1,219.35,1,1,1,0,One-Time Buyer,Lost / Let Go,-2.0581030922124572,0.6572638128999989,0.8823271403303369,1.0,"Let go: exclude from paid marketing spend, low-cost win-back only"
12800,470,2,500.25,1,2,2,3,Lost / Let Go,At Risk,-1.243822276556377,0.790076615633435,0.7794199226883699,1.0,"Win back: targeted discount, re-engagement email flow"
12801,501,1,871.82,1,1,3,3,One-Time Buyer,At Risk,-1.3814636305585095,0.9062012130249361,0.7580656146399487,1.0,"Win back: targeted discount, re-engagement email flow"
12802,187,5,2186.42,3,4,4,4,Loyal Customer,Loyal Customer,0.6043500670622715,0.2729797450283502,0.10699117482307907,0.0,"Court: upsell/cross-sell, referral incentives"
12803,393,1,1017.81,2,1,3,3,One-Time Buyer,At Risk,-1.0603108273940958,0.4953169752618053,0.5768216226806063,1.0,"Win back: targeted discount, re-engagement email flow"
12804,466,2,325.37,1,2,2,0,Lost / Let Go,Lost / Let Go,-1.4249826528806362,0.659209103042067,0.6674834170817305,1.0,"Let go: exclude from paid marketing spend, low-cost win-back only"
12805,382,4,1230.95,2,3,4,3,At Risk,At Risk,-0.24647203389775446,0.8639629978584666,0.6121508179248812,1.0,"Win back: targeted discount, re-engagement email flow"
12806,572,2,2558.96,1,2,4,3,Needs Attention,At Risk,-0.7582610755665979,1.6507079350965717,0.7568099606736677,1.0,"Win back: targeted discount, re-engagement email flow"
12807,383,1,250.35,2,1,1,0,One-Time Buyer,Lost / Let Go,-1.658340358730538,0.08120889262172279,0.7257684304170948,1.0,"Let go: exclude from paid marketing spend, low-cost win-back only"
12808,37,5,850.1,4,4,3,4,Loyal Customer,Loyal Customer,0.5358999246727703,-0.6059015252896808,0.24592244001866495,0.0,"Court: upsell/cross-sell, referral incentives"
12809,178,3,1384.3400000000001,3,3,4,4,Loyal Customer,Loyal Customer,0.11115117860048537,-0.04732609944611148,0.5567511105123593,1.0,"Court: upsell/cross-sell, referral incentives"
12810,535,2,534.99,1,2,2,0,Lost / Let Go,Lost / Let Go,-1.3660259684418712,1.0799501662117632,0.7389744557303125,1.0,"Let go: exclude from paid marketing spend, low-cost win-back only"
12811,262,4,893.9,2,3,3,3,At Risk,At Risk,-0.10785945206963499,0.276697920312535,0.3118458921329111,0.0,"Win back: targeted discount, re-engagement email flow"
12812,45,1,229.64000000000001,4,1,1,2,One-Time Buyer,One-Time Buyer,-0.9063442252258126,-1.3563221037918094,,,"Convert: post-purchase follow-up, incentivize 2nd order"
12813,502,3,1621.8,1,3,4,3,At Risk,At Risk,-0.5760499902411709,1.350818550036441,0.5822461983025748,1.0,"Win back: targeted discount, re-engagement email flow"
12814,102,1,85.92,3,1,1,2,One-Time Buyer,One-Time Buyer,-1.4728918188899167,-1.3773195566249974,,,"Convert: post-purchase follow-up, incentivize 2nd order"
12815,148,2,863.46,3,2,3,2,Needs Attention,One-Time Buyer,-0.2490675955109815,-0.41265637936976907,0.35470209910621053,0.0,"Convert: post-purchase follow-up, incentivize 2nd order"
12816,96,2,452.20000000000005,3,2,2,2,Needs Attention,One-Time Buyer,-0.41422923874228373,-0.8020602339440266,,,"Convert: post-purchase follow-up, incentivize 2nd order"
12817,281,3,570.98,2,3,2,3,At Risk,At Risk,-0.5224092225606537,0.1484811190365569,0.45952887222199423,0.0,"Win back: targeted discount, re-engagement email flow"
12818,262,1,1182.0800000000002,2,1,3,3,One-Time Buyer,At Risk,-0.6876865428339759,-0.013207616041857462,0.6482869599404872,1.0,"Win back: targeted discount, re-engagement email flow"
12819,458,1,540.52,1,1,2,0,One-Time Buyer,Lost / Let Go,-1.492884823119846,0.599263154676085,0.6782805382253076,1.0,"Let go: exclude from paid marketing spend, low-cost win-back only"
12820,3,11,2689.52,5,5,4,4,VIP,Loyal Customer,1.6588070617883,-0.16659411493589396,0.2498044612453595,0.0,"Court: upsell/cross-sell, referral incentives"
12821,214,2,220.8,2,2,1,2,Lost / Let Go,One-Time Buyer,-1.0073579086823592,-0.4982447612226386,0.7484937649170242,1.0,"Convert: post-purchase follow-up, incentivize 2nd order"
12822,71,2,948.88,3,2,3,2,Needs Attention,One-Time Buyer,-0.02721812182292202,-0.7098672075932594,,,"Convert: post-purchase follow-up, incentivize 2nd order"
12823,75,18,6501.5,3,5,5,1,Loyal Customer,VIP,2.2352550137162774,0.5521007594706152,0.1251979399326806,0.0,"Court: white-glove service, early access, loyalty rewards"
12824,60,1,397.12,3,1,2,2,One-Time Buyer,One-Time Buyer,-0.6990297643622578,-1.1483427285044767,,,"Convert: post-purchase follow-up, incentivize 2nd order"
12825,521,2,518.63,1,2,2,0,Lost / Let Go,Lost / Let Go,-1.3470603493332016,1.013109743824248,0.743870226933654,1.0,"Let go: exclude from paid marketing spend, low-cost win-back only"
12826,3,12,2955.75,5,5,5,1,VIP,VIP,1.762180522459303,-0.10968590553914662,0.2267447495676422,0.0,"Court: white-glove service, early access, loyalty rewards"
12827,6,3,430.15000000000003,5,3,2,2,Needs Attention,One-Time Buyer,-0.005012599982783858,-1.077678739629682,,,"Convert: post-purchase follow-up, incentivize 2nd order"
12828,3,6,1018.71,5,4,3,4,Loyal Customer,Loyal Customer,0.8140355837073971,-0.6388662463477542,,,"Court: upsell/cross-sell, referral incentives"
12829,337,3,385.3,2,3,2,3,At Risk,At Risk,-0.8275941107776971,0.27846718777451984,0.6229083637985853,1.0,"Win back: targeted discount, re-engagement email flow"
12830,38,6,6814.64,4,4,5,4,VIP,Loyal Customer,1.5756936566170054,0.012909569477622816,,,"Court: upsell/cross-sell, referral incentives"
12831,262,3,451.11,2,3,2,3,At Risk,At Risk,-0.5824119921226647,0.006405466288386448,0.5496246268396016,1.0,"Win back: targeted discount, re-engagement email flow"
12832,32,2,383.03,4,2,2,2,New Customer,One-Time Buyer,-0.33814347567367886,-1.113974894463048,,,"Convert: post-purchase follow-up, incentivize 2nd order"
12833,145,1,417.38,3,1,2,2,One-Time Buyer,One-Time Buyer,-0.8757035333897266,-0.7793826576312354,,,"Convert: post-purchase follow-up, incentivize 2nd order"
12834,283,1,312.38,2,1,2,2,One-Time Buyer,One-Time Buyer,-1.3266259127929547,-0.27866166079864757,0.5915736909522704,1.0,"Convert: post-purchase follow-up, incentivize 2nd order"
12835,428,41,5996.83,1,5,5,1,Win-Back Priority,VIP,1.9834005885567896,2.3233037011082405,0.8034231048584779,1.0,"Court: white-glove service, early access, loyalty rewards"
12836,59,15,6559.7300000000005,4,5,5,1,VIP,VIP,2.1446246376606592,0.4192080189148731,0.05787936850579026,0.0,"Court: white-glove service, early access, loyalty rewards"
12837,173,2,662.66,3,2,3,2,Needs Attention,One-Time Buyer,-0.42487917123981067,-0.37833029290999,0.5820458264568683,1.0,"Convert: post-purchase follow-up, incentivize 2nd order"
12838,34,10,3366.7,4,5,5,4,VIP,Loyal Customer,1.6191818604694797,-0.011715990821882608,0.2207217915323462,0.0,"Court: upsell/cross-sell, referral incentives"
12839,3,26,10071.73,5,5,5,1,VIP,VIP,2.8677931377176806,0.5068139792577989,0.009270197133047619,0.0,"Court: white-glove service, early access, loyalty rewards"
12840,144,7,4041.97,3,4,5,4,Loyal Customer,Loyal Customer,1.198570536222969,0.37072235195460684,0.09215785830629075,0.0,"Court: upsell/cross-sell, referral incentives"
12841,5,40,7464.19,5,5,5,1,VIP,VIP,3.0509526082427807,0.6015205991104526,0.028230401393685458,0.0,"Court: white-glove service, early access, loyalty rewards"
12842,70,4,1917.99,3,3,4,4,Loyal Customer,Loyal Customer,0.6797050496731326,-0.3239930023229827,0.5339001653976702,1.0,"Court: upsell/cross-sell, referral incentives"
12843,66,28,6461.87,3,5,5,1,Loyal Customer,VIP,2.578365775095323,0.6808609027832825,0.020982504943823463,0.0,"Court: white-glove service, early access, loyalty rewards"
12844,29,4,648.6,4,3,3,4,Loyal Customer,Loyal Customer,0.2946074008754753,-0.7837052949089653,0.538826075000348,1.0,"Court: upsell/cross-sell, referral incentives"
12845,267,4,354.09,2,3,2,3,At Risk,At Risk,-0.5299622470224641,0.05176639249929205,0.6780060530188468,1.0,"Win back: targeted discount, re-engagement email flow"
12847,22,2,1609.0,4,2,4,4,New Customer,Loyal Customer,0.3216159736812084,-0.774604323490023,0.46038020587723155,0.0,"Court: upsell/cross-sell, referral incentives"
12848,676,1,208.0,1,1,1,0,One-Time Buyer,Lost / Let Go,-2.4252397271938366,1.2584492431150274,0.9550177157552855,1.0,"Let go: exclude from paid marketing spend, low-cost win-back only"
12849,31,6,3015.98,4,4,5,4,VIP,Loyal Customer,1.2302086206503167,-0.23315417606489303,0.10428275222070259,0.0,"Court: upsell/cross-sell, referral incentives"
12850,446,1,330.0,1,1,2,0,One-Time Buyer,Lost / Let Go,-1.6833988949087106,0.4181055787353533,0.6068549747997443,1.0,"Let go: exclude from paid marketing spend, low-cost win-back only"
12851,97,2,280.76,3,2,1,2,Needs Attention,One-Time Buyer,-0.6275937775078354,-0.9242904474784012,0.7787347897649427,1.0,"Convert: post-purchase follow-up, incentivize 2nd order"
12852,295,1,311.55,2,1,2,2,One-Time Buyer,One-Time Buyer,-1.3558570143832036,-0.2291424597502354,0.6713653781505354,1.0,"Convert: post-purchase follow-up, incentivize 2nd order"
12853,135,11,3907.5,3,5,5,1,Loyal Customer,VIP,1.5160185472213492,0.48519946584031415,0.0827896296017471,0.0,"Court: white-glove service, early access, loyalty rewards"
12854,79,7,2970.9700000000003,3,4,5,4,Loyal Customer,Loyal Customer,1.2138821844328567,0.016815108612981244,0.15422514015160357,0.0,"Court: upsell/cross-sell, referral incentives"
12855,373,4,650.9399999999999,2,3,3,3,At Risk,At Risk,-0.5079984114201975,0.6570230149388,0.5917872327669726,1.0,"Win back: targeted discount, re-engagement email flow"
12856,8,6,2170.78,5,4,4,4,VIP,Loyal Customer,1.1380287443599064,-0.4168488942410075,,,"Court: upsell/cross-sell, referral incentives"
12857,211,6,3688.0,2,4,5,4,Win-Back Priority,Loyal Customer,0.8986944831602701,0.573703680719784,0.09636535895037171,0.0,"Court: upsell/cross-sell, referral incentives"
12858,383,1,147.27,2,1,1,0,One-Time Buyer,Lost / Let Go,-1.8926923763713916,-0.05917971423861936,0.7606035832857617,1.0,"Let go: exclude from paid marketing spend, low-cost win-back only"
12859,459,1,575.1,1,1,2,0,One-Time Buyer,Lost / Let Go,-1.4677380250532135,0.6199131887083561,0.7025774672804219,1.0,"Let go: exclude from paid marketing spend, low-cost win-back only"
12860,693,1,54.22,1,1,1,0,One-Time Buyer,Lost / Let Go,-3.055959712500644,0.9755756563824676,0.9441852480796274,1.0,"Let go: exclude from paid marketing spend, low-cost win-back only"
12861,620,1,68.25,1,1,1,0,One-Time Buyer,Lost / Let Go,-2.7847782077387087,0.7302605532628226,0.9130735286595723,1.0,"Let go: exclude from paid marketing spend, low-cost win-back only"
12862,426,2,984.62,1,2,3,3,Needs Attention,At Risk,-0.8407367421813032,0.7857680380826674,0.6397114500336339,1.0,"Win back: targeted discount, re-engagement email flow"
12863,52,6,2792.5499999999997,4,4,4,4,VIP,Loyal Customer,1.146951573289739,-0.16572665269257053,0.33387811227060654,0.0,"Court: upsell/cross-sell, referral incentives"
12864,138,2,299.57,3,2,2,2,Needs Attention,One-Time Buyer,-0.6947495069645319,-0.7355006003663591,0.8783331053942305,1.0,"Convert: post-purchase follow-up, incentivize 2nd order"
12865,26,4,3323.47,4,3,5,4,Loyal Customer,Loyal Customer,1.0265550242532528,-0.3619894993339698,0.35345241149557005,0.0,"Court: upsell/cross-sell, referral incentives"
12866,283,3,1092.35,2,3,3,3,At Risk,At Risk,-0.2394136884350704,0.32918131353187935,0.3979304334163366,0.0,"Win back: targeted discount, re-engagement email flow"
12867,26,13,7829.26,4,5,5,1,VIP,VIP,2.197752222983061,0.275072087783566,0.045789798526034986,0.0,"Court: white-glove service, early access, loyalty rewards"
12868,186,8,2247.06,3,4,4,4,Loyal Customer,Loyal Customer,0.9302559463383923,0.4372102768698049,0.1645538256047271,0.0,"Court: upsell/cross-sell, referral incentives"
12869,682,1,337.66999999999996,1,1,2,0,One-Time Buyer,Lost / Let Go,-2.224947882438764,1.4119491470895467,0.8908975807906705,1.0,"Let go: exclude from paid marketing spend, low-cost win-back only"
12870,375,3,1676.95,2,3,4,3,At Risk,At Risk,-0.26431109591895396,0.8281639231648603,0.48777495666872833,0.0,"Win back: targeted discount, re-engagement email flow"
12871,84,3,744.02,3,3,3,2,Loyal Customer,One-Time Buyer,0.05549108331424595,-0.605738374378045,0.46058441498224845,0.0,"Convert: post-purchase follow-up, incentivize 2nd order"
12872,327,12,3662.4900000000002,2,5,5,1,Win-Back Priority,VIP,1.0998961856425753,1.303385175431244,0.33516698419604246,0.0,"Court: white-glove service, early access, loyalty rewards"
12873,282,3,2027.3,2,3,4,3,At Risk,At Risk,0.037299000526088144,0.4893602447375058,0.5662525898944988,1.0,"Win back: targeted discount, re-engagement email flow"
12874,385,2,873.42,2,2,3,3,Needs Attention,At Risk,-0.7980391636004653,0.5823265324852098,0.6039638994341119,1.0,"Win back: targeted discount, re-engagement email flow"
12875,143,5,1356.99,3,4,4,4,Loyal Customer,Loyal Customer,0.49554739416315896,-0.0379755301309362,0.2964418189943103,0.0,"Court: upsell/cross-sell, referral incentives"
12876,58,4,3751.79,4,3,5,4,Loyal Customer,Loyal Customer,1.0055544097867473,-0.19582299675550582,0.14192220866672373,0.0,"Court: upsell/cross-sell, referral incentives"
12877,4,20,2942.14,5,5,5,1,VIP,VIP,2.126141330138126,0.08386747672629402,0.056802135696572664,0.0,"Court: white-glove service, early access, loyalty rewards"
12878,236,2,854.99,2,2,3,3,Needs Attention,At Risk,-0.4591656224992661,-0.046961590534362364,0.26211231413398245,0.0,"Win back: targeted discount, re-engagement email flow"
12879,45,3,573.22,4,3,2,2,Needs Attention,One-Time Buyer,0.031046426848403273,-0.8382297619596288,,,"Convert: post-purchase follow-up, incentivize 2nd order"
12880,382,2,640.13,2,2,3,3,Needs Attention,At Risk,-0.9288138481222514,0.4872284165240529,0.6124541603003053,1.0,"Win back: targeted discount, re-engagement email flow"
12881,276,1,298.0,2,1,2,2,One-Time Buyer,One-Time Buyer,-1.3311176468584107,-0.32045332417805733,0.7631798983139519,1.0,"Convert: post-purchase follow-up, incentivize 2nd order"
12882,9,2,1463.04,5,2,4,4,New Customer,Loyal Customer,0.30981137753391585,-0.8542918059995002,,,"Court: upsell/cross-sell, referral incentives"
12883,25,4,703.47,4,3,3,4,Loyal Customer,Loyal Customer,0.3399626617668092,-0.7788785853600578,,,"Court: upsell/cross-sell, referral incentives"
12884,88,1,309.05,3,1,2,2,One-Time Buyer,One-Time Buyer,-0.8754986951606164,-1.0976529066140952,,,"Convert: post-purchase follow-up, incentivize 2nd order"
12885,63,3,1175.22,3,3,3,4,Loyal Customer,Loyal Customer,0.3073407143958878,-0.5721704883920494,,,"Court: upsell/cross-sell, referral incentives"
12886,68,2,1378.4,3,2,4,4,Needs Attention,Loyal Customer,0.14544020725211596,-0.6231937370192576,0.29355117390247354,0.0,"Court: upsell/cross-sell, referral incentives"
12887,384,1,222.4,2,1,1,0,One-Time Buyer,Lost / Let Go,-1.7130188213262185,0.05403959379968959,0.7057658452589551,1.0,"Let go: exclude from paid marketing spend, low-cost win-back only"
12888,214,2,354.12,2,2,2,2,Lost / Let Go,One-Time Buyer,-0.7983728002189008,-0.3730522046272656,0.39355219444723,0.0,"Convert: post-purchase follow-up, incentivize 2nd order"
12889,381,4,385.46000000000004,2,3,2,3,At Risk,At Risk,-0.7588828176047974,0.5514174094123723,0.7684334643647595,1.0,"Win back: targeted discount, re-engagement email flow"
12890,24,2,706.02,4,2,3,2,New Customer,One-Time Buyer,-0.048446583841445984,-0.9851186643262162,0.6803414644942359,1.0,"Convert: post-purchase follow-up, incentivize 2nd order"
12891,186,11,840.5,3,5,3,4,Loyal Customer,Loyal Customer,0.7149190321029735,0.2901786055989817,0.5566430082917225,1.0,"Court: upsell/cross-sell, referral incentives"
12892,397,1,263.38,2,1,1,0,One-Time Buyer,Lost / Let Go,-1.6686289307276017,0.1532473012178599,0.7102756300430537,1.0,"Let go: exclude from paid marketing spend, low-cost win-back only"
12893,31,1,176.55,4,1,1,2,One-Time Buyer,One-Time Buyer,-0.9897698821483427,-1.4845000334957839,,,"Convert: post-purchase follow-up, incentivize 2nd order"
12894,575,1,157.35,1,1,1,0,One-Time Buyer,Lost / Let Go,-2.312345896273024,0.7619083302533545,0.9183700559677749,1.0,"Let go: exclude from paid marketing spend, low-cost win-back only"
12895,42,2,372.8,4,2,2,2,New Customer,One-Time Buyer,-0.37350954392468966,-1.0793025287103133,,,"Convert: post-purchase follow-up, incentivize 2nd order"
12897,205,4,514.25,2,3,2,2,At Risk,One-Time Buyer,-0.21972343030805047,-0.1087071678526122,0.5660288680415824,1.0,"Convert: post-purchase follow-up, incentivize 2nd order"
12898,464,2,296.21000000000004,1,2,2,0,Lost / Let Go,Lost / Let Go,-1.4618628994697611,0.6259443037786592,0.8001871625576967,1.0,"Let go: exclude from paid marketing spend, low-cost win-back only"
12899,414,1,366.4,1,1,2,0,One-Time Buyer,Lost / Let Go,-1.5622648743894485,0.3119240061670538,0.7301702586925858,1.0,"Let go: exclude from paid marketing spend, low-cost win-back only"
12900,422,1,340.33,1,1,2,0,One-Time Buyer,Lost / Let Go,-1.6136468061522637,0.32583038407141374,0.7191547273528084,1.0,"Let go: exclude from paid marketing spend, low-cost win-back only"
12901,9,28,17654.54,5,5,5,1,VIP,VIP,3.1578367387400186,0.7096001020958903,0.04849147852716856,0.0,"Court: white-glove service, early access, loyalty rewards"
12902,265,1,138.68,2,1,1,2,One-Time Buyer,One-Time Buyer,-1.6433309852578746,-0.5689290203635318,0.7240577933284555,1.0,"Convert: post-purchase follow-up, incentivize 2nd order"
12903,429,1,833.53,1,1,3,3,One-Time Buyer,At Risk,-1.2330606576998948,0.5929214556455951,0.7264242773125978,1.0,"Win back: targeted discount, re-engagement email flow"
12904,18,2,496.06,5,2,2,2,New Customer,One-Time Buyer,-0.1908648956927956,-1.103949420835186,,,"Convert: post-purchase follow-up, incentivize 2nd order"
12905,577,2,1018.42,1,2,3,3,Needs Attention,At Risk,-1.1787730347158016,1.4267293976798385,0.6884891101558416,1.0,"Win back: targeted discount, re-engagement email flow"
12906,12,5,2919.81,5,4,4,4,VIP,Loyal Customer,1.141844042466833,-0.38255665609173106,,,"Court: upsell/cross-sell, referral incentives"
12907,396,2,508.91,2,2,2,3,Lost / Let Go,At Risk,-1.0632197468218716,0.48491432430363973,0.6771037841672216,1.0,"Win back: targeted discount, re-engagement email flow"
12908,176,5,1776.0,3,4,4,4,Loyal Customer,Loyal Customer,0.5378028497685245,0.17167037086562836,0.2974611195946974,0.0,"Court: upsell/cross-sell, referral incentives"
12909,40,8,3103.19,4,4,5,4,VIP,Loyal Customer,1.4148488906737207,-0.08802709448670325,0.09315117406175524,0.0,"Court: upsell/cross-sell, referral incentives"
12910,23,13,5796.52,4,5,5,1,VIP,VIP,2.071312419360828,0.18257078279301675,0.06072768470126069,0.0,"Court: white-glove service, early access, loyalty rewards"
12911,552,1,1651.72,1,1,4,3,One-Time Buyer,At Risk,-1.217215724583193,1.289471851819293,0.7436965528285205,1.0,"Win back: targeted discount, re-engagement email flow"
12912,3,5,1662.3,5,4,4,4,VIP,Loyal Customer,0.9128827558988979,-0.5699885170101187,,,"Court: upsell/cross-sell, referral incentives"
12913,5,13,6700.860000000001,5,5,5,1,VIP,VIP,2.177753757525465,0.1457893359343604,0.11185416802753444,0.0,"Court: white-glove service, early access, loyalty rewards"
12914,401,1,223.98,2,1,1,0,One-Time Buyer,Lost / Let Go,-1.749632184907206,0.1270656566208716,0.7047572636903124,1.0,"Let go: exclude from paid marketing spend, low-cost win-back only"
12915,149,4,1174.75,3,3,3,4,Loyal Customer,Loyal Customer,0.27750319411848107,-0.12365060936298071,0.5197725606838074,1.0,"Court: upsell/cross-sell, referral incentives"
12916,139,7,4479.73,3,4,5,4,Loyal Customer,Loyal Customer,1.2559062964362828,0.37714013983437483,0.09584624601904965,0.0,"Court: upsell/cross-sell, referral incentives"
12917,128,6,4359.2,3,4,5,4,Loyal Customer,Loyal Customer,1.1669530137078266,0.27077915594387836,0.31244727145553425,0.0,"Court: upsell/cross-sell, referral incentives"
12919,8,6,1335.19,5,4,4,4,VIP,Loyal Customer,0.9223634866342437,-0.5460431951267891,,,"Court: upsell/cross-sell, referral incentives"
12920,17,4,486.64,5,3,2,2,Needs Attention,One-Time Buyer,0.19532890751261764,-0.9102081856446661,0.5887413041571338,1.0,"Convert: post-purchase follow-up, incentivize 2nd order"
12921,9,74,35921.04,5,5,5,1,VIP,VIP,4.203032560846029,1.2761596350152402,0.010465574998120872,0.0,"Court: white-glove service, early access, loyalty rewards"
12922,161,1,405.38,3,1,2,2,One-Time Buyer,One-Time Buyer,-0.9260295335740198,-0.720156992920211,,,"Convert: post-purchase follow-up, incentivize 2nd order"
12923,64,3,769.17,3,3,3,4,Loyal Customer,Loyal Customer,0.11698816002380479,-0.6806153696616855,0.5472778259506347,1.0,"Court: upsell/cross-sell, referral incentives"
12924,88,12,2461.45,3,5,4,4,Loyal Customer,Loyal Customer,1.4822437865878035,0.19741447152204536,0.08012807166498707,0.0,"Court: upsell/cross-sell, referral incentives"
12925,5,3,729.3299999999999,5,3,3,4,Loyal Customer,Loyal Customer,0.23133487475625872,-0.941680595290361,0.7110707881394233,1.0,"Court: upsell/cross-sell, referral incentives"
12926,411,4,1523.59,1,3,4,3,At Risk,At Risk,-0.21963815985948143,1.0420272329694036,0.6079935458866447,1.0,"Win back: targeted discount, re-engagement email flow"
12927,395,1,197.31,2,1,1,0,One-Time Buyer,Lost / Let Go,-1.791630232581727,0.06839167251886102,0.6796365804735875,1.0,"Let go: exclude from paid marketing spend, low-cost win-back only"
12928,35,12,4304.89,4,5,5,1,VIP,VIP,1.8542702228976295,0.12422736499425685,0.0465820160092786,0.0,"Court: white-glove service, early access, loyalty rewards"
12929,312,1,117.85,2,1,1,0,One-Time Buyer,Lost / Let Go,-1.8249110135825852,-0.4151700163320892,0.8133084820371259,1.0,"Let go: exclude from paid marketing spend, low-cost win-back only"
12930,78,2,415.8,3,2,2,2,Needs Attention,One-Time Buyer,-0.4093242805149508,-0.8996670625021305,,,"Convert: post-purchase follow-up, incentivize 2nd order"
12931,22,57,92347.34,4,5,5,1,VIP,VIP,4.394450697773886,1.4795581427923126,0.04340388756181509,0.0,"Court: white-glove service, early access, loyalty rewards"
12932,539,8,1698.56,1,4,4,3,Win-Back Priority,At Risk,-0.01917457048777609,1.8402558004525449,0.8141693945605766,1.0,"Win back: targeted discount, re-engagement email flow"
12933,24,8,1636.6299999999999,4,4,4,4,VIP,Loyal Customer,1.1683099140264404,-0.32508976244846055,0.255344742838988,0.0,"Court: upsell/cross-sell, referral incentives"
12934,737,1,181.65,1,1,1,0,One-Time Buyer,Lost / Let Go,-2.627680878450002,1.477913167720696,0.8995594163204684,1.0,"Let go: exclude from paid marketing spend, low-cost win-back only"
12935,2,15,4243.86,5,5,5,1,VIP,VIP,2.084561509091545,0.0648342365283689,0.05832515513702808,0.0,"Court: white-glove service, early access, loyalty rewards"
12936,17,4,1063.9,5,3,3,4,Loyal Customer,Loyal Customer,0.542124514430579,-0.7024602319013732,,,"Court: upsell/cross-sell, referral incentives"
12937,15,9,3097.61,5,5,5,4,VIP,Loyal Customer,1.5534195363641923,-0.15126715033988586,0.1433930799600374,0.0,"Court: upsell/cross-sell, referral incentives"
12938,26,1,114.14,4,1,1,2,One-Time Buyer,One-Time Buyer,-1.1703819020733988,-1.6206248944714245,,,"Convert: post-purchase follow-up, incentivize 2nd order"
12939,64,20,25264.8,3,5,5,1,Loyal Customer,VIP,2.940477431421899,0.90684610627415,0.0626050382775447,0.0,"Court: white-glove service, early access, loyalty rewards"
12940,55,2,899.69,4,2,3,2,New Customer,One-Time Buyer,-0.013423226336090248,-0.7909768353576996,,,"Convert: post-purchase follow-up, incentivize 2nd order"
12941,724,1,377.49,1,1,2,0,One-Time Buyer,Lost / Let Go,-2.2737780115256974,1.6173027888601925,0.8788019403407162,1.0,"Let go: exclude from paid marketing spend, low-cost win-back only"
12942,131,3,934.35,3,3,3,4,Loyal Customer,Loyal Customer,0.04663052720608894,-0.34851174789457146,0.34812382895512123,0.0,"Court: upsell/cross-sell, referral incentives"
12943,558,2,496.5,1,2,2,0,Lost / Let Go,Lost / Let Go,-1.4528826951268774,1.1563929839274087,0.7792513073845435,1.0,"Let go: exclude from paid marketing spend, low-cost win-back only"
12944,36,2,604.51,4,2,2,2,New Customer,One-Time Buyer,-0.14531586690824524,-0.9761181247497615,0.7582434951078335,1.0,"Convert: post-purchase follow-up, incentivize 2nd order"
12945,288,2,900.11,2,2,3,3,Needs Attention,At Risk,-0.5579230530773237,0.1843415083094744,0.7134428704942786,1.0,"Win back: targeted discount, re-engagement email flow"
12946,437,1,324.45,1,1,2,0,One-Time Buyer,Lost / Let Go,-1.6698666704565421,0.375939487352422,0.7079927988812357,1.0,"Let go: exclude from paid marketing spend, low-cost win-back only"
12947,144,6,1908.03,3,4,4,4,Loyal Customer,Loyal Customer,0.7628327487566983,0.11806432001064245,0.11469291937864345,0.0,"Court: upsell/cross-sell, referral incentives"
12948,16,9,2317.43,5,5,4,4,VIP,Loyal Customer,1.4222915421055253,-0.22423355111706472,0.34642353514288887,0.0,"Court: upsell/cross-sell, referral incentives"
12949,31,22,15526.7,4,5,5,1,VIP,VIP,2.8713434450219184,0.6753958262211822,0.022081730673097155,0.0,"Court: white-glove service, early access, loyalty rewards"
12950,2,3,1843.0,5,3,4,4,Loyal Customer,Loyal Customer,0.6495858035091058,-0.7078848457146237,,,"Court: upsell/cross-sell, referral incentives"
12951,9,15,3213.7200000000003,5,5,5,1,VIP,VIP,1.9447769127478527,0.020197145280611978,0.04611690354103742,0.0,"Court: white-glove service, early access, loyalty rewards"
12952,6,4,1387.79,5,3,4,4,Loyal Customer,Loyal Customer,0.6857472379216621,-0.6778672755114292,,,"Court: upsell/cross-sell, referral incentives"
12953,10,2,828.8100000000001,5,2,3,2,New Customer,One-Time Buyer,0.055384899152569264,-1.0011201798385123,0.5460906659766588,1.0,"Convert: post-purchase follow-up, incentivize 2nd order"
12954,639,1,162.45,1,1,1,0,One-Time Buyer,Lost / Let Go,-2.4478901977367657,1.0382043455596097,0.9469689325180769,1.0,"Let go: exclude from paid marketing spend, low-cost win-back only"
12955,1,11,4757.16,5,5,5,1,VIP,VIP,1.9166228786525774,-0.023321198791819795,0.20306506524155904,0.0,"Court: white-glove service, early access, loyalty rewards"
12956,306,4,521.89,2,3,2,3,At Risk,At Risk,-0.4493056858161025,0.31793152897763827,0.5938576981755969,1.0,"Win back: targeted discount, re-engagement email flow"
12957,10,13,8706.97,5,5,5,1,VIP,VIP,2.2823296191156732,0.2363647263012151,0.043463393317183845,0.0,"Court: white-glove service, early access, loyalty rewards"
12958,400,2,467.34,2,2,2,3,Lost / Let Go,At Risk,-1.1103291701981364,0.47903678348839535,0.7043838310233064,1.0,"Win back: targeted discount, re-engagement email flow"
12959,484,1,150.95,1,1,1,0,One-Time Buyer,Lost / Let Go,-2.117924389926338,0.37006499560338113,0.8918929924329249,1.0,"Let go: exclude from paid marketing spend, low-cost win-back only"
12960,414,4,1322.07,1,3,4,3,At Risk,At Risk,-0.28959875793877476,1.0168748515985078,0.4267373565980904,0.0,"Win back: targeted discount, re-engagement email flow"
12961,379,1,211.99,2,1,1,0,One-Time Buyer,Lost / Let Go,-1.7225172607641395,0.020420345625251662,0.7589310589257112,1.0,"Let go: exclude from paid marketing spend, low-cost win-back only"
12962,7,2,266.39,5,2,1,2,New Customer,One-Time Buyer,-0.4404346063033972,-1.314898443589439,,,"Convert: post-purchase follow-up, incentivize 2nd order"
12963,8,12,3601.59,5,5,5,1,VIP,VIP,1.8382106103039269,-0.036210864673163555,0.27041559475831617,0.0,"Court: white-glove service, early access, loyalty rewards"
12964,437,1,132.24,1,1,1,0,One-Time Buyer,Lost / Let Go,-2.06639021607922,0.13840200541530542,0.8604845866278803,1.0,"Let go: exclude from paid marketing spend, low-cost win-back only"
12965,89,1,769.8100000000001,3,1,3,2,One-Time Buyer,One-Time Buyer,-0.4734755524780045,-0.8512350489809222,,,"Convert: post-purchase follow-up, incentivize 2nd order"
12966,10,1,160.18,5,1,1,2,One-Time Buyer,One-Time Buyer,-0.9836251629871365,-1.5981217071751788,,,"Convert: post-purchase follow-up, incentivize 2nd order"
12967,358,3,4306.92,2,3,5,3,At Risk,At Risk,0.1940779050458973,1.0078026111575464,0.4755002948281245,0.0,"Win back: targeted discount, re-engagement email flow"
12968,112,1,135.95,3,1,1,2,One-Time Buyer,One-Time Buyer,-1.294411862871851,-1.2145427020269104,,,"Convert: post-purchase follow-up, incentivize 2nd order"
12969,603,1,122.45,1,1,1,0,One-Time Buyer,Lost / Let Go,-2.488349358746377,0.8128769910047924,0.927275187890451,1.0,"Let go: exclude from paid marketing spend, low-cost win-back only"
12970,7,10,1452.54,5,5,4,4,VIP,Loyal Customer,1.309235194667679,-0.3482072982033809,0.27935003546550213,0.0,"Court: upsell/cross-sell, referral incentives"
12971,4,116,15972.79,5,5,5,1,VIP,VIP,4.196448568533672,1.21641005257762,0.038768718768628536,0.0,"Court: white-glove service, early access, loyalty rewards"
12972,414,4,1161.2,1,3,3,3,At Risk,At Risk,-0.3471598492979746,0.9823928722811246,0.5211225909199247,1.0,"Win back: targeted discount, re-engagement email flow"
12973,414,1,385.55,1,1,2,0,One-Time Buyer,Lost / Let Go,-1.5397048515993224,0.32543859077411735,0.7943360166620941,1.0,"Let go: exclude from paid marketing spend, low-cost win-back only"
12974,198,2,408.95,2,2,2,2,Lost / Let Go,One-Time Buyer,-0.6972177530359775,-0.4018287220767877,0.591318947229728,1.0,"Convert: post-purchase follow-up, incentivize 2nd order"
12975,437,6,2100.09,1,4,4,3,Win-Back Priority,At Risk,0.12042103521541782,1.3698790164888672,0.6675937957224836,1.0,"Win back: targeted discount, re-engagement email flow"
12976,212,8,3156.38,2,4,5,4,Win-Back Priority,Loyal Customer,1.0202912892520217,0.6363778361167906,0.10015944867324672,0.0,"Court: upsell/cross-sell, referral incentives"
12977,156,4,513.88,3,3,2,2,Needs Attention,One-Time Buyer,-0.10549030676968357,-0.3139820267306603,0.5567247256086044,1.0,"Convert: post-purchase follow-up, incentivize 2nd order"
12978,385,5,2502.82,2,4,4,3,Win-Back Priority,At Risk,0.20144920310915596,1.1376185184025362,0.3565757071539697,0.0,"Win back: targeted discount, re-engagement email flow"
12979,729,1,517.7,1,1,2,0,One-Time Buyer,Lost / Let Go,-2.145544374065193,1.7220503729605576,0.7711744919987181,1.0,"Let go: exclude from paid marketing spend, low-cost win-back only"
12980,158,21,16245.78,3,5,5,1,Loyal Customer,VIP,2.560400813189366,1.2013140232854636,0.03680905604378118,0.0,"Court: white-glove service, early access, loyalty rewards"
12981,30,2,372.21999999999997,4,2,2,2,New Customer,One-Time Buyer,-0.34614544420940574,-1.1299401574764405,,,"Convert: post-purchase follow-up, incentivize 2nd order"
12982,243,8,2744.81,2,4,4,4,Win-Back Priority,Loyal Customer,0.8858066718409855,0.7289758905115411,0.10424140236786109,0.0,"Court: upsell/cross-sell, referral incentives"
12983,598,1,490.08000000000004,1,1,2,0,One-Time Buyer,Lost / Let Go,-1.8635883588627202,1.1592109430235644,0.731266926526441,1.0,"Let go: exclude from paid marketing spend, low-cost win-back only"
12984,19,1,97.5,5,1,1,2,One-Time Buyer,One-Time Buyer,-1.223323373688923,-1.6914403794755624,,,"Convert: post-purchase follow-up, incentivize 2nd order"
12985,1,2,1239.38,5,2,4,4,New Customer,Loyal Customer,0.2549053982641556,-0.9318699709282275,,,"Court: upsell/cross-sell, referral incentives"
12986,429,10,2729.84,1,5,4,3,Win-Back Priority,At Risk,0.6026787369068104,1.5857550159063516,0.6644284301174692,1.0,"Win back: targeted discount, re-engagement email flow"
12987,74,5,1312.21,3,4,4,4,Loyal Customer,Loyal Customer,0.6419673583972711,-0.3356856850153995,0.39208414410060843,0.0,"Court: upsell/cross-sell, referral incentives"
12988,292,1,505.82,2,1,2,2,One-Time Buyer,One-Time Buyer,-1.1342143980395405,-0.11312494547259516,0.6132293746687232,1.0,"Convert: post-purchase follow-up, incentivize 2nd order"
12989,3,33,13551.75,5,5,5,1,VIP,VIP,3.17661463915891,0.6773625925563864,0.026794745379678252,0.0,"Court: white-glove service, early access, loyalty rewards"
12990,31,7,955.5,4,4,3,4,Loyal Customer,Loyal Customer,0.822725861407317,-0.48562752306193147,0.24049279327421227,0.0,"Court: upsell/cross-sell, referral incentives"
12991,23,3,764.82,4,3,3,4,Loyal Customer,Loyal Customer,0.21032295160435163,-0.8537226461798186,0.6435011543990733,1.0,"Court: upsell/cross-sell, referral incentives"
12992,725,1,93.35000000000001,1,1,1,0,One-Time Buyer,Lost / Let Go,-2.89292083256795,1.251991042184036,0.9549442558844228,1.0,"Let go: exclude from paid marketing spend, low-cost win-back only"
12993,23,8,1259.6299999999999,4,4,4,4,VIP,Loyal Customer,1.054478377037351,-0.398866400947083,0.31358936135565096,0.0,"Court: upsell/cross-sell, referral incentives"
12994,4,3,974.4200000000001,5,3,3,4,Loyal Customer,Loyal Customer,0.36215573569467585,-0.8688981827689025,0.6153037183899985,1.0,"Court: upsell/cross-sell, referral incentives"
12995,85,1,211.32,3,1,1,2,One-Time Buyer,One-Time Buyer,-1.0366036977165747,-1.2109204035659205,,,"Convert: post-purchase follow-up, incentivize 2nd order"
12996,376,1,355.5,2,1,2,0,One-Time Buyer,Lost / Let Go,-1.4868006996529584,0.14486885835910834,0.7449663871354131,1.0,"Let go: exclude from paid marketing spend, low-cost win-back only"
12997,22,8,2110.91,4,4,4,4,VIP,Loyal Customer,1.285915455879645,-0.2658098299128135,0.19325878359185755,0.0,"Court: upsell/cross-sell, referral incentives"
12998,493,3,920.08,1,3,3,3,At Risk,At Risk,-0.8064782950341403,1.1625078716582142,0.6570816356235106,1.0,"Win back: targeted discount, re-engagement email flow"
12999,196,3,455.88,2,3,2,2,At Risk,One-Time Buyer,-0.42345738532438326,-0.26703828525527906,0.39016638975562146,0.0,"Convert: post-purchase follow-up, incentivize 2nd order"
13000,107,4,1032.5,3,3,3,4,Loyal Customer,Loyal Customer,0.31843369539428684,-0.3337365242084802,0.4903039885259364,0.0,"Court: upsell/cross-sell, referral incentives"
13001,4,33,24042.65,5,5,5,1,VIP,VIP,3.4288178588078804,0.8340308056746574,0.014106537883785259,0.0,"Court: white-glove service, early access, loyalty rewards"
13002,318,3,414.13,2,3,2,3,At Risk,At Risk,-0.7512174590859573,0.2180896451897336,0.6746836292387595,1.0,"Win back: targeted discount, re-engagement email flow"
13003,106,3,149.05,3,3,1,2,Needs Attention,One-Time Buyer,-0.7074362590070493,-0.9398815888598914,0.44913102250692777,0.0,"Convert: post-purchase follow-up, incentivize 2nd order"
13004,12,36,11650.85,5,5,5,1,VIP,VIP,3.153420349691408,0.70843993292842,0.010111568979698464,0.0,"Court: white-glove service, early access, loyalty rewards"
13005,174,4,999.68,3,3,3,4,Loyal Customer,Loyal Customer,0.1474725620483934,-0.061899442608599024,0.3904226865452704,0.0,"Court: upsell/cross-sell, referral incentives"
13006,56,1,81.57,4,1,1,2,One-Time Buyer,One-Time Buyer,-1.3881492270282618,-1.583503198295196,,,"Convert: post-purchase follow-up, incentivize 2nd order"
13007,580,1,175.25,1,1,1,0,One-Time Buyer,Lost / Let Go,-2.2764836497404195,0.8113208205206749,0.9332760707783294,1.0,"Let go: exclude from paid marketing spend, low-cost win-back only"
13008,323,3,612.13,2,3,3,3,At Risk,At Risk,-0.5897502333191127,0.3427458147175445,0.46896648764973636,0.0,"Win back: targeted discount, re-engagement email flow"
13009,673,1,234.0,1,1,1,0,One-Time Buyer,Lost / Let Go,-2.366165945161789,1.277079875906997,0.928906378387782,1.0,"Let go: exclude from paid marketing spend, low-cost win-back only"
13010,374,2,330.12,2,2,2,0,Lost / Let Go,Lost / Let Go,-1.203489760213097,0.27799704455605023,0.7134648572817025,1.0,"Let go: exclude from paid marketing spend, low-cost win-back only"
13011,372,1,101.10000000000001,2,1,1,0,One-Time Buyer,Lost / Let Go,-2.0326277431976285,-0.20445226899027052,0.7739012545911191,1.0,"Let go: exclude from paid marketing spend, low-cost win-back only"
13012,9,11,2957.83,5,5,5,1,VIP,VIP,1.686987338566758,-0.11619766829885424,0.11853006869757507,0.0,"Court: white-glove service, early access, loyalty rewards"
13013,1,29,12625.77,5,5,5,1,VIP,VIP,3.053733292069301,0.6004249849837022,0.02486728467587417,0.0,"Court: white-glove service, early access, loyalty rewards"
13014,11,11,5381.08,5,5,5,1,VIP,VIP,1.947952736311648,0.051305370112373586,0.094924592892718,0.0,"Court: white-glove service, early access, loyalty rewards"
13015,53,11,6579.78,4,5,5,1,VIP,VIP,1.93904545516198,0.2805747991684496,0.03606723735746876,0.0,"Court: white-glove service, early access, loyalty rewards"
13016,73,3,789.89,3,3,3,4,Loyal Customer,Loyal Customer,0.10773531504197165,-0.6358857154465885,,,"Court: upsell/cross-sell, referral incentives"
13017,7,1,204.0,5,1,1,2,One-Time Buyer,One-Time Buyer,-0.8698332975349428,-1.5467121993440582,,,"Convert: post-purchase follow-up, incentivize 2nd order"
13018,16,35,9763.16,5,5,5,1,VIP,VIP,3.044548086142478,0.6672809273064396,0.012628059205651429,0.0,"Court: white-glove service, early access, loyalty rewards"
13019,379,6,1229.95,2,4,4,3,Win-Back Priority,At Risk,0.01861601834344911,0.9849139090906588,0.6745387412509839,1.0,"Win back: targeted discount, re-engagement email flow"
13020,563,2,618.96,1,2,3,0,Needs Attention,Lost / Let Go,-1.3668637517293012,1.2358518500206073,0.6814143208382206,1.0,"Let go: exclude from paid marketing spend, low-cost win-back only"
13021,4,17,4887.24,5,5,5,1,VIP,VIP,2.2330116986449777,0.1575515028674217,0.06595959370810855,0.0,"Court: white-glove service, early access, loyalty rewards"
13022,430,1,50.3,1,1,1,0,One-Time Buyer,Lost / Let Go,-2.473813182108281,-0.14476566524295473,0.9187151965965108,1.0,"Let go: exclude from paid marketing spend, low-cost win-back only"
13023,64,3,1251.03,3,3,4,4,Loyal Customer,Loyal Customer,0.33273574380819804,-0.5513717513396392,0.5577443855309107,1.0,"Court: upsell/cross-sell, referral incentives"
13024,471,2,555.87,1,2,2,3,Lost / Let Go,At Risk,-1.1994386126943222,0.8222504966398658,0.6907797539597184,1.0,"Win back: targeted discount, re-engagement email flow"
13025,732,1,323.39,1,1,2,0,One-Time Buyer,Lost / Let Go,-2.3609654439588907,1.609759876898592,0.9340494919585587,1.0,"Let go: exclude from paid marketing spend, low-cost win-back only"
13026,1,9,1733.08,5,5,4,4,VIP,Loyal Customer,1.3284129822626611,-0.3642591350414921,0.24939507693934265,0.0,"Court: upsell/cross-sell, referral incentives"
13027,114,19,17239.2,3,5,5,1,Loyal Customer,VIP,2.6164101690764276,0.9950641706892519,0.06238409183524571,0.0,"Court: white-glove service, early access, loyalty rewards"
13028,23,2,661.3199999999999,4,2,3,2,New Customer,One-Time Buyer,-0.0751069463652909,-1.0066753993448092,,,"Convert: post-purchase follow-up, incentivize 2nd order"
13029,31,5,1927.3,4,4,4,4,VIP,Loyal Customer,0.9130643015246808,-0.4134762040823151,0.4234096385118385,0.0,"Court: upsell/cross-sell, referral incentives"
13030,11,2,1154.8,5,2,3,4,New Customer,Loyal Customer,0.20016940616943268,-0.9088011605909068,0.5049016547504689,1.0,"Court: upsell/cross-sell, referral incentives"
13031,407,5,3292.84,2,4,5,3,Win-Back Priority,At Risk,0.2717805989733546,1.3026390601608473,0.4999353801748157,0.0,"Win back: targeted discount, re-engagement email flow"
13032,52,9,2815.96,4,5,4,4,VIP,Loyal Customer,1.4246092256352847,-0.021754853641860996,0.3684703960517562,0.0,"Court: upsell/cross-sell, referral incentives"
13033,357,2,220.55,2,2,1,0,Lost / Let Go,Lost / Let Go,-1.342163695670013,0.09996510228920492,0.7259377414263894,1.0,"Let go: exclude from paid marketing spend, low-cost win-back only"
13034,55,3,922.68,4,3,3,4,Loyal Customer,Loyal Customer,0.21872858607189524,-0.669940326326138,0.596992066631028,1.0,"Court: upsell/cross-sell, referral incentives"
13035,74,3,1364.2,3,3,4,4,Loyal Customer,Loyal Customer,0.3477797890095282,-0.4865012005211736,0.48547637534675203,0.0,"Court: upsell/cross-sell, referral incentives"
13036,685,1,307.1,1,1,2,0,One-Time Buyer,Lost / Let Go,-2.273965132609087,1.3993428810264255,0.9451522762491856,1.0,"Let go: exclude from paid marketing spend, low-cost win-back only"
13037,138,12,3914.9500000000003,3,5,5,1,Loyal Customer,VIP,1.5713293087428302,0.5300732330879668,0.06907918274267362,0.0,"Court: white-glove service, early access, loyalty rewards"
13038,80,3,908.46,3,3,3,4,Loyal Customer,Loyal Customer,0.15339502278482953,-0.5694323720440485,0.26034342926582943,0.0,"Court: upsell/cross-sell, referral incentives"
13039,584,4,1010.73,1,3,3,3,At Risk,At Risk,-0.8061483512968256,1.657028780741432,0.704916494370482,1.0,"Win back: targeted discount, re-engagement email flow"
13040,9,2,676.99,5,2,3,2,New Customer,One-Time Buyer,-0.031995245903870664,-1.059051108535598,,,"Convert: post-purchase follow-up, incentivize 2nd order"
13041,451,4,799.13,1,3,3,3,At Risk,At Risk,-0.5994043435336955,1.0379619051834788,0.6261084638249848,1.0,"Win back: targeted discount, re-engagement email flow"
13042,598,3,1488.59,1,3,4,3,At Risk,At Risk,-0.8385087074424032,1.72983339139847,0.7337773039316954,1.0,"Win back: targeted discount, re-engagement email flow"
13043,273,1,516.42,2,1,2,2,One-Time Buyer,One-Time Buyer,-1.0806057370244364,-0.18714165585409576,0.5748175549365554,1.0,"Convert: post-purchase follow-up, incentivize 2nd order"
13044,291,11,4848.05,2,5,5,1,Win-Back Priority,VIP,1.2470629966772941,1.1954728597593804,0.27004669330622905,0.0,"Court: white-glove service, early access, loyalty rewards"
13045,99,3,808.92,3,3,3,4,Loyal Customer,Loyal Customer,0.057509550719098065,-0.520741590859331,0.654918807891776,1.0,"Court: upsell/cross-sell, referral incentives"
13046,31,3,949.25,4,3,3,4,Loyal Customer,Loyal Customer,0.28742750811659984,-0.7628464206466777,0.48641021346819696,0.0,"Court: upsell/cross-sell, referral incentives"
13047,57,23,8790.210000000001,4,5,5,1,VIP,VIP,2.5906658885261478,0.6498198194837825,0.02593110380557519,0.0,"Court: white-glove service, early access, loyalty rewards"
13048,14,9,4049.13,5,5,5,4,VIP,Loyal Customer,1.6746603652541554,-0.08422365727173031,0.09573751736511961,0.0,"Court: upsell/cross-sell, referral incentives"
13049,64,4,1408.24,3,3,4,4,Loyal Customer,Loyal Customer,0.556645338167966,-0.43122698675921645,0.45334459009624745,0.0,"Court: upsell/cross-sell, referral incentives"
13050,15,34,12205.3,5,5,5,1,VIP,VIP,3.124365924845941,0.7112759340070941,0.017541476002300754,0.0,"Court: white-glove service, early access, loyalty rewards"
13051,579,2,155.8,1,2,1,0,Lost / Let Go,Lost / Let Go,-2.014637862389103,0.9371761459047607,0.8300274606855532,1.0,"Let go: exclude from paid marketing spend, low-cost win-back only"
13052,212,7,3118.48,2,4,5,4,Win-Back Priority,Loyal Customer,0.924463388451975,0.586355641461348,0.09770148632519007,0.0,"Court: upsell/cross-sell, referral incentives"
13053,622,1,127.65,1,1,1,0,One-Time Buyer,Lost / Let Go,-2.5144480805811122,0.9033735340552113,0.9427773202101931,1.0,"Let go: exclude from paid marketing spend, low-cost win-back only"
13055,78,4,2321.11,3,3,4,4,Loyal Customer,Loyal Customer,0.7456647163312202,-0.23979312451659954,0.2040078194834246,0.0,"Court: upsell/cross-sell, referral incentives"
13056,551,1,209.48,1,1,1,0,One-Time Buyer,Lost / Let Go,-2.129881951986752,0.7371531874061903,0.8826213025424581,1.0,"Let go: exclude from paid marketing spend, low-cost win-back only"
13057,530,3,709.59,1,3,3,3,At Risk,At Risk,-1.0081750078973082,1.2483575596119325,0.5388308245878685,1.0,"Win back: targeted discount, re-engagement email flow"
13058,25,3,271.40000000000003,4,3,1,2,Needs Attention,One-Time Buyer,-0.2533119102150937,-1.1202914881599717,,,"Convert: post-purchase follow-up, incentivize 2nd order"
13059,250,10,2291.77,2,5,4,4,Win-Back Priority,Loyal Customer,0.9435104964504605,0.7900647231902272,0.19578167407736669,0.0,"Court: upsell/cross-sell, referral incentives"
13060,254,1,307.53,2,1,2,2,One-Time Buyer,One-Time Buyer,-1.2657551530645543,-0.4041864235651681,0.5786278741296866,1.0,"Convert: post-purchase follow-up, incentivize 2nd order"
13061,72,1,248.61,3,1,1,2,One-Time Buyer,One-Time Buyer,-0.9343697084554418,-1.2222930565510877,,,"Convert: post-purchase follow-up, incentivize 2nd order"
13062,191,1,346.98,2,1,2,2,One-Time Buyer,One-Time Buyer,-1.065048348233471,-0.6358609913379898,0.3777448908277782,0.0,"Convert: post-purchase follow-up, incentivize 2nd order"
13063,481,1,188.4,1,1,1,0,One-Time Buyer,Lost / Let Go,-2.0130919499461664,0.4161073584320895,0.848413426508201,1.0,"Let go: exclude from paid marketing spend, low-cost win-back only"
13064,13,6,1666.8400000000001,5,4,4,4,VIP,Loyal Customer,1.0091140170511617,-0.46614607173383965,0.5708242088634734,1.0,"Court: upsell/cross-sell, referral incentives"
13065,373,5,1260.91,2,4,4,3,Win-Back Priority,At Risk,-0.07472692845521747,0.9051450743343075,0.4946241281511167,0.0,"Win back: targeted discount, re-engagement email flow"
13066,24,2,470.8,4,2,2,2,New Customer,One-Time Buyer,-0.22804912543914177,-1.0927095903924815,,,"Convert: post-purchase follow-up, incentivize 2nd order"
13067,82,3,508.51,3,3,2,2,Needs Attention,One-Time Buyer,-0.10853895158797536,-0.7151722709829523,0.659024755519656,1.0,"Convert: post-purchase follow-up, incentivize 2nd order"
13068,10,2,344.0,5,2,2,2,New Customer,One-Time Buyer,-0.33429894629717494,-1.2345603384912518,0.7279603173894977,1.0,"Convert: post-purchase follow-up, incentivize 2nd order"
13069,1,38,9616.95,5,5,5,1,VIP,VIP,3.1343947758544726,0.6322983024331377,0.018939872855048275,0.0,"Court: white-glove service, early access, loyalty rewards"
13070,192,4,751.7,2,3,3,4,At Risk,Loyal Customer,-0.021046934698179667,-0.062305924778696634,0.5069525116546818,1.0,"Court: upsell/cross-sell, referral incentives"
13071,612,1,129.22,1,1,1,0,One-Time Buyer,Lost / Let Go,-2.4856843932244748,0.8647460111630024,0.9239027824909872,1.0,"Let go: exclude from paid marketing spend, low-cost win-back only"
13072,267,1,177.15,2,1,1,2,One-Time Buyer,One-Time Buyer,-1.5399921810118045,-0.4958522134317942,0.7184076712134488,1.0,"Convert: post-purchase follow-up, incentivize 2nd order"
13073,411,2,418.08,1,2,2,3,Lost / Let Go,At Risk,-1.1853886455030325,0.4955166499039706,0.7194554235110848,1.0,"Win back: targeted discount, re-engagement email flow"
13074,511,4,1378.74,1,3,4,3,At Risk,At Risk,-0.4977433360649491,1.4340124264438905,0.6327632768370995,1.0,"Win back: targeted discount, re-engagement email flow"
13075,130,1,919.61,3,1,3,2,One-Time Buyer,One-Time Buyer,-0.49047200001561686,-0.6323972774659976,,,"Convert: post-purchase follow-up, incentivize 2nd order"
13076,458,1,135.4,1,1,1,0,One-Time Buyer,Lost / Let Go,-2.1050765572978336,0.23252961613930304,0.8949006551772372,1.0,"Let go: exclude from paid marketing spend, low-cost win-back only"
13077,1,11,3054.37,5,5,5,1,VIP,VIP,1.7199453553383262,-0.14114089489166196,0.09188140376496565,0.0,"Court: white-glove service, early access, loyalty rewards"
13078,3,57,29532.45,5,5,5,1,VIP,VIP,3.9326811595930025,1.096804054684462,0.012304835258695284,0.0,"Court: white-glove service, early access, loyalty rewards"
13079,4,6,419.18,5,4,2,4,Needs Attention,Loyal Customer,0.41804539694800064,-0.870498378230937,0.6331650737508051,1.0,"Court: upsell/cross-sell, referral incentives"
13080,179,4,280.73,3,3,1,2,Needs Attention,One-Time Buyer,-0.4269891194181257,-0.3781015813419895,0.5258255961753859,1.0,"Convert: post-purchase follow-up, incentivize 2nd order"
13081,12,28,59205.15,5,5,5,1,VIP,VIP,3.688061159668133,1.0439886349663468,0.03671847848189723,0.0,"Court: white-glove service, early access, loyalty rewards"
13082,126,21,7335.75,3,5,5,1,Loyal Customer,VIP,2.282225258836381,0.8559259975932131,0.02467925178140053,0.0,"Court: white-glove service, early access, loyalty rewards"
13083,4,3,395.43,5,3,2,2,Needs Attention,One-Time Buyer,-0.03761431861427749,-1.1083804861597208,0.7146751531346027,1.0,"Convert: post-purchase follow-up, incentivize 2nd order"
13084,492,1,122.39999999999999,1,1,1,0,One-Time Buyer,Lost / Let Go,-2.229033702785591,0.34819167803955114,0.8908867258971204,1.0,"Let go: exclude from paid marketing spend, low-cost win-back only"
13085,158,8,2433.28,3,4,4,4,Loyal Customer,Loyal Customer,1.0310498705877458,0.341187332395246,0.21323249348254955,0.0,"Court: upsell/cross-sell, referral incentives"
13086,383,1,439.33000000000004,2,1,2,0,One-Time Buyer,Lost / Let Go,-1.409395337607855,0.2303394401290698,0.7728988401515651,1.0,"Let go: exclude from paid marketing spend, low-cost win-back only"
13087,726,1,313.64,1,1,2,0,One-Time Buyer,Lost / Let Go,-2.3604885857672193,1.5765304907185729,0.9444911399637839,1.0,"Let go: exclude from paid marketing spend, low-cost win-back only"
13088,417,1,236.11,1,1,1,0,One-Time Buyer,Lost / Let Go,-1.7637209533382363,0.20799923975960194,0.7555945643032088,1.0,"Let go: exclude from paid marketing spend, low-cost win-back only"
13089,3,203,116647.53,5,5,5,1,VIP,VIP,5.50857550893248,1.9620031684192503,0.02349952056494024,0.0,"Court: white-glove service, early access, loyalty rewards"
13090,9,23,14070.14,5,5,5,1,VIP,VIP,2.9117293440526053,0.5740325394283639,0.027906595011833665,0.0,"Court: white-glove service, early access, loyalty rewards"
13091,28,2,1108.8,4,2,3,2,New Customer,One-Time Buyer,0.14239442196085605,-0.8484519693781749,0.45583926930634855,0.0,"Convert: post-purchase follow-up, incentivize 2nd order"
13092,71,12,2140.28,3,5,4,4,Loyal Customer,Loyal Customer,1.4599350206844461,0.08909109931635982,0.11702105617980933,0.0,"Court: upsell/cross-sell, referral incentives"
13093,276,55,54943.65,2,5,5,1,Win-Back Priority,VIP,3.543150573614018,2.3905901830691656,0.05865677405297806,0.0,"Court: white-glove service, early access, loyalty rewards"
13094,21,13,2433.1200000000003,4,5,4,1,VIP,VIP,1.6906587225270837,-0.05663154686271282,0.10756071045680775,0.0,"Court: white-glove service, early access, loyalty rewards"
13095,71,1,74.39999999999999,3,1,1,2,One-Time Buyer,One-Time Buyer,-1.4635494118617036,-1.5448840685391894,,,"Convert: post-purchase follow-up, incentivize 2nd order"
13096,394,1,419.70000000000005,2,1,2,0,One-Time Buyer,Lost / Let Go,-1.4553598109385897,0.26424867128777724,0.7835322228050484,1.0,"Let go: exclude from paid marketing spend, low-cost win-back only"
13097,33,27,13015.36,4,5,5,1,VIP,VIP,2.939424641166064,0.7150202854696371,0.01442030938965909,0.0,"Court: white-glove service, early access, loyalty rewards"
13098,1,28,28882.44,5,5,5,1,VIP,VIP,3.395087748858798,0.8070386199235513,0.030718117844334446,0.0,"Court: white-glove service, early access, loyalty rewards"
13099,99,1,207.35999999999999,3,1,1,2,One-Time Buyer,One-Time Buyer,-1.0776922808341465,-1.157332745665336,,,"Convert: post-purchase follow-up, incentivize 2nd order"
13101,234,4,695.4,2,3,3,3,At Risk,At Risk,-0.1537526655564437,0.09280202676582332,0.39002357627284906,0.0,"Win back: targeted discount, re-engagement email flow"
13102,1,37,11696.92,5,5,5,1,VIP,VIP,3.2013713696234003,0.6740489775256608,0.020858078211279503,0.0,"Court: white-glove service, early access, loyalty rewards"
13103,40,3,709.64,4,3,3,2,Loyal Customer,One-Time Buyer,0.13737701981359335,-0.8024616131030996,0.5557029593438783,1.0,"Convert: post-purchase follow-up, incentivize 2nd order"
13104,3,9,1709.1,5,5,4,4,VIP,Loyal Customer,1.3175545154677581,-0.3595922182830249,0.348252072967983,0.0,"Court: upsell/cross-sell, referral incentives"
13105,436,1,72.0,1,1,1,0,One-Time Buyer,Lost / Let Go,-2.331208175012691,-0.025823068923471644,0.7844956656942755,1.0,"Let go: exclude from paid marketing spend, low-cost win-back only"
13106,133,2,603.46,3,2,2,2,Needs Attention,One-Time Buyer,-0.37285283680147085,-0.5705975647322113,0.6746594035013482,1.0,"Convert: post-purchase follow-up, incentivize 2nd order"
13107,44,9,5253.07,4,5,5,1,VIP,VIP,1.7200810712626866,0.11056086332230025,0.23821546712804428,0.0,"Court: white-glove service, early access, loyalty rewards"
13108,373,2,1098.52,2,2,3,3,Needs Attention,At Risk,-0.6682776970568577,0.5930300597283569,0.5437659398043195,1.0,"Win back: targeted discount, re-engagement email flow"
13109,60,3,1134.03,3,3,3,4,Loyal Customer,Loyal Customer,0.29852666483643775,-0.5942080700060919,0.7991706087283025,1.0,"Court: upsell/cross-sell, referral incentives"
13110,31,12,2957.4700000000003,4,5,5,1,VIP,VIP,1.6969804043977232,0.007659513193843787,0.24440249475348835,0.0,"Court: white-glove service, early access, loyalty rewards"
13111,719,1,321.88000000000005,1,1,2,0,One-Time Buyer,Lost / Let Go,-2.33264570589606,1.5541088820526883,0.934771160163816,1.0,"Let go: exclude from paid marketing spend, low-cost win-back only"
13112,541,1,20.6,1,1,1,0,One-Time Buyer,Lost / Let Go,-3.11737368566597,0.08973772144562603,0.9002243423189329,1.0,"Let go: exclude from paid marketing spend, low-cost win-back only"
13113,1,37,18603.04,5,5,5,1,VIP,VIP,3.4073763148842966,0.7974562669642333,0.014447340885305427,0.0,"Court: white-glove service, early access, loyalty rewards"
13114,731,1,234.38,1,1,1,0,One-Time Buyer,Lost / Let Go,-2.5010408125230468,1.5202618676578272,0.9362878568224857,1.0,"Let go: exclude from paid marketing spend, low-cost win-back only"
13115,12,10,5494.7,5,5,5,1,VIP,VIP,1.8880596303655142,0.02646676259398224,0.05615267276191901,0.0,"Court: white-glove service, early access, loyalty rewards"
13116,138,1,501.14,3,1,2,2,One-Time Buyer,One-Time Buyer,-0.778312608855653,-0.7601415010332403,,,"Convert: post-purchase follow-up, incentivize 2nd order"
13117,22,18,2643.81,4,5,4,1,VIP,VIP,1.959735076499744,0.09100091307407993,0.07690045973396177,0.0,"Court: white-glove service, early access, loyalty rewards"
13118,20,9,2415.41,4,5,4,4,VIP,Loyal Customer,1.4313190191173426,-0.19648227440269733,0.08884789810266225,0.0,"Court: upsell/cross-sell, referral incentives"
13119,669,1,134.9,1,1,1,0,One-Time Buyer,Lost / Let Go,-2.5999824171570665,1.1146687223076477,0.9062880315646663,1.0,"Let go: exclude from paid marketing spend, low-cost win-back only"
13120,239,1,30.599999999999998,2,1,1,2,One-Time Buyer,One-Time Buyer,-2.24243021349375,-1.0730513667838308,0.7311526005172174,1.0,"Convert: post-purchase follow-up, incentivize 2nd order"
13121,269,1,283.73,2,1,1,2,One-Time Buyer,One-Time Buyer,-1.3364659914640489,-0.3627581402137515,0.6287209889080162,1.0,"Convert: post-purchase follow-up, incentivize 2nd order"
13122,94,2,922.39,3,2,3,2,Needs Attention,One-Time Buyer,-0.09354575213700814,-0.6211264320079617,0.36905257737293046,0.0,"Convert: post-purchase follow-up, incentivize 2nd order"
13123,473,2,506.75,1,2,2,3,Lost / Let Go,At Risk,-1.2451149835300217,0.8060597434226665,0.7139071523058708,1.0,"Win back: targeted discount, re-engagement email flow"
13124,90,4,4641.66,3,3,5,4,Loyal Customer,Loyal Customer,1.02522422762544,-0.005292866378091865,0.14733665722004166,0.0,"Court: upsell/cross-sell, referral incentives"
13125,524,1,148.62,1,1,1,0,One-Time Buyer,Lost / Let Go,-2.21829743131719,0.5333701662938335,0.9166496053003486,1.0,"Let go: exclude from paid marketing spend, low-cost win-back only"
13126,5,13,3998.25,5,5,5,1,VIP,VIP,1.9485225612729344,0.008468357797356132,0.058209323702614384,0.0,"Court: white-glove service, early access, loyalty rewards"
13127,78,1,259.17,3,1,1,2,One-Time Buyer,One-Time Buyer,-0.9299988103311361,-1.186159621315082,,,"Convert: post-purchase follow-up, incentivize 2nd order"
13128,631,1,263.5,1,1,1,0,One-Time Buyer,Lost / Let Go,-2.2154720657098346,1.132747727133397,0.9148445293437423,1.0,"Let go: exclude from paid marketing spend, low-cost win-back only"
13129,452,2,233.25,1,2,1,0,Lost / Let Go,Lost / Let Go,-1.5395052294828364,0.5124025595312881,0.6849978675311202,1.0,"Let go: exclude from paid marketing spend, low-cost win-back only"
13130,94,1,64.0,3,1,1,2,One-Time Buyer,One-Time Buyer,-1.5832182866209092,-1.4880973724247306,,,"Convert: post-purchase follow-up, incentivize 2nd order"
13131,23,7,3313.77,4,4,5,4,VIP,Loyal Customer,1.393268081556632,-0.1885308622150323,0.143495174061355,0.0,"Court: upsell/cross-sell, referral incentives"
13132,262,1,77.3,2,1,1,2,One-Time Buyer,One-Time Buyer,-1.8933117664335644,-0.7354375641373804,0.8839959371056364,1.0,"Convert: post-purchase follow-up, incentivize 2nd order"
13133,274,3,200.45000000000002,2,3,1,2,At Risk,One-Time Buyer,-0.9693939081121287,-0.15838600488291993,0.7347660486148774,1.0,"Convert: post-purchase follow-up, incentivize 2nd order"
13134,86,6,2475.23,3,4,4,4,Loyal Customer,Loyal Customer,1.0139298848147054,-0.05549470645601432,0.13175664046217156,0.0,"Court: upsell/cross-sell, referral incentives"
13135,197,2,3371.45,2,2,5,4,Needs Attention,Loyal Customer,0.2408025902186153,0.15450664604338732,0.7356870220452771,1.0,"Court: upsell/cross-sell, referral incentives"
13136,56,13,6274.56,4,5,5,1,VIP,VIP,2.0293448842739292,0.3417628901848731,0.06214101252660254,0.0,"Court: white-glove service, early access, loyalty rewards"
13137,11,16,7586.94,5,5,5,1,VIP,VIP,2.3679875488934945,0.281092810145917,0.03344179057749613,0.0,"Court: white-glove service, early access, loyalty rewards"
13138,22,7,1467.24,4,4,4,4,VIP,Loyal Customer,1.0340403384414052,-0.40931213013254,0.35174062662256794,0.0,"Court: upsell/cross-sell, referral incentives"
13139,16,8,8202.98,5,4,5,1,VIP,VIP,1.9024716692788055,0.07002320233082578,0.17781062669299674,0.0,"Court: white-glove service, early access, loyalty rewards"
13140,108,5,1213.18,3,4,3,4,Loyal Customer,Loyal Customer,0.5276696152222771,-0.21423715689461903,0.4469575138761955,0.0,"Court: upsell/cross-sell, referral incentives"
13141,85,17,7656.08,3,5,5,1,Loyal Customer,VIP,2.2429197575043895,0.615940076744398,0.01347775951364739,0.0,"Court: white-glove service, early access, loyalty rewards"
13142,19,1,307.09,5,1,2,2,One-Time Buyer,One-Time Buyer,-0.7170063931187555,-1.3881311259537379,,,"Convert: post-purchase follow-up, incentivize 2nd order"
13143,585,1,405.1,1,1,2,0,One-Time Buyer,Lost / Let Go,-1.9175617145506925,1.0542622595884894,0.7979637616979874,1.0,"Let go: exclude from paid marketing spend, low-cost win-back only"
13144,333,2,135.35,2,2,1,0,Lost / Let Go,Lost / Let Go,-1.5015878830279232,-0.12959817059577317,0.76023430769848,1.0,"Let go: exclude from paid marketing spend, low-cost win-back only"
13145,40,7,1423.52,4,4,4,4,VIP,Loyal Customer,0.9785378758426013,-0.34201574319481415,0.4765003483860437,0.0,"Court: upsell/cross-sell, referral incentives"
13146,26,1,228.91,4,1,1,2,One-Time Buyer,One-Time Buyer,-0.8633336303369279,-1.436687587074228,,,"Convert: post-purchase follow-up, incentivize 2nd order"
13147,10,4,712.8000000000001,5,3,3,4,Loyal Customer,Loyal Customer,0.3808714540774809,-0.8381597883240949,,,"Court: upsell/cross-sell, referral incentives"
13148,29,26,8488.32,4,5,5,1,VIP,VIP,2.731075038833292,0.5701448594982622,0.013734949630339957,0.0,"Court: white-glove service, early access, loyalty rewards"
13149,14,4,1676.06,5,3,4,4,Loyal Customer,Loyal Customer,0.7507887631358114,-0.5942174104572843,0.5207811157834089,1.0,"Court: upsell/cross-sell, referral incentives"
13150,484,3,449.96999999999997,1,3,2,3,At Risk,At Risk,-1.1025240246686931,0.934889066334862,0.7142182060008824,1.0,"Win back: targeted discount, re-engagement email flow"
13151,296,3,2454.71,2,3,4,3,At Risk,At Risk,0.08947194432602279,0.5988162325522877,0.5725640349877398,1.0,"Win back: targeted discount, re-engagement email flow"
13152,417,7,2146.38,1,4,4,3,Win-Back Priority,At Risk,0.2794147405967172,1.3450366426745974,0.5885422142822877,1.0,"Win back: targeted discount, re-engagement email flow"
13153,6,1,486.22,5,1,2,2,One-Time Buyer,One-Time Buyer,-0.4831160092630285,-1.3206349985142536,,,"Convert: post-purchase follow-up, incentivize 2nd order"
13154,399,3,1624.84,2,3,4,3,At Risk,At Risk,-0.33442586254550966,0.920221855603212,0.5715956186098545,1.0,"Win back: targeted discount, re-engagement email flow"
13155,33,6,1750.18,4,4,4,4,VIP,Loyal Customer,0.9840080601814969,-0.36946897134404255,0.3744397001953484,0.0,"Court: upsell/cross-sell, referral incentives"
13156,385,3,1586.54,2,3,4,3,At Risk,At Risk,-0.31228136267127343,0.8552857421546408,0.5517188290065053,1.0,"Win back: targeted discount, re-engagement email flow"
13157,49,9,5687.36,4,5,5,1,VIP,VIP,1.7436546666668675,0.1526118355217196,0.07862429019392735,0.0,"Court: white-glove service, early access, loyalty rewards"
13158,95,5,1508.18,3,4,4,4,Loyal Customer,Loyal Customer,0.6546314131812779,-0.21079661284077955,0.418125721382093,0.0,"Court: upsell/cross-sell, referral incentives"
13159,9,4,1429.35,5,3,4,4,Loyal Customer,Loyal Customer,0.6918259733186418,-0.657468284204653,,,"Court: upsell/cross-sell, referral incentives"
13160,22,1,91.8,4,1,1,2,One-Time Buyer,One-Time Buyer,-1.256803987069752,-1.6947394212351368,,,"Convert: post-purchase follow-up, incentivize 2nd order"
13161,313,2,472.13,2,2,2,3,Lost / Let Go,At Risk,-0.9024227187305667,0.11761497240731054,0.7143022313375403,1.0,"Win back: targeted discount, re-engagement email flow"
13162,122,16,9275.49,3,5,5,1,Loyal Customer,VIP,2.1977032997912147,0.799112399050002,0.01919472150165709,0.0,"Court: white-glove service, early access, loyalty rewards"
13163,610,1,17.65,1,1,1,0,One-Time Buyer,Lost / Let Go,-3.3438828959854616,0.33947040297352327,0.8559711520272915,1.0,"Let go: exclude from paid marketing spend, low-cost win-back only"
13164,569,2,372.2,1,2,2,0,Lost / Let Go,Lost / Let Go,-1.6062421034980296,1.1259672651848662,0.8357125810420737,1.0,"Let go: exclude from paid marketing spend, low-cost win-back only"
13165,46,3,1451.16,4,3,4,4,Loyal Customer,Loyal Customer,0.4406560736153841,-0.5872672080611264,0.3791010890709428,0.0,"Court: upsell/cross-sell, referral incentives"
13166,283,2,875.93,2,2,3,3,Needs Attention,At Risk,-0.5583111310879636,0.1561798233412138,0.4953918535100952,0.0,"Win back: targeted discount, re-engagement email flow"
13167,19,5,1113.15,5,4,3,4,Loyal Customer,Loyal Customer,0.6975591236718736,-0.6096047053836837,0.6856174928579755,1.0,"Court: upsell/cross-sell, referral incentives"
13168,36,5,1840.73,4,4,4,4,VIP,Loyal Customer,0.8809805424466202,-0.40476677737480854,0.18426779556173015,0.0,"Court: upsell/cross-sell, referral incentives"
13169,64,3,840.08,3,3,3,4,Loyal Customer,Loyal Customer,0.156094309489025,-0.6571888257028955,0.44126201579966495,0.0,"Court: upsell/cross-sell, referral incentives"
13170,27,1,108.81,4,1,1,2,One-Time Buyer,One-Time Buyer,-1.1937643824895507,-1.6290463310700423,,,"Convert: post-purchase follow-up, incentivize 2nd order"
13171,22,3,468.41,4,3,2,2,Needs Attention,One-Time Buyer,-0.004667644070698759,-0.988098632032854,0.6098326384858693,1.0,"Convert: post-purchase follow-up, incentivize 2nd order"
13172,400,1,69.6,2,1,1,0,One-Time Buyer,Lost / Let Go,-2.261890308237482,-0.18538848060652693,0.8947149878803884,1.0,"Let go: exclude from paid marketing spend, low-cost win-back only"
13173,4,11,2555.76,5,5,4,4,VIP,Loyal Customer,1.6338277224044262,-0.17597215010826264,0.22216262541751425,0.0,"Court: upsell/cross-sell, referral incentives"
13174,16,11,9341.52,5,5,5,1,VIP,VIP,2.181134139530894,0.2189219270352998,0.15468414033637962,0.0,"Court: white-glove service, early access, loyalty rewards"
13175,582,2,831.45,1,2,3,3,Needs Attention,At Risk,-1.280424939934572,1.3937640173305599,0.7366391962152123,1.0,"Win back: targeted discount, re-engagement email flow"
13176,46,1,481.49,4,1,2,2,One-Time Buyer,One-Time Buyer,-0.5809594528432024,-1.155814471924018,,,"Convert: post-purchase follow-up, incentivize 2nd order"
13177,65,2,512.2,3,2,2,2,Needs Attention,One-Time Buyer,-0.28655318239142785,-0.8987369577335811,0.7097511788746135,1.0,"Convert: post-purchase follow-up, incentivize 2nd order"
13178,26,21,14059.19,4,5,5,1,VIP,VIP,2.8048100473188033,0.6103963478722142,0.022610844372353094,0.0,"Court: white-glove service, early access, loyalty rewards"
13179,619,1,572.3100000000001,1,1,2,0,One-Time Buyer,Lost / Let Go,-1.8439411384904576,1.2882832814583995,0.7392744418257148,1.0,"Let go: exclude from paid marketing spend, low-cost win-back only"
13180,607,1,86.10000000000001,1,1,1,0,One-Time Buyer,Lost / Let Go,-2.652561038347107,0.7368493282616467,0.92377837171245,1.0,"Let go: exclude from paid marketing spend, low-cost win-back only"
13181,381,1,359.69,2,1,2,0,One-Time Buyer,Lost / Let Go,-1.4933016316856496,0.16890368095867228,0.7429267551856199,1.0,"Let go: exclude from paid marketing spend, low-cost win-back only"
13182,45,1,121.18,4,1,1,2,One-Time Buyer,One-Time Buyer,-1.1884497503412161,-1.5253174555589568,,,"Convert: post-purchase follow-up, incentivize 2nd order"
13183,8,15,7036.18,5,5,5,1,VIP,VIP,2.2949797132258514,0.2244003374152462,0.052864352667499705,0.0,"Court: white-glove service, early access, loyalty rewards"
13184,15,10,1667.95,5,5,4,4,VIP,Loyal Customer,1.3518913618366526,-0.27796738481796157,0.13019086540919586,0.0,"Court: upsell/cross-sell, referral incentives"
13185,268,1,71.4,2,1,1,2,One-Time Buyer,One-Time Buyer,-1.9421226443079473,-0.731162678778494,0.870500315148916,1.0,"Convert: post-purchase follow-up, incentivize 2nd order"
13186,40,3,1575.89,4,3,4,4,Loyal Customer,Loyal Customer,0.4912701290640136,-0.5904618996580022,,,"Court: upsell/cross-sell, referral incentives"
13187,337,4,328.36,2,3,2,3,At Risk,At Risk,-0.7270062415977877,0.3247360567347624,0.607263693374376,1.0,"Win back: targeted discount, re-engagement email flow"
13188,11,1,114.60000000000001,5,1,1,2,One-Time Buyer,One-Time Buyer,-1.1335446044400914,-1.6823451268551717,,,"Convert: post-purchase follow-up, incentivize 2nd order"
13189,19,2,260.68,5,2,1,2,New Customer,One-Time Buyer,-0.47807246152707067,-1.2704153094061448,,,"Convert: post-purchase follow-up, incentivize 2nd order"
13190,544,3,570.66,1,3,2,3,At Risk,At Risk,-1.1374984450849674,1.2490881166258987,0.6789471279790107,1.0,"Win back: targeted discount, re-engagement email flow"
13191,658,1,159.21,1,1,1,0,One-Time Buyer,Lost / Let Go,-2.501198117516403,1.1124012150176041,0.8568105706691546,1.0,"Let go: exclude from paid marketing spend, low-cost win-back only"
13192,95,6,2558.58,3,4,4,4,Loyal Customer,Loyal Customer,1.007588978660451,-0.009020654904885635,0.13946996873629405,0.0,"Court: upsell/cross-sell, referral incentives"
13193,61,1,112.08,3,1,1,2,One-Time Buyer,One-Time Buyer,-1.2602205844681118,-1.4789383214298328,,,"Convert: post-purchase follow-up, incentivize 2nd order"
13194,136,2,472.78,3,2,2,2,Needs Attention,One-Time Buyer,-0.4880229855858897,-0.622832733374012,0.6020109485272542,1.0,"Convert: post-purchase follow-up, incentivize 2nd order"
13195,414,1,136.73,1,1,1,0,One-Time Buyer,Lost / Let Go,-1.9979050429643301,0.050953706127398114,0.7934275924771681,1.0,"Let go: exclude from paid marketing spend, low-cost win-back only"
13196,11,7,3068.84,5,4,5,4,VIP,Loyal Customer,1.3872384273579663,-0.2591730236368204,0.2242221028306055,0.0,"Court: upsell/cross-sell, referral incentives"
13197,610,1,373.01000000000005,1,1,2,0,One-Time Buyer,Lost / Let Go,-2.01255593813952,1.1370019914322143,0.8740734547886171,1.0,"Let go: exclude from paid marketing spend, low-cost win-back only"
13198,10,8,4974.2300000000005,5,4,5,4,VIP,Loyal Customer,1.694429294064145,-0.0881196579305804,0.07506511357184231,0.0,"Court: upsell/cross-sell, referral incentives"
13199,4,66,16417.89,5,5,5,1,VIP,VIP,3.780465018341403,1.0021621520028843,0.03770498792494951,0.0,"Court: white-glove service, early access, loyalty rewards"
13200,19,4,870.09,5,3,3,4,Loyal Customer,Loyal Customer,0.44825194999187484,-0.7475229212086061,,,"Court: upsell/cross-sell, referral incentives"
13201,502,4,1233.06,1,3,4,3,At Risk,At Risk,-0.5262479221982531,1.3666641781742597,0.6533234467814557,1.0,"Win back: targeted discount, re-engagement email flow"
13202,394,7,1580.3,2,4,4,3,Win-Back Priority,At Risk,0.1973173868175713,1.1673818609293425,0.6006742199317617,1.0,"Win back: targeted discount, re-engagement email flow"
13203,10,10,2648.25,5,5,4,4,VIP,Loyal Customer,1.5687479780516804,-0.1759886072582571,0.1439158680362598,0.0,"Court: upsell/cross-sell, referral incentives"
13204,731,1,966.6600000000001,1,1,3,0,One-Time Buyer,Lost / Let Go,-1.8733570936974078,1.896275881626737,0.8133877906226112,1.0,"Let go: exclude from paid marketing spend, low-cost win-back only"
13205,443,1,2803.2,1,1,4,3,One-Time Buyer,At Risk,-0.7276510864726441,0.9738889044801544,0.8020983267557198,1.0,"Win back: targeted discount, re-engagement email flow"
13206,400,13,8308.19,2,5,5,1,Win-Back Priority,VIP,1.3497750575994667,1.8561959233327876,0.6064304247195522,1.0,"Court: white-glove service, early access, loyalty rewards"
13207,15,4,535.86,5,3,2,4,Needs Attention,Loyal Customer,0.24270018882081687,-0.8930020960869371,0.5766769830114246,1.0,"Court: upsell/cross-sell, referral incentives"
13208,59,8,1951.82,4,4,4,4,VIP,Loyal Customer,1.1646430820498277,-0.13178193112816086,0.2287617185254571,0.0,"Court: upsell/cross-sell, referral incentives"
13209,30,13,8509.51,4,5,5,1,VIP,VIP,2.225389554838602,0.3139716004793598,0.06286340753800229,0.0,"Court: white-glove service, early access, loyalty rewards"
13210,94,1,353.48,3,1,2,2,One-Time Buyer,One-Time Buyer,-0.8300647850715502,-1.0369206686826635,,,"Convert: post-purchase follow-up, incentivize 2nd order"
13211,10,10,2618.77,5,5,4,4,VIP,Loyal Customer,1.5637795152144662,-0.17896496557159933,0.3118489648617082,0.0,"Court: upsell/cross-sell, referral incentives"
13212,20,3,786.83,4,3,3,4,Loyal Customer,Loyal Customer,0.22991736238678698,-0.8587421359054588,,,"Court: upsell/cross-sell, referral incentives"
13213,57,11,3851.52,4,5,5,1,VIP,VIP,1.691961424138751,0.1549024434520393,0.04954208222016067,0.0,"Court: white-glove service, early access, loyalty rewards"
13214,418,7,3264.23,1,4,5,3,Win-Back Priority,At Risk,0.46315218551462556,1.4606904244734076,0.600972907356501,1.0,"Win back: targeted discount, re-engagement email flow"
13215,402,1,81.6,2,1,1,0,One-Time Buyer,Lost / Let Go,-2.1968658793275893,-0.13526390523787946,0.7956822458212991,1.0,"Let go: exclude from paid marketing spend, low-cost win-back only"
13216,268,1,333.74,2,1,2,2,One-Time Buyer,One-Time Buyer,-1.2622821895705632,-0.3239041653307953,0.6520086288268774,1.0,"Convert: post-purchase follow-up, incentivize 2nd order"
13217,122,4,666.48,3,3,3,4,Loyal Customer,Loyal Customer,0.08924819461356089,-0.3872425081116322,0.724810444470488,1.0,"Court: upsell/cross-sell, referral incentives"
13218,127,1,62.63999999999999,3,1,1,2,One-Time Buyer,One-Time Buyer,-1.6697541639111237,-1.3556039362667922,,,"Convert: post-purchase follow-up, incentivize 2nd order"
13219,618,1,76.23,1,1,1,0,One-Time Buyer,Lost / Let Go,-2.731677053666076,0.7508991238505152,0.920753590276592,1.0,"Let go: exclude from paid marketing spend, low-cost win-back only"
13220,78,5,1336.0900000000001,3,4,4,4,Loyal Customer,Loyal Customer,0.6406176593006879,-0.3141508570078462,0.29207280255965695,0.0,"Court: upsell/cross-sell, referral incentives"
13221,240,2,844.86,2,2,3,3,Needs Attention,At Risk,-0.473802642423538,-0.033386533808848214,0.5225137461156526,1.0,"Win back: targeted discount, re-engagement email flow"
13222,577,1,88.5,1,1,1,0,One-Time Buyer,Lost / Let Go,-2.5703582272462246,0.6185176923065929,0.8818408942810895,1.0,"Let go: exclude from paid marketing spend, low-cost win-back only"
13223,200,6,969.1200000000001,2,4,3,4,At Risk,Loyal Customer,0.33135404205104446,0.17239406024256862,0.328149013867011,0.0,"Court: upsell/cross-sell, referral incentives"
13224,60,2,2152.95,3,2,4,4,Needs Attention,Loyal Customer,0.362016444807633,-0.5381404444033503,,,"Court: upsell/cross-sell, referral incentives"
13225,3,16,16260.07,5,5,5,1,VIP,VIP,2.7251182291780807,0.4503452600867919,0.04504175593363124,0.0,"Court: white-glove service, early access, loyalty rewards"
13226,273,2,312.46,2,2,2,2,Lost / Let Go,One-Time Buyer,-0.9917078325719846,-0.15930494101416168,0.6020708480148038,1.0,"Convert: post-purchase follow-up, incentivize 2nd order"
13227,202,1,257.7,2,1,1,2,One-Time Buyer,One-Time Buyer,-1.2224015247429723,-0.6686791774068656,0.26959751317109426,0.0,"Convert: post-purchase follow-up, incentivize 2nd order"
13228,81,1,358.0,3,1,2,2,One-Time Buyer,One-Time Buyer,-0.7940476427233808,-1.0879605324833221,,,"Convert: post-purchase follow-up, incentivize 2nd order"
13229,226,1,160.95,2,1,1,2,One-Time Buyer,One-Time Buyer,-1.4864733380641864,-0.6928112391930938,0.5901880692889854,1.0,"Convert: post-purchase follow-up, incentivize 2nd order"
13230,4,30,6202.96,5,5,5,1,VIP,VIP,2.756379523748364,0.4369971837866084,0.02180394267815251,0.0,"Court: white-glove service, early access, loyalty rewards"
13232,13,7,1327.75,5,4,4,4,VIP,Loyal Customer,1.0107571755849853,-0.4735324841043147,0.1076413508026665,0.0,"Court: upsell/cross-sell, referral incentives"
13233,74,4,1176.46,3,3,3,4,Loyal Customer,Loyal Customer,0.4534832990708861,-0.43716780622091467,0.4301764979531386,0.0,"Court: upsell/cross-sell, referral incentives"
13234,673,2,346.5,1,2,2,0,Lost / Let Go,Lost / Let Go,-1.881052863432278,1.5422693445862183,0.8494279531934129,1.0,"Let go: exclude from paid marketing spend, low-cost win-back only"
13235,212,1,1031.07,2,1,3,2,One-Time Buyer,One-Time Buyer,-0.6314279248362864,-0.25879795141387907,0.5272582326637809,1.0,"Convert: post-purchase follow-up, incentivize 2nd order"
13236,25,2,744.85,4,2,3,2,New Customer,One-Time Buyer,-0.02704529754353563,-0.9667123796095396,,,"Convert: post-purchase follow-up, incentivize 2nd order"
13237,388,1,643.0,2,1,3,3,One-Time Buyer,At Risk,-1.252284256660244,0.35238606053240357,0.6667746328450658,1.0,"Win back: targeted discount, re-engagement email flow"
13238,17,6,1006.63,5,4,3,4,Loyal Customer,Loyal Customer,0.7760150820487365,-0.5834406538473889,0.5932387165558509,1.0,"Court: upsell/cross-sell, referral incentives"
13239,262,5,1594.69,2,4,4,3,Win-Back Priority,At Risk,0.28896808652321404,0.5029882300589309,0.19145003213601117,0.0,"Win back: targeted discount, re-engagement email flow"
13240,96,8,1679.46,3,4,4,4,Loyal Customer,Loyal Customer,1.0114516407629284,-0.016875153884046024,0.16368124683666221,0.0,"Court: upsell/cross-sell, referral incentives"
13241,412,1,112.53,1,1,1,0,One-Time Buyer,Lost / Let Go,-2.079024102904452,-0.008812360067788202,0.8623303563419786,1.0,"Let go: exclude from paid marketing spend, low-cost win-back only"
13242,112,7,699.4,3,4,3,4,Loyal Customer,Loyal Customer,0.4949986988500176,-0.2294993727940079,0.3309953232944076,0.0,"Court: upsell/cross-sell, referral incentives"
13243,203,5,1220.38,2,4,3,4,At Risk,Loyal Customer,0.3082040046109938,0.1849468692438031,0.2722989304351838,0.0,"Court: upsell/cross-sell, referral incentives"
13244,93,1,121.74000000000001,3,1,1,2,One-Time Buyer,One-Time Buyer,-1.2986336183459735,-1.3232027309802097,,,"Convert: post-purchase follow-up, incentivize 2nd order"
13245,51,2,989.22,4,2,3,2,New Customer,One-Time Buyer,0.03800473978322756,-0.7825122709466389,0.7284226321808831,1.0,"Convert: post-purchase follow-up, incentivize 2nd order"
13246,18,11,3351.75,5,5,5,1,VIP,VIP,1.7214422658019868,-0.04528486741281144,0.038540685120930326,0.0,"Court: white-glove service, early access, loyalty rewards"
13247,18,4,501.12,5,3,2,4,Needs Attention,Loyal Customer,0.2059835144670289,-0.8982397005961826,,,"Court: upsell/cross-sell, referral incentives"
13248,125,2,465.68,3,2,2,2,Needs Attention,One-Time Buyer,-0.46901140033961314,-0.6728880956696771,0.32707809993676484,0.0,"Convert: post-purchase follow-up, incentivize 2nd order"
13249,92,9,1608.93,3,5,4,4,Loyal Customer,Loyal Customer,1.0826897590958695,-0.003148100571480137,0.24737516177723065,0.0,"Court: upsell/cross-sell, referral incentives"
13250,461,2,253.09,1,2,1,0,Lost / Let Go,Lost / Let Go,-1.5244478038001903,0.5716952845718062,0.7463244439691924,1.0,"Let go: exclude from paid marketing spend, low-cost win-back only"
13251,402,1,252.68,2,1,1,0,One-Time Buyer,Lost / Let Go,-1.6986615518389505,0.16318546239295828,0.7035529598016014,1.0,"Let go: exclude from paid marketing spend, low-cost win-back only"
13252,394,2,399.3,2,2,2,3,Lost / Let Go,At Risk,-1.1660027312942451,0.4121704812801294,0.7285775368974676,1.0,"Win back: targeted discount, re-engagement email flow"
13253,157,4,2951.11,3,3,5,4,Loyal Customer,Loyal Customer,0.6675599069687187,0.1546996464111157,0.2583379932856696,0.0,"Court: upsell/cross-sell, referral incentives"
13254,376,1,51.410000000000004,2,1,1,0,One-Time Buyer,Lost / Let Go,-2.338067407138519,-0.3650825742487197,0.8197920282726097,1.0,"Let go: exclude from paid marketing spend, low-cost win-back only"
13255,9,3,904.46,5,3,3,4,Loyal Customer,Loyal Customer,0.31742150158224,-0.8677670247875444,0.5175933076238057,1.0,"Court: upsell/cross-sell, referral incentives"
13257,436,1,149.75,1,1,1,0,One-Time Buyer,Lost / Let Go,-2.0092305004324205,0.1670576992025755,0.8877274221405139,1.0,"Let go: exclude from paid marketing spend, low-cost win-back only"
13258,12,5,1009.43,5,4,3,4,Loyal Customer,Loyal Customer,0.6705372004261504,-0.6648930815422638,0.3865407046712122,0.0,"Court: upsell/cross-sell, referral incentives"
13259,62,9,1398.79,3,5,4,4,Loyal Customer,Loyal Customer,1.0907210931943128,-0.16591216953892673,0.5360695865144529,1.0,"Court: upsell/cross-sell, referral incentives"
13260,61,1,557.62,3,1,2,2,One-Time Buyer,One-Time Buyer,-0.5509752676703458,-1.0540648215137698,,,"Convert: post-purchase follow-up, incentivize 2nd order"
13261,269,2,944.1,2,2,3,3,Needs Attention,At Risk,-0.49234201116769777,0.11749685427083467,0.48555162857676654,0.0,"Win back: targeted discount, re-engagement email flow"
13262,263,3,573.45,2,3,2,3,At Risk,At Risk,-0.47841562487273337,0.07429034506667458,0.4850421834345603,0.0,"Win back: targeted discount, re-engagement email flow"
13263,1,38,8650.98,5,5,5,1,VIP,VIP,3.087399758655891,0.6041459312254894,0.02625271706938216,0.0,"Court: white-glove service, early access, loyalty rewards"
13264,443,1,722.5600000000001,1,1,3,3,One-Time Buyer,At Risk,-1.3291430692890815,0.6135650533978328,0.6685849892096488,1.0,"Win back: targeted discount, re-engagement email flow"
13265,53,5,2092.66,4,4,4,4,VIP,Loyal Customer,0.898163413258489,-0.2995140732950068,0.08744039239972942,0.0,"Court: upsell/cross-sell, referral incentives"
13266,11,19,6135.04,5,5,5,1,VIP,VIP,2.398515467784418,0.2891926615687483,0.03547980101803835,0.0,"Court: white-glove service, early access, loyalty rewards"
13267,3,36,9758.26,5,5,5,1,VIP,VIP,3.0957609899413816,0.6236265137053522,0.011415602770267394,0.0,"Court: white-glove service, early access, loyalty rewards"
13268,18,10,3152.71,5,5,5,4,VIP,Loyal Customer,1.627437343000582,-0.09614400464293786,0.10407390609807929,0.0,"Court: upsell/cross-sell, referral incentives"
13269,1,28,8888.75,5,5,5,1,VIP,VIP,2.871883362087214,0.4936129635050603,0.015172641443298466,0.0,"Court: white-glove service, early access, loyalty rewards"
13270,366,1,1180.0,2,1,3,3,One-Time Buyer,At Risk,-0.931598791311512,0.42160422069435116,0.7652749017318072,1.0,"Win back: targeted discount, re-engagement email flow"
13271,37,1,211.49,4,1,1,2,One-Time Buyer,One-Time Buyer,-0.9240340520291582,-1.4116059277114104,,,"Convert: post-purchase follow-up, incentivize 2nd order"
13272,31,2,276.56,4,2,1,2,New Customer,One-Time Buyer,-0.4799674694383589,-1.2045204178592008,,,"Convert: post-purchase follow-up, incentivize 2nd order"
13273,113,1,138.98,3,1,1,2,One-Time Buyer,One-Time Buyer,-1.2870331608208117,-1.20453664823983,,,"Convert: post-purchase follow-up, incentivize 2nd order"
13274,409,1,360.85,2,1,2,0,One-Time Buyer,Lost / Let Go,-1.5573343010891874,0.2869484599631611,0.7135628030127646,1.0,"Let go: exclude from paid marketing spend, low-cost win-back only"
13275,384,2,238.86,2,2,1,0,Lost / Let Go,Lost / Let Go,-1.3700269051077973,0.23409135966618375,0.7064347339107667,1.0,"Let go: exclude from paid marketing spend, low-cost win-back only"
13276,64,5,1891.91,3,4,4,4,Loyal Customer,Loyal Customer,0.8276924368110685,-0.28028546603791477,0.4260325092963999,0.0,"Court: upsell/cross-sell, referral incentives"
13277,16,7,523.3,5,4,2,4,Needs Attention,Loyal Customer,0.590848336528261,-0.7083214050647227,0.5312230113432731,1.0,"Court: upsell/cross-sell, referral incentives"
13278,41,4,1425.35,4,3,4,4,Loyal Customer,Loyal Customer,0.6157730392170111,-0.5242808809136965,0.4902667716780517,0.0,"Court: upsell/cross-sell, referral incentives"
13279,78,1,137.75,3,1,1,2,One-Time Buyer,One-Time Buyer,-1.2091289662621807,-1.3533725777826613,,,"Convert: post-purchase follow-up, incentivize 2nd order"
13280,122,7,2293.33,3,4,4,4,Loyal Customer,Loyal Customer,0.9984548893231164,0.12795453761581796,0.21733795325000116,0.0,"Court: upsell/cross-sell, referral incentives"
13281,439,1,350.85,1,1,2,0,One-Time Buyer,Lost / Let Go,-1.6399114418870964,0.40505585366418584,0.6495437804523688,1.0,"Let go: exclude from paid marketing spend, low-cost win-back only"
13282,18,4,1313.19,5,3,4,4,Loyal Customer,Loyal Customer,0.6331789902134494,-0.6423281949014001,0.41512347587480697,0.0,"Court: upsell/cross-sell, referral incentives"
13283,60,4,373.36,3,3,2,2,Needs Attention,One-Time Buyer,-0.022573885397440988,-0.8005517039233209,0.4890918592065387,0.0,"Convert: post-purchase follow-up, incentivize 2nd order"
13284,331,1,201.19,2,1,1,0,One-Time Buyer,Lost / Let Go,-1.6334079384545852,-0.19431908831229577,0.7648595611026279,1.0,"Let go: exclude from paid marketing spend, low-cost win-back only"
13285,23,6,3364.59,4,4,5,4,VIP,Loyal Customer,1.2974618202476622,-0.23755286889435126,0.17084457053096916,0.0,"Court: upsell/cross-sell, referral incentives"
13286,600,1,734.91,1,1,3,0,One-Time Buyer,Lost / Let Go,-1.6886627468805142,1.2751718365052074,0.816834976520761,1.0,"Let go: exclude from paid marketing spend, low-cost win-back only"
13287,603,3,781.59,1,3,3,3,At Risk,At Risk,-1.1359816302348527,1.5795614048254136,0.7318235224913577,1.0,"Win back: targeted discount, re-engagement email flow"
13288,443,5,927.61,1,4,3,3,At Risk,At Risk,-0.37454656272391146,1.1165469781511557,0.7131474441456725,1.0,"Win back: targeted discount, re-engagement email flow"
13289,724,1,307.95,1,1,2,0,One-Time Buyer,Lost / Let Go,-2.3639159761760347,1.563305629331229,0.932251964870033,1.0,"Let go: exclude from paid marketing spend, low-cost win-back only"
13291,156,11,3270.79,3,5,5,1,Loyal Customer,VIP,1.3879730457084591,0.5257964598868448,0.35748851328677644,0.0,"Court: white-glove service, early access, loyalty rewards"
13292,39,5,994.51,4,4,3,4,Loyal Customer,Loyal Customer,0.6008115767397834,-0.5558445089035302,0.34051707785012236,0.0,"Court: upsell/cross-sell, referral incentives"
13293,392,6,1192.94,2,4,3,3,At Risk,At Risk,-0.02532976046234383,1.031204122182981,0.6624116683804693,1.0,"Win back: targeted discount, re-engagement email flow"
13294,190,3,1689.53,2,3,4,4,At Risk,Loyal Customer,0.17149785868194173,0.055854683444548595,0.5432270071585815,1.0,"Court: upsell/cross-sell, referral incentives"
13295,360,4,1101.97,2,3,3,3,At Risk,At Risk,-0.24414400224203323,0.7424690956720155,0.5420774166666739,1.0,"Win back: targeted discount, re-engagement email flow"
13296,137,6,792.51,3,4,3,4,Loyal Customer,Loyal Customer,0.38941045215111253,-0.1447352451764887,0.6423360675776207,1.0,"Court: upsell/cross-sell, referral incentives"
13297,8,7,4368.62,5,4,5,4,VIP,Loyal Customer,1.5510087852453145,-0.17782389336684304,0.32048593896996114,0.0,"Court: upsell/cross-sell, referral incentives"
13298,1,1,360.0,5,1,2,2,One-Time Buyer,One-Time Buyer,-0.6045571285253822,-1.4213135236984147,,,"Convert: post-purchase follow-up, incentivize 2nd order"
13299,268,3,1218.7,2,3,3,3,At Risk,At Risk,-0.15579075641953727,0.2954880215522204,0.4470355683838716,0.0,"Win back: targeted discount, re-engagement email flow"
13300,169,3,1285.51,3,3,4,4,Loyal Customer,Loyal Customer,0.09932929580592835,-0.10468057209576768,0.6768644995200528,1.0,"Court: upsell/cross-sell, referral incentives"
13301,104,4,600.19,3,3,2,4,Needs Attention,Loyal Customer,0.08488611954975521,-0.4904007541764764,0.2554029776653254,0.0,"Court: upsell/cross-sell, referral incentives"
13302,155,2,159.2,3,2,1,2,Needs Attention,One-Time Buyer,-1.0138869051487933,-0.8317205974758447,0.8505588507855845,1.0,"Convert: post-purchase follow-up, incentivize 2nd order"
13303,400,1,61.72,2,1,1,0,One-Time Buyer,Lost / Let Go,-2.3144384422526385,-0.21686744717042464,0.8681878895331486,1.0,"Let go: exclude from paid marketing spend, low-cost win-back only"
13304,351,4,1217.99,2,3,3,3,At Risk,At Risk,-0.17869596642344035,0.7314031778874448,0.5615629610115161,1.0,"Win back: targeted discount, re-engagement email flow"
13305,4,16,3752.61,5,5,5,1,VIP,VIP,2.071841261927728,0.06458544865419555,0.06492474974017648,0.0,"Court: white-glove service, early access, loyalty rewards"
13306,430,1,53.65,1,1,1,0,One-Time Buyer,Lost / Let Go,-2.4457259774983084,-0.12794002164282856,0.8700517347844375,1.0,"Let go: exclude from paid marketing spend, low-cost win-back only"
13307,120,3,273.34,3,3,1,2,Needs Attention,One-Time Buyer,-0.47225171718276754,-0.7207924792799819,0.6764473642298091,1.0,"Convert: post-purchase follow-up, incentivize 2nd order"
13308,23,4,1670.3700000000001,4,3,4,4,Loyal Customer,Loyal Customer,0.7282395781170132,-0.5574529304827248,0.39253472813682105,0.0,"Court: upsell/cross-sell, referral incentives"
13309,7,6,1706.3700000000001,5,4,4,4,VIP,Loyal Customer,1.0335415784875626,-0.48502778599833074,0.2198440409013952,0.0,"Court: upsell/cross-sell, referral incentives"
13310,28,5,1541.2,4,4,4,4,VIP,Loyal Customer,0.8208737193963901,-0.48546050845137007,0.20038937632775491,0.0,"Court: upsell/cross-sell, referral incentives"
13311,4,2,598.57,5,2,2,2,New Customer,One-Time Buyer,-0.07488352170346094,-1.1126725425554904,,,"Convert: post-purchase follow-up, incentivize 2nd order"
13312,451,1,124.75,1,1,1,0,One-Time Buyer,Lost / Let Go,-2.124807945228132,0.1816086361162539,0.8785961208919653,1.0,"Let go: exclude from paid marketing spend, low-cost win-back only"
13313,22,12,3445.32,4,5,5,1,VIP,VIP,1.7857914913618165,0.010589234257794528,0.06676971871187554,0.0,"Court: white-glove service, early access, loyalty rewards"
13314,2,3,775.94,5,3,3,4,Loyal Customer,Loyal Customer,0.26581749316043324,-0.9377813022903212,,,"Court: upsell/cross-sell, referral incentives"
13315,689,1,310.26,1,1,2,0,One-Time Buyer,Lost / Let Go,-2.2787855989959582,1.4187985454341723,0.9282117622785404,1.0,"Let go: exclude from paid marketing spend, low-cost win-back only"
13316,37,10,12940.82,4,5,5,1,VIP,VIP,2.209905842607521,0.3589148121148803,0.12685462717838272,0.0,"Court: white-glove service, early access, loyalty rewards"
13317,66,19,6486.091,3,5,5,1,Loyal Customer,VIP,2.2946387682951555,0.5341865857719645,0.018383159974009473,0.0,"Court: white-glove service, early access, loyalty rewards"
13318,1,3,640.76,5,3,3,2,Loyal Customer,One-Time Buyer,0.18328390509419643,-0.9928089003876821,,,"Convert: post-purchase follow-up, incentivize 2nd order"
13319,5,58,22082.5,5,5,5,1,VIP,VIP,3.8120656792222247,1.0346494111106233,0.00886062680591883,0.0,"Court: white-glove service, early access, loyalty rewards"
13320,78,6,2211.6,3,4,4,4,Loyal Customer,Loyal Customer,0.982650856302867,-0.11891914343883703,0.19463394088870017,0.0,"Court: upsell/cross-sell, referral incentives"
13321,72,2,567.36,3,2,2,2,Needs Attention,One-Time Buyer,-0.25758935492617413,-0.8422852835979642,,,"Convert: post-purchase follow-up, incentivize 2nd order"
13322,17,1,199.48000000000002,5,1,1,2,One-Time Buyer,One-Time Buyer,-0.903110627086477,-1.5107885743998444,,,"Convert: post-purchase follow-up, incentivize 2nd order"
13323,3,5,787.85,5,4,3,4,Loyal Customer,Loyal Customer,0.5816611752854225,-0.768406848256012,,,"Court: upsell/cross-sell, referral incentives"
13324,36,18,10513.47,4,5,5,1,VIP,VIP,2.539803679398591,0.5166928646094449,0.01932965995991695,0.0,"Court: white-glove service, early access, loyalty rewards"
13325,82,1,675.3,3,1,3,2,One-Time Buyer,One-Time Buyer,-0.5151893792619183,-0.915324611878223,,,"Convert: post-purchase follow-up, incentivize 2nd order"
13326,432,1,281.76,1,1,1,0,One-Time Buyer,Lost / Let Go,-1.720609676326259,0.3176126762553027,0.7295986580859088,1.0,"Let go: exclude from paid marketing spend, low-cost win-back only"
13327,39,19,9797.87,4,5,5,1,VIP,VIP,2.5408912923827947,0.5308864759379686,0.012100673440959735,0.0,"Court: white-glove service, early access, loyalty rewards"
13328,316,1,1308.48,2,1,4,3,One-Time Buyer,At Risk,-0.7688569378006311,0.23980268150239128,0.7021492884557463,1.0,"Win back: targeted discount, re-engagement email flow"
13329,32,8,5112.97,4,4,5,4,VIP,Loyal Customer,1.6552099010143764,0.011274469381183002,0.2966891965282174,0.0,"Court: upsell/cross-sell, referral incentives"
13330,93,6,2796.1,3,4,4,4,Loyal Customer,Loyal Customer,1.0516657539018863,0.0062118603620738835,0.11639157690148096,0.0,"Court: upsell/cross-sell, referral incentives"
13331,402,1,262.4,2,1,1,0,One-Time Buyer,Lost / Let Go,-1.6819668153469538,0.1731864464749633,0.7273402682489534,1.0,"Let go: exclude from paid marketing spend, low-cost win-back only"
13332,14,1,350.9,5,1,2,2,One-Time Buyer,One-Time Buyer,-0.646284402675728,-1.3736943151016936,,,"Convert: post-purchase follow-up, incentivize 2nd order"
13333,411,3,1015.74,1,3,3,3,At Risk,At Risk,-0.5709066416119427,0.8455881102164634,0.5361048976391107,1.0,"Win back: targeted discount, re-engagement email flow"
13334,82,5,6201.8,3,4,5,4,Loyal Customer,Loyal Customer,1.3125976246575937,0.11074219467513394,0.14930931420830998,0.0,"Court: upsell/cross-sell, referral incentives"
13336,77,1,795.12,3,1,3,2,One-Time Buyer,One-Time Buyer,-0.4310769936428413,-0.8928662830422542,,,"Convert: post-purchase follow-up, incentivize 2nd order"
13337,546,1,1575.26,1,1,4,3,One-Time Buyer,At Risk,-1.224220427958813,1.2517606352025434,0.7416096233989967,1.0,"Win back: targeted discount, re-engagement email flow"
13338,158,4,2345.62,3,3,4,4,Loyal Customer,Loyal Customer,0.5633028731527383,0.09783029800636131,0.4413491667854795,0.0,"Court: upsell/cross-sell, referral incentives"
13339,201,1,860.12,2,1,3,2,One-Time Buyer,One-Time Buyer,-0.6861164626125674,-0.35300338205855675,0.4396218924286818,0.0,"Convert: post-purchase follow-up, incentivize 2nd order"
13340,45,12,22100.56,4,5,5,1,VIP,VIP,2.557138780596343,0.6011392801072035,0.12850520281760894,0.0,"Court: white-glove service, early access, loyalty rewards"
13341,261,1,775.85,2,1,3,2,One-Time Buyer,One-Time Buyer,-0.872111086416753,-0.1292730043858452,0.5914067713186012,1.0,"Convert: post-purchase follow-up, incentivize 2nd order"
13343,178,1,303.43,3,1,2,2,One-Time Buyer,One-Time Buyer,-1.0940224268587,-0.7258338545745256,,,"Convert: post-purchase follow-up, incentivize 2nd order"
13344,68,3,2511.69,3,3,4,4,Loyal Customer,Loyal Customer,0.632674399415699,-0.34935009498750474,0.5453798231662716,1.0,"Court: upsell/cross-sell, referral incentives"
13345,288,1,339.5,2,1,2,2,One-Time Buyer,One-Time Buyer,-1.301462928973041,-0.23565856526062431,0.6389041188210465,1.0,"Convert: post-purchase follow-up, incentivize 2nd order"
13346,463,6,299.4,1,4,2,3,At Risk,At Risk,-0.8039983515238613,0.9613373370762845,0.8219699420772286,1.0,"Win back: targeted discount, re-engagement email flow"
13347,70,1,291.36,3,1,2,2,One-Time Buyer,One-Time Buyer,-0.859502714022839,-1.1886156564451291,,,"Convert: post-purchase follow-up, incentivize 2nd order"
13348,64,1,233.76,3,1,1,2,One-Time Buyer,One-Time Buyer,-0.9429009388983165,-1.2720904221214666,,,"Convert: post-purchase follow-up, incentivize 2nd order"
13349,11,1,197.32,5,1,1,2,One-Time Buyer,One-Time Buyer,-0.8938935944569494,-1.538782157938184,,,"Convert: post-purchase follow-up, incentivize 2nd order"
13350,16,2,879.12,5,2,3,2,New Customer,One-Time Buyer,0.06749303748674707,-0.9603517498414526,,,"Convert: post-purchase follow-up, incentivize 2nd order"
13351,66,1,323.94,3,1,2,2,One-Time Buyer,One-Time Buyer,-0.803240121022858,-1.1772549081680264,,,"Convert: post-purchase follow-up, incentivize 2nd order"
13352,60,1,347.97999999999996,3,1,2,2,One-Time Buyer,One-Time Buyer,-0.7575227467662556,-1.183382957274294,,,"Convert: post-purchase follow-up, incentivize 2nd order"
13354,71,1,743.53,3,1,3,2,One-Time Buyer,One-Time Buyer,-0.4467972531753443,-0.9357985547162426,,,"Convert: post-purchase follow-up, incentivize 2nd order"
13355,122,1,674.7,3,1,3,2,One-Time Buyer,One-Time Buyer,-0.6090953693563372,-0.7481453532616659,,,"Convert: post-purchase follow-up, incentivize 2nd order"
13356,80,1,768.24,3,1,3,2,One-Time Buyer,One-Time Buyer,-0.4533406588032323,-0.8894458105013151,,,"Convert: post-purchase follow-up, incentivize 2nd order"
13357,257,5,3795.0099999999998,2,4,5,4,Win-Back Priority,Loyal Customer,0.685453258069549,0.7125735172154275,0.2311136484972684,0.0,"Court: upsell/cross-sell, referral incentives"
13358,269,1,389.03,2,1,2,2,One-Time Buyer,One-Time Buyer,-1.1967448268122491,-0.27905815823010494,0.6414717894819228,1.0,"Convert: post-purchase follow-up, incentivize 2nd order"
13359,64,2,943.3100000000001,3,2,3,2,Needs Attention,One-Time Buyer,-0.01346481522924371,-0.7407291769763001,0.6971389222199181,1.0,"Convert: post-purchase follow-up, incentivize 2nd order"
13360,432,4,1503.65,1,3,4,3,At Risk,At Risk,-0.27457735349358003,1.126418570325303,0.600964815385754,1.0,"Win back: targeted discount, re-engagement email flow"
13361,472,2,1450.5,1,2,4,3,Needs Attention,At Risk,-0.7764083283064345,1.081252685262845,0.7281765062038807,1.0,"Win back: targeted discount, re-engagement email flow"
13362,9,7,5394.07,5,4,5,4,VIP,Loyal Customer,1.6422719073107446,-0.11756686678397674,0.07517228569482655,0.0,"Court: upsell/cross-sell, referral incentives"
13363,18,3,1623.86,5,3,4,4,Loyal Customer,Loyal Customer,0.5560072812621796,-0.6745696100099111,0.5876279504985376,1.0,"Court: upsell/cross-sell, referral incentives"
13364,71,1,134.95999999999998,3,1,1,2,One-Time Buyer,One-Time Buyer,-1.2017835115661846,-1.3880731716842314,,,"Convert: post-purchase follow-up, incentivize 2nd order"
13365,34,2,2225.37,4,2,4,4,New Customer,Loyal Customer,0.4374820904911526,-0.6381646147558988,0.24275212906871593,0.0,"Court: upsell/cross-sell, referral incentives"
13366,50,1,56.160000000000004,4,1,1,2,One-Time Buyer,One-Time Buyer,-1.5374247194700392,-1.706441749734932,,,"Convert: post-purchase follow-up, incentivize 2nd order"
13367,432,1,460.20000000000005,1,1,2,0,One-Time Buyer,Lost / Let Go,-1.5033866287367095,0.44774017136306626,0.7665249832880503,1.0,"Let go: exclude from paid marketing spend, low-cost win-back only"
13368,257,4,1021.5,2,3,3,3,At Risk,At Risk,-0.03698702693294978,0.2912248490875171,0.29278829036407905,0.0,"Win back: targeted discount, re-engagement email flow"
13369,366,1,516.5600000000001,2,1,2,3,One-Time Buyer,At Risk,-1.2979007865622356,0.20217096246560642,0.7042482846150185,1.0,"Win back: targeted discount, re-engagement email flow"
13370,372,1,1509.74,2,1,4,3,One-Time Buyer,At Risk,-0.8362941368212002,0.5122115345908149,0.6221976815404371,1.0,"Win back: targeted discount, re-engagement email flow"
13371,505,2,2297.66,1,2,4,3,Needs Attention,At Risk,-0.6494327910212985,1.3416501622852866,0.6607481034896878,1.0,"Win back: targeted discount, re-engagement email flow"
13372,90,1,328.64,3,1,2,2,One-Time Buyer,One-Time Buyer,-0.8529710536571709,-1.072986037306994,,,"Convert: post-purchase follow-up, incentivize 2nd order"
13373,61,6,7587.1900000000005,3,4,5,4,Loyal Customer,Loyal Customer,1.5695987380852396,0.1377327589446706,0.19421964569500602,0.0,"Court: upsell/cross-sell, referral incentives"
13374,415,2,372.8,1,2,2,0,Lost / Let Go,Lost / Let Go,-1.2455080203068236,0.48184549598218074,0.7080409079081293,1.0,"Let go: exclude from paid marketing spend, low-cost win-back only"
13375,89,2,1792.23,3,2,4,4,Needs Attention,Loyal Customer,0.2128405238100768,-0.4655149000602579,0.5292221708378139,1.0,"Court: upsell/cross-sell, referral incentives"
13376,99,3,869.76,3,3,3,4,Loyal Customer,Loyal Customer,0.08966938964127781,-0.5014762351410931,0.2634087821675771,0.0,"Court: upsell/cross-sell, referral incentives"
13377,397,2,1452.88,2,2,4,3,Needs Attention,At Risk,-0.6003460793546367,0.7677846967785056,0.6057875499451932,1.0,"Win back: targeted discount, re-engagement email flow"
13379,26,3,572.56,4,3,2,2,Needs Attention,One-Time Buyer,0.07495395111070208,-0.9180579395834348,,,"Convert: post-purchase follow-up, incentivize 2nd order"
13380,433,1,62.4,1,1,1,0,One-Time Buyer,Lost / Let Go,-2.386797816773199,-0.0758815751716583,0.9125349003637068,1.0,"Let go: exclude from paid marketing spend, low-cost win-back only"
13381,32,12,8224.37,4,5,5,1,VIP,VIP,2.1486624977735027,0.2838255717434866,0.0919065789037737,0.0,"Court: white-glove service, early access, loyalty rewards"
13382,281,5,1387.58,2,4,4,3,Win-Back Priority,At Risk,0.18282202712747442,0.5455324050597995,0.5223745554481638,1.0,"Win back: targeted discount, re-engagement email flow"
13383,544,1,305.28000000000003,1,1,2,0,One-Time Buyer,Lost / Let Go,-1.946966285718243,0.8076279517411937,0.8199171060909339,1.0,"Let go: exclude from paid marketing spend, low-cost win-back only"
13384,31,11,6680.83,4,5,5,1,VIP,VIP,1.9972430569489854,0.19254957028626368,0.21778477078758654,0.0,"Court: white-glove service, early access, loyalty rewards"
13385,330,1,534.57,2,1,2,3,One-Time Buyer,At Risk,-1.198552307748332,0.06059539285737663,0.7348678189291751,1.0,"Win back: targeted discount, re-engagement email flow"
13386,414,2,835.46,1,2,3,3,Needs Attention,At Risk,-0.8855412617503454,0.691897788482493,0.6089124878995579,1.0,"Win back: targeted discount, re-engagement email flow"
13387,417,1,181.84,1,1,1,0,One-Time Buyer,Lost / Let Go,-1.879124036579812,0.1388670076296378,0.6924575327653572,1.0,"Let go: exclude from paid marketing spend, low-cost win-back only"
13388,131,3,1185.65,3,3,3,4,Loyal Customer,Loyal Customer,0.15229031232768983,-0.28521623977943755,0.6359269135465372,1.0,"Court: upsell/cross-sell, referral incentives"
13389,11,3,797.96,5,3,3,4,Loyal Customer,Loyal Customer,0.25718631611135284,-0.89267923781869,0.33540757051080045,0.0,"Court: upsell/cross-sell, referral incentives"
13390,75,1,544.08,3,1,2,2,One-Time Buyer,One-Time Buyer,-0.5945989828975761,-1.0019958348354971,,,"Convert: post-purchase follow-up, incentivize 2nd order"
13391,204,1,59.8,2,1,1,2,One-Time Buyer,One-Time Buyer,-1.8700345680778463,-1.0454721541216896,0.7467780584578559,1.0,"Convert: post-purchase follow-up, incentivize 2nd order"
13392,677,1,91.14,1,1,1,0,One-Time Buyer,Lost / Let Go,-2.791230456880586,1.0447882899201792,0.9566526176020257,1.0,"Let go: exclude from paid marketing spend, low-cost win-back only"
13393,584,4,1131.45,1,3,3,3,At Risk,At Risk,-0.7560991237155646,1.6870107770788279,0.6862371848539776,1.0,"Win back: targeted discount, re-engagement email flow"
13394,2,19,6621.7,5,5,5,1,VIP,VIP,2.4534438452853955,0.2718249410912724,0.02277215885041525,0.0,"Court: white-glove service, early access, loyalty rewards"
13395,185,3,1180.23,3,3,3,4,Loyal Customer,Loyal Customer,0.0240166071189744,-0.06042318640471605,0.17805930638046397,0.0,"Court: upsell/cross-sell, referral incentives"
13396,29,2,1360.99,4,2,4,4,New Customer,Loyal Customer,0.2309746410024008,-0.7898021362031412,0.7162363250942005,1.0,"Court: upsell/cross-sell, referral incentives"
13397,73,10,3191.87,3,5,5,4,Loyal Customer,Loyal Customer,1.5043378200490698,0.1373344846476452,0.07399145546098472,0.0,"Court: upsell/cross-sell, referral incentives"
13398,192,2,670.34,2,2,3,2,Needs Attention,One-Time Buyer,-0.4641886921001145,-0.29574768074602814,0.46201185523159277,0.0,"Convert: post-purchase follow-up, incentivize 2nd order"
13399,464,3,275.4,1,3,1,0,At Risk,Lost / Let Go,-1.2731325022725926,0.7209692083413699,0.6835871378590475,1.0,"Let go: exclude from paid marketing spend, low-cost win-back only"
13400,583,1,310.83,1,1,2,0,One-Time Buyer,Lost / Let Go,-2.0301667098021707,0.9756345397213888,0.843791837238261,1.0,"Let go: exclude from paid marketing spend, low-cost win-back only"
13402,127,4,1535.13,3,3,4,4,Loyal Customer,Loyal Customer,0.44764448104978316,-0.14461595899844748,0.4807333821951845,0.0,"Court: upsell/cross-sell, referral incentives"
13403,18,3,229.5,5,3,1,2,Needs Attention,One-Time Buyer,-0.31110570456449543,-1.1940137577333374,0.5440374819579407,1.0,"Convert: post-purchase follow-up, incentivize 2nd order"
13404,1,2,252.49,5,2,1,2,New Customer,One-Time Buyer,-0.4501106468005129,-1.3542099250586799,0.22961898995769672,0.0,"Convert: post-purchase follow-up, incentivize 2nd order"
13405,204,5,1198.81,2,4,3,4,At Risk,Loyal Customer,0.29795481979294375,0.18439293509326832,0.3957527120713605,0.0,"Court: upsell/cross-sell, referral incentives"
13406,427,2,568.92,1,2,2,3,Lost / Let Go,At Risk,-1.0862904616757807,0.6442548916168807,0.6287842066431949,1.0,"Win back: targeted discount, re-engagement email flow"
13407,579,3,2244.7,1,3,4,3,At Risk,At Risk,-0.6118183869768885,1.7595012717788772,0.7302622718364151,1.0,"Win back: targeted discount, re-engagement email flow"
13408,2,106,51733.462,5,5,5,1,VIP,VIP,4.6542865676324725,1.485107102510551,0.00960589312515817,0.0,"Court: white-glove service, early access, loyalty rewards"
13410,24,9,2201.96,4,5,4,4,VIP,Loyal Customer,1.380905585775994,-0.20433908282024404,0.16879679008091192,0.0,"Court: upsell/cross-sell, referral incentives"
13411,107,1,213.55,3,1,1,2,One-Time Buyer,One-Time Buyer,-1.0833961504246632,-1.1160629186343012,,,"Convert: post-purchase follow-up, incentivize 2nd order"
13412,620,1,487.34999999999997,1,1,2,0,One-Time Buyer,Lost / Let Go,-1.9174951041298447,1.2498066100659488,0.6579062713284971,1.0,"Let go: exclude from paid marketing spend, low-cost win-back only"
13413,640,6,429.44,1,4,2,3,At Risk,At Risk,-1.0580822684231772,1.7978222535756145,0.8212745490273405,1.0,"Win back: targeted discount, re-engagement email flow"
13414,134,6,2494.14,3,4,4,4,Loyal Customer,Loyal Customer,0.9050934307905972,0.14742718664430876,0.21387249072507974,0.0,"Court: upsell/cross-sell, referral incentives"
13415,473,4,784.17,1,3,3,3,At Risk,At Risk,-0.659216060581732,1.1250201981071464,0.5423453067312859,1.0,"Win back: targeted discount, re-engagement email flow"
13416,44,3,940.8000000000001,4,3,3,4,Loyal Customer,Loyal Customer,0.25307019364340144,-0.7108122367401334,0.7830358915662144,1.0,"Court: upsell/cross-sell, referral incentives"
13417,5,6,1669.49,5,4,4,4,VIP,Loyal Customer,1.028521311965252,-0.49920686003007897,0.2672704809623685,0.0,"Court: upsell/cross-sell, referral incentives"
13418,12,31,12182.9,5,5,5,1,VIP,VIP,3.061735090415514,0.6626169609082221,0.0098447351289577,0.0,"Court: white-glove service, early access, loyalty rewards"
13419,64,1,221.06,3,1,1,2,One-Time Buyer,One-Time Buyer,-0.967594880573622,-1.2868833311161716,,,"Convert: post-purchase follow-up, incentivize 2nd order"
13420,150,2,159.85,3,2,1,2,Needs Attention,One-Time Buyer,-1.0004000356402176,-0.8515704933155466,,,"Convert: post-purchase follow-up, incentivize 2nd order"
13421,40,8,4048.25,4,4,5,4,VIP,Loyal Customer,1.532856586872968,-0.017334568623325337,0.09609495070713987,0.0,"Court: upsell/cross-sell, referral incentives"
13422,64,1,2626.3,3,1,4,4,One-Time Buyer,Loyal Customer,0.12944196816715128,-0.6297032632014121,,,"Court: upsell/cross-sell, referral incentives"
13423,429,1,217.03,1,1,1,0,One-Time Buyer,Lost / Let Go,-1.8290229430114708,0.2359101705777735,0.7121975002319846,1.0,"Let go: exclude from paid marketing spend, low-cost win-back only"
13424,450,1,572.77,1,1,2,0,One-Time Buyer,Lost / Let Go,-1.448497247081034,0.5811668070592244,0.7044186218040281,1.0,"Let go: exclude from paid marketing spend, low-cost win-back only"
13425,108,5,3390.4300000000003,3,4,5,4,Loyal Customer,Loyal Customer,0.9837460011929675,0.05897546185248421,0.19884969080111045,0.0,"Court: upsell/cross-sell, referral incentives"
13426,1,22,8167.38,5,5,5,1,VIP,VIP,2.6562672430252037,0.3789791585360085,0.00934836043955738,0.0,"Court: white-glove service, early access, loyalty rewards"
13427,19,6,1006.53,5,4,3,4,Loyal Customer,Loyal Customer,0.7712954203194478,-0.575096285110379,0.3022027755083689,0.0,"Court: upsell/cross-sell, referral incentives"
13428,10,3,478.54,5,3,2,2,Needs Attention,One-Time Buyer,0.03286579867708161,-1.032644314523507,0.5681409908455075,1.0,"Convert: post-purchase follow-up, incentivize 2nd order"
13429,11,4,1006.8,5,3,3,4,Loyal Customer,Loyal Customer,0.5316815545128363,-0.7422311365499826,,,"Court: upsell/cross-sell, referral incentives"
13430,19,2,679.45,5,2,3,2,New Customer,One-Time Buyer,-0.053765113919025255,-1.016233937250908,,,"Convert: post-purchase follow-up, incentivize 2nd order"
13431,67,8,3316.24,3,4,5,4,Loyal Customer,Loyal Customer,1.3812016801315004,0.04263425627114513,0.36760884798835997,0.0,"Court: upsell/cross-sell, referral incentives"
13432,571,2,436.55,1,2,2,0,Lost / Let Go,Lost / Let Go,-1.5402866006494147,1.1766496005184464,0.7696261729982403,1.0,"Let go: exclude from paid marketing spend, low-cost win-back only"
13433,501,4,658.3199999999999,1,3,3,3,At Risk,At Risk,-0.802238543213047,1.1957461191524064,0.7209878680503128,1.0,"Win back: targeted discount, re-engagement email flow"
13434,74,5,1666.8600000000001,3,4,4,4,Loyal Customer,Loyal Customer,0.7481147283815617,-0.2720980891244134,0.5091115412143495,1.0,"Court: upsell/cross-sell, referral incentives"
13435,5,9,4447.33,5,5,5,1,VIP,VIP,1.7373394219315614,-0.09694833237347639,0.21440641672430913,0.0,"Court: white-glove service, early access, loyalty rewards"
13436,2,1,196.89,5,1,1,2,One-Time Buyer,One-Time Buyer,-0.8738171638231041,-1.577027941750901,,,"Convert: post-purchase follow-up, incentivize 2nd order"
13437,14,7,3408.06,5,4,5,4,VIP,Loyal Customer,1.426761926697677,-0.21873894210996075,0.38678683584395823,0.0,"Court: upsell/cross-sell, referral incentives"
13438,547,1,46.5,1,1,1,0,One-Time Buyer,Lost / Let Go,-2.7815067388301813,0.32445390807758334,0.8889290930609431,1.0,"Let go: exclude from paid marketing spend, low-cost win-back only"
13439,255,3,986.61,2,3,3,3,At Risk,At Risk,-0.21911699240251079,0.18493649395149808,0.3284852280582864,0.0,"Win back: targeted discount, re-engagement email flow"
13440,423,7,1295.25,1,4,4,3,Win-Back Priority,At Risk,0.04126516819797433,1.2358881582813772,0.7266670148424703,1.0,"Win back: targeted discount, re-engagement email flow"
13441,92,2,720.9,3,2,3,2,Needs Attention,One-Time Buyer,-0.19816918222285024,-0.6949727942172595,0.663173156897789,1.0,"Convert: post-purchase follow-up, incentivize 2nd order"
13442,667,3,419.87,1,3,2,0,At Risk,Lost / Let Go,-1.5610115684942485,1.6824410114959096,0.8132391084890608,1.0,"Let go: exclude from paid marketing spend, low-cost win-back only"
13443,449,6,1269.3700000000001,1,4,4,3,Win-Back Priority,At Risk,-0.13103383181250888,1.2862750417476612,0.6812306835205231,1.0,"Win back: targeted discount, re-engagement email flow"
13444,374,2,619.08,2,2,3,3,Needs Attention,At Risk,-0.9249340856481006,0.44486585788605976,0.5930636335752244,1.0,"Win back: targeted discount, re-engagement email flow"
13445,626,1,241.89999999999998,1,1,1,0,One-Time Buyer,Lost / Let Go,-2.241608668845827,1.089161384816564,0.9310949103217566,1.0,"Let go: exclude from paid marketing spend, low-cost win-back only"
13446,430,11,3881.89,1,5,5,3,Win-Back Priority,At Risk,0.8234493987717538,1.7181390270817638,0.740845304122469,1.0,"Win back: targeted discount, re-engagement email flow"
13447,23,3,1129.14,4,3,3,4,Loyal Customer,Loyal Customer,0.38310814451878483,-0.7502156537351156,,,"Court: upsell/cross-sell, referral incentives"
13448,17,12,8830.18,5,5,5,1,VIP,VIP,2.2152829832125374,0.23994696191540169,0.04601034198408193,0.0,"Court: white-glove service, early access, loyalty rewards"
13449,24,1,291.88,4,1,2,2,One-Time Buyer,One-Time Buyer,-0.7511750055176989,-1.380670630901155,,,"Convert: post-purchase follow-up, incentivize 2nd order"
13450,27,13,4120.04,4,5,5,1,VIP,VIP,1.9104106573895825,0.10852592663930709,0.05915143869231738,0.0,"Court: white-glove service, early access, loyalty rewards"
13451,26,11,7088.92,4,5,5,1,VIP,VIP,2.035253740492778,0.18739066845619085,0.042579536334900935,0.0,"Court: white-glove service, early access, loyalty rewards"
13452,259,3,729.8,2,3,3,3,At Risk,At Risk,-0.3621800497987736,0.12157791610972919,0.6147023283967538,1.0,"Win back: targeted discount, re-engagement email flow"
13453,166,3,781.6899999999999,3,3,3,2,Loyal Customer,One-Time Buyer,-0.11430738036109153,-0.24941717500426183,0.41936125794948853,0.0,"Convert: post-purchase follow-up, incentivize 2nd order"
13454,641,1,219.87,1,1,1,0,One-Time Buyer,Lost / Let Go,-2.318889844988351,1.1266537064825157,0.9329293046582361,1.0,"Let go: exclude from paid marketing spend, low-cost win-back only"
13455,25,6,2905.93,4,4,4,4,VIP,Loyal Customer,1.227736640482379,-0.26815006425043925,0.35553652475132225,0.0,"Court: upsell/cross-sell, referral incentives"
13456,18,6,1766.72,5,4,4,4,VIP,Loyal Customer,1.0232490154987126,-0.42974929227744235,0.24881318712171027,0.0,"Court: upsell/cross-sell, referral incentives"
13457,689,2,148.22,1,2,1,0,Lost / Let Go,Lost / Let Go,-2.2937958654667843,1.384389056873883,0.8923098705276421,1.0,"Let go: exclude from paid marketing spend, low-cost win-back only"
13458,7,16,11959.27,5,5,5,1,VIP,VIP,2.5793753557303374,0.38538133808841385,0.028109836406181844,0.0,"Court: white-glove service, early access, loyalty rewards"
13459,625,2,1160.4099999999999,1,2,3,3,Needs Attention,At Risk,-1.2330883737588547,1.6623121718500784,0.8367542650644789,1.0,"Win back: targeted discount, re-engagement email flow"
13460,29,2,183.44,4,2,1,2,New Customer,One-Time Buyer,-0.6567633001924043,-1.3216016661410526,,,"Convert: post-purchase follow-up, incentivize 2nd order"
13461,39,6,4160.0,4,4,5,4,VIP,Loyal Customer,1.3542541136285156,-0.11415797639406916,0.27806998745144673,0.0,"Court: upsell/cross-sell, referral incentives"
13462,253,5,1153.85,2,4,3,3,At Risk,At Risk,0.16644489206675958,0.3793181221598979,0.4491388185169722,0.0,"Win back: targeted discount, re-engagement email flow"
13464,58,6,3097.64,4,4,5,4,VIP,Loyal Customer,1.178946173023062,-0.11304523538986508,0.3088482726163027,0.0,"Court: upsell/cross-sell, referral incentives"
13465,446,2,931.12,1,2,3,3,Needs Attention,At Risk,-0.9122724266911169,0.85463140404883,0.6448203163384804,1.0,"Win back: targeted discount, re-engagement email flow"
13466,184,5,1013.35,3,4,3,4,Loyal Customer,Loyal Customer,0.27015523522403245,0.05602276317576514,0.3018459389590655,0.0,"Court: upsell/cross-sell, referral incentives"
13467,11,2,1071.91,5,2,3,2,New Customer,One-Time Buyer,0.1671272161605256,-0.9285950888432084,,,"Convert: post-purchase follow-up, incentivize 2nd order"
13468,2,72,13375.51,5,5,5,1,VIP,VIP,3.7600243892513725,0.9733690017027895,0.026890509629441967,0.0,"Court: white-glove service, early access, loyalty rewards"
13469,653,1,82.4,1,1,1,0,One-Time Buyer,Lost / Let Go,-2.779373438448385,0.9178310457961052,0.9554849036875165,1.0,"Let go: exclude from paid marketing spend, low-cost win-back only"
13470,99,2,165.0,3,2,1,2,Needs Attention,One-Time Buyer,-0.8671792416935254,-1.0566424684627769,,,"Convert: post-purchase follow-up, incentivize 2nd order"
13471,1,4,2501.84,5,3,4,4,Loyal Customer,Loyal Customer,0.9589533810262886,-0.5421323064885322,,,"Court: upsell/cross-sell, referral incentives"
13472,464,2,592.24,1,2,2,3,Lost / Let Go,At Risk,-1.1549829372837874,0.8097807853175873,0.647177524283038,1.0,"Win back: targeted discount, re-engagement email flow"
13473,61,8,2657.7599999999998,3,4,4,4,Loyal Customer,Loyal Customer,1.2969815718511535,-0.041332858766519626,0.22674114888832425,0.0,"Court: upsell/cross-sell, referral incentives"
13474,236,3,646.59,2,3,3,3,At Risk,At Risk,-0.36208318921227367,-0.006838410754983005,0.3829257195860296,0.0,"Win back: targeted discount, re-engagement email flow"
13475,191,4,1431.78,2,3,4,4,At Risk,Loyal Customer,0.26710050086350234,0.10472299287555789,0.21777839077959338,0.0,"Court: upsell/cross-sell, referral incentives"
13476,179,5,2061.4700000000003,3,4,4,4,Loyal Customer,Loyal Customer,0.5969366291349869,0.22385199321083046,0.37398768204603944,0.0,"Court: upsell/cross-sell, referral incentives"
13477,38,11,2819.17,4,5,4,4,VIP,Loyal Customer,1.5978803126251664,-0.007587844505389758,0.10247276384342623,0.0,"Court: upsell/cross-sell, referral incentives"
13478,469,5,2215.78,1,4,4,3,Win-Back Priority,At Risk,-0.04898892151948296,1.4568042010351028,0.6230284527355728,1.0,"Win back: targeted discount, re-engagement email flow"
13479,201,4,851.37,2,3,3,4,At Risk,Loyal Customer,0.013126926354068157,0.008438503373620631,0.20907093282663286,0.0,"Court: upsell/cross-sell, referral incentives"
13480,417,2,627.82,1,2,3,3,Needs Attention,At Risk,-1.0192448141143855,0.6285601819990395,0.6096617240539627,1.0,"Win back: targeted discount, re-engagement email flow"
13481,46,11,3830.84,4,5,5,1,VIP,VIP,1.7152873847654297,0.1074316082930488,0.10738736589797594,0.0,"Court: white-glove service, early access, loyalty rewards"
13482,232,2,336.09,2,2,2,2,Lost / Let Go,One-Time Buyer,-0.8635885008340942,-0.3115745341953802,0.7738910340550612,1.0,"Convert: post-purchase follow-up, incentivize 2nd order"
13483,66,1,140.34,3,1,1,2,One-Time Buyer,One-Time Buyer,-1.1728636705156192,-1.3986779439004808,,,"Convert: post-purchase follow-up, incentivize 2nd order"
13484,241,3,790.72,2,3,3,3,At Risk,At Risk,-0.2845489497952791,0.06753769230742417,0.5456429625934563,1.0,"Win back: targeted discount, re-engagement email flow"
13485,233,11,3015.2200000000003,2,5,5,4,Win-Back Priority,Loyal Customer,1.1718502785692952,0.8264378724184653,0.06933304227553397,0.0,"Court: upsell/cross-sell, referral incentives"
13486,78,3,1122.41,3,3,3,4,Loyal Customer,Loyal Customer,0.2518773080707871,-0.5216082288595432,,,"Court: upsell/cross-sell, referral incentives"
13487,58,5,846.87,4,4,3,4,Loyal Customer,Loyal Customer,0.4851179248891725,-0.5190198204131803,0.35500358613763583,0.0,"Court: upsell/cross-sell, referral incentives"
13488,17,23,15587.88,5,5,5,1,VIP,VIP,2.9385074731621867,0.6347607120347915,0.023609242879468428,0.0,"Court: white-glove service, early access, loyalty rewards"
13489,105,4,449.52,3,3,2,2,Needs Attention,One-Time Buyer,-0.04555151554604363,-0.562953595206724,0.39102444621503685,0.0,"Convert: post-purchase follow-up, incentivize 2nd order"
13490,654,1,154.25,1,1,1,0,One-Time Buyer,Lost / Let Go,-2.505810387614112,1.087294868583384,0.9130646572496348,1.0,"Let go: exclude from paid marketing spend, low-cost win-back only"
13491,52,27,4566.56,4,5,5,1,VIP,VIP,2.4300299037856803,0.5159982871111769,0.03564183543250853,0.0,"Court: white-glove service, early access, loyalty rewards"
13492,136,3,1269.84,3,3,4,4,Loyal Customer,Loyal Customer,0.17103529563647907,-0.24605784828815547,0.2607454007817253,0.0,"Court: upsell/cross-sell, referral incentives"
13493,275,2,498.63,2,2,2,3,Lost / Let Go,At Risk,-0.7893890787373508,-0.026934182318199943,0.5461322574225999,1.0,"Win back: targeted discount, re-engagement email flow"
13494,312,1,316.26000000000005,2,1,2,0,One-Time Buyer,Lost / Let Go,-1.3889584827822772,-0.1540125956603825,0.7474248564065585,1.0,"Let go: exclude from paid marketing spend, low-cost win-back only"
13495,8,10,5374.26,5,5,5,1,VIP,VIP,1.8875720574169177,0.0038313165271402837,0.14914772448473007,0.0,"Court: white-glove service, early access, loyalty rewards"
13496,11,2,653.33,5,2,3,2,New Customer,One-Time Buyer,-0.05244229499370307,-1.0601282332567044,0.6524400596703238,1.0,"Convert: post-purchase follow-up, incentivize 2nd order"
13497,283,6,1320.33,2,4,4,3,Win-Back Priority,At Risk,0.27450362539741485,0.6019626433343054,0.4221684056848136,0.0,"Win back: targeted discount, re-engagement email flow"
13498,730,1,327.38,1,1,2,0,One-Time Buyer,Lost / Let Go,-2.350861871902944,1.6046407403478857,0.8886546882040036,1.0,"Let go: exclude from paid marketing spend, low-cost win-back only"
13499,18,5,1159.11,5,4,3,4,Loyal Customer,Loyal Customer,0.7178450393773189,-0.6030382662805653,0.3051898209882027,0.0,"Court: upsell/cross-sell, referral incentives"
13500,23,4,1466.3,4,3,4,4,Loyal Customer,Loyal Customer,0.6704211229251836,-0.5920890836377513,0.6656451373750848,1.0,"Court: upsell/cross-sell, referral incentives"
13501,288,3,2885.11,2,3,4,3,At Risk,At Risk,0.17987864678547966,0.6082876486447426,0.2787761881135148,0.0,"Win back: targeted discount, re-engagement email flow"
13502,17,5,780.5,5,4,3,4,Loyal Customer,Loyal Customer,0.5447756425167721,-0.7123013524934414,0.37650944275830944,0.0,"Court: upsell/cross-sell, referral incentives"
13503,71,5,1778.04,3,4,4,4,Loyal Customer,Loyal Customer,0.7837810185287528,-0.2674897174116965,0.5826446600012202,1.0,"Court: upsell/cross-sell, referral incentives"
13504,64,1,295.93,3,1,2,2,One-Time Buyer,One-Time Buyer,-0.8385891566873432,-1.2096024353264891,,,"Convert: post-purchase follow-up, incentivize 2nd order"
13505,73,4,3633.63,3,3,5,4,Loyal Customer,Loyal Customer,0.9562826636222512,-0.14155162239288074,0.15290693420350215,0.0,"Court: upsell/cross-sell, referral incentives"
13506,316,5,1639.2,2,4,4,3,Win-Back Priority,At Risk,0.17494251659224203,0.7363166307378327,0.2868000888224266,0.0,"Win back: targeted discount, re-engagement email flow"
13507,3,4,2479.16,5,3,4,4,Loyal Customer,Loyal Customer,0.9502359838906775,-0.5361827816702547,,,"Court: upsell/cross-sell, referral incentives"
13508,244,2,287.05,2,2,1,2,Lost / Let Go,One-Time Buyer,-0.9614470338423521,-0.30316660492591607,0.8023394185590152,1.0,"Convert: post-purchase follow-up, incentivize 2nd order"
13509,9,7,1099.72,5,4,3,4,Loyal Customer,Loyal Customer,0.9365133164888362,-0.5403516430475531,0.2731872573468047,0.0,"Court: upsell/cross-sell, referral incentives"
13510,1,11,4558.29,5,5,5,1,VIP,VIP,1.8976663833906295,-0.03467708976118191,0.08623880884018859,0.0,"Court: white-glove service, early access, loyalty rewards"
13511,677,1,282.76,1,1,1,0,One-Time Buyer,Lost / Let Go,-2.2918025785501355,1.3439706258430504,0.9344569753738802,1.0,"Let go: exclude from paid marketing spend, low-cost win-back only"
13512,261,4,713.39,2,3,3,3,At Risk,At Risk,-0.20554887658984644,0.21259121640249246,0.34519571134548527,0.0,"Win back: targeted discount, re-engagement email flow"
13513,127,3,824.59,3,3,3,4,Loyal Customer,Loyal Customer,0.0005596409204920239,-0.3984538837858938,0.5525151484025127,1.0,"Court: upsell/cross-sell, referral incentives"
13514,74,4,815.9000000000001,3,3,3,4,Loyal Customer,Loyal Customer,0.29115512801171806,-0.534410518353687,0.529306285489288,1.0,"Court: upsell/cross-sell, referral incentives"
13515,73,6,1265.82,3,4,4,4,Loyal Customer,Loyal Customer,0.7467355396302539,-0.2881734515740577,0.38555270346669157,0.0,"Court: upsell/cross-sell, referral incentives"
13516,21,4,1685.26,4,3,4,4,Loyal Customer,Loyal Customer,0.7368532536700053,-0.5634645897286543,0.5307161149144675,1.0,"Court: upsell/cross-sell, referral incentives"
13517,60,3,2128.42,3,3,4,4,Loyal Customer,Loyal Customer,0.5778917222601047,-0.4268543957685927,,,"Court: upsell/cross-sell, referral incentives"
13518,86,1,627.16,3,1,3,2,One-Time Buyer,One-Time Buyer,-0.557326874424386,-0.9182237184458292,,,"Convert: post-purchase follow-up, incentivize 2nd order"
13519,78,2,343.21,3,2,2,2,Needs Attention,One-Time Buyer,-0.49428705560104197,-0.9505640240448485,0.6187769886458878,1.0,"Convert: post-purchase follow-up, incentivize 2nd order"
13520,59,11,5669.4,4,5,5,1,VIP,VIP,1.8589088511249594,0.2660840041669438,0.05402510486329803,0.0,"Court: white-glove service, early access, loyalty rewards"
13521,1,3,1070.47,5,3,3,4,Loyal Customer,Loyal Customer,0.41086968133826407,-0.856473611322245,,,"Court: upsell/cross-sell, referral incentives"
13522,30,1,125.80000000000001,4,1,1,2,One-Time Buyer,One-Time Buyer,-1.1369031654458182,-1.578226087481904,,,"Convert: post-purchase follow-up, incentivize 2nd order"
13523,33,6,5101.52,4,4,5,4,VIP,Loyal Customer,1.4588490638254743,-0.08501540592219439,0.08814938443042449,0.0,"Court: upsell/cross-sell, referral incentives"
13524,41,5,680.1800000000001,4,4,3,4,Loyal Customer,Loyal Customer,0.4276670092197941,-0.6483951020386938,0.3425957934940923,0.0,"Court: upsell/cross-sell, referral incentives"
13525,15,2,628.78,5,2,3,2,New Customer,One-Time Buyer,-0.07877287461307887,-1.053558204998023,0.5617607310346817,1.0,"Convert: post-purchase follow-up, incentivize 2nd order"
13526,738,2,1182.0,1,2,3,0,Needs Attention,Lost / Let Go,-1.4890814161690322,2.1401595796120314,0.7825567610571018,1.0,"Let go: exclude from paid marketing spend, low-cost win-back only"
13527,34,12,4541.29,4,5,5,1,VIP,VIP,1.880339060497369,0.1342580642155293,0.11404162166098468,0.0,"Court: white-glove service, early access, loyalty rewards"
13529,79,2,307.76,3,2,2,2,Needs Attention,One-Time Buyer,-0.5448829427334433,-0.9752876555009178,0.3568161650558226,0.0,"Convert: post-purchase follow-up, incentivize 2nd order"
13530,634,1,402.97999999999996,1,1,2,0,One-Time Buyer,Lost / Let Go,-2.0344377541569147,1.2579538792499518,0.8877506333663867,1.0,"Let go: exclude from paid marketing spend, low-cost win-back only"
13531,205,6,1738.52,2,4,4,4,Win-Back Priority,Loyal Customer,0.5789406376543127,0.3486400495497611,0.4657303155099435,0.0,"Court: upsell/cross-sell, referral incentives"
13532,34,1,210.31,4,1,1,2,One-Time Buyer,One-Time Buyer,-0.919493192243924,-1.4256432491334556,,,"Convert: post-purchase follow-up, incentivize 2nd order"
13533,183,3,269.09,3,3,1,2,Needs Attention,One-Time Buyer,-0.6264652330384587,-0.4612661006573236,0.5234652716673246,1.0,"Convert: post-purchase follow-up, incentivize 2nd order"
13534,2,35,7720.9,5,5,5,1,VIP,VIP,2.9730873996981084,0.5462706147344343,0.03493233746465112,0.0,"Court: white-glove service, early access, loyalty rewards"
13535,403,1,89.5,2,1,1,0,One-Time Buyer,Lost / Let Go,-2.1586479954495186,-0.10678363553837311,0.8227053915818019,1.0,"Let go: exclude from paid marketing spend, low-cost win-back only"
13536,1,7,3444.39,5,4,5,4,VIP,Loyal Customer,1.4618599968486619,-0.2703293762307118,,,"Court: upsell/cross-sell, referral incentives"
13537,426,2,717.85,1,2,3,3,Needs Attention,At Risk,-0.9808734421639467,0.7018191296046571,0.633504937313554,1.0,"Win back: targeted discount, re-engagement email flow"
13538,43,12,3103.13,4,5,5,1,VIP,VIP,1.6902663645349854,0.07066756301913339,0.10660567707417896,0.0,"Court: white-glove service, early access, loyalty rewards"
13539,86,7,1569.3600000000001,3,4,4,4,Loyal Customer,Loyal Customer,0.9142765489716095,-0.12356279704957081,0.2557835998492912,0.0,"Court: upsell/cross-sell, referral incentives"
13540,467,3,632.39,1,3,3,3,At Risk,At Risk,-0.9119586906265806,0.9540879515811811,0.6821511171154765,1.0,"Win back: targeted discount, re-engagement email flow"
13541,427,2,785.25,1,2,3,3,Needs Attention,At Risk,-0.9434183957485414,0.7298424214222461,0.6804977070251349,1.0,"Win back: targeted discount, re-engagement email flow"
13542,377,17,3959.4900000000002,2,5,5,1,Win-Back Priority,VIP,1.2675654670343477,1.6627196375516298,0.681978331239045,1.0,"Court: white-glove service, early access, loyalty rewards"
13543,634,2,1439.6100000000001,1,2,4,3,Needs Attention,At Risk,-1.1584752864626313,1.7572817237800888,0.852045327602284,1.0,"Win back: targeted discount, re-engagement email flow"
13544,40,6,790.2,4,4,3,4,Loyal Customer,Loyal Customer,0.6148823706311677,-0.551492874513554,0.27635940383740415,0.0,"Court: upsell/cross-sell, referral incentives"
13545,391,2,364.93,2,2,2,3,Lost / Let Go,At Risk,-1.1988488337061247,0.3757364952574116,0.6524380426349211,1.0,"Win back: targeted discount, re-engagement email flow"
13546,12,5,1086.24,5,4,3,4,Loyal Customer,Loyal Customer,0.7030679965712994,-0.6454055038510226,0.25316010457196164,0.0,"Court: upsell/cross-sell, referral incentives"
13547,408,1,164.53,2,1,1,0,One-Time Buyer,Lost / Let Go,-1.902244360863105,0.07474420212642136,0.7719680458569959,1.0,"Let go: exclude from paid marketing spend, low-cost win-back only"
13548,96,3,901.44,3,3,3,4,Loyal Customer,Loyal Customer,0.1125497356278881,-0.50452728495232,0.4099167875397167,0.0,"Court: upsell/cross-sell, referral incentives"
13549,26,8,1005.8,4,4,3,4,Loyal Customer,Loyal Customer,0.9476368271128839,-0.4461123213510505,0.29988132094385905,0.0,"Court: upsell/cross-sell, referral incentives"
13550,383,1,342.55,2,1,2,0,One-Time Buyer,Lost / Let Go,-1.5195942447476267,0.1643247703744713,0.7012887410158927,1.0,"Let go: exclude from paid marketing spend, low-cost win-back only"
13551,319,2,244.2,2,2,1,0,Lost / Let Go,Lost / Let Go,-1.2082935701601476,-0.03210195305864628,0.7345514800979013,1.0,"Let go: exclude from paid marketing spend, low-cost win-back only"
13552,66,22,6948.92,3,5,5,1,Loyal Customer,VIP,2.43258530015659,0.6080621495725066,0.021483456046408955,0.0,"Court: white-glove service, early access, loyalty rewards"
13553,675,1,499.6,1,1,2,0,One-Time Buyer,Lost / Let Go,-2.035073685167623,1.4865924203330203,0.7719563967425402,1.0,"Let go: exclude from paid marketing spend, low-cost win-back only"
13554,380,7,1629.35,2,4,4,3,Win-Back Priority,At Risk,0.24360982357750094,1.11691157223475,0.6097059712874646,1.0,"Win back: targeted discount, re-engagement email flow"
13555,74,13,8891.84,3,5,5,1,Loyal Customer,VIP,2.1420381717133963,0.5098169632112676,0.039277373003092565,0.0,"Court: white-glove service, early access, loyalty rewards"
13556,429,2,200.82,1,2,1,0,Lost / Let Go,Lost / Let Go,-1.5518985833414802,0.37650396806739544,0.7465208300362091,1.0,"Let go: exclude from paid marketing spend, low-cost win-back only"
13557,28,13,3032.26,4,5,5,1,VIP,VIP,1.771999074094293,0.03119629089582325,0.09144049181374277,0.0,"Court: white-glove service, early access, loyalty rewards"
13558,6,4,594.52,5,3,2,4,Needs Attention,Loyal Customer,0.3097828432870159,-0.9030887953565768,,,"Court: upsell/cross-sell, referral incentives"
13559,513,2,990.0,1,2,3,3,Needs Attention,At Risk,-1.0417081078627082,1.1513443132122276,0.6603271113390868,1.0,"Win back: targeted discount, re-engagement email flow"
13560,7,1,171.42000000000002,5,1,1,2,One-Time Buyer,One-Time Buyer,-0.9466805398647437,-1.5927475499262465,,,"Convert: post-purchase follow-up, incentivize 2nd order"
13561,216,11,1803.4,2,5,4,4,Win-Back Priority,Loyal Customer,0.983472541934354,0.6186308615463222,0.2857372893167333,0.0,"Court: upsell/cross-sell, referral incentives"
13562,82,8,4838.18,3,4,5,4,Loyal Customer,Loyal Customer,1.513797192084376,0.20585323542775236,0.13416385266290667,0.0,"Court: upsell/cross-sell, referral incentives"
13563,84,2,777.53,3,2,3,2,Needs Attention,One-Time Buyer,-0.1459349879856513,-0.7083686241747209,,,"Convert: post-purchase follow-up, incentivize 2nd order"
13564,354,36,16416.27,2,5,5,1,Win-Back Priority,VIP,2.506129796435441,2.2310381863311686,0.28993433258549667,0.0,"Court: white-glove service, early access, loyalty rewards"
13565,19,3,414.8,5,3,2,2,Needs Attention,One-Time Buyer,-0.051499970915144494,-1.0329110676336468,0.6907687982970709,1.0,"Convert: post-purchase follow-up, incentivize 2nd order"
13566,41,5,1684.75,4,4,4,4,VIP,Loyal Customer,0.8299992473825982,-0.40737792207466234,0.5335916900981817,1.0,"Court: upsell/cross-sell, referral incentives"
13567,428,4,1079.29,1,3,3,3,At Risk,At Risk,-0.41233937664762677,1.0215488468843412,0.660747778686281,1.0,"Win back: targeted discount, re-engagement email flow"
13568,173,1,187.05,3,1,1,2,One-Time Buyer,One-Time Buyer,-1.29622642654196,-0.8748933938521745,,,"Convert: post-purchase follow-up, incentivize 2nd order"
13569,17,4,834.86,5,3,3,4,Loyal Customer,Loyal Customer,0.43459708339289077,-0.7668745535471408,0.4005196484123373,0.0,"Court: upsell/cross-sell, referral incentives"
13570,243,1,239.49,2,1,1,2,One-Time Buyer,One-Time Buyer,-1.3506595570817654,-0.5164926728387831,0.5329622011553,1.0,"Convert: post-purchase follow-up, incentivize 2nd order"
13571,13,26,4537.26,5,5,5,1,VIP,VIP,2.4904136115082633,0.3366031382277697,0.06263883478626049,0.0,"Court: white-glove service, early access, loyalty rewards"
13572,206,1,1384.25,2,1,4,2,One-Time Buyer,One-Time Buyer,-0.48672358293550355,-0.20562784458878633,0.4763934948541575,0.0,"Convert: post-purchase follow-up, incentivize 2nd order"
13573,50,6,903.07,4,4,3,4,Loyal Customer,Loyal Customer,0.6507154070755691,-0.4741686757682362,0.2943908250849655,0.0,"Court: upsell/cross-sell, referral incentives"
13574,411,1,404.45,1,1,2,0,One-Time Buyer,Lost / Let Go,-1.5114961884796598,0.3255794700392838,0.7005062047425833,1.0,"Let go: exclude from paid marketing spend, low-cost win-back only"
13575,23,5,732.0699999999999,4,4,3,4,Loyal Customer,Loyal Customer,0.5023439691968901,-0.7042050038107104,,,"Court: upsell/cross-sell, referral incentives"
13576,10,28,11551.74,5,5,5,1,VIP,VIP,2.967183564591459,0.6009751345097843,0.010177346896514798,0.0,"Court: white-glove service, early access, loyalty rewards"
13577,25,11,3484.28,4,5,5,1,VIP,VIP,1.7222907186847993,-0.005675712103017174,0.13056031748863967,0.0,"Court: white-glove service, early access, loyalty rewards"
13578,409,1,147.66,2,1,1,0,One-Time Buyer,Lost / Let Go,-1.9523087572458748,0.05033896027352704,0.7576542659353711,1.0,"Let go: exclude from paid marketing spend, low-cost win-back only"
13579,15,5,1539.04,5,4,4,4,VIP,Loyal Customer,0.8506427765294381,-0.5402432885184456,0.5007992239123998,1.0,"Court: upsell/cross-sell, referral incentives"
13580,406,1,107.75,2,1,1,0,One-Time Buyer,Lost / Let Go,-2.084096481360752,-0.04536601718854655,0.8811630648930766,1.0,"Let go: exclude from paid marketing spend, low-cost win-back only"
13581,309,2,280.53000000000003,2,2,1,2,Lost / Let Go,One-Time Buyer,-1.123569442454562,-0.03720636683079704,0.7073257384033437,1.0,"Convert: post-purchase follow-up, incentivize 2nd order"
13582,390,2,241.68,2,2,1,0,Lost / Let Go,Lost / Let Go,-1.3788640098337708,0.2623125390649058,0.7063840829111856,1.0,"Let go: exclude from paid marketing spend, low-cost win-back only"
13583,156,2,1445.031,3,2,4,4,Needs Attention,Loyal Customer,-0.03934041195429918,-0.24233255173635462,0.6308718033487721,1.0,"Court: upsell/cross-sell, referral incentives"
13584,307,3,385.7,2,3,2,3,At Risk,At Risk,-0.7570006692957939,0.15318095742876195,0.609563384234593,1.0,"Win back: targeted discount, re-engagement email flow"
13585,531,3,684.54,1,3,3,3,At Risk,At Risk,-1.0264476695113964,1.2429971606359131,0.7087536591754666,1.0,"Win back: targeted discount, re-engagement email flow"
13586,541,1,127.28,1,1,1,0,One-Time Buyer,Lost / Let Go,-2.326365294290012,0.563591401896092,0.9307074534390929,1.0,"Let go: exclude from paid marketing spend, low-cost win-back only"
13587,64,4,1673.5,3,3,4,4,Loyal Customer,Loyal Customer,0.633220600820422,-0.3853545656383623,0.5776661965711821,1.0,"Court: upsell/cross-sell, referral incentives"
13588,16,9,2478.95,5,5,4,4,VIP,Loyal Customer,1.4521946041103109,-0.20632011790675708,0.5661350989550284,1.0,"Court: upsell/cross-sell, referral incentives"
13589,15,6,1120.74,5,4,3,4,Loyal Customer,Loyal Customer,0.8283237611593248,-0.563276815489498,0.6438852758022817,1.0,"Court: upsell/cross-sell, referral incentives"
13590,11,18,6336.04,5,5,5,1,VIP,VIP,2.3734298014599116,0.2773805373148385,0.013894795358699839,0.0,"Court: white-glove service, early access, loyalty rewards"
13591,65,7,2093.94,3,4,4,4,Loyal Customer,Loyal Customer,1.0913420241829845,-0.1347943694319814,0.27926248924299096,0.0,"Court: upsell/cross-sell, referral incentives"
13592,36,4,247.95999999999998,4,3,1,2,Needs Attention,One-Time Buyer,-0.1475886223342559,-1.0095019910270089,0.4691064745057714,0.0,"Convert: post-purchase follow-up, incentivize 2nd order"
13593,108,14,5493.29,3,5,5,1,Loyal Customer,VIP,1.9017387410776199,0.55145917460124,0.05022303425390662,0.0,"Court: white-glove service, early access, loyalty rewards"
13594,53,2,533.32,4,2,2,2,New Customer,One-Time Buyer,-0.24059312765981197,-0.9382346772117017,0.9288413386220462,1.0,"Convert: post-purchase follow-up, incentivize 2nd order"
13595,517,3,784.48,1,3,3,3,At Risk,At Risk,-0.9332944046602097,1.2205988571466522,0.5475010449280536,1.0,"Win back: targeted discount, re-engagement email flow"
13596,6,2,664.11,5,2,3,2,New Customer,One-Time Buyer,-0.033497952487951156,-1.0767088291826943,,,"Convert: post-purchase follow-up, incentivize 2nd order"
13597,400,2,396.71,2,2,2,3,Lost / Let Go,At Risk,-1.1829116416012109,0.43555624448841057,0.6839404071191243,1.0,"Win back: targeted discount, re-engagement email flow"
13598,47,5,761.96,4,4,3,4,Loyal Customer,Loyal Customer,0.4639813092388391,-0.5931259677140844,0.48192766537571,0.0,"Court: upsell/cross-sell, referral incentives"
13599,1,33,10163.880000000001,5,5,5,1,VIP,VIP,3.053571228689606,0.5924817386859498,0.010894097173701331,0.0,"Court: white-glove service, early access, loyalty rewards"
13600,312,2,518.42,2,2,2,3,Lost / Let Go,At Risk,-0.8586401413496355,0.1382570897644367,0.6866569980958718,1.0,"Win back: targeted discount, re-engagement email flow"
13601,45,4,1159.99,4,3,3,4,Loyal Customer,Loyal Customer,0.515024927590906,-0.5622906849499534,0.3164198628762117,0.0,"Court: upsell/cross-sell, referral incentives"
13602,65,4,1025.17,3,3,3,4,Loyal Customer,Loyal Customer,0.4134608933189328,-0.5114158058415621,0.5268530901930412,1.0,"Court: upsell/cross-sell, referral incentives"
13603,26,1,164.34,4,1,1,2,One-Time Buyer,One-Time Buyer,-1.0097156433140209,-1.5243777511194987,,,"Convert: post-purchase follow-up, incentivize 2nd order"
13604,659,1,717.62,1,1,3,0,One-Time Buyer,Lost / Let Go,-1.837149123263408,1.5157856933509875,0.8257779762229263,1.0,"Let go: exclude from paid marketing spend, low-cost win-back only"
13605,387,2,522.67,2,2,2,3,Lost / Let Go,At Risk,-1.030356781761928,0.4543283156135023,0.5853804079478123,1.0,"Win back: targeted discount, re-engagement email flow"
13606,29,3,276.75,4,3,1,2,Needs Attention,One-Time Buyer,-0.2540272275010115,-1.0983766336456555,0.4384210032988644,0.0,"Convert: post-purchase follow-up, incentivize 2nd order"
13607,40,2,1075.81,4,2,3,2,New Customer,One-Time Buyer,0.10094211589512198,-0.8062538824713876,0.6745019818132263,1.0,"Convert: post-purchase follow-up, incentivize 2nd order"
13608,541,1,232.05,1,1,1,0,One-Time Buyer,Lost / Let Go,-2.06127635708386,0.7223929644475756,0.8611159322345991,1.0,"Let go: exclude from paid marketing spend, low-cost win-back only"
13609,593,1,167.35,1,1,1,0,One-Time Buyer,Lost / Let Go,-2.327236425263861,0.8535333013377916,0.8918149311660566,1.0,"Let go: exclude from paid marketing spend, low-cost win-back only"
13610,12,14,2102.46,5,5,4,1,VIP,VIP,1.699864675707401,-0.10571428097290063,0.2082980429197367,0.0,"Court: white-glove service, early access, loyalty rewards"
13611,89,10,3297.9300000000003,3,5,5,4,Loyal Customer,Loyal Customer,1.4814423114605049,0.21299238894160405,0.20772470726828415,0.0,"Court: upsell/cross-sell, referral incentives"
13612,633,1,818.29,1,1,3,0,One-Time Buyer,Lost / Let Go,-1.7181546606593243,1.44183746647558,0.8871668400193643,1.0,"Let go: exclude from paid marketing spend, low-cost win-back only"
13613,453,5,1039.8500000000001,1,4,3,3,At Risk,At Risk,-0.34726150117729965,1.1887505114144423,0.6550988097504552,1.0,"Win back: targeted discount, re-engagement email flow"
13614,24,6,2332.74,4,4,4,4,VIP,Loyal Customer,1.1325592028020144,-0.33075196211508184,0.49027563489843934,0.0,"Court: upsell/cross-sell, referral incentives"
13615,319,8,6272.53,2,4,5,4,Win-Back Priority,Loyal Customer,1.075000710385146,1.2668365472142111,0.34641535681196645,0.0,"Court: upsell/cross-sell, referral incentives"
13616,568,2,283.85,1,2,1,0,Lost / Let Go,Lost / Let Go,-1.7238535900592393,1.0499262474000133,0.860583629030603,1.0,"Let go: exclude from paid marketing spend, low-cost win-back only"
13617,40,8,1278.75,4,4,4,4,VIP,Loyal Customer,1.0214195243250503,-0.3237110079244874,0.5467910296031695,1.0,"Court: upsell/cross-sell, referral incentives"
13618,174,1,177.34,3,1,1,2,One-Time Buyer,One-Time Buyer,-1.32210372255741,-0.8848093500622923,,,"Convert: post-purchase follow-up, incentivize 2nd order"
13619,545,2,223.44,1,2,1,0,Lost / Let Go,Lost / Let Go,-1.775915248231882,0.8902643530415459,0.8006932806559028,1.0,"Let go: exclude from paid marketing spend, low-cost win-back only"
13620,528,1,112.34,1,1,1,0,One-Time Buyer,Lost / Let Go,-2.350952313495114,0.4762466071797473,0.927546867182572,1.0,"Let go: exclude from paid marketing spend, low-cost win-back only"
13621,117,1,213.85,3,1,1,2,One-Time Buyer,One-Time Buyer,-1.1061537151229952,-1.0738374271770252,,,"Convert: post-purchase follow-up, incentivize 2nd order"
13622,696,1,658.95,1,1,3,0,One-Time Buyer,Lost / Let Go,-1.9614631062855281,1.647991515750638,0.7822347029269922,1.0,"Let go: exclude from paid marketing spend, low-cost win-back only"
13623,31,10,2533.06,4,5,4,4,VIP,Loyal Customer,1.4999164189955132,-0.09991949322790193,0.1510406253913725,0.0,"Court: upsell/cross-sell, referral incentives"
13624,388,1,462.08,2,1,2,0,One-Time Buyer,Lost / Let Go,-1.3987173005224016,0.2646653264287514,0.6584391526174445,1.0,"Let go: exclude from paid marketing spend, low-cost win-back only"
13625,597,1,301.26,1,1,2,0,One-Time Buyer,Lost / Let Go,-2.076735838993623,1.0259390757786397,0.8887420535801961,1.0,"Let go: exclude from paid marketing spend, low-cost win-back only"
13626,253,2,707.04,2,2,3,3,Needs Attention,At Risk,-0.5831621205575167,-0.02628240586616954,0.43500383521833136,0.0,"Win back: targeted discount, re-engagement email flow"
13627,59,7,2245.9,4,4,4,4,VIP,Loyal Customer,1.1364611038028285,-0.14128082701875652,0.2884886586646793,0.0,"Court: upsell/cross-sell, referral incentives"
13628,676,1,310.14,1,1,2,0,One-Time Buyer,Lost / Let Go,-2.2485654421412415,1.3642859967144425,0.930499422107912,1.0,"Let go: exclude from paid marketing spend, low-cost win-back only"
13629,23,19,13370.86,4,5,5,1,VIP,VIP,2.716331380079132,0.5466104217369618,0.04109905701058925,0.0,"Court: white-glove service, early access, loyalty rewards"
13630,5,7,2031.78,5,4,4,4,VIP,Loyal Customer,1.218236116673494,-0.39392892812842234,0.10647632164106811,0.0,"Court: upsell/cross-sell, referral incentives"
13631,100,11,3070.42,3,5,5,1,Loyal Customer,VIP,1.4908296854643348,0.27460562740971584,0.26740859171639036,0.0,"Court: white-glove service, early access, loyalty rewards"
13632,25,8,3645.81,4,4,5,4,VIP,Loyal Customer,1.5214453931006346,-0.10795806610262457,0.15337181514582793,0.0,"Court: upsell/cross-sell, referral incentives"
13634,33,15,4988.08,4,5,5,1,VIP,VIP,2.083815880123894,0.23754864946564241,0.059910507640050216,0.0,"Court: white-glove service, early access, loyalty rewards"
13635,68,4,2999.16,3,3,5,4,Loyal Customer,Loyal Customer,0.8827925812865316,-0.2135050726260954,0.3715520433312354,0.0,"Court: upsell/cross-sell, referral incentives"
13636,37,5,949.12,4,4,3,4,Loyal Customer,Loyal Customer,0.5847667487630017,-0.5766278479184429,0.26833100616064487,0.0,"Court: upsell/cross-sell, referral incentives"
13637,52,3,803.05,4,3,3,4,Loyal Customer,Loyal Customer,0.16415631755640966,-0.719389374998651,0.17233868489203283,0.0,"Court: upsell/cross-sell, referral incentives"
13638,16,1,122.64,5,1,1,2,One-Time Buyer,One-Time Buyer,-1.1153793731403372,-1.643534035880831,,,"Convert: post-purchase follow-up, incentivize 2nd order"
13639,74,2,1346.27,3,2,4,4,Needs Attention,Loyal Customer,0.12094893060183626,-0.6043501913619853,0.6789228378100496,1.0,"Court: upsell/cross-sell, referral incentives"
13640,611,1,405.0,1,1,2,0,One-Time Buyer,Lost / Let Go,-1.9784537980513601,1.1630167242753442,0.8323513215360135,1.0,"Let go: exclude from paid marketing spend, low-cost win-back only"
13641,641,4,942.37,1,3,3,3,At Risk,At Risk,-0.9704648545516965,1.8769879152972515,0.8015504577267287,1.0,"Win back: targeted discount, re-engagement email flow"
13642,216,4,472.2,2,3,2,2,At Risk,One-Time Buyer,-0.2832393399546896,-0.0853121269176217,0.4794506341151548,0.0,"Convert: post-purchase follow-up, incentivize 2nd order"
13643,31,10,2156.77,4,5,4,4,VIP,Loyal Customer,1.4285434018897545,-0.14267550847267996,0.34598836049815107,0.0,"Court: upsell/cross-sell, referral incentives"
13644,16,4,2624.26,5,3,4,4,Loyal Customer,Loyal Customer,0.9450894659537229,-0.4666498662729974,,,"Court: upsell/cross-sell, referral incentives"
13645,120,1,252.1,3,1,1,2,One-Time Buyer,One-Time Buyer,-1.0404189657379097,-1.0177014928776518,,,"Convert: post-purchase follow-up, incentivize 2nd order"
13646,400,2,326.25,2,2,2,0,Lost / Let Go,Lost / Let Go,-1.269492439495763,0.38369000617037496,0.6966307642675246,1.0,"Let go: exclude from paid marketing spend, low-cost win-back only"
13647,10,8,3041.68,5,4,5,4,VIP,Loyal Customer,1.4760964119051345,-0.21891199958253205,0.11217356672680114,0.0,"Court: upsell/cross-sell, referral incentives"
13648,400,8,1759.07,2,4,4,3,Win-Back Priority,At Risk,0.3213125116939025,1.2677926829988782,0.5561555489612403,1.0,"Win back: targeted discount, re-engagement email flow"
13649,257,6,1651.48,2,4,4,4,Win-Back Priority,Loyal Customer,0.43458338511355604,0.5526265690747307,0.11908473321725829,0.0,"Court: upsell/cross-sell, referral incentives"
13650,17,10,3288.0,5,5,5,4,VIP,Loyal Customer,1.648425226678608,-0.08915705153390982,0.11526415270448503,0.0,"Court: upsell/cross-sell, referral incentives"
13651,40,2,211.85,4,2,1,2,New Customer,One-Time Buyer,-0.6188690726643165,-1.2374568692500705,0.7049811138873021,1.0,"Convert: post-purchase follow-up, incentivize 2nd order"
13652,46,5,2570.85,4,4,4,4,VIP,Loyal Customer,1.0058654691057944,-0.27409603213339306,0.202620389815831,0.0,"Court: upsell/cross-sell, referral incentives"
13653,488,1,152.2,1,1,1,0,One-Time Buyer,Lost / Let Go,-2.1236379464458857,0.3889856542501822,0.9166054513411969,1.0,"Let go: exclude from paid marketing spend, low-cost win-back only"
13654,43,11,6308.0,4,5,5,1,VIP,VIP,1.9436969464672782,0.22750286207376239,0.0997405064495052,0.0,"Court: white-glove service, early access, loyalty rewards"
13655,114,6,2280.51,3,4,4,4,Loyal Customer,Loyal Customer,0.9121074914677899,0.03991213347095372,0.1672965654018545,0.0,"Court: upsell/cross-sell, referral incentives"
13656,165,4,1078.85,3,3,3,4,Loyal Customer,Loyal Customer,0.2023204920667562,-0.079315355161071,0.5242280801056453,1.0,"Court: upsell/cross-sell, referral incentives"
13657,11,2,382.14,5,2,2,2,New Customer,One-Time Buyer,-0.29007992038249125,-1.202485083868756,0.3360245717945615,0.0,"Convert: post-purchase follow-up, incentivize 2nd order"
13658,10,9,6025.5,5,5,5,1,VIP,VIP,1.860467705048849,0.004740888538946802,0.13013791210028938,0.0,"Court: white-glove service, early access, loyalty rewards"
13659,206,12,4884.68,2,5,5,1,Win-Back Priority,VIP,1.5105958728470867,0.8735280726386814,0.0843535956159979,0.0,"Court: white-glove service, early access, loyalty rewards"
13660,400,1,306.64,2,1,2,0,One-Time Buyer,Lost / Let Go,-1.6083562458988374,0.206111185029414,0.7084416172560876,1.0,"Let go: exclude from paid marketing spend, low-cost win-back only"
13661,603,1,325.24,1,1,2,0,One-Time Buyer,Lost / Let Go,-2.056864579004038,1.0713580048200906,0.8855770557739788,1.0,"Let go: exclude from paid marketing spend, low-cost win-back only"
13662,86,11,2233.61,3,5,4,4,Loyal Customer,Loyal Customer,1.3823320658281022,0.13140833515847572,0.13159564417234748,0.0,"Court: upsell/cross-sell, referral incentives"
13663,179,5,2047.51,3,4,4,4,Loyal Customer,Loyal Customer,0.5939211133539619,0.2220455480872717,0.4149730527306063,0.0,"Court: upsell/cross-sell, referral incentives"
13665,386,3,1711.6599999999999,2,3,4,3,At Risk,At Risk,-0.2809358651009185,0.8796491079364478,0.35015712147102923,0.0,"Win back: targeted discount, re-engagement email flow"
13666,60,5,127.05,3,4,1,2,Needs Attention,One-Time Buyer,-0.35886712624229894,-1.0134374931143637,0.4005690328712089,0.0,"Convert: post-purchase follow-up, incentivize 2nd order"
13667,149,1,299.05,3,1,2,2,One-Time Buyer,One-Time Buyer,-1.0326608705514373,-0.8510646055862002,,,"Convert: post-purchase follow-up, incentivize 2nd order"
13668,3,35,12948.48,5,5,5,1,VIP,VIP,3.200299119920252,0.6879676668479806,0.009300498411031966,0.0,"Court: white-glove service, early access, loyalty rewards"
13669,51,3,413.55,4,3,2,2,Needs Attention,One-Time Buyer,-0.1276462996681822,-0.8997796124208475,0.6496006380761616,1.0,"Convert: post-purchase follow-up, incentivize 2nd order"
13670,75,1,349.7,3,1,2,2,One-Time Buyer,One-Time Buyer,-0.7904067296896907,-1.1192944911958407,,,"Convert: post-purchase follow-up, incentivize 2nd order"
13671,395,1,172.6,2,1,1,0,One-Time Buyer,Lost / Let Go,-1.850717654877167,0.03299534445422273,0.7539084333740224,1.0,"Let go: exclude from paid marketing spend, low-cost win-back only"
13672,301,3,419.92,2,3,2,3,At Risk,At Risk,-0.7053249291924626,0.15062226816333193,0.631270293199463,1.0,"Win back: targeted discount, re-engagement email flow"
13673,19,2,387.44,5,2,2,2,New Customer,One-Time Buyer,-0.3026824159537483,-1.165347879634982,,,"Convert: post-purchase follow-up, incentivize 2nd order"
13674,433,1,240.68,1,1,1,0,One-Time Buyer,Lost / Let Go,-1.7926494550780494,0.28004307871617706,0.7371022115025003,1.0,"Let go: exclude from paid marketing spend, low-cost win-back only"
13675,151,2,486.82000000000005,3,2,2,2,Needs Attention,One-Time Buyer,-0.5101234295023593,-0.5522843868411386,0.5519056825790587,1.0,"Convert: post-purchase follow-up, incentivize 2nd order"
13676,539,2,243.9,1,2,1,0,Lost / Let Go,Lost / Let Go,-1.723152596661368,0.8883567782328821,0.789570889887645,1.0,"Let go: exclude from paid marketing spend, low-cost win-back only"
13677,405,2,551.24,2,2,2,3,Lost / Let Go,At Risk,-1.048851028947451,0.5437944788414416,0.6268345810081025,1.0,"Win back: targeted discount, re-engagement email flow"
13678,152,1,232.6,3,1,1,2,One-Time Buyer,One-Time Buyer,-1.150826494361297,-0.9050942139343024,,,"Convert: post-purchase follow-up, incentivize 2nd order"
13679,494,3,281.26,1,3,1,0,At Risk,Lost / Let Go,-1.3339513638451364,0.8521109020619858,0.7096429133103526,1.0,"Let go: exclude from paid marketing spend, low-cost win-back only"
13680,1,12,11419.67,5,5,5,1,VIP,VIP,2.3668580480727837,0.24137456265888327,0.18642477957113826,0.0,"Court: white-glove service, early access, loyalty rewards"
13681,18,4,827.83,5,3,3,4,Loyal Customer,Loyal Customer,0.4285091723190677,-0.7649356761162033,,,"Court: upsell/cross-sell, referral incentives"
13682,187,1,59.5,3,1,1,2,One-Time Buyer,One-Time Buyer,-1.8324882573751837,-1.117939334847446,0.8581323573071935,1.0,"Convert: post-purchase follow-up, incentivize 2nd order"
13683,458,1,258.6,1,1,1,0,One-Time Buyer,Lost / Let Go,-1.819335700619835,0.40370271375513456,0.8008731263577973,1.0,"Let go: exclude from paid marketing spend, low-cost win-back only"
13684,286,4,594.88,2,3,2,3,At Risk,At Risk,-0.34453213611793837,0.26897931050564994,0.42620080141906325,0.0,"Win back: targeted discount, re-engagement email flow"
13685,3,7,3119.44,5,4,5,4,VIP,Loyal Customer,1.413199690241662,-0.2883076565625084,,,"Court: upsell/cross-sell, referral incentives"
13686,183,3,409.04,3,3,2,2,Needs Attention,One-Time Buyer,-0.4410925122766844,-0.35021854800710894,0.5131239423626679,1.0,"Convert: post-purchase follow-up, incentivize 2nd order"
13687,438,1,11880.84,1,1,5,3,One-Time Buyer,At Risk,-0.07486344595353663,1.3370122192421836,0.6869387211038276,1.0,"Win back: targeted discount, re-engagement email flow"
13688,635,1,375.5,1,1,2,0,One-Time Buyer,Lost / Let Go,-2.0680546618934277,1.2434015076246903,0.9236915467145395,1.0,"Let go: exclude from paid marketing spend, low-cost win-back only"
13689,63,2,1259.5,3,2,4,4,Needs Attention,Loyal Customer,0.117106328973814,-0.6680963572978638,0.5397511281808158,1.0,"Court: upsell/cross-sell, referral incentives"
13690,59,1,172.25,4,1,1,2,One-Time Buyer,One-Time Buyer,-1.0661137660313824,-1.3738302891376146,,,"Convert: post-purchase follow-up, incentivize 2nd order"
13691,396,1,210.78,2,1,1,0,One-Time Buyer,Lost / Let Go,-1.764789422966681,0.09005650439107071,0.7157043154954006,1.0,"Let go: exclude from paid marketing spend, low-cost win-back only"
13692,25,5,3114.4,4,4,5,4,VIP,Loyal Customer,1.1400896121435091,-0.31099171016527366,0.07025556835640033,0.0,"Court: upsell/cross-sell, referral incentives"
13693,374,9,2011.82,2,5,4,3,Win-Back Priority,At Risk,0.5225980712985017,1.236536163182561,0.4237506604716939,0.0,"Win back: targeted discount, re-engagement email flow"
13694,4,143,196482.81,5,5,5,1,VIP,VIP,5.47022455558049,1.9664493356027135,0.02025656267087863,0.0,"Court: white-glove service, early access, loyalty rewards"
13695,31,16,2770.73,4,5,4,1,VIP,VIP,1.8740771965083465,0.09693257600384234,0.30800835799665466,0.0,"Court: white-glove service, early access, loyalty rewards"
13696,422,3,2020.4,1,3,4,3,At Risk,At Risk,-0.2915056793295182,1.074407548191658,0.4890606022744029,0.0,"Win back: targeted discount, re-engagement email flow"
13697,39,1,151.29999999999998,4,1,1,2,One-Time Buyer,One-Time Buyer,-1.0765829467627446,-1.4918186803665077,,,"Convert: post-purchase follow-up, incentivize 2nd order"
13698,597,2,451.73,1,2,2,0,Lost / Let Go,Lost / Let Go,-1.585926503396841,1.294540886083076,0.8604910261019468,1.0,"Let go: exclude from paid marketing spend, low-cost win-back only"
13699,155,2,764.15,3,2,3,2,Needs Attention,One-Time Buyer,-0.3196157558662363,-0.4158173745709027,0.5400706836127657,1.0,"Convert: post-purchase follow-up, incentivize 2nd order"
13700,26,13,2596.9700000000003,4,5,4,1,VIP,VIP,1.7078946092430998,-0.018377179882974916,0.12342090142231492,0.0,"Court: white-glove service, early access, loyalty rewards"
13701,447,1,161.0,1,1,1,0,One-Time Buyer,Lost / Let Go,-2.0029895304550474,0.2322406080122418,0.832058932138746,1.0,"Let go: exclude from paid marketing spend, low-cost win-back only"
13702,446,1,135.18,1,1,1,0,One-Time Buyer,Lost / Let Go,-2.0777397056031206,0.18187566444288367,0.8386237831908484,1.0,"Let go: exclude from paid marketing spend, low-cost win-back only"
13703,318,2,425.56,2,2,2,3,Lost / Let Go,At Risk,-0.9601184558980987,0.11098154028597261,0.7146115825713437,1.0,"Win back: targeted discount, re-engagement email flow"
13704,5,9,2308.06,5,5,4,4,VIP,Loyal Customer,1.446209211818644,-0.27134992287032833,,,"Court: upsell/cross-sell, referral incentives"
13705,8,7,2035.33,5,4,4,4,VIP,Loyal Customer,1.211997451499951,-0.3809086772466015,0.4163065244676148,0.0,"Court: upsell/cross-sell, referral incentives"
13706,303,2,631.17,2,2,3,3,Needs Attention,At Risk,-0.7503767544774768,0.15283971363594084,0.6655787837174204,1.0,"Win back: targeted discount, re-engagement email flow"
13707,267,5,3365.86,2,4,5,4,Win-Back Priority,Loyal Customer,0.608807774169737,0.7225174436174698,0.11295185161428667,0.0,"Court: upsell/cross-sell, referral incentives"
13708,271,1,283.33,2,1,1,2,One-Time Buyer,One-Time Buyer,-1.3417657838108894,-0.35476129879916457,0.5844070679373912,1.0,"Convert: post-purchase follow-up, incentivize 2nd order"
13709,4,18,7571.35,5,5,5,1,VIP,VIP,2.4688683460666896,0.29545212046168834,0.36961776283848113,0.0,"Court: white-glove service, early access, loyalty rewards"
13710,32,3,509.52,4,3,2,2,Needs Attention,One-Time Buyer,0.009230207149256703,-0.9239147088690455,0.6071559920802165,1.0,"Convert: post-purchase follow-up, incentivize 2nd order"
13711,219,9,1792.26,2,5,4,4,Win-Back Priority,Loyal Customer,0.8336731908643593,0.5570803439593488,0.26417251325377633,0.0,"Court: upsell/cross-sell, referral incentives"
13712,247,2,766.42,2,2,3,3,Needs Attention,At Risk,-0.5333778252810898,-0.02997416540287512,0.4737144122581908,0.0,"Win back: targeted discount, re-engagement email flow"
13713,408,3,740.76,2,3,3,3,At Risk,At Risk,-0.7039024287963266,0.7491594424143844,0.5205673689104788,1.0,"Win back: targeted discount, re-engagement email flow"
13714,465,1,161.35,1,1,1,0,One-Time Buyer,Lost / Let Go,-2.044111646111355,0.30815154366923386,0.8475937924692483,1.0,"Let go: exclude from paid marketing spend, low-cost win-back only"
13715,281,17,8425.69,2,5,5,1,Win-Back Priority,VIP,1.8272354827906316,1.4617492635141407,0.040394105623982456,0.0,"Court: white-glove service, early access, loyalty rewards"
13716,269,1,138.28,2,1,1,2,One-Time Buyer,One-Time Buyer,-1.6539554973348876,-0.5529502702866075,0.6361724778598361,1.0,"Convert: post-purchase follow-up, incentivize 2nd order"
13717,32,8,1763.3,4,4,4,4,VIP,Loyal Customer,1.1826878084232524,-0.27178995207075046,0.19937553172282765,0.0,"Court: upsell/cross-sell, referral incentives"
13718,246,2,306.55,2,2,2,2,Lost / Let Go,One-Time Buyer,-0.9370385675638364,-0.2773730272909817,0.4468024377351017,0.0,"Convert: post-purchase follow-up, incentivize 2nd order"
13719,15,11,2782.1,5,5,4,4,VIP,Loyal Customer,1.645774664015355,-0.10737107824421586,0.08927297146959912,0.0,"Court: upsell/cross-sell, referral incentives"
13720,117,4,799.9,3,3,3,4,Loyal Customer,Loyal Customer,0.18184711132430278,-0.35970032171373867,0.3143684160644295,0.0,"Court: upsell/cross-sell, referral incentives"
13721,36,2,741.54,4,2,3,2,New Customer,One-Time Buyer,-0.054735910000661706,-0.9218561897012079,0.6918977687063541,1.0,"Convert: post-purchase follow-up, incentivize 2nd order"
13722,132,10,5635.41,3,5,5,1,Loyal Customer,VIP,1.6187490344313666,0.5354371776724549,0.09855530062271513,0.0,"Court: white-glove service, early access, loyalty rewards"
13723,217,6,1194.08,2,4,3,4,At Risk,Loyal Customer,0.3842085515892275,0.29901586417320813,0.36766026733112195,0.0,"Court: upsell/cross-sell, referral incentives"
13724,637,1,213.01,1,1,1,0,One-Time Buyer,Lost / Let Go,-2.32354776629389,1.1015200126862659,0.9326040049746498,1.0,"Let go: exclude from paid marketing spend, low-cost win-back only"
13725,50,8,1980.56,4,4,4,4,VIP,Loyal Customer,1.1921701726675165,-0.16556439610175921,0.09902940503362086,0.0,"Court: upsell/cross-sell, referral incentives"
13726,39,2,1079.6599999999999,4,2,3,2,New Customer,One-Time Buyer,0.10486457418998921,-0.8094899746731634,,,"Convert: post-purchase follow-up, incentivize 2nd order"
13727,29,8,1074.15,4,4,3,4,Loyal Customer,Loyal Customer,0.9697872408580799,-0.41608558902490134,0.5117068413753415,1.0,"Court: upsell/cross-sell, referral incentives"
13728,37,16,2855.17,4,5,4,1,VIP,VIP,1.8733750158404738,0.13002698272498353,0.10161506688552122,0.0,"Court: white-glove service, early access, loyalty rewards"
13729,436,3,724.73,1,3,3,3,At Risk,At Risk,-0.7790612909154689,0.8605390742154162,0.5616841341788753,1.0,"Win back: targeted discount, re-engagement email flow"
13730,136,2,752.6,3,2,3,2,Needs Attention,One-Time Buyer,-0.2819510258409756,-0.4993852989000118,,,"Convert: post-purchase follow-up, incentivize 2nd order"
13731,219,2,610.59,2,2,2,2,Lost / Let Go,One-Time Buyer,-0.5686967190389326,-0.2075355113310533,0.37315996780542965,0.0,"Convert: post-purchase follow-up, incentivize 2nd order"
13732,28,1,491.86,4,1,2,2,One-Time Buyer,One-Time Buyer,-0.5294373035372802,-1.225495266061138,,,"Convert: post-purchase follow-up, incentivize 2nd order"
13733,411,2,487.03000000000003,1,2,2,3,Lost / Let Go,At Risk,-1.1177596877046359,0.5360297859303218,0.7038345022599579,1.0,"Win back: targeted discount, re-engagement email flow"
13734,509,4,6695.6900000000005,1,3,5,3,At Risk,At Risk,0.20833835344740725,1.845819072306231,0.6469355719287279,1.0,"Win back: targeted discount, re-engagement email flow"
13735,25,13,9762.77,4,5,5,1,VIP,VIP,2.298074780178406,0.3295844874534388,0.05275009082682798,0.0,"Court: white-glove service, early access, loyalty rewards"
13736,5,7,2752.47,5,4,4,4,VIP,Loyal Customer,1.352973445670643,-0.3132145135464168,0.21578755694365673,0.0,"Court: upsell/cross-sell, referral incentives"
13737,200,1,339.59999999999997,2,1,2,2,One-Time Buyer,One-Time Buyer,-1.0956063674695284,-0.6038942045501796,0.4149047997022764,0.0,"Convert: post-purchase follow-up, incentivize 2nd order"
13738,396,1,434.78000000000003,2,1,2,0,One-Time Buyer,Lost / Let Go,-1.4443985699893742,0.2819866868280397,0.7321762705871829,1.0,"Let go: exclude from paid marketing spend, low-cost win-back only"
13739,18,2,292.2,5,2,2,2,New Customer,One-Time Buyer,-0.4252365912985405,-1.2443498157829735,0.8792446038971792,1.0,"Convert: post-purchase follow-up, incentivize 2nd order"
13740,241,5,1582.77,2,4,4,4,Win-Back Priority,Loyal Customer,0.33473259680371525,0.41310079743847017,0.5008479789004405,1.0,"Court: upsell/cross-sell, referral incentives"
13741,72,3,668.4300000000001,3,3,3,2,Loyal Customer,One-Time Buyer,0.0360427970649789,-0.6844189690871558,0.23836394044829087,0.0,"Convert: post-purchase follow-up, incentivize 2nd order"
13742,17,12,3107.87,5,5,5,1,VIP,VIP,1.751726580895664,-0.037746561603524346,0.08522859849152363,0.0,"Court: white-glove service, early access, loyalty rewards"
13743,3,7,1341.6,5,4,4,4,VIP,Loyal Customer,1.038739229683028,-0.5126282445024537,0.2387104226635671,0.0,"Court: upsell/cross-sell, referral incentives"
13744,95,2,1080.52,3,2,3,2,Needs Attention,One-Time Buyer,-0.025698882414062218,-0.5748969144576375,0.28358641025124753,0.0,"Convert: post-purchase follow-up, incentivize 2nd order"
13745,162,2,777.36,3,2,3,2,Needs Attention,One-Time Buyer,-0.32838015892184647,-0.3819668018699959,0.6148437931046121,1.0,"Convert: post-purchase follow-up, incentivize 2nd order"
13746,414,1,176.69,1,1,1,0,One-Time Buyer,Lost / Let Go,-1.884796367587309,0.1187114729256069,0.826297538240156,1.0,"Let go: exclude from paid marketing spend, low-cost win-back only"
13747,374,2,249.39999999999998,2,2,1,0,Lost / Let Go,Lost / Let Go,-1.3275547523745619,0.2036758947531947,0.7239678331560735,1.0,"Let go: exclude from paid marketing spend, low-cost win-back only"
13748,96,9,2268.35,3,5,4,4,Loyal Customer,Loyal Customer,1.2257674161108838,0.10490595403007155,0.1968133383830244,0.0,"Court: upsell/cross-sell, referral incentives"
13750,54,11,3602.1800000000003,4,5,5,1,VIP,VIP,1.669265996910683,0.12454922072759632,0.11693733171914128,0.0,"Court: white-glove service, early access, loyalty rewards"
13751,288,1,296.25,2,1,2,2,One-Time Buyer,One-Time Buyer,-1.3617775554416534,-0.2717900501459258,0.6369012815946106,1.0,"Convert: post-purchase follow-up, incentivize 2nd order"
13752,124,7,1579.8300000000002,3,4,4,4,Loyal Customer,Loyal Customer,0.8283907291606644,0.03724926291162156,0.1422633248632259,0.0,"Court: upsell/cross-sell, referral incentives"
13753,288,4,2094.57,2,3,4,3,At Risk,At Risk,0.2091496164233654,0.6118341195941123,0.3601041386826163,0.0,"Win back: targeted discount, re-engagement email flow"
13754,152,3,447.05,3,3,2,2,Needs Attention,One-Time Buyer,-0.3292595100844468,-0.4563860554653151,0.6615682001824799,1.0,"Convert: post-purchase follow-up, incentivize 2nd order"
13755,4,9,2108.06,5,5,4,4,VIP,Loyal Customer,1.4083207836127964,-0.29963283210624087,,,"Court: upsell/cross-sell, referral incentives"
13756,2,23,9188.75,5,5,5,1,VIP,VIP,2.738930415822559,0.4314164293418186,0.025684872566920793,0.0,"Court: white-glove service, early access, loyalty rewards"
13757,675,1,195.55,1,1,1,0,One-Time Buyer,Lost / Let Go,-2.450171689579423,1.2379279064256226,0.9558236674351009,1.0,"Let go: exclude from paid marketing spend, low-cost win-back only"
13758,12,14,9314.14,5,5,5,1,VIP,VIP,2.3605726943032526,0.29008294409847823,0.041366093584963716,0.0,"Court: white-glove service, early access, loyalty rewards"
13759,33,2,659.4100000000001,4,2,3,2,New Customer,One-Time Buyer,-0.0997672000646798,-0.9655897139828075,,,"Convert: post-purchase follow-up, incentivize 2nd order"
13760,54,5,1363.6399999999999,4,4,4,4,VIP,Loyal Customer,0.7057803448817769,-0.40917533424504815,0.3866064613491591,0.0,"Court: upsell/cross-sell, referral incentives"
13761,50,6,1952.17,4,4,4,4,VIP,Loyal Customer,0.9927350223273201,-0.269281780458088,0.4945006350738713,0.0,"Court: upsell/cross-sell, referral incentives"
13762,219,5,2472.48,2,4,4,4,Win-Back Priority,Loyal Customer,0.5841104799810151,0.43960214116161794,0.3630521664476053,0.0,"Court: upsell/cross-sell, referral incentives"
13763,63,3,5217.4400000000005,3,3,5,4,Loyal Customer,Loyal Customer,0.9688635633676151,-0.17588513907728567,0.4483239799147746,0.0,"Court: upsell/cross-sell, referral incentives"
13764,71,6,2908.67,3,4,4,4,Loyal Customer,Loyal Customer,1.1206162673065048,-0.07537183540729461,0.28794064697999794,0.0,"Court: upsell/cross-sell, referral incentives"
13765,653,1,352.821,1,1,2,0,One-Time Buyer,Lost / Let Go,-2.137719805403367,1.3022137387077444,0.9084566598229814,1.0,"Let go: exclude from paid marketing spend, low-cost win-back only"
13766,495,1,190.35,1,1,1,0,One-Time Buyer,Lost / Let Go,-2.041273137036591,0.47742719361319086,0.8880165051461516,1.0,"Let go: exclude from paid marketing spend, low-cost win-back only"
13767,2,73,35540.53,5,5,5,1,VIP,VIP,4.2043589813973,1.238694793259773,0.009919536602332068,0.0,"Court: white-glove service, early access, loyalty rewards"
13768,727,2,875.97,1,2,3,0,Needs Attention,Lost / Let Go,-1.5962729793284736,2.0145022047353613,0.8683030636635783,1.0,"Let go: exclude from paid marketing spend, low-cost win-back only"
13769,2,20,5800.42,5,5,5,1,VIP,VIP,2.432131523957124,0.2559992596943898,0.027675820903877314,0.0,"Court: white-glove service, early access, loyalty rewards"
13770,422,4,785.37,1,3,3,3,At Risk,At Risk,-0.5393103149271002,0.9119718415367137,0.5355153839537886,1.0,"Win back: targeted discount, re-engagement email flow"
13771,64,9,5728.82,3,5,5,1,Loyal Customer,VIP,1.7118121430909112,0.2173241879586781,0.08052855342904408,0.0,"Court: white-glove service, early access, loyalty rewards"
13772,34,8,3100.02,4,4,5,4,VIP,Loyal Customer,1.4284220239541516,-0.11341115535960952,0.13586494834414567,0.0,"Court: upsell/cross-sell, referral incentives"
13773,397,2,301.54,2,2,2,0,Lost / Let Go,Lost / Let Go,-1.2973384437216222,0.3502513296208449,0.7242303094011613,1.0,"Let go: exclude from paid marketing spend, low-cost win-back only"
13774,82,1,345.0,3,1,2,2,One-Time Buyer,One-Time Buyer,-0.812762025404734,-1.0935855445225378,,,"Convert: post-purchase follow-up, incentivize 2nd order"
13775,591,1,1049.66,1,1,3,0,One-Time Buyer,Lost / Let Go,-1.50952675263666,1.3322107051047611,0.7350306424828486,1.0,"Let go: exclude from paid marketing spend, low-cost win-back only"
13777,1,61,56478.42,5,5,5,1,VIP,VIP,4.2764538235660625,1.287388717041272,0.047166298091777525,0.0,"Court: white-glove service, early access, loyalty rewards"
13778,103,4,1124.49,3,3,3,4,Loyal Customer,Loyal Customer,0.36564421232596056,-0.3277984232856282,0.5583414757629487,1.0,"Court: upsell/cross-sell, referral incentives"
13779,516,1,161.13,1,1,1,0,One-Time Buyer,Lost / Let Go,-2.1639414005120097,0.5212454228103138,0.9032718141158076,1.0,"Let go: exclude from paid marketing spend, low-cost win-back only"
13780,7,3,732.07,5,3,3,4,Loyal Customer,Loyal Customer,0.2283219567558942,-0.9323138014990104,0.6863991074516861,1.0,"Court: upsell/cross-sell, referral incentives"
13781,251,3,778.83,2,3,3,3,At Risk,At Risk,-0.3146455719797898,0.105366720416424,0.518233514342141,1.0,"Win back: targeted discount, re-engagement email flow"
13782,13,13,1786.08,5,5,4,4,VIP,Loyal Customer,1.5721619002091194,-0.17230381464782554,0.16248418718765248,0.0,"Court: upsell/cross-sell, referral incentives"
13783,488,4,1542.09,1,3,4,3,At Risk,At Risk,-0.3942932320073676,1.367509873616486,0.6356847834900837,1.0,"Win back: targeted discount, re-engagement email flow"
13784,10,14,2910.23,5,5,4,1,VIP,VIP,1.8488390452601318,-0.02764284809554309,0.08840362044499289,0.0,"Court: white-glove service, early access, loyalty rewards"
13785,429,4,542.49,1,3,2,3,At Risk,At Risk,-0.7196982635672711,0.8430113067780163,0.7223130217528297,1.0,"Win back: targeted discount, re-engagement email flow"
13786,367,6,3358.39,2,4,5,3,Win-Back Priority,At Risk,0.49244077977195044,1.2017285981958443,0.3727428870063866,0.0,"Win back: targeted discount, re-engagement email flow"
13787,76,6,1222.5,3,4,4,4,Loyal Customer,Loyal Customer,0.7242732675937887,-0.2848719545082419,0.47786045323910464,0.0,"Court: upsell/cross-sell, referral incentives"
13788,505,1,3.75,1,1,1,0,One-Time Buyer,Lost / Let Go,-3.7056833050957882,-0.46377952197663425,0.8685496026553905,1.0,"Let go: exclude from paid marketing spend, low-cost win-back only"
13789,388,1,239.45999999999998,2,1,1,0,One-Time Buyer,Lost / Let Go,-1.6896955892899936,0.0903547444337135,0.74195314569549,1.0,"Let go: exclude from paid marketing spend, low-cost win-back only"
13790,4,1,348.8,5,1,2,2,One-Time Buyer,One-Time Buyer,-0.625564023653284,-1.4171401829049162,,,"Convert: post-purchase follow-up, incentivize 2nd order"
13791,128,2,1516.0,3,2,4,4,Needs Attention,Loyal Customer,0.04739124694011661,-0.34677949811349423,,,"Court: upsell/cross-sell, referral incentives"
13792,66,3,383.95,3,3,2,2,Needs Attention,One-Time Buyer,-0.19560536797078729,-0.8567028808324957,0.5592856646450837,1.0,"Convert: post-purchase follow-up, incentivize 2nd order"
13793,647,1,96.0,1,1,1,0,One-Time Buyer,Lost / Let Go,-2.698273760083348,0.932898770599941,0.9555505585996902,1.0,"Let go: exclude from paid marketing spend, low-cost win-back only"
13794,547,1,126.03,1,1,1,0,One-Time Buyer,Lost / Let Go,-2.34473983920081,0.5860991765029966,0.934309912950121,1.0,"Let go: exclude from paid marketing spend, low-cost win-back only"
13795,388,4,836.3,2,3,3,3,At Risk,At Risk,-0.4319615311174928,0.7863605383980079,0.48934582929480513,0.0,"Win back: targeted discount, re-engagement email flow"
13796,499,1,289.7,1,1,2,0,One-Time Buyer,Lost / Let Go,-1.8649460777490874,0.605399307000681,0.8434317194994844,1.0,"Let go: exclude from paid marketing spend, low-cost win-back only"
13797,437,3,1179.45,1,3,3,3,At Risk,At Risk,-0.5654016563109152,0.9941177476648575,0.5840538603721066,1.0,"Win back: targeted discount, re-engagement email flow"
13798,1,110,75836.87,5,5,5,1,VIP,VIP,4.854634690326524,1.5972391140369502,0.011312901306577135,0.0,"Court: white-glove service, early access, loyalty rewards"
13799,117,9,2803.57,3,5,4,4,Loyal Customer,Loyal Customer,1.2706951768903365,0.2491226035067727,0.09733319313586834,0.0,"Court: upsell/cross-sell, referral incentives"
13800,310,3,1679.56,2,3,4,3,At Risk,At Risk,-0.11166415400532402,0.5565274055029751,0.5811547185778395,1.0,"Win back: targeted discount, re-engagement email flow"
13801,67,1,324.8,3,1,2,2,One-Time Buyer,One-Time Buyer,-0.8044043429154203,-1.1723664940882095,,,"Convert: post-purchase follow-up, incentivize 2nd order"
13802,139,19,26259.11,3,5,5,1,Loyal Customer,VIP,2.7448065994911843,1.2116261030708262,0.03340673809247305,0.0,"Court: white-glove service, early access, loyalty rewards"
13803,255,3,1338.91,2,3,4,3,At Risk,At Risk,-0.0836638248046076,0.26607973174103733,0.4731896965405885,0.0,"Win back: targeted discount, re-engagement email flow"
13804,31,9,3161.12,4,5,5,4,VIP,Loyal Customer,1.5250232642541415,-0.07890447915389655,0.214262515785569,0.0,"Court: upsell/cross-sell, referral incentives"
13805,52,2,924.6,4,2,3,2,New Customer,One-Time Buyer,0.005703140726938036,-0.7962767067347493,,,"Convert: post-purchase follow-up, incentivize 2nd order"
13806,64,1,256.38,3,1,1,2,One-Time Buyer,One-Time Buyer,-0.902056783351312,-1.2476227253917607,,,"Convert: post-purchase follow-up, incentivize 2nd order"
13807,367,3,534.8,2,3,2,3,At Risk,At Risk,-0.7524725941009038,0.4910439828892253,0.6988569282852617,1.0,"Win back: targeted discount, re-engagement email flow"
13808,6,5,1747.66,5,4,4,4,VIP,Loyal Customer,0.928090229780772,-0.5441209537183945,,,"Court: upsell/cross-sell, referral incentives"
13809,305,3,679.7,2,3,3,3,At Risk,At Risk,-0.5012512940030376,0.29521597147877876,0.49737934403429546,0.0,"Win back: targeted discount, re-engagement email flow"
13810,29,2,827.51,4,2,3,2,New Customer,One-Time Buyer,0.010270608771647233,-0.9220149156161151,,,"Convert: post-purchase follow-up, incentivize 2nd order"
13811,184,2,519.75,3,2,2,2,Needs Attention,One-Time Buyer,-0.5582666098154914,-0.3967918005308685,0.5167751164970735,1.0,"Convert: post-purchase follow-up, incentivize 2nd order"
13812,42,3,485.0,4,3,2,2,Needs Attention,One-Time Buyer,-0.03600232457403484,-0.8951528493515705,,,"Convert: post-purchase follow-up, incentivize 2nd order"
13813,40,8,2387.4700000000003,4,4,4,4,VIP,Loyal Customer,1.2984747181523657,-0.1577410577769005,0.6086347313942545,1.0,"Court: upsell/cross-sell, referral incentives"
13814,92,3,2257.32,3,3,4,4,Loyal Customer,Loyal Customer,0.529177177197543,-0.277289926943331,0.5265595094790753,1.0,"Court: upsell/cross-sell, referral incentives"
13815,22,8,6737.74,4,4,5,1,VIP,VIP,1.801088074279807,0.042804394610873465,0.34247621644584325,0.0,"Court: white-glove service, early access, loyalty rewards"
13816,24,2,499.67,4,2,2,2,New Customer,One-Time Buyer,-0.20167864219788295,-1.076912348953119,,,"Convert: post-purchase follow-up, incentivize 2nd order"
13817,29,2,328.98,4,2,2,2,New Customer,One-Time Buyer,-0.3984809064727539,-1.1668775643565965,0.7351949062386817,1.0,"Convert: post-purchase follow-up, incentivize 2nd order"
13818,430,1,61.28,1,1,1,0,One-Time Buyer,Lost / Let Go,-2.387698190655123,-0.09317846833464179,0.8863245037416988,1.0,"Let go: exclude from paid marketing spend, low-cost win-back only"
13819,302,6,2642.35,2,4,4,3,Win-Back Priority,At Risk,0.5379636370375396,0.8659193835957353,0.406772465221399,0.0,"Win back: targeted discount, re-engagement email flow"
13820,418,3,652.75,1,3,3,3,At Risk,At Risk,-0.7833588191213138,0.7574194949542872,0.4915473214733265,0.0,"Win back: targeted discount, re-engagement email flow"
13821,145,6,1379.08,3,4,4,4,Loyal Customer,Loyal Customer,0.6164351738341013,0.03595067493691168,0.26607296706452727,0.0,"Court: upsell/cross-sell, referral incentives"
13822,6,2,632.0,5,2,3,2,New Customer,One-Time Buyer,-0.055468318516942935,-1.089870179829774,,,"Convert: post-purchase follow-up, incentivize 2nd order"
13823,19,7,3403.4500000000003,5,4,5,4,VIP,Loyal Customer,1.4144721113383028,-0.1981719508254042,0.3042790506099582,0.0,"Court: upsell/cross-sell, referral incentives"
13824,33,12,3314.76,4,5,5,1,VIP,VIP,1.7429281047939504,0.04635617184794135,0.05763072277039377,0.0,"Court: white-glove service, early access, loyalty rewards"
13825,622,2,255.59,1,2,1,0,Lost / Let Go,Lost / Let Go,-1.89648595619433,1.2481462391372296,0.886667163352651,1.0,"Let go: exclude from paid marketing spend, low-cost win-back only"
13826,176,1,189.5,3,1,1,2,One-Time Buyer,One-Time Buyer,-1.2974924541027912,-0.8588942837572028,,,"Convert: post-purchase follow-up, incentivize 2nd order"
13827,58,3,409.8,4,3,2,2,Needs Attention,One-Time Buyer,-0.1480456263169667,-0.8728989422222332,,,"Convert: post-purchase follow-up, incentivize 2nd order"
13828,22,1,209.49,4,1,1,2,One-Time Buyer,One-Time Buyer,-0.8931659674141836,-1.4769020179355652,,,"Convert: post-purchase follow-up, incentivize 2nd order"
13829,421,1,102.0,1,1,1,0,One-Time Buyer,Lost / Let Go,-2.143283099011589,0.002965852111656126,0.8844533134716209,1.0,"Let go: exclude from paid marketing spend, low-cost win-back only"
13830,582,1,156.85000000000002,1,1,1,0,One-Time Buyer,Lost / Let Go,-2.33011467704474,0.7903648293041436,0.9306428281919102,1.0,"Let go: exclude from paid marketing spend, low-cost win-back only"
13831,16,18,6993.54,5,5,5,1,VIP,VIP,2.4055723314852036,0.32456473092129007,0.023991205711374322,0.0,"Court: white-glove service, early access, loyalty rewards"
13832,19,2,609.89,5,2,2,2,New Customer,One-Time Buyer,-0.10164569700574014,-1.0449168068198234,0.5844638682659856,1.0,"Convert: post-purchase follow-up, incentivize 2nd order"
13833,159,2,700.41,3,2,3,2,Needs Attention,One-Time Buyer,-0.3675863693846592,-0.42221081145359507,0.6618617686636007,1.0,"Convert: post-purchase follow-up, incentivize 2nd order"
13834,577,2,324.19,1,2,2,0,Lost / Let Go,Lost / Let Go,-1.6860864072468662,1.1228232554233433,0.8395652330591047,1.0,"Let go: exclude from paid marketing spend, low-cost win-back only"
13835,25,7,1095.27,4,4,3,4,Loyal Customer,Loyal Customer,0.8973098823161124,-0.4744630037105991,0.35964340845353115,0.0,"Court: upsell/cross-sell, referral incentives"
13836,399,2,620.37,2,2,3,3,Needs Attention,At Risk,-0.982456281260997,0.5500532129963986,0.5859092026270277,1.0,"Win back: targeted discount, re-engagement email flow"
13837,212,2,266.59000000000003,2,2,1,2,Lost / Let Go,One-Time Buyer,-0.9193511183556984,-0.4566959646654534,0.45798855781482645,0.0,"Convert: post-purchase follow-up, incentivize 2nd order"
13838,6,10,1920.73,5,5,4,4,VIP,Loyal Customer,1.4355503610580624,-0.27812402259102326,0.2949564048543716,0.0,"Court: upsell/cross-sell, referral incentives"
13839,486,1,139.95000000000002,1,1,1,0,One-Time Buyer,Lost / Let Go,-2.15596547431418,0.358448161732748,0.8712821178101698,1.0,"Let go: exclude from paid marketing spend, low-cost win-back only"
13840,416,1,651.4,1,1,3,3,One-Time Buyer,At Risk,-1.311988635475008,0.47302370258096416,0.5920609323161627,1.0,"Win back: targeted discount, re-engagement email flow"
13841,253,1,85.0,2,1,1,2,One-Time Buyer,One-Time Buyer,-1.8306238616801789,-0.748156938798052,0.6900923534266997,1.0,"Convert: post-purchase follow-up, incentivize 2nd order"
13842,59,18,5629.91,4,5,5,1,VIP,VIP,2.2087602056218985,0.4468555794991932,0.024818899202385326,0.0,"Court: white-glove service, early access, loyalty rewards"
13843,381,1,319.75,2,1,2,0,One-Time Buyer,Lost / Let Go,-1.5454089073959612,0.13768881062003033,0.7405300793458687,1.0,"Let go: exclude from paid marketing spend, low-cost win-back only"
13844,11,1,361.62,5,1,2,2,One-Time Buyer,One-Time Buyer,-0.6259470640291461,-1.3782687537930172,,,"Convert: post-purchase follow-up, incentivize 2nd order"
13845,65,1,312.98,3,1,2,2,One-Time Buyer,One-Time Buyer,-0.8161367656734924,-1.1905664861920675,,,"Convert: post-purchase follow-up, incentivize 2nd order"
13846,25,4,1307.79,4,3,4,4,Loyal Customer,Loyal Customer,0.6149862261886535,-0.6141256830738966,0.24567031757039398,0.0,"Court: upsell/cross-sell, referral incentives"
13847,720,1,310.72,1,1,2,0,One-Time Buyer,Lost / Let Go,-2.350601624492143,1.5489382280230886,0.929897696069734,1.0,"Let go: exclude from paid marketing spend, low-cost win-back only"
13848,92,8,3335.0,3,4,5,4,Loyal Customer,Loyal Customer,1.3252606633503567,0.14876881676772905,0.2230168664811536,0.0,"Court: upsell/cross-sell, referral incentives"
13849,52,5,3469.3,4,4,5,4,VIP,Loyal Customer,1.124870111661873,-0.16929123728219436,0.3799614259163243,0.0,"Court: upsell/cross-sell, referral incentives"
13850,129,1,1595.48,3,1,4,2,One-Time Buyer,One-Time Buyer,-0.24369943396388655,-0.4901539808104588,,,"Convert: post-purchase follow-up, incentivize 2nd order"
13851,96,8,4606.46,3,4,5,4,Loyal Customer,Loyal Customer,1.4592812409978477,0.25139722678797943,0.13829365538506905,0.0,"Court: upsell/cross-sell, referral incentives"
13852,611,1,187.35000000000002,1,1,1,0,One-Time Buyer,Lost / Let Go,-2.319473972846377,0.9587285439016973,0.9289620485691815,1.0,"Let go: exclude from paid marketing spend, low-cost win-back only"
13853,57,1,1090.14,4,1,3,2,One-Time Buyer,One-Time Buyer,-0.24435741710609643,-0.8927287234042925,,,"Convert: post-purchase follow-up, incentivize 2nd order"
13854,9,39,12253.96,5,5,5,1,VIP,VIP,3.2427210580950545,0.7402907972331414,0.04286923114338244,0.0,"Court: white-glove service, early access, loyalty rewards"
13855,501,4,1310.3400000000001,1,3,4,3,At Risk,At Risk,-0.4969411491829295,1.3786345630303032,0.5692632516162366,1.0,"Win back: targeted discount, re-engagement email flow"
13856,169,11,1142.03,3,5,3,4,Loyal Customer,Loyal Customer,0.8906395974979441,0.3004847302430428,0.18004585654792035,0.0,"Court: upsell/cross-sell, referral incentives"
13857,393,6,1000.91,2,4,3,3,At Risk,At Risk,-0.10552445722112377,0.9887493199437363,0.5850214938786009,1.0,"Win back: targeted discount, re-engagement email flow"
13858,57,1,216.17,4,1,1,2,One-Time Buyer,One-Time Buyer,-0.9611170737940968,-1.3221036896157379,,,"Convert: post-purchase follow-up, incentivize 2nd order"
13859,326,2,515.86,2,2,2,3,Lost / Let Go,At Risk,-0.8935630389047017,0.1955383024087471,0.677152490373044,1.0,"Win back: targeted discount, re-engagement email flow"
13860,1,5,1245.9,5,4,4,4,VIP,Loyal Customer,0.7896207728135153,-0.6550003068348429,,,"Court: upsell/cross-sell, referral incentives"
13861,429,2,273.26,1,2,1,0,Lost / Let Go,Lost / Let Go,-1.4157214591059102,0.45808089217554404,0.6805678381919686,1.0,"Let go: exclude from paid marketing spend, low-cost win-back only"
13862,18,9,2556.09,5,5,4,4,VIP,Loyal Customer,1.461119609209461,-0.18980190971915764,0.12800804687825593,0.0,"Court: upsell/cross-sell, referral incentives"
13863,248,4,1239.55,2,3,4,3,At Risk,At Risk,0.06988159158934036,0.3049719367963624,0.4571927213462045,0.0,"Win back: targeted discount, re-engagement email flow"
13864,387,1,662.4000000000001,2,1,3,3,One-Time Buyer,At Risk,-1.2367685954997432,0.35609487802562273,0.7199322803929051,1.0,"Win back: targeted discount, re-engagement email flow"
13865,58,4,501.56,4,3,2,2,Needs Attention,One-Time Buyer,0.11286051968089293,-0.7305913885376514,0.25217765340423026,0.0,"Convert: post-purchase follow-up, incentivize 2nd order"
13866,74,1,145.67000000000002,3,1,1,2,One-Time Buyer,One-Time Buyer,-1.1751303164516025,-1.3553490475890317,,,"Convert: post-purchase follow-up, incentivize 2nd order"
13867,31,3,1005.09,4,3,3,4,Loyal Customer,Loyal Customer,0.3127810675599626,-0.7476583675416292,0.5833446147375354,1.0,"Court: upsell/cross-sell, referral incentives"
13868,7,2,3192.54,5,2,5,4,New Customer,Loyal Customer,0.6607815323894097,-0.6552147714815609,,,"Court: upsell/cross-sell, referral incentives"
13869,123,10,7996.87,3,5,5,1,Loyal Customer,VIP,1.7951596820794746,0.5908434270368942,0.04860953561004,0.0,"Court: white-glove service, early access, loyalty rewards"
13870,2,15,5712.08,5,5,5,1,VIP,VIP,2.216453562387471,0.14384418832891693,0.09302931148976654,0.0,"Court: white-glove service, early access, loyalty rewards"
13871,23,17,7885.85,4,5,5,1,VIP,VIP,2.400990763905476,0.36431036969519826,0.06481922846592786,0.0,"Court: white-glove service, early access, loyalty rewards"
13872,527,3,919.57,1,3,3,3,At Risk,At Risk,-0.8862093246839315,1.304663594043397,0.5901138713771148,1.0,"Win back: targeted discount, re-engagement email flow"
13873,120,8,1038.92,3,4,3,4,Loyal Customer,Loyal Customer,0.7422549491920201,-0.04407727465694808,0.20098577094857428,0.0,"Court: upsell/cross-sell, referral incentives"
13874,358,7,2049.15,2,4,4,3,Win-Back Priority,At Risk,0.3967714901429556,1.0857745787953372,0.411071628631912,0.0,"Win back: targeted discount, re-engagement email flow"
13875,54,14,4814.37,4,5,5,1,VIP,VIP,1.969416835133791,0.2903663124295078,0.056652085701964235,0.0,"Court: white-glove service, early access, loyalty rewards"
13876,64,1,122.7,3,1,1,2,One-Time Buyer,One-Time Buyer,-1.2273782388651622,-1.4425065859239967,,,"Convert: post-purchase follow-up, incentivize 2nd order"
13877,86,3,449.68,3,3,2,2,Needs Attention,One-Time Buyer,-0.1723662244649714,-0.7310646417311112,0.7597046783537457,1.0,"Convert: post-purchase follow-up, incentivize 2nd order"
13878,55,4,2416.9,4,3,4,4,Loyal Customer,Loyal Customer,0.8173822192433307,-0.32530509621615045,0.4959533124234224,0.0,"Court: upsell/cross-sell, referral incentives"
13879,646,1,395.5,1,1,2,0,One-Time Buyer,Lost / Let Go,-2.0707895194254236,1.303207445789324,0.8594957121259087,1.0,"Let go: exclude from paid marketing spend, low-cost win-back only"
13880,21,17,4391.66,4,5,5,1,VIP,VIP,2.1458059595616086,0.20027019651792535,0.047878762551380835,0.0,"Court: white-glove service, early access, loyalty rewards"
13881,4,43,45179.1,5,5,5,1,VIP,VIP,3.9069227712727046,1.1042769585825134,0.024530298527347994,0.0,"Court: white-glove service, early access, loyalty rewards"
13882,3,5,1191.13,5,4,3,4,Loyal Customer,Loyal Customer,0.765000891679457,-0.6585771671385502,,,"Court: upsell/cross-sell, referral incentives"
13883,11,14,6535.37,5,5,5,1,VIP,VIP,2.2056169607795577,0.19167085027985145,0.02271805164458713,0.0,"Court: white-glove service, early access, loyalty rewards"
13884,7,10,1825.03,5,5,4,4,VIP,Loyal Customer,1.4105319672340968,-0.287525453330844,0.20180886727655256,0.0,"Court: upsell/cross-sell, referral incentives"
13885,189,2,506.8,2,2,2,2,Lost / Let Go,One-Time Buyer,-0.5811367659192932,-0.382562963754946,0.3527083679943474,0.0,"Convert: post-purchase follow-up, incentivize 2nd order"
13886,71,1,243.56,3,1,1,2,One-Time Buyer,One-Time Buyer,-0.9411069813130485,-1.2319148620958356,,,"Convert: post-purchase follow-up, incentivize 2nd order"
13887,204,1,349.55,2,1,2,2,One-Time Buyer,One-Time Buyer,-1.0921725598134036,-0.5794938161959307,0.3632850283644365,0.0,"Convert: post-purchase follow-up, incentivize 2nd order"
13888,120,7,2001.59,3,4,4,4,Loyal Customer,Loyal Customer,0.9427457362637811,0.08341027946544867,0.22021778180071636,0.0,"Court: upsell/cross-sell, referral incentives"
13889,93,6,1991.23,3,4,4,4,Loyal Customer,Loyal Customer,0.9010014775868165,-0.08404359409665083,0.5017395207513683,1.0,"Court: upsell/cross-sell, referral incentives"
13890,1,14,2927.38,5,5,4,1,VIP,VIP,1.8724871858882948,-0.06374899856838473,0.5333075372438048,1.0,"Court: white-glove service, early access, loyalty rewards"
13891,378,3,859.21,2,3,3,3,At Risk,At Risk,-0.567988498226658,0.6630034596115388,0.5158262539611058,1.0,"Win back: targeted discount, re-engagement email flow"
13892,27,6,1267.6499999999999,4,4,4,4,VIP,Loyal Customer,0.8549151586339695,-0.4803171390653067,0.26544628806669607,0.0,"Court: upsell/cross-sell, referral incentives"
13893,298,1,821.1,2,1,3,3,One-Time Buyer,At Risk,-0.9334722407743571,0.04064471827008251,0.6771792276379819,1.0,"Win back: targeted discount, re-engagement email flow"
13894,24,3,564.62,4,3,2,2,Needs Attention,One-Time Buyer,0.07344005331012957,-0.9301365229732041,0.7131256633324718,1.0,"Convert: post-purchase follow-up, incentivize 2nd order"
13895,28,6,4008.52,4,4,5,4,VIP,Loyal Customer,1.3635043740916781,-0.1700608615794787,0.4388771043059239,0.0,"Court: upsell/cross-sell, referral incentives"
13896,626,1,388.55,1,1,2,0,One-Time Buyer,Lost / Let Go,-2.0318853075351186,1.2147961918767696,0.8903653569513232,1.0,"Let go: exclude from paid marketing spend, low-cost win-back only"
13897,50,3,1160.72,4,3,3,4,Loyal Customer,Loyal Customer,0.3322245113734487,-0.6298797841950817,0.5921339528367162,1.0,"Court: upsell/cross-sell, referral incentives"
13898,326,2,686.4,2,2,3,3,Needs Attention,At Risk,-0.766956944814759,0.2713816996546601,0.4549889246877341,0.0,"Win back: targeted discount, re-engagement email flow"
13899,16,2,388.52,5,2,2,2,New Customer,One-Time Buyer,-0.2944362403486053,-1.1771655311298337,0.549514450290193,1.0,"Convert: post-purchase follow-up, incentivize 2nd order"
13900,183,6,1610.59,3,4,4,4,Loyal Customer,Loyal Customer,0.5964553960125589,0.23624375798343097,0.2401010405780861,0.0,"Court: upsell/cross-sell, referral incentives"
13901,72,15,5676.34,3,5,5,1,Loyal Customer,VIP,2.0500213828404763,0.43515186436627257,0.05725106374041297,0.0,"Court: white-glove service, early access, loyalty rewards"
13902,632,5,34023.26,1,4,5,3,Win-Back Priority,At Risk,0.7825414319542454,2.8654247093835625,0.8913039297091835,1.0,"Win back: targeted discount, re-engagement email flow"
13903,400,1,165.45000000000002,2,1,1,0,One-Time Buyer,Lost / Let Go,-1.8810810640463804,0.042735346999934844,0.7540581391979043,1.0,"Let go: exclude from paid marketing spend, low-cost win-back only"
13904,37,2,332.64,4,2,2,2,New Customer,One-Time Buyer,-0.41228565742964074,-1.1304605713690408,0.6492541664703713,1.0,"Convert: post-purchase follow-up, incentivize 2nd order"
13905,733,1,312.65,1,1,2,0,One-Time Buyer,Lost / Let Go,-2.3782524183466047,1.6049899539846253,0.9235331225618747,1.0,"Let go: exclude from paid marketing spend, low-cost win-back only"
13906,409,1,42.0,2,1,1,0,One-Time Buyer,Lost / Let Go,-2.5030825246258246,-0.2796021372091089,0.785910770358796,1.0,"Let go: exclude from paid marketing spend, low-cost win-back only"
13907,692,1,136.8,1,1,1,0,One-Time Buyer,Lost / Let Go,-2.6475871494187926,1.21462545242331,0.9398048295808794,1.0,"Let go: exclude from paid marketing spend, low-cost win-back only"
13908,80,4,2319.55,3,3,4,4,Loyal Customer,Loyal Customer,0.7406907358509248,-0.2316011054606878,0.16472973896072013,0.0,"Court: upsell/cross-sell, referral incentives"
13909,423,2,282.85,1,2,1,0,Lost / Let Go,Lost / Let Go,-1.3864344315342385,0.44211024173582103,0.6733057686006926,1.0,"Let go: exclude from paid marketing spend, low-cost win-back only"
13911,57,20,4234.99,4,5,5,1,VIP,VIP,2.163918808721149,0.4025476721417971,0.02165830929414303,0.0,"Court: white-glove service, early access, loyalty rewards"
13912,424,1,124.95,1,1,1,0,One-Time Buyer,Lost / Let Go,-2.0609817987928816,0.06902598085759698,0.882249563901477,1.0,"Let go: exclude from paid marketing spend, low-cost win-back only"
13913,507,1,42.22,1,1,1,0,One-Time Buyer,Lost / Let Go,-2.729920809364808,0.13192281159862712,0.9175478489348388,1.0,"Let go: exclude from paid marketing spend, low-cost win-back only"
13914,12,2,626.45,5,2,3,2,New Customer,One-Time Buyer,-0.0734052233288291,-1.0671002368643,,,"Convert: post-purchase follow-up, incentivize 2nd order"
13915,394,1,70.80000000000001,2,1,1,0,One-Time Buyer,Lost / Let Go,-2.240380080711627,-0.2060178241322078,0.8602543353640141,1.0,"Let go: exclude from paid marketing spend, low-cost win-back only"
13916,464,4,1275.81,1,3,4,3,At Risk,At Risk,-0.42229085200333916,1.2166777031223373,0.6007423433157583,1.0,"Win back: targeted discount, re-engagement email flow"
13917,50,2,272.04,4,2,1,2,New Customer,One-Time Buyer,-0.5316756952001941,-1.1293652514903334,0.5181751810349758,1.0,"Convert: post-purchase follow-up, incentivize 2nd order"
13918,50,2,1212.8400000000001,4,2,3,4,New Customer,Loyal Customer,0.13074993681962888,-0.7325390898723724,0.5589733967258983,1.0,"Court: upsell/cross-sell, referral incentives"
13919,59,4,1252.68,4,3,4,4,Loyal Customer,Loyal Customer,0.5164000061093512,-0.4832651649849369,0.5476920631929434,1.0,"Court: upsell/cross-sell, referral incentives"
13920,432,4,1774.68,1,3,4,3,At Risk,At Risk,-0.2010395104136211,1.1704714248534482,0.6028494488095426,1.0,"Win back: targeted discount, re-engagement email flow"
13921,402,4,730.7,2,3,3,3,At Risk,At Risk,-0.5245481045523234,0.8090983184544553,0.5890359089896909,1.0,"Win back: targeted discount, re-engagement email flow"
13922,352,3,865.2,2,3,3,3,At Risk,At Risk,-0.5041246717586829,0.5560292179384526,0.5605311213613613,1.0,"Win back: targeted discount, re-engagement email flow"
13923,54,1,351.13,4,1,2,2,One-Time Buyer,One-Time Buyer,-0.7395061977239336,-1.2061051893530947,,,"Convert: post-purchase follow-up, incentivize 2nd order"
13924,2,6,1838.8500000000001,5,4,4,4,VIP,Loyal Customer,1.0784111575341766,-0.48607786557914373,,,"Court: upsell/cross-sell, referral incentives"
13925,93,4,678.25,3,3,3,4,Loyal Customer,Loyal Customer,0.16480548693569047,-0.5039693016044152,,,"Court: upsell/cross-sell, referral incentives"
13926,23,1,223.85000000000002,4,1,1,2,One-Time Buyer,One-Time Buyer,-0.8662013552825637,-1.4551630221495877,,,"Convert: post-purchase follow-up, incentivize 2nd order"
13927,75,2,708.26,3,2,3,2,Needs Attention,One-Time Buyer,-0.16626976597547122,-0.7708227478060152,0.6294416433817535,1.0,"Convert: post-purchase follow-up, incentivize 2nd order"
13928,11,4,464.57,5,3,2,2,Needs Attention,One-Time Buyer,0.18879151967317057,-0.947639456828268,,,"Convert: post-purchase follow-up, incentivize 2nd order"
13929,169,11,3494.1,3,5,5,1,Loyal Customer,VIP,1.3868971345542698,0.5977678728104363,0.26511323393250696,0.0,"Court: white-glove service, early access, loyalty rewards"
13930,58,2,337.34,4,2,2,2,New Customer,One-Time Buyer,-0.4551683061038529,-1.0388467591759014,,,"Convert: post-purchase follow-up, incentivize 2nd order"
13931,96,11,5257.38,3,5,5,1,Loyal Customer,VIP,1.7389159289956677,0.4008783586603634,0.0749645398659287,0.0,"Court: white-glove service, early access, loyalty rewards"
13932,295,1,307.4,2,1,2,2,One-Time Buyer,One-Time Buyer,-1.3617919746182103,-0.23269779845630542,0.7174933092226193,1.0,"Convert: post-purchase follow-up, incentivize 2nd order"
13933,109,2,608.7900000000001,3,2,2,2,Needs Attention,One-Time Buyer,-0.31284769682807045,-0.6687116703411722,,,"Convert: post-purchase follow-up, incentivize 2nd order"
13934,264,1,922.1,2,1,3,3,One-Time Buyer,At Risk,-0.8025375708351171,-0.0708374566936733,0.6158313906774803,1.0,"Win back: targeted discount, re-engagement email flow"
13935,597,3,6116.92,1,3,5,3,At Risk,At Risk,-0.20891268364184692,2.101407130556023,0.845193411536561,1.0,"Win back: targeted discount, re-engagement email flow"
13936,180,3,939.66,3,3,3,4,Loyal Customer,Loyal Customer,-0.06540804263945912,-0.1419222413394242,0.4973132323608413,0.0,"Court: upsell/cross-sell, referral incentives"
13937,169,2,880.13,3,2,3,2,Needs Attention,One-Time Buyer,-0.28968074625065793,-0.3196830241417147,0.5748361393289685,1.0,"Convert: post-purchase follow-up, incentivize 2nd order"
13938,35,1,71.66,4,1,1,2,One-Time Buyer,One-Time Buyer,-1.3958241769467066,-1.7054035465466884,,,"Convert: post-purchase follow-up, incentivize 2nd order"
13939,23,7,1560.96,4,4,4,4,VIP,Loyal Customer,1.0591763834510737,-0.3886685377204511,0.4327553613020548,0.0,"Court: upsell/cross-sell, referral incentives"
13940,17,4,839.14,5,3,3,4,Loyal Customer,Loyal Customer,0.4368648093997455,-0.7655160719857352,,,"Court: upsell/cross-sell, referral incentives"
13941,22,15,11122.300000000001,4,5,5,1,VIP,VIP,2.4655322967478805,0.4047716639094801,0.1270814089597542,0.0,"Court: white-glove service, early access, loyalty rewards"
13942,535,1,320.0,1,1,2,0,One-Time Buyer,Lost / Let Go,-1.9050837914365484,0.782445093212615,0.8092958221082821,1.0,"Let go: exclude from paid marketing spend, low-cost win-back only"
13943,578,1,246.54,1,1,1,0,One-Time Buyer,Lost / Let Go,-2.120992730905776,0.8932959930988209,0.8896250340666214,1.0,"Let go: exclude from paid marketing spend, low-cost win-back only"
13944,653,1,200.43,1,1,1,0,One-Time Buyer,Lost / Let Go,-2.3878508375127883,1.1523727111634625,0.9223220639588677,1.0,"Let go: exclude from paid marketing spend, low-cost win-back only"
13945,395,2,854.15,2,2,3,3,Needs Attention,At Risk,-0.8313113556756037,0.6182532350353314,0.5771945374043096,1.0,"Win back: targeted discount, re-engagement email flow"
13946,79,6,1876.23,3,4,4,4,Loyal Customer,Loyal Customer,0.9073311687542318,-0.15845357077227512,0.1910964922388622,0.0,"Court: upsell/cross-sell, referral incentives"
13947,65,1,90.6,3,1,1,2,One-Time Buyer,One-Time Buyer,-1.3631081960637172,-1.5182297932030249,,,"Convert: post-purchase follow-up, incentivize 2nd order"
13948,361,4,548.76,2,3,2,3,At Risk,At Risk,-0.5556350434138452,0.56145618801975,0.6153530561948153,1.0,"Win back: targeted discount, re-engagement email flow"
13949,3,6,2427.32,5,4,4,4,VIP,Loyal Customer,1.1992922547205007,-0.40807818712110205,,,"Court: upsell/cross-sell, referral incentives"
13950,11,4,745.06,5,3,3,4,Loyal Customer,Loyal Customer,0.39816019650437146,-0.8222171235519637,0.5232505985390212,1.0,"Court: upsell/cross-sell, referral incentives"
13951,176,3,674.45,3,3,3,2,Loyal Customer,One-Time Buyer,-0.20311315817367684,-0.24675787426327428,0.3214662291640465,0.0,"Convert: post-purchase follow-up, incentivize 2nd order"
13952,218,14,12823.521,2,5,5,1,Win-Back Priority,VIP,2.020943460578223,1.2373113267036084,0.11926228195896454,0.0,"Court: white-glove service, early access, loyalty rewards"
13953,7,12,6640.68,5,5,5,1,VIP,VIP,2.11215282214549,0.12230841185112541,0.13442467629782473,0.0,"Court: white-glove service, early access, loyalty rewards"
13954,2,2,439.92,5,2,2,2,New Customer,One-Time Buyer,-0.20667317950768588,-1.2027928370373888,,,"Convert: post-purchase follow-up, incentivize 2nd order"
13955,154,3,544.0699999999999,3,3,2,2,Needs Attention,One-Time Buyer,-0.24690554850817512,-0.3958802212832607,0.5779242903689258,1.0,"Convert: post-purchase follow-up, incentivize 2nd order"
13956,5,5,1019.27,5,4,3,4,Loyal Customer,Loyal Customer,0.6912047956220442,-0.6916130454325977,0.2647018225491855,0.0,"Court: upsell/cross-sell, referral incentives"
13957,418,3,458.25,1,3,2,3,At Risk,At Risk,-0.9401511653432056,0.6634930194153004,0.6790997816826762,1.0,"Win back: targeted discount, re-engagement email flow"
13958,380,8,4709.2300000000005,2,4,5,3,Win-Back Priority,At Risk,0.8051415446916669,1.4459137014416115,0.3906790633634049,0.0,"Win back: targeted discount, re-engagement email flow"
13959,79,6,1064.77,3,4,3,4,Loyal Customer,Loyal Customer,0.6559788799216337,-0.3090261923165214,0.3513026510301552,0.0,"Court: upsell/cross-sell, referral incentives"
13960,21,2,230.22,4,2,1,2,New Customer,One-Time Buyer,-0.537695150370389,-1.2949606062523278,,,"Convert: post-purchase follow-up, incentivize 2nd order"
13961,392,1,538.4,2,1,2,0,One-Time Buyer,Lost / Let Go,-1.3403318440194683,0.32198450722158234,0.7143752425883169,1.0,"Let go: exclude from paid marketing spend, low-cost win-back only"
13962,22,3,362.8,4,3,2,2,Needs Attention,One-Time Buyer,-0.11783275668489103,-1.0558902075653818,0.49643185940449785,0.0,"Convert: post-purchase follow-up, incentivize 2nd order"
13963,308,17,3011.87,2,5,5,1,Win-Back Priority,VIP,1.3074488214024587,1.3011887125740638,0.2173024222680166,0.0,"Court: white-glove service, early access, loyalty rewards"
13964,387,2,438.9,2,2,2,3,Lost / Let Go,At Risk,-1.1077535575363324,0.4079637669493529,0.7157663146352128,1.0,"Win back: targeted discount, re-engagement email flow"
13965,477,3,996.61,1,3,3,3,At Risk,At Risk,-0.7336348777384099,1.1167712686168552,0.6262462114171456,1.0,"Win back: targeted discount, re-engagement email flow"
13966,435,1,384.26,1,1,2,0,One-Time Buyer,Lost / Let Go,-1.590282824096633,0.4124425182231895,0.6424725702532086,1.0,"Let go: exclude from paid marketing spend, low-cost win-back only"
13967,146,2,166.3,3,2,1,2,Needs Attention,One-Time Buyer,-0.9735921062366804,-0.8578545651235084,0.7575012274690722,1.0,"Convert: post-purchase follow-up, incentivize 2nd order"
13968,423,1,123.66,1,1,1,0,One-Time Buyer,Lost / Let Go,-2.063215041371671,0.06210231524125796,0.7733152507476279,1.0,"Let go: exclude from paid marketing spend, low-cost win-back only"
13969,7,35,13291.05,5,5,5,1,VIP,VIP,3.2025411672311384,0.7116541310113325,0.011492901710709132,0.0,"Court: white-glove service, early access, loyalty rewards"
13970,386,2,846.55,2,2,3,3,Needs Attention,At Risk,-0.8142348546482315,0.5782103429989623,0.6086285109379,1.0,"Win back: targeted discount, re-engagement email flow"
13971,19,14,4667.57,5,5,5,1,VIP,VIP,2.037493258229263,0.13564305510454852,0.06514784986961732,0.0,"Court: white-glove service, early access, loyalty rewards"
13972,71,2,190.25,3,2,1,2,Needs Attention,One-Time Buyer,-0.7388523140034519,-1.136171763620233,0.4171185506481401,0.0,"Convert: post-purchase follow-up, incentivize 2nd order"
13973,287,1,264.7,2,1,1,2,One-Time Buyer,One-Time Buyer,-1.4092598744603233,-0.3058201809297513,0.5958110486490102,1.0,"Convert: post-purchase follow-up, incentivize 2nd order"
13974,49,2,677.72,4,2,3,2,New Customer,One-Time Buyer,-0.1250293362809147,-0.8913495382791564,0.8124049501190611,1.0,"Convert: post-purchase follow-up, incentivize 2nd order"
13975,31,12,5256.4,4,5,5,1,VIP,VIP,1.9522686479501261,0.16058996892847288,0.07270833193944562,0.0,"Court: white-glove service, early access, loyalty rewards"
13976,207,4,1192.36,2,3,3,4,At Risk,Loyal Customer,0.14851182036840466,0.12305589000617578,0.4080391553240266,0.0,"Court: upsell/cross-sell, referral incentives"
13977,411,1,519.8100000000001,1,1,2,0,One-Time Buyer,Lost / Let Go,-1.400322265690109,0.392178223046578,0.6993100346800083,1.0,"Let go: exclude from paid marketing spend, low-cost win-back only"
13978,15,2,196.79000000000002,5,2,1,2,New Customer,One-Time Buyer,-0.5930061861662059,-1.3616097376319747,,,"Convert: post-purchase follow-up, incentivize 2nd order"
13979,73,7,3373.63,3,4,5,4,Loyal Customer,Loyal Customer,1.2843247992937412,0.025498718128921405,0.35145609502427055,0.0,"Court: upsell/cross-sell, referral incentives"
13980,60,5,768.82,3,4,3,4,Loyal Customer,Loyal Customer,0.43756430023125237,-0.5363351427784407,0.5118480881049209,1.0,"Court: upsell/cross-sell, referral incentives"
13981,416,1,331.14,1,1,2,0,One-Time Buyer,Lost / Let Go,-1.6117383879014928,0.2934585741322864,0.6999434759596441,1.0,"Let go: exclude from paid marketing spend, low-cost win-back only"
13982,39,9,4382.89,4,5,5,1,VIP,VIP,1.6513752276250366,0.04147341190774571,0.21021204291333043,0.0,"Court: white-glove service, early access, loyalty rewards"
13983,30,21,7083.25,4,5,5,1,VIP,VIP,2.491103825389124,0.4448139599679272,0.009191687787437291,0.0,"Court: white-glove service, early access, loyalty rewards"
13984,27,12,2048.6,4,5,4,4,VIP,Loyal Customer,1.543368749088776,-0.10670493446530396,0.1023835209096002,0.0,"Court: upsell/cross-sell, referral incentives"
13985,4,22,10020.86,5,5,5,1,VIP,VIP,2.740052454749046,0.4459282246634449,0.060171995884773205,0.0,"Court: white-glove service, early access, loyalty rewards"
13986,17,1,320.46,5,1,2,2,One-Time Buyer,One-Time Buyer,-0.693468857747431,-1.3852026450209491,,,"Convert: post-purchase follow-up, incentivize 2nd order"
13987,380,2,682.54,2,2,3,3,Needs Attention,At Risk,-0.8956982982349909,0.49589460830702564,0.43610211044555325,0.0,"Win back: targeted discount, re-engagement email flow"
13988,20,8,4757.8,4,4,5,4,VIP,Loyal Customer,1.6513036314530065,-0.05809567819553798,0.22978094431915116,0.0,"Court: upsell/cross-sell, referral incentives"
13989,66,5,2026.06,3,4,4,4,Loyal Customer,Loyal Customer,0.8534185120254828,-0.2537025745973659,0.15371020183103717,0.0,"Court: upsell/cross-sell, referral incentives"
13990,213,1,311.3,2,1,2,2,One-Time Buyer,One-Time Buyer,-1.164512908375934,-0.5725567392632873,0.26855537731423446,0.0,"Convert: post-purchase follow-up, incentivize 2nd order"
13991,12,6,851.88,5,4,3,4,Loyal Customer,Loyal Customer,0.7136714584208156,-0.6487168165318686,,,"Court: upsell/cross-sell, referral incentives"
13992,30,3,219.5,4,3,1,2,Needs Attention,One-Time Buyer,-0.3588523948519964,-1.1555863225189618,0.7215895304021336,1.0,"Convert: post-purchase follow-up, incentivize 2nd order"
13993,43,19,6775.71,4,5,5,1,VIP,VIP,2.3678012440519955,0.4495402252442939,0.04370768196147072,0.0,"Court: white-glove service, early access, loyalty rewards"
13994,4,6,2274.14,5,4,4,4,VIP,Loyal Customer,1.1680238128422236,-0.42122370996641356,,,"Court: upsell/cross-sell, referral incentives"
13995,15,14,3902.01,5,5,5,1,VIP,VIP,1.9673206664338834,0.07126278937104165,0.0665019621189464,0.0,"Court: white-glove service, early access, loyalty rewards"
13996,386,2,845.76,2,2,3,3,Needs Attention,At Risk,-0.8146489059272803,0.5779623055260207,0.5187209074586325,1.0,"Win back: targeted discount, re-engagement email flow"
13997,519,3,376.46,1,3,2,0,At Risk,Lost / Let Go,-1.2633518758836766,1.0340495684973685,0.7481334320464655,1.0,"Let go: exclude from paid marketing spend, low-cost win-back only"
13998,447,3,566.7,1,3,2,3,At Risk,At Risk,-0.9138185111285244,0.841256998725271,0.618141440342604,1.0,"Win back: targeted discount, re-engagement email flow"
13999,10,29,9502.26,5,5,5,1,VIP,VIP,2.9065132909834848,0.562505396265441,0.01219167083026087,0.0,"Court: white-glove service, early access, loyalty rewards"
14000,211,5,2046.3400000000001,2,4,4,4,Win-Back Priority,Loyal Customer,0.5188579269123568,0.3558258598435915,0.4111231269636797,0.0,"Court: upsell/cross-sell, referral incentives"
14001,46,9,4530.09,4,5,5,1,VIP,VIP,1.6496744538068178,0.07955545262842023,0.04869906818201096,0.0,"Court: white-glove service, early access, loyalty rewards"
14002,134,2,529.73,3,2,2,2,Needs Attention,One-Time Buyer,-0.4329479976784969,-0.6010117373690979,,,"Convert: post-purchase follow-up, incentivize 2nd order"
14003,733,1,209.41,1,1,1,0,One-Time Buyer,Lost / Let Go,-2.555508790718074,1.4988045009006041,0.9388641960371458,1.0,"Let go: exclude from paid marketing spend, low-cost win-back only"
14004,43,11,6258.45,4,5,5,1,VIP,VIP,1.940196011294188,0.22540562639981265,0.10924850102611318,0.0,"Court: white-glove service, early access, loyalty rewards"
14005,10,5,2874.72,5,4,4,4,VIP,Loyal Customer,1.1396118210654402,-0.39506555132864923,0.30518789004439506,0.0,"Court: upsell/cross-sell, referral incentives"
14006,116,7,2196.67,3,4,4,4,Loyal Customer,Loyal Customer,0.9933702098895976,0.09139351159304568,0.09727263444001752,0.0,"Court: upsell/cross-sell, referral incentives"
14007,513,1,79.48,1,1,1,0,One-Time Buyer,Lost / Let Go,-2.4679060208508035,0.3223978531156585,0.9206893195252032,1.0,"Let go: exclude from paid marketing spend, low-cost win-back only"
14008,432,1,509.04,1,1,2,0,One-Time Buyer,Lost / Let Go,-1.4586940466793548,0.4745132684978176,0.7348063437526724,1.0,"Let go: exclude from paid marketing spend, low-cost win-back only"
14009,198,3,1099.91,2,3,3,4,At Risk,Loyal Customer,-0.03764136472935113,-0.02474346487425123,0.3090484545048836,0.0,"Court: upsell/cross-sell, referral incentives"
14010,565,2,445.15,1,2,2,0,Lost / Let Go,Lost / Let Go,-1.5176175582662819,1.1567144451847853,0.7831997740251779,1.0,"Let go: exclude from paid marketing spend, low-cost win-back only"
14011,480,2,457.82,1,2,2,0,Lost / Let Go,Lost / Let Go,-1.3064713462175481,0.8084050958182162,0.7324021931992992,1.0,"Let go: exclude from paid marketing spend, low-cost win-back only"
14012,278,1,328.8,2,1,2,2,One-Time Buyer,One-Time Buyer,-1.2922615291605486,-0.28600487906818484,0.5823478098706393,1.0,"Convert: post-purchase follow-up, incentivize 2nd order"
14013,110,5,1084.57,3,4,3,4,Loyal Customer,Loyal Customer,0.47328132032975295,-0.23564678935904132,0.4035920557223618,0.0,"Court: upsell/cross-sell, referral incentives"
14014,77,3,1948.21,3,3,4,4,Loyal Customer,Loyal Customer,0.49888762605185544,-0.3792225068795966,0.3895271335750574,0.0,"Court: upsell/cross-sell, referral incentives"
14015,53,1,917.34,4,1,3,2,One-Time Buyer,One-Time Buyer,-0.31155775595298363,-0.9553284606197356,,,"Convert: post-purchase follow-up, incentivize 2nd order"
14016,162,11,11303.41,3,5,5,1,Loyal Customer,VIP,1.9244509488783743,0.8806886661843535,0.046685432358765794,0.0,"Court: white-glove service, early access, loyalty rewards"
14017,571,1,229.75,1,1,1,0,One-Time Buyer,Lost / Let Go,-2.1358140112763686,0.8453164136524801,0.907541392440326,1.0,"Let go: exclude from paid marketing spend, low-cost win-back only"
14018,645,1,367.15000000000003,1,1,2,0,One-Time Buyer,Lost / Let Go,-2.1013906427519244,1.2792899974957868,0.88886246029889,1.0,"Let go: exclude from paid marketing spend, low-cost win-back only"
14019,47,3,1421.61,4,3,4,4,Loyal Customer,Loyal Customer,0.42918998334575037,-0.5885501295818079,,,"Court: upsell/cross-sell, referral incentives"
14020,17,4,1249.01,5,3,4,4,Loyal Customer,Loyal Customer,0.6132858177023056,-0.6598310438565996,0.5765046778238342,1.0,"Court: upsell/cross-sell, referral incentives"
14021,155,7,1716.58,3,4,4,4,Loyal Customer,Loyal Customer,0.7927566287767872,0.18906373247773522,0.15156835959138132,0.0,"Court: upsell/cross-sell, referral incentives"
14022,225,2,792.15,2,2,3,2,Needs Attention,One-Time Buyer,-0.4673037615845658,-0.11328099874660023,0.5225130412141703,1.0,"Convert: post-purchase follow-up, incentivize 2nd order"
14023,7,2,584.07,5,2,2,2,New Customer,One-Time Buyer,-0.09276675501737207,-1.1066279717432215,0.5280113741967412,1.0,"Convert: post-purchase follow-up, incentivize 2nd order"
14024,122,3,645.74,3,3,3,2,Loyal Customer,One-Time Buyer,-0.09615743972270413,-0.48432147039719325,0.6931695736179351,1.0,"Convert: post-purchase follow-up, incentivize 2nd order"
14025,465,8,4057.9,1,4,5,3,Win-Back Priority,At Risk,0.5403495191217619,1.7620865191924444,0.5359354929342796,1.0,"Win back: targeted discount, re-engagement email flow"
14026,471,2,713.11,1,2,3,3,Needs Attention,At Risk,-1.08901174865557,0.8884017240046534,0.6447552958848135,1.0,"Win back: targeted discount, re-engagement email flow"
14027,61,1,104.82,3,1,1,2,One-Time Buyer,One-Time Buyer,-1.2896831155891186,-1.4965878545565177,,,"Convert: post-purchase follow-up, incentivize 2nd order"
14028,550,3,10396.5,1,3,5,3,At Risk,At Risk,0.13643994097865425,2.0457561217845246,0.8224518879674576,1.0,"Win back: targeted discount, re-engagement email flow"
14029,63,2,467.66,3,2,2,2,Needs Attention,One-Time Buyer,-0.32218813409020663,-0.9312557629298334,,,"Convert: post-purchase follow-up, incentivize 2nd order"
14030,18,20,8198.3,5,5,5,1,VIP,VIP,2.5483292645723803,0.4149809931406472,0.017508514888455864,0.0,"Court: white-glove service, early access, loyalty rewards"
14031,7,44,40919.58,5,5,5,1,VIP,VIP,3.8732029881432704,1.0994258754181443,0.027703974633516645,0.0,"Court: white-glove service, early access, loyalty rewards"
14032,2,16,4850.2699999999995,5,5,5,1,VIP,VIP,2.19041465312353,0.12444517146528301,0.05628689949166766,0.0,"Court: white-glove service, early access, loyalty rewards"
14033,555,1,109.44,1,1,1,0,One-Time Buyer,Lost / Let Go,-2.425581404983626,0.5823577567894089,0.7968566732662928,1.0,"Let go: exclude from paid marketing spend, low-cost win-back only"
14034,22,3,648.89,4,3,3,2,Loyal Customer,One-Time Buyer,0.13977963591088288,-0.9015674700419323,,,"Convert: post-purchase follow-up, incentivize 2nd order"
14035,29,9,2794.75,4,5,4,4,VIP,Loyal Customer,1.4750228154734448,-0.1200289372584905,0.13759837814004786,0.0,"Court: upsell/cross-sell, referral incentives"
14036,285,1,626.65,2,1,3,2,One-Time Buyer,One-Time Buyer,-1.0229092152279426,-0.0855484506311282,0.5128668752926863,1.0,"Convert: post-purchase follow-up, incentivize 2nd order"
14037,176,6,836.95,3,4,3,4,Loyal Customer,Loyal Customer,0.32243131102706,0.03298870448528677,0.48606340166783185,0.0,"Court: upsell/cross-sell, referral incentives"
14038,78,5,3069.88,3,4,5,4,Loyal Customer,Loyal Customer,1.0097955767004358,-0.09299477723907507,0.42603862853175234,0.0,"Court: upsell/cross-sell, referral incentives"
14039,33,2,267.28000000000003,4,2,1,2,New Customer,One-Time Buyer,-0.4997419311040215,-1.205194628995771,0.839909812619023,1.0,"Convert: post-purchase follow-up, incentivize 2nd order"
14040,41,35,12523.81,4,5,5,1,VIP,VIP,3.096657773115002,0.8381432760378308,0.009127357874506253,0.0,"Court: white-glove service, early access, loyalty rewards"
14041,266,1,141.41,2,1,1,2,One-Time Buyer,One-Time Buyer,-1.6370745245813856,-0.5595952454188534,0.6642388788253422,1.0,"Convert: post-purchase follow-up, incentivize 2nd order"
14042,725,1,431.98,1,1,2,0,One-Time Buyer,Lost / Let Go,-2.216396021033027,1.6572633191370572,0.9042314004624685,1.0,"Let go: exclude from paid marketing spend, low-cost win-back only"
14043,491,2,302.6,1,2,2,0,Lost / Let Go,Lost / Let Go,-1.5155384760777721,0.7446076592217228,0.8160445752462973,1.0,"Let go: exclude from paid marketing spend, low-cost win-back only"
14044,27,10,3073.95,4,5,5,4,VIP,Loyal Customer,1.5951678283636777,-0.0652024893991558,0.16271989690328334,0.0,"Court: upsell/cross-sell, referral incentives"
14045,109,16,11313.029999999999,3,5,5,1,Loyal Customer,VIP,2.3162568474363265,0.7975159796520955,0.18323128254242857,0.0,"Court: white-glove service, early access, loyalty rewards"
14046,284,1,151.59,2,1,1,2,One-Time Buyer,One-Time Buyer,-1.648498693900882,-0.4658937511193176,0.6675074552541808,1.0,"Convert: post-purchase follow-up, incentivize 2nd order"
14047,9,14,4255.03,5,5,5,1,VIP,VIP,2.019793469071694,0.06918158052128062,0.057997428928173264,0.0,"Court: white-glove service, early access, loyalty rewards"
14048,305,3,748.69,2,3,3,3,At Risk,At Risk,-0.4583876917673311,0.32089341801183424,0.3708037316307868,0.0,"Win back: targeted discount, re-engagement email flow"
14049,17,13,13023.4,5,5,5,1,VIP,VIP,2.4447159884669647,0.37274319162773184,0.03228306804863675,0.0,"Court: white-glove service, early access, loyalty rewards"
14050,32,2,746.36,4,2,3,2,New Customer,One-Time Buyer,-0.04251188072541977,-0.9368767487910477,,,"Convert: post-purchase follow-up, incentivize 2nd order"
14051,1,37,22394.4,5,5,5,1,VIP,VIP,3.4897293340647657,0.8467898538898944,0.01424126229357456,0.0,"Court: white-glove service, early access, loyalty rewards"
14052,20,2,466.66,4,2,2,2,New Customer,One-Time Buyer,-0.22261124974166432,-1.1117953956718496,0.603401682744942,1.0,"Convert: post-purchase follow-up, incentivize 2nd order"
14053,124,4,572.3,3,3,2,4,Needs Attention,Loyal Customer,0.017038996514844723,-0.41932775497568986,0.649031893342632,1.0,"Court: upsell/cross-sell, referral incentives"
14054,65,1,92.46,3,1,1,2,One-Time Buyer,One-Time Buyer,-1.3541826480029255,-1.5128829424682473,,,"Convert: post-purchase follow-up, incentivize 2nd order"
14055,106,3,1520.96,3,3,4,4,Loyal Customer,Loyal Customer,0.32123296650955024,-0.3236571545915364,0.695751857089674,1.0,"Court: upsell/cross-sell, referral incentives"
14056,1,23,8152.71,5,5,5,1,VIP,VIP,2.6881579993868896,0.3954153652694426,0.04343255841042573,0.0,"Court: white-glove service, early access, loyalty rewards"
14057,24,22,8346.66,4,5,5,1,VIP,VIP,2.612137585315997,0.48101763251748086,0.035149220514917916,0.0,"Court: white-glove service, early access, loyalty rewards"
14058,463,2,469.19,1,2,2,3,Lost / Let Go,At Risk,-1.2558599871587408,0.74376453402131,0.7465803896854363,1.0,"Win back: targeted discount, re-engagement email flow"
14059,267,1,183.6,2,1,1,2,One-Time Buyer,One-Time Buyer,-1.5242008786104528,-0.4863924316601109,0.6676463583891326,1.0,"Convert: post-purchase follow-up, incentivize 2nd order"
14060,5,30,9519.08,5,5,5,1,VIP,VIP,2.944172415728265,0.5550803816790388,0.01383504031143486,0.0,"Court: white-glove service, early access, loyalty rewards"
14061,507,3,917.4300000000001,1,3,3,3,At Risk,At Risk,-0.8404867353390212,1.2203368900380125,0.7418672461569152,1.0,"Win back: targeted discount, re-engagement email flow"
14062,10,24,25585.65,5,5,5,1,VIP,VIP,3.2062375521694193,0.7534845334024438,0.039030380173311376,0.0,"Court: white-glove service, early access, loyalty rewards"
14063,687,7,9471.5,1,4,5,3,Win-Back Priority,At Risk,0.307180003232514,2.8698465932916233,0.9005448661910959,1.0,"Win back: targeted discount, re-engagement email flow"
14064,29,15,3260.24,4,5,5,1,VIP,VIP,1.9044001135414763,0.10772624556861209,0.04724961564233973,0.0,"Court: white-glove service, early access, loyalty rewards"
14065,389,3,891.02,2,3,3,3,At Risk,At Risk,-0.5775814825205854,0.7187010360412428,0.5801914222522497,1.0,"Win back: targeted discount, re-engagement email flow"
14066,267,1,152.55,2,1,1,2,One-Time Buyer,One-Time Buyer,-1.6059714741742583,-0.5353771176419309,0.7147126526296351,1.0,"Convert: post-purchase follow-up, incentivize 2nd order"
14067,64,2,374.7,3,2,2,2,Needs Attention,One-Time Buyer,-0.4226899480435626,-0.9858755463840693,,,"Convert: post-purchase follow-up, incentivize 2nd order"
14068,320,4,1516.72,2,3,4,3,At Risk,At Risk,-0.008903859974377327,0.6599560794250715,0.5978551669745714,1.0,"Win back: targeted discount, re-engagement email flow"
14069,515,2,225.81,1,2,1,0,Lost / Let Go,Lost / Let Go,-1.701117360485637,0.7674967967810894,0.7011440426761213,1.0,"Let go: exclude from paid marketing spend, low-cost win-back only"
14070,685,1,321.6,1,1,2,0,One-Time Buyer,Lost / Let Go,-2.2535457979553155,1.4115750861250442,0.8395729777375965,1.0,"Let go: exclude from paid marketing spend, low-cost win-back only"
14071,4,8,1422.75,5,4,4,4,VIP,Loyal Customer,1.152924482435634,-0.4460232343985747,0.3212671513666378,0.0,"Court: upsell/cross-sell, referral incentives"
14072,667,1,390.85,1,1,2,0,One-Time Buyer,Lost / Let Go,-2.1251211866822333,1.3879627219011044,0.9327421783171838,1.0,"Let go: exclude from paid marketing spend, low-cost win-back only"
14073,32,1,151.04,4,1,1,2,One-Time Buyer,One-Time Buyer,-1.0609770015835809,-1.5215708263622771,,,"Convert: post-purchase follow-up, incentivize 2nd order"
14074,623,1,219.39999999999998,1,1,1,0,One-Time Buyer,Lost / Let Go,-2.2777553204667,1.050750204357933,0.8837680470123288,1.0,"Let go: exclude from paid marketing spend, low-cost win-back only"
14075,5,5,1724.87,5,4,4,4,VIP,Loyal Customer,0.9246033164746746,-0.551795630948118,0.2736399549422199,0.0,"Court: upsell/cross-sell, referral incentives"
14076,129,1,118.67,3,1,1,2,One-Time Buyer,One-Time Buyer,-1.3940411803221837,-1.1792663546242261,,,"Convert: post-purchase follow-up, incentivize 2nd order"
14077,41,6,615.0799999999999,4,4,3,4,Loyal Customer,Loyal Customer,0.5014655681383997,-0.6138493835437735,0.31812334882844356,0.0,"Court: upsell/cross-sell, referral incentives"
14078,102,9,1688.06,3,5,4,4,Loyal Customer,Loyal Customer,1.080615891976188,0.05146796262918652,0.13082070338346674,0.0,"Court: upsell/cross-sell, referral incentives"
14079,125,1,375.1,3,1,2,2,One-Time Buyer,One-Time Buyer,-0.8762498961680848,-0.8914267834658108,,,"Convert: post-purchase follow-up, incentivize 2nd order"
14080,33,5,1115.68,4,4,3,4,Loyal Customer,Loyal Customer,0.6658370618565405,-0.5504060316702796,0.4796266497785541,0.0,"Court: upsell/cross-sell, referral incentives"
14081,302,10,5291.09,2,5,5,1,Win-Back Priority,VIP,1.1933358758975103,1.2301864000327591,0.17291010741872892,0.0,"Court: white-glove service, early access, loyalty rewards"
14082,365,2,413.36,2,2,2,3,Lost / Let Go,At Risk,-1.082879081550495,0.299976315191718,0.6879723362958589,1.0,"Win back: targeted discount, re-engagement email flow"
14083,4,11,1376.2,5,5,4,4,VIP,Loyal Customer,1.359125707354161,-0.3405324282012668,0.2367729722220388,0.0,"Court: upsell/cross-sell, referral incentives"
14084,512,1,150.5,1,1,1,0,One-Time Buyer,Lost / Let Go,-2.184699598683696,0.48646685604877893,0.850341883646504,1.0,"Let go: exclude from paid marketing spend, low-cost win-back only"
14085,2,32,10013.72,5,5,5,1,VIP,VIP,3.021696184893255,0.5808442379574581,0.009486337129792122,0.0,"Court: white-glove service, early access, loyalty rewards"
14086,463,1,39.95,1,1,1,0,One-Time Buyer,Lost / Let Go,-2.6510125839004397,-0.06658422531191598,0.8385877086205241,1.0,"Let go: exclude from paid marketing spend, low-cost win-back only"
14087,3,3,829.47,5,3,3,4,Loyal Customer,Loyal Customer,0.29306329990444907,-0.9158738568349606,0.470856669731052,0.0,"Court: upsell/cross-sell, referral incentives"
14088,10,16,64036.8,5,5,5,1,VIP,VIP,3.3173539724897627,0.844225049180745,0.06944213844267559,0.0,"Court: white-glove service, early access, loyalty rewards"
14089,57,1,158.75,4,1,1,2,One-Time Buyer,One-Time Buyer,-1.097458486497938,-1.4037790307523208,,,"Convert: post-purchase follow-up, incentivize 2nd order"
14090,325,1,76.32000000000001,2,1,1,0,One-Time Buyer,Lost / Let Go,-2.0461852566928913,-0.47510844300571986,0.8288418445969123,1.0,"Let go: exclude from paid marketing spend, low-cost win-back only"
14091,654,2,9530.08,1,2,5,3,Needs Attention,At Risk,-0.3662836940934835,2.3435610280811314,0.8851263910673198,1.0,"Win back: targeted discount, re-engagement email flow"
14092,8,24,7229.45,5,5,5,1,VIP,VIP,2.6497905728845805,0.4089732148711109,0.0208513809767055,0.0,"Court: white-glove service, early access, loyalty rewards"
14093,12,1,433.86,5,1,2,2,One-Time Buyer,One-Time Buyer,-0.5476226803443319,-1.3257626801316178,,,"Convert: post-purchase follow-up, incentivize 2nd order"
14094,440,1,311.77,1,1,2,0,One-Time Buyer,Lost / Let Go,-1.6945252343049155,0.37792529552067045,0.7011557374072959,1.0,"Let go: exclude from paid marketing spend, low-cost win-back only"
14095,723,1,2.95,1,1,1,0,One-Time Buyer,Lost / Let Go,-4.297210962711691,0.3995791730904508,0.8363317182621235,1.0,"Let go: exclude from paid marketing spend, low-cost win-back only"
14096,4,17,53258.43,5,5,5,1,VIP,VIP,3.293452681569982,0.7928088125723617,,,"Court: white-glove service, early access, loyalty rewards"
14097,481,2,422.85999999999996,1,2,2,0,Lost / Let Go,Lost / Let Go,-1.3439988194606085,0.7915100994140992,0.750258060230204,1.0,"Let go: exclude from paid marketing spend, low-cost win-back only"
14098,37,1,147.35,4,1,1,2,One-Time Buyer,One-Time Buyer,-1.0835749309643061,-1.5071789121322428,,,"Convert: post-purchase follow-up, incentivize 2nd order"
14099,16,20,5750.91,5,5,5,1,VIP,VIP,2.395596888748131,0.3123149606860292,0.041461089575764824,0.0,"Court: white-glove service, early access, loyalty rewards"
14100,138,1,191.95000000000002,3,1,1,2,One-Time Buyer,One-Time Buyer,-1.202982229164608,-1.0145398926974032,,,"Convert: post-purchase follow-up, incentivize 2nd order"
14101,74,13,9961.93,3,5,5,1,Loyal Customer,VIP,2.1924883625547134,0.5400391566421134,0.03457039353289973,0.0,"Court: white-glove service, early access, loyalty rewards"
14102,5,5,1105.8799999999999,5,4,3,4,Loyal Customer,Loyal Customer,0.7273815809170389,-0.6699413374636339,,,"Court: upsell/cross-sell, referral incentives"
14104,155,5,740.53,3,4,3,4,Loyal Customer,Loyal Customer,0.19884942144623297,-0.14868239326053123,0.45916978622817417,0.0,"Court: upsell/cross-sell, referral incentives"
14105,239,5,5988.83,2,4,5,4,Win-Back Priority,Loyal Customer,0.9300507956517358,0.7585545597118797,0.33183349747277163,0.0,"Court: upsell/cross-sell, referral incentives"
14106,737,1,214.79999999999998,1,1,1,0,One-Time Buyer,Lost / Let Go,-2.553629246175428,1.5222738077331652,0.8491793475316791,1.0,"Let go: exclude from paid marketing spend, low-cost win-back only"
14107,52,11,4877.3,4,5,5,1,VIP,VIP,1.8084668585270425,0.196765832395655,0.11311667048184836,0.0,"Court: white-glove service, early access, loyalty rewards"
14108,31,4,1044.96,4,3,3,4,Loyal Customer,Loyal Customer,0.5014272985311493,-0.6486381254175042,0.6215048541914018,1.0,"Court: upsell/cross-sell, referral incentives"
14109,73,1,144.2,3,1,1,2,One-Time Buyer,One-Time Buyer,-1.1772650300651584,-1.3622136894158434,,,"Convert: post-purchase follow-up, incentivize 2nd order"
14110,4,33,12987.95,5,5,5,1,VIP,VIP,3.155410766852108,0.6702462514310024,0.015687103120270076,0.0,"Court: white-glove service, early access, loyalty rewards"
14111,14,4,692.85,5,3,3,4,Loyal Customer,Loyal Customer,0.35893399011379384,-0.828958063556516,0.6523626519867847,1.0,"Court: upsell/cross-sell, referral incentives"
14112,23,13,5834.59,4,5,5,1,VIP,VIP,2.0742185054420585,0.18431167404058174,0.056474474077074295,0.0,"Court: white-glove service, early access, loyalty rewards"
14113,4,16,7092.610000000001,5,5,5,1,VIP,VIP,2.354441255123619,0.2338770115897183,0.2543790663892563,0.0,"Court: white-glove service, early access, loyalty rewards"
14114,274,7,1364.09,2,4,4,3,Win-Back Priority,At Risk,0.4125720918262245,0.6260292573123665,0.3476922696065673,0.0,"Win back: targeted discount, re-engagement email flow"
14115,502,2,622.6700000000001,1,2,3,3,Needs Attention,At Risk,-1.2216089690004779,0.9821304238590567,0.616144714829598,1.0,"Win back: targeted discount, re-engagement email flow"
14116,20,5,1382.74,4,4,4,4,VIP,Loyal Customer,0.7914368573548947,-0.5477813953688694,,,"Court: upsell/cross-sell, referral incentives"
14117,144,1,90.0,3,1,1,2,One-Time Buyer,One-Time Buyer,-1.5507121106446273,-1.1893324755972636,,,"Convert: post-purchase follow-up, incentivize 2nd order"
14118,429,1,458.45,1,1,2,0,One-Time Buyer,Lost / Let Go,-1.498061202948776,0.43417284430769093,0.7661336126814735,1.0,"Let go: exclude from paid marketing spend, low-cost win-back only"
14119,376,2,183.37,2,2,1,0,Lost / Let Go,Lost / Let Go,-1.4681475857092108,0.13062542224499124,0.6233157081940536,1.0,"Let go: exclude from paid marketing spend, low-cost win-back only"
14121,4,4,2780.15,5,3,4,4,Loyal Customer,Loyal Customer,0.9987553942895943,-0.5015313811592668,,,"Court: upsell/cross-sell, referral incentives"
14122,406,3,362.42,2,3,2,3,At Risk,At Risk,-1.016011026901644,0.5510190631291256,0.6905825009599126,1.0,"Win back: targeted discount, re-engagement email flow"
14123,733,1,436.18,1,1,2,0,One-Time Buyer,Lost / Let Go,-2.230812191379453,1.6933140412592327,0.8955614567678553,1.0,"Let go: exclude from paid marketing spend, low-cost win-back only"
14124,84,1,419.58000000000004,3,1,2,2,One-Time Buyer,One-Time Buyer,-0.7307692447054996,-1.0332960757921759,,,"Convert: post-purchase follow-up, incentivize 2nd order"
14125,11,3,2720.63,5,3,4,4,Loyal Customer,Loyal Customer,0.8013948435236673,-0.5666710481985014,,,"Court: upsell/cross-sell, referral incentives"
14126,8,4,1172.46,5,3,3,4,Loyal Customer,Loyal Customer,0.6062670122620547,-0.7143082323881099,0.5957097904610885,1.0,"Court: upsell/cross-sell, referral incentives"
14127,123,6,1900.0800000000002,3,4,4,4,Loyal Customer,Loyal Customer,0.8100736046696407,0.029061292434649576,0.12420974499708289,0.0,"Court: upsell/cross-sell, referral incentives"
14128,61,3,924.21,3,3,3,4,Loyal Customer,Loyal Customer,0.20543665370370734,-0.644387812009924,0.5140975008484882,1.0,"Court: upsell/cross-sell, referral incentives"
14129,2,9,2591.34,5,5,4,4,VIP,Loyal Customer,1.5046032923922426,-0.2531264653260614,0.14261463157713186,0.0,"Court: upsell/cross-sell, referral incentives"
14130,319,4,1858.77,2,3,4,3,At Risk,At Risk,0.08367553988416854,0.7098299396782296,0.46783063047527784,0.0,"Win back: targeted discount, re-engagement email flow"
14131,649,1,168.22,1,1,1,0,One-Time Buyer,Lost / Let Go,-2.455864453088431,1.0892857804171452,0.8900541109529831,1.0,"Let go: exclude from paid marketing spend, low-cost win-back only"
14132,2,11,3586.0299999999997,5,5,5,1,VIP,VIP,1.7888368876704228,-0.09428557206850889,0.24865896853860217,0.0,"Court: white-glove service, early access, loyalty rewards"
14133,130,4,911.14,3,3,3,4,Loyal Customer,Loyal Customer,0.20920214504700546,-0.27069734753810404,0.5140204168829708,1.0,"Court: upsell/cross-sell, referral incentives"
14134,383,15,11123.35,2,5,5,1,Win-Back Priority,VIP,1.6216293013633825,1.915720193888827,0.41270406273869464,0.0,"Court: white-glove service, early access, loyalty rewards"
14135,2,24,9643.92,5,5,5,1,VIP,VIP,2.791749149495591,0.46049847063975846,0.01232825385157087,0.0,"Court: white-glove service, early access, loyalty rewards"
14136,401,5,1570.81,2,4,4,3,Win-Back Priority,At Risk,-0.04268069571885296,1.0807459322489554,0.5457931680232885,1.0,"Win back: targeted discount, re-engagement email flow"
14137,696,1,332.7,1,1,2,0,One-Time Buyer,Lost / Let Go,-2.2642411578102952,1.466612284330524,0.9166020274611596,1.0,"Let go: exclude from paid marketing spend, low-cost win-back only"
14138,2,2,965.8800000000001,5,2,3,2,New Customer,One-Time Buyer,0.14196602965935343,-0.993940473125333,,,"Convert: post-purchase follow-up, incentivize 2nd order"
14139,46,4,1086.8,4,3,3,4,Loyal Customer,Loyal Customer,0.4837752627055157,-0.5754249594352169,0.4724497564899059,0.0,"Court: upsell/cross-sell, referral incentives"
14140,4,2,935.05,5,2,3,2,New Customer,One-Time Buyer,0.12290216403194648,-0.9941890016121209,,,"Convert: post-purchase follow-up, incentivize 2nd order"
14141,3,4,915.13,5,3,3,4,Loyal Customer,Loyal Customer,0.5080404277213592,-0.8010800875069031,,,"Court: upsell/cross-sell, referral incentives"
14142,373,2,983.15,2,2,3,3,Needs Attention,At Risk,-0.717496180755776,0.563545720622479,0.6198427094394109,1.0,"Win back: targeted discount, re-engagement email flow"
14143,134,1,115.8,3,1,1,2,One-Time Buyer,One-Time Buyer,-1.4165083881635345,-1.164796131638909,,,"Convert: post-purchase follow-up, incentivize 2nd order"
14144,486,1,30.599999999999998,1,1,1,0,One-Time Buyer,Lost / Let Go,-2.819866201875485,-0.03926165606252789,0.9113999960692906,1.0,"Let go: exclude from paid marketing spend, low-cost win-back only"
14145,47,7,7600.05,4,4,5,1,VIP,VIP,1.7056415902470883,0.13265672164565723,0.20369705057628607,0.0,"Court: white-glove service, early access, loyalty rewards"
14146,9,12,9450.3,5,5,5,1,VIP,VIP,2.2641173070283713,0.22451443913674743,0.05017883429667866,0.0,"Court: white-glove service, early access, loyalty rewards"
14147,78,9,2590.2,3,5,4,4,Loyal Customer,Loyal Customer,1.3267353823620331,0.06484568300980423,0.12805110313388024,0.0,"Court: upsell/cross-sell, referral incentives"
14148,234,2,466.29,2,2,2,2,Lost / Let Go,One-Time Buyer,-0.7232513453143424,-0.21633386008754765,0.5689240241612439,1.0,"Convert: post-purchase follow-up, incentivize 2nd order"
14149,221,1,446.62,2,1,2,2,One-Time Buyer,One-Time Buyer,-1.0233814483464019,-0.4433251887926492,0.4198729407102608,0.0,"Convert: post-purchase follow-up, incentivize 2nd order"
14150,36,2,658.64,4,2,3,2,New Customer,One-Time Buyer,-0.10729858132327996,-0.9533438648410444,0.6973526439037343,1.0,"Convert: post-purchase follow-up, incentivize 2nd order"
14151,673,2,679.45,1,2,3,0,Needs Attention,Lost / Let Go,-1.5826846944925252,1.7210068352662262,0.8384356861814021,1.0,"Let go: exclude from paid marketing spend, low-cost win-back only"
14152,75,7,1997.3400000000001,3,4,4,4,Loyal Customer,Loyal Customer,1.0470033287714866,-0.10549705715486256,0.11699618742481266,0.0,"Court: upsell/cross-sell, referral incentives"
14153,483,1,233.4,1,1,1,0,One-Time Buyer,Lost / Let Go,-1.9231195003733494,0.48117704884625134,0.8517805547473594,1.0,"Let go: exclude from paid marketing spend, low-cost win-back only"
14154,239,8,6460.7,2,4,5,1,Win-Back Priority,VIP,1.2751463626743407,0.9398665178681309,0.09472138477923092,0.0,"Court: white-glove service, early access, loyalty rewards"
14155,266,1,118.75,2,1,1,2,One-Time Buyer,One-Time Buyer,-1.714022719281991,-0.6056910715319936,0.7825890485950648,1.0,"Convert: post-purchase follow-up, incentivize 2nd order"
14156,10,144,303392.08,5,5,5,1,VIP,VIP,5.654411701869383,2.10986789271905,0.023885708494387977,0.0,"Court: white-glove service, early access, loyalty rewards"
14157,20,5,978.69,4,4,3,4,Loyal Customer,Loyal Customer,0.638117192163397,-0.6396275608817887,0.3119383928230755,0.0,"Court: upsell/cross-sell, referral incentives"
14158,40,1,507.66,4,1,2,2,One-Time Buyer,One-Time Buyer,-0.5434803821674575,-1.1668776778693517,,,"Convert: post-purchase follow-up, incentivize 2nd order"
14159,20,20,7849.58,4,5,5,1,VIP,VIP,2.524356513782084,0.4117917963541239,0.04501376949651159,0.0,"Court: white-glove service, early access, loyalty rewards"
14160,610,7,8421.47,1,4,5,3,Win-Back Priority,At Risk,0.43502414192622346,2.516321856828087,0.8507858398066469,1.0,"Win back: targeted discount, re-engagement email flow"
14161,216,7,3280.08,2,4,5,4,Win-Back Priority,Loyal Customer,0.9375373594346824,0.6165309709189382,0.2469789569450156,0.0,"Court: upsell/cross-sell, referral incentives"
14162,174,2,289.36,3,2,2,2,Needs Attention,One-Time Buyer,-0.7942547201284695,-0.5940189224910445,0.5602791022860345,1.0,"Convert: post-purchase follow-up, incentivize 2nd order"
14163,87,5,2594.62,3,4,4,4,Loyal Customer,Loyal Customer,0.9141006022826216,-0.10004829198374547,0.3323988611792165,0.0,"Court: upsell/cross-sell, referral incentives"
14164,71,2,1631.77,3,2,4,4,Needs Attention,Loyal Customer,0.21329943263513745,-0.5657851350950827,,,"Court: upsell/cross-sell, referral incentives"
14165,276,1,120.44,2,1,1,2,One-Time Buyer,One-Time Buyer,-1.7311783450840506,-0.5601097378452317,0.6605693772346307,1.0,"Convert: post-purchase follow-up, incentivize 2nd order"
14166,505,2,251.15,1,2,1,0,Lost / Let Go,Lost / Let Go,-1.6307139366220271,0.7538135634968507,0.7427533856662074,1.0,"Let go: exclude from paid marketing spend, low-cost win-back only"
14167,39,8,1274.29,4,4,4,4,VIP,Loyal Customer,1.0222072298371525,-0.3288249741913306,0.3257579162605979,0.0,"Court: upsell/cross-sell, referral incentives"
14168,421,2,370.45,1,2,2,0,Lost / Let Go,Lost / Let Go,-1.262334993506325,0.5052803436254196,0.699855322578961,1.0,"Let go: exclude from paid marketing spend, low-cost win-back only"
14169,431,2,613.11,1,2,3,3,Needs Attention,At Risk,-1.0624840628401104,0.6808594833853915,0.6458129065237403,1.0,"Win back: targeted discount, re-engagement email flow"
14170,375,3,570.18,2,3,2,3,At Risk,At Risk,-0.7427836351165469,0.5415348858940043,0.5476264877694274,1.0,"Win back: targeted discount, re-engagement email flow"
14171,98,2,498.79,3,2,2,2,Needs Attention,One-Time Buyer,-0.37545675230311687,-0.7676618881506285,0.8722805384354575,1.0,"Convert: post-purchase follow-up, incentivize 2nd order"
14172,605,3,369.02,1,3,2,0,At Risk,Lost / Let Go,-1.4732415534854744,1.388697486345973,0.7982313910428264,1.0,"Let go: exclude from paid marketing spend, low-cost win-back only"
14173,11,6,586.0,5,4,2,4,Needs Attention,Loyal Customer,0.5501308615695218,-0.7522716738512351,0.31644328962457885,0.0,"Court: upsell/cross-sell, referral incentives"
14174,33,1,134.46,4,1,1,2,One-Time Buyer,One-Time Buyer,-1.1145830746945165,-1.548097710123025,,,"Convert: post-purchase follow-up, incentivize 2nd order"
14175,60,8,7678.88,3,4,5,1,Loyal Customer,VIP,1.7702972381843718,0.23662111178251588,0.20248548700348892,0.0,"Court: white-glove service, early access, loyalty rewards"
14176,297,5,916.01,2,4,3,3,At Risk,At Risk,-0.038809500524290455,0.5021374711059119,0.5085100645336493,1.0,"Win back: targeted discount, re-engagement email flow"
14177,86,13,2209.69,3,5,4,1,Loyal Customer,VIP,1.4959526114572574,0.18980942000775242,0.3831730628609762,0.0,"Court: white-glove service, early access, loyalty rewards"
14178,9,7,1580.26,5,4,4,4,VIP,Loyal Customer,1.0973582018991281,-0.4439974933770028,0.24396212098031575,0.0,"Court: upsell/cross-sell, referral incentives"
14179,41,2,701.57,4,2,3,2,New Customer,One-Time Buyer,-0.090992564058765,-0.915646536278011,,,"Convert: post-purchase follow-up, incentivize 2nd order"
14180,11,33,6319.25,5,5,5,1,VIP,VIP,2.8192100279875145,0.5079460442818923,0.08545963322828014,0.0,"Court: white-glove service, early access, loyalty rewards"
14181,411,2,308.35,1,2,2,0,Lost / Let Go,Lost / Let Go,-1.32018409076336,0.4147674207668965,0.6648564655117366,1.0,"Let go: exclude from paid marketing spend, low-cost win-back only"
14182,444,4,678.77,1,3,3,3,At Risk,At Risk,-0.655421664245957,0.9653038323751031,0.6152609025439496,1.0,"Win back: targeted discount, re-engagement email flow"
14183,411,2,278.34000000000003,1,2,1,0,Lost / Let Go,Lost / Let Go,-1.365492190267374,0.3876255978251108,0.6751887107002036,1.0,"Let go: exclude from paid marketing spend, low-cost win-back only"
14184,67,1,452.89,3,1,2,2,One-Time Buyer,One-Time Buyer,-0.6571843937576909,-1.0841743642641857,,,"Convert: post-purchase follow-up, incentivize 2nd order"
14185,331,1,197.65,2,1,1,0,One-Time Buyer,Lost / Let Go,-1.6412505983482888,-0.19901723474875546,0.8201829378459728,1.0,"Let go: exclude from paid marketing spend, low-cost win-back only"
14186,427,5,1550.63,1,4,4,3,Win-Back Priority,At Risk,-0.1092008153515812,1.186128921153807,0.6182600642377778,1.0,"Win back: targeted discount, re-engagement email flow"
14187,474,1,123.5,1,1,1,0,One-Time Buyer,Lost / Let Go,-2.1830129602384947,0.2752152654630486,0.9111078035910726,1.0,"Let go: exclude from paid marketing spend, low-cost win-back only"
14188,31,6,2054.36,4,4,4,4,VIP,Loyal Customer,1.059796346574545,-0.33523967116851966,0.28804416400168176,0.0,"Court: upsell/cross-sell, referral incentives"
14189,2,16,5814.39,5,5,5,1,VIP,VIP,2.270898627254158,0.1726591067090517,0.042949656088285194,0.0,"Court: white-glove service, early access, loyalty rewards"
14190,666,1,79.9,1,1,1,0,One-Time Buyer,Lost / Let Go,-2.823277932925541,0.9641459902709043,0.8657119228579487,1.0,"Let go: exclude from paid marketing spend, low-cost win-back only"
14191,2,15,4817.66,5,5,5,1,VIP,VIP,2.1408558521594805,0.09855737011596684,0.26236308709291595,0.0,"Court: white-glove service, early access, loyalty rewards"
14192,388,1,293.74,2,1,2,0,One-Time Buyer,Lost / Let Go,-1.599322453943127,0.14449278299923266,0.705862510482721,1.0,"Let go: exclude from paid marketing spend, low-cost win-back only"
14193,68,3,1210.19,3,3,3,4,Loyal Customer,Loyal Customer,0.3086599975498277,-0.5434509648607369,0.4091059674928403,0.0,"Court: upsell/cross-sell, referral incentives"
14194,5,36,18670.59,5,5,5,1,VIP,VIP,3.379151205792769,0.8045631423402084,0.013822769743870623,0.0,"Court: white-glove service, early access, loyalty rewards"
14195,202,6,2615.6,2,4,4,4,Win-Back Priority,Loyal Customer,0.7672272660570405,0.4446756548828206,0.29430358223271946,0.0,"Court: upsell/cross-sell, referral incentives"
14196,107,1,335.52,3,1,2,2,One-Time Buyer,One-Time Buyer,-0.8835420093481394,-0.9963402692479347,,,"Convert: post-purchase follow-up, incentivize 2nd order"
14197,411,1,390.05,1,1,2,0,One-Time Buyer,Lost / Let Go,-1.5275524309328983,0.3159609758948191,0.7156774381025012,1.0,"Let go: exclude from paid marketing spend, low-cost win-back only"
14198,18,9,1569.73,5,5,4,4,VIP,Loyal Customer,1.2447419037311693,-0.31942300252445927,0.2546409199267796,0.0,"Court: upsell/cross-sell, referral incentives"
14199,218,4,1091.7,2,3,3,4,At Risk,Loyal Customer,0.08366962936538566,0.14565642192092657,0.4391258023747706,0.0,"Court: upsell/cross-sell, referral incentives"
14200,617,1,379.2,1,1,2,0,One-Time Buyer,Lost / Let Go,-2.0216321913477584,1.1706657502583468,0.8659574298011541,1.0,"Let go: exclude from paid marketing spend, low-cost win-back only"
14201,60,10,1193.54,3,5,3,4,Loyal Customer,Loyal Customer,1.0981996291855056,-0.17857858942165264,0.22941351420161188,0.0,"Court: upsell/cross-sell, referral incentives"
14202,381,3,847.76,2,3,3,3,At Risk,At Risk,-0.5809516231310117,0.6719954220109293,0.5511151170720467,1.0,"Win back: targeted discount, re-engagement email flow"
14203,397,1,339.34,2,1,2,0,One-Time Buyer,Lost / Let Go,-1.5564915457868722,0.22042321635300038,0.7322457468525202,1.0,"Let go: exclude from paid marketing spend, low-cost win-back only"
14204,2,4,1024.83,5,3,3,4,Loyal Customer,Loyal Customer,0.560595000471732,-0.775183105174863,0.58228268353031,1.0,"Court: upsell/cross-sell, referral incentives"
14205,17,9,2414.2,5,5,4,4,VIP,Loyal Customer,1.4381100226437935,-0.2091716469218698,0.09822673363368542,0.0,"Court: upsell/cross-sell, referral incentives"
14206,239,3,1185.01,2,3,3,3,At Risk,At Risk,-0.10043135269471794,0.1666616802499438,0.2986445332109421,0.0,"Win back: targeted discount, re-engagement email flow"
14207,688,1,157.8,1,1,1,0,One-Time Buyer,Lost / Let Go,-2.5752570239308845,1.2356114581416362,0.9414872661853728,1.0,"Let go: exclude from paid marketing spend, low-cost win-back only"
14208,95,2,567.05,3,2,2,2,Needs Attention,One-Time Buyer,-0.31160093835426217,-0.7461665785126027,0.6101274421762922,1.0,"Convert: post-purchase follow-up, incentivize 2nd order"
14209,11,15,4993.27,5,5,5,1,VIP,VIP,2.1357090736726803,0.1457467640026763,0.08670922615582592,0.0,"Court: white-glove service, early access, loyalty rewards"
14210,106,16,5861.52,3,5,5,1,Loyal Customer,VIP,2.03135157382263,0.6100859141092722,0.02196634716668447,0.0,"Court: white-glove service, early access, loyalty rewards"
14211,53,18,4402.29,4,5,5,1,VIP,VIP,2.113597182899535,0.3563331101318681,0.03465394550123511,0.0,"Court: white-glove service, early access, loyalty rewards"
14212,90,2,2190.14,3,2,4,4,Needs Attention,Loyal Customer,0.29948329431562365,-0.4080256956844571,0.4658613797205651,0.0,"Court: upsell/cross-sell, referral incentives"
14213,405,1,1192.2,2,1,3,3,One-Time Buyer,At Risk,-1.018209729091764,0.5875677399980954,0.7978833510702176,1.0,"Win back: targeted discount, re-engagement email flow"
14214,31,5,1004.38,4,4,3,4,Loyal Customer,Loyal Customer,0.6238943929695551,-0.5867034756742354,0.47063113913609944,0.0,"Court: upsell/cross-sell, referral incentives"
14215,12,9,3416.33,5,5,5,4,VIP,Loyal Customer,1.6039038499380798,-0.1377820397527212,0.13862067142421902,0.0,"Court: upsell/cross-sell, referral incentives"
14216,3,5,2150.04,5,4,4,4,VIP,Loyal Customer,1.0270582263174204,-0.5015916865025826,0.7098855927548801,1.0,"Court: upsell/cross-sell, referral incentives"
14217,2,23,3416.89,5,5,5,1,VIP,VIP,2.2997784154796497,0.16834236602158864,0.07549913822198506,0.0,"Court: white-glove service, early access, loyalty rewards"
14218,43,1,169.48000000000002,4,1,1,2,One-Time Buyer,One-Time Buyer,-1.03586535633823,-1.4450834370618766,,,"Convert: post-purchase follow-up, incentivize 2nd order"
14219,4,3,633.83,5,3,3,2,Loyal Customer,One-Time Buyer,0.17144985870956672,-0.9831405633531781,0.6110402705061918,1.0,"Convert: post-purchase follow-up, incentivize 2nd order"
14220,247,4,1515.0,2,3,4,3,At Risk,At Risk,0.1612518900950756,0.354121484725766,0.4475057741416941,0.0,"Win back: targeted discount, re-engagement email flow"
14221,42,17,6517.49,4,5,5,1,VIP,VIP,2.271965260256971,0.3931486106199754,0.03325556614231628,0.0,"Court: white-glove service, early access, loyalty rewards"
14222,177,1,683.17,3,1,3,2,One-Time Buyer,One-Time Buyer,-0.7321431331013194,-0.5146358576116322,,,"Convert: post-purchase follow-up, incentivize 2nd order"
14223,92,3,991.13,3,3,3,4,Loyal Customer,Loyal Customer,0.16397145753030667,-0.49606646114021075,0.6288028980775264,1.0,"Court: upsell/cross-sell, referral incentives"
14224,110,9,1841.71,3,5,4,4,Loyal Customer,Loyal Customer,1.1005710553281085,0.10810883670489776,0.16866259109340564,0.0,"Court: upsell/cross-sell, referral incentives"
14225,435,4,2031.07,1,3,4,3,At Risk,At Risk,-0.1481689901186252,1.2189010410316026,0.5472018339979283,1.0,"Win back: targeted discount, re-engagement email flow"
14226,29,6,2985.13,4,4,5,4,VIP,Loyal Customer,1.2303206682314056,-0.2442587366608315,0.1096751894519672,0.0,"Court: upsell/cross-sell, referral incentives"
14227,26,15,6366.16,4,5,5,1,VIP,VIP,2.2084746781397278,0.2731246292441018,0.02909902951824383,0.0,"Court: white-glove service, early access, loyalty rewards"
14228,438,3,745.5,1,3,3,3,At Risk,At Risk,-0.7712080844080267,0.8764152213162819,0.6172301057705409,1.0,"Win back: targeted discount, re-engagement email flow"
14229,52,7,2594.04,4,4,4,4,VIP,Loyal Customer,1.2167851014057576,-0.13226361523408298,0.2092741157870744,0.0,"Court: upsell/cross-sell, referral incentives"
14230,436,3,979.8000000000001,1,3,3,3,At Risk,At Risk,-0.6453305702381479,0.9406504799515953,0.624262188845127,1.0,"Win back: targeted discount, re-engagement email flow"
14231,184,4,1235.6200000000001,3,3,4,4,Loyal Customer,Loyal Customer,0.21809180832378872,0.036263439691852084,0.3426011159528868,0.0,"Court: upsell/cross-sell, referral incentives"
14232,43,5,2048.07,4,4,4,4,VIP,Loyal Customer,0.9119829379624484,-0.3470938987815079,0.11195141809308017,0.0,"Court: upsell/cross-sell, referral incentives"
14233,49,7,2904.27,4,4,4,4,VIP,Loyal Customer,1.2739377253385553,-0.11478385245307872,0.1315469418516591,0.0,"Court: upsell/cross-sell, referral incentives"
14234,22,4,754.12,4,3,3,4,Loyal Customer,Loyal Customer,0.3778038781760219,-0.7729673237852314,,,"Court: upsell/cross-sell, referral incentives"
14235,75,9,4717.99,3,5,5,1,Loyal Customer,VIP,1.599919338574751,0.21173904368626217,0.0939957513062802,0.0,"Court: white-glove service, early access, loyalty rewards"
14236,81,5,1744.64,3,4,4,4,Loyal Customer,Loyal Customer,0.7519879360640371,-0.23067695405573527,0.4493267824886658,0.0,"Court: upsell/cross-sell, referral incentives"
14237,373,2,632.14,2,2,3,3,Needs Attention,At Risk,-0.9133418199981063,0.4462243647848712,0.6420692885150854,1.0,"Win back: targeted discount, re-engagement email flow"
14238,326,3,434.23,2,3,2,3,At Risk,At Risk,-0.7489258961081562,0.2641491371479641,0.6521200623396637,1.0,"Win back: targeted discount, re-engagement email flow"
14239,43,21,4263.17,4,5,5,1,VIP,VIP,2.2353227221071403,0.3642041941891625,0.04649352712396218,0.0,"Court: white-glove service, early access, loyalty rewards"
14240,30,3,1247.49,4,3,4,4,Loyal Customer,Loyal Customer,0.4109636922442565,-0.6944278947227641,0.4205749632608873,0.0,"Court: upsell/cross-sell, referral incentives"
14241,184,2,333.70000000000005,3,2,2,2,Needs Attention,One-Time Buyer,-0.7545334848667574,-0.5143654977349875,0.7988314602905131,1.0,"Convert: post-purchase follow-up, incentivize 2nd order"
14242,235,2,280.55,2,2,1,2,Lost / Let Go,One-Time Buyer,-0.9505408843788672,-0.3469058468747499,0.4464933271591672,0.0,"Convert: post-purchase follow-up, incentivize 2nd order"
14243,9,17,7431.05,5,5,5,1,VIP,VIP,2.407348090890757,0.2899169482598859,0.02313287760326134,0.0,"Court: white-glove service, early access, loyalty rewards"
14244,661,1,366.41999999999996,1,1,2,0,One-Time Buyer,Lost / Let Go,-2.139676693201991,1.3457281956719465,0.899167728862725,1.0,"Let go: exclude from paid marketing spend, low-cost win-back only"
14245,220,2,1693.45,2,2,4,3,Needs Attention,At Risk,-0.11856850726973824,0.06769969423865603,0.4242536742534335,0.0,"Win back: targeted discount, re-engagement email flow"
14246,111,3,1474.06,3,3,4,4,Loyal Customer,Loyal Customer,0.2956464195103211,-0.31105557213727963,0.6128511430361651,1.0,"Court: upsell/cross-sell, referral incentives"
14247,278,5,753.56,2,4,3,3,At Risk,At Risk,-0.08096543550927038,0.3707529669484741,0.39331787092726833,0.0,"Win back: targeted discount, re-engagement email flow"
14248,318,3,1032.95,2,3,3,3,At Risk,At Risk,-0.34603881831213035,0.4608119630106855,0.5084750858364607,1.0,"Win back: targeted discount, re-engagement email flow"
14249,411,12,5400.461,1,5,5,1,Win-Back Priority,VIP,1.0759083719106424,1.758225946464201,0.6744653757297255,1.0,"Court: white-glove service, early access, loyalty rewards"
14250,7,3,1904.05,5,3,4,4,Loyal Customer,Loyal Customer,0.6523586278316027,-0.6782945781559199,,,"Court: upsell/cross-sell, referral incentives"
14251,2,5,2879.7000000000003,5,4,4,4,VIP,Loyal Customer,1.159082441156405,-0.4280884046693884,,,"Court: upsell/cross-sell, referral incentives"
14252,381,1,350.99,2,1,2,0,One-Time Buyer,Lost / Let Go,-1.5041425516382543,0.1624094264412521,0.7340727040657373,1.0,"Let go: exclude from paid marketing spend, low-cost win-back only"
14253,493,2,363.40000000000003,1,2,2,0,Lost / Let Go,Lost / Let Go,-1.4391645232051657,0.8015311684066571,0.7676710182384335,1.0,"Let go: exclude from paid marketing spend, low-cost win-back only"
14254,433,1,601.03,1,1,2,0,One-Time Buyer,Lost / Let Go,-1.3874074247177717,0.5228033700771944,0.7204168681768218,1.0,"Let go: exclude from paid marketing spend, low-cost win-back only"
14256,260,5,2460.79,2,4,4,4,Win-Back Priority,Loyal Customer,0.48615736979101715,0.6099428133119078,0.21046645366150454,0.0,"Court: upsell/cross-sell, referral incentives"
14257,64,9,5954.45,3,5,5,1,Loyal Customer,VIP,1.7289608728180577,0.2275971367476581,0.10972165573931662,0.0,"Court: white-glove service, early access, loyalty rewards"
14258,9,25,32051.34,5,5,5,1,VIP,VIP,3.3387342711961345,0.824812221200808,0.022273932244956465,0.0,"Court: white-glove service, early access, loyalty rewards"
14259,142,1,120.0,3,1,1,2,One-Time Buyer,One-Time Buyer,-1.4195251195727467,-1.121916574128435,,,"Convert: post-purchase follow-up, incentivize 2nd order"
14260,471,3,824.28,1,3,3,3,At Risk,At Risk,-0.8038094583702479,1.0412181287565425,0.6230066313552182,1.0,"Win back: targeted discount, re-engagement email flow"
14261,51,2,1163.45,4,2,3,2,New Customer,One-Time Buyer,0.10996807860768912,-0.7394026233989587,,,"Convert: post-purchase follow-up, incentivize 2nd order"
14262,8,8,2618.23,5,4,4,4,VIP,Loyal Customer,1.4142338512414367,-0.2671424573641934,0.32258402814386195,0.0,"Court: upsell/cross-sell, referral incentives"
14263,423,1,322.93,1,1,2,0,One-Time Buyer,Lost / Let Go,-1.6392160784702574,0.31609894949759837,0.7293072720288785,1.0,"Let go: exclude from paid marketing spend, low-cost win-back only"
14264,155,6,1517.3600000000001,3,4,4,4,Loyal Customer,Loyal Customer,0.6354551391837098,0.10320300124092138,0.3166320795823237,0.0,"Court: upsell/cross-sell, referral incentives"
14265,109,4,1373.35,3,3,4,4,Loyal Customer,Loyal Customer,0.4403133433369994,-0.24955282243201385,0.6076316806233235,1.0,"Court: upsell/cross-sell, referral incentives"
14266,428,1,40.56,1,1,1,0,One-Time Buyer,Lost / Let Go,-2.5626244239827587,-0.2091397340333456,0.9094401676579686,1.0,"Let go: exclude from paid marketing spend, low-cost win-back only"
14267,163,3,1516.24,3,3,4,4,Loyal Customer,Loyal Customer,0.1865993848180635,-0.08591646198566204,0.3286728943088807,0.0,"Court: upsell/cross-sell, referral incentives"
14268,471,1,354.85,1,1,2,0,One-Time Buyer,Lost / Let Go,-1.7097017533913073,0.5419948818423289,0.8184410962506206,1.0,"Let go: exclude from paid marketing spend, low-cost win-back only"
14269,439,1,295.73,1,1,2,0,One-Time Buyer,Lost / Let Go,-1.7155623940285913,0.35973714087597786,0.6699572448735096,1.0,"Let go: exclude from paid marketing spend, low-cost win-back only"
14270,332,1,492.65000000000003,2,1,2,3,One-Time Buyer,At Risk,-1.239416626386594,0.04728730013927671,0.7793837612860927,1.0,"Win back: targeted discount, re-engagement email flow"
14271,226,2,214.18,2,2,1,2,Lost / Let Go,One-Time Buyer,-1.048865420581101,-0.45607974537734475,0.6250471234200684,1.0,"Convert: post-purchase follow-up, incentivize 2nd order"
14272,74,4,920.81,3,3,3,4,Loyal Customer,Loyal Customer,0.34480114577321774,-0.502273864387755,0.38705182415324074,0.0,"Court: upsell/cross-sell, referral incentives"
14273,51,4,559.97,4,3,2,4,Needs Attention,Loyal Customer,0.17804474200295212,-0.7306436611178072,0.2884087500700711,0.0,"Court: upsell/cross-sell, referral incentives"
14274,686,1,256.6,1,1,1,0,One-Time Buyer,Lost / Let Go,-2.355787482560434,1.3559130329290023,0.9424547892802222,1.0,"Let go: exclude from paid marketing spend, low-cost win-back only"
14275,396,6,1189.3799999999999,2,4,3,3,At Risk,At Risk,-0.03600683495769889,1.0471513847363136,0.6922724911986012,1.0,"Win back: targeted discount, re-engagement email flow"
14276,99,7,2102.68,3,4,4,4,Loyal Customer,Loyal Customer,1.01370543355708,0.008616026924764911,0.1244302845896203,0.0,"Court: upsell/cross-sell, referral incentives"
14277,15,8,16789.16,5,4,5,1,VIP,VIP,2.2227956082589784,0.25632745857201594,0.14285510914592295,0.0,"Court: white-glove service, early access, loyalty rewards"
14278,410,1,205.83,1,1,1,0,One-Time Buyer,Lost / Let Go,-1.8080197108135128,0.14236117379309726,0.6972543583493431,1.0,"Let go: exclude from paid marketing spend, low-cost win-back only"
14279,521,2,191.86,1,2,1,0,Lost / Let Go,Lost / Let Go,-1.787139059861946,0.7494805346458244,0.7825233403338712,1.0,"Let go: exclude from paid marketing spend, low-cost win-back only"
14280,197,1,134.04,2,1,1,2,One-Time Buyer,One-Time Buyer,-1.4993606717019714,-0.8625207974505696,0.6321618364163399,1.0,"Convert: post-purchase follow-up, incentivize 2nd order"
14281,408,1,245.15,2,1,1,0,One-Time Buyer,Lost / Let Go,-1.7260673907085073,0.1802830391710588,0.8030198142984603,1.0,"Let go: exclude from paid marketing spend, low-cost win-back only"
14282,3,25,7821.76,5,5,5,1,VIP,VIP,2.7265633396234366,0.4245760963252559,0.014389584796837959,0.0,"Court: white-glove service, early access, loyalty rewards"
14283,463,4,628.4399999999999,1,3,3,3,At Risk,At Risk,-0.7339946039922866,1.024365688313144,0.5929238871163552,1.0,"Win back: targeted discount, re-engagement email flow"
14284,31,3,1299.65,4,3,4,4,Loyal Customer,Loyal Customer,0.42679880149722693,-0.6793560290938492,0.5824743823634342,1.0,"Court: upsell/cross-sell, referral incentives"
14285,21,8,3284.42,4,4,5,4,VIP,Loyal Customer,1.484460753352454,-0.15245708481570103,0.5342338132062285,1.0,"Court: upsell/cross-sell, referral incentives"
14286,24,7,8479.76,4,4,5,1,VIP,VIP,1.8080357783539869,0.0655216222297048,0.19127918862361004,0.0,"Court: white-glove service, early access, loyalty rewards"
14287,8,3,176.63,5,3,1,2,Needs Attention,One-Time Buyer,-0.4034129400818252,-1.3051688328295994,0.3691677324514021,0.0,"Convert: post-purchase follow-up, incentivize 2nd order"
14288,213,1,426.6,2,1,2,2,One-Time Buyer,One-Time Buyer,-1.02499526838223,-0.4889786787527282,0.3826918875200702,0.0,"Convert: post-purchase follow-up, incentivize 2nd order"
14289,9,6,911.26,5,4,3,4,Loyal Customer,Loyal Customer,0.7505692706042315,-0.6433707013820615,0.28359486647492727,0.0,"Court: upsell/cross-sell, referral incentives"
14290,11,8,4516.56,5,4,5,4,VIP,Loyal Customer,1.6492450026421202,-0.10960147226760338,0.33399150541267264,0.0,"Court: upsell/cross-sell, referral incentives"
14291,2,23,7904.1,5,5,5,1,VIP,VIP,2.6720715595060236,0.3913646227090349,0.013433891816970932,0.0,"Court: white-glove service, early access, loyalty rewards"
14292,8,16,9226.25,5,5,5,1,VIP,VIP,2.4618491320139775,0.3205630797359994,0.04532758887339846,0.0,"Court: white-glove service, early access, loyalty rewards"
14293,3,9,3267.9300000000003,5,5,5,4,VIP,Loyal Customer,1.6052315211353387,-0.1872592703614108,0.21463682151900135,0.0,"Court: upsell/cross-sell, referral incentives"
14294,407,1,375.34,2,1,2,0,One-Time Buyer,Lost / Let Go,-1.5352255548324136,0.28902102458975276,0.709364364638394,1.0,"Let go: exclude from paid marketing spend, low-cost win-back only"
14295,40,4,2352.91,4,3,4,4,Loyal Customer,Loyal Customer,0.8405401933794514,-0.3952199291324395,0.3440261334954806,0.0,"Court: upsell/cross-sell, referral incentives"
14296,421,2,456.40000000000003,1,2,2,3,Lost / Let Go,At Risk,-1.1699175786745346,0.5606430080841173,0.6723168560214251,1.0,"Win back: targeted discount, re-engagement email flow"
14297,18,4,1305.33,5,3,4,4,Loyal Customer,Loyal Customer,0.6305154684379312,-0.6439237779698601,0.5427762949520016,1.0,"Court: upsell/cross-sell, referral incentives"
14298,8,82,91194.49,5,5,5,1,VIP,VIP,4.696877610667223,1.5600582028221044,0.015115183644246914,0.0,"Court: white-glove service, early access, loyalty rewards"
14299,8,27,14499.49,5,5,5,1,VIP,VIP,3.0458114266134193,0.639105269299323,0.19253611821081995,0.0,"Court: white-glove service, early access, loyalty rewards"
14300,19,1,43.2,5,1,1,2,One-Time Buyer,One-Time Buyer,-1.5791203407339154,-1.9045805991818425,,,"Convert: post-purchase follow-up, incentivize 2nd order"
14301,117,4,1992.18,3,3,4,4,Loyal Customer,Loyal Customer,0.5866707964622628,-0.1171906401129406,0.42375947202220327,0.0,"Court: upsell/cross-sell, referral incentives"
14302,431,3,742.9000000000001,1,3,3,3,At Risk,At Risk,-0.756392642314327,0.8461895243436343,0.6704842411953603,1.0,"Win back: targeted discount, re-engagement email flow"
14303,407,2,277.94,2,2,1,0,Lost / Let Go,Lost / Let Go,-1.356777250292802,0.3705029183301267,0.7034574746494096,1.0,"Let go: exclude from paid marketing spend, low-cost win-back only"
14304,223,3,1725.01,2,3,4,3,At Risk,At Risk,0.10357269919203138,0.19949687253816564,0.4842822004432558,0.0,"Win back: targeted discount, re-engagement email flow"
14305,71,3,1858.96,3,3,4,4,Loyal Customer,Loyal Customer,0.4921041638011456,-0.4168011889714933,,,"Court: upsell/cross-sell, referral incentives"
14306,51,6,3151.4,4,4,5,4,VIP,Loyal Customer,1.202948015615381,-0.1377678179406912,0.4254161976405528,0.0,"Court: upsell/cross-sell, referral incentives"
14307,89,10,5071.03,3,5,5,1,Loyal Customer,VIP,1.6724288264510678,0.3274028857598014,0.1742466098595304,0.0,"Court: white-glove service, early access, loyalty rewards"
14309,8,11,3780.81,5,5,5,1,VIP,VIP,1.7982883834311711,-0.055108604152996815,0.06414550209294165,0.0,"Court: white-glove service, early access, loyalty rewards"
14310,433,1,492.1,1,1,2,0,One-Time Buyer,Lost / Let Go,-1.4760291424212844,0.4697145184803059,0.7612987519727282,1.0,"Let go: exclude from paid marketing spend, low-cost win-back only"
14311,243,2,516.45,2,2,2,2,Lost / Let Go,One-Time Buyer,-0.6990192957143251,-0.15154507538774709,0.646528729801859,1.0,"Convert: post-purchase follow-up, incentivize 2nd order"
14312,47,11,3090.29,4,5,5,1,VIP,VIP,1.6175961267811438,0.05449548876017683,0.04985971791813183,0.0,"Court: white-glove service, early access, loyalty rewards"
14314,107,2,229.8,3,2,1,2,Needs Attention,One-Time Buyer,-0.7395529882778897,-0.9355012137829416,0.8987408785629475,1.0,"Convert: post-purchase follow-up, incentivize 2nd order"
14315,45,8,3197.82,4,4,5,4,VIP,Loyal Customer,1.4164930713088288,-0.059112941076745744,0.3330105290670939,0.0,"Court: upsell/cross-sell, referral incentives"
14316,422,5,1370.34,1,4,4,3,Win-Back Priority,At Risk,-0.15235452760445914,1.1323484773918089,0.5202092772599011,1.0,"Win back: targeted discount, re-engagement email flow"
14317,65,1,508.58000000000004,3,1,2,2,One-Time Buyer,One-Time Buyer,-0.6011229816859464,-1.0617624507344268,,,"Convert: post-purchase follow-up, incentivize 2nd order"
14318,460,1,158.02,1,1,1,0,One-Time Buyer,Lost / Let Go,-2.0416244910554626,0.2817122674460424,0.8475977281557124,1.0,"Let go: exclude from paid marketing spend, low-cost win-back only"
14319,424,1,494.85,1,1,2,0,One-Time Buyer,Lost / Let Go,-1.4525196334127715,0.43352532071755673,0.7201352264973455,1.0,"Let go: exclude from paid marketing spend, low-cost win-back only"
14320,207,5,1346.75,2,4,4,4,Win-Back Priority,Loyal Customer,0.34256760540447206,0.22787575422779327,0.38906268242611686,0.0,"Court: upsell/cross-sell, referral incentives"
14321,11,7,2218.06,5,4,4,4,VIP,Loyal Customer,1.2431395910858456,-0.34549545037795454,0.35710474249745444,0.0,"Court: upsell/cross-sell, referral incentives"
14322,429,4,474.1,1,3,2,3,At Risk,At Risk,-0.7794109980097419,0.8072403853898034,0.7198108665035816,1.0,"Win back: targeted discount, re-engagement email flow"
14323,115,2,605.0600000000001,3,2,2,2,Needs Attention,One-Time Buyer,-0.3295987515263618,-0.6452313437098407,0.36043271700659746,0.0,"Convert: post-purchase follow-up, incentivize 2nd order"
14324,410,2,701.61,1,2,3,3,Needs Attention,At Risk,-0.9536145720427482,0.6287750976082824,0.6657262768112466,1.0,"Win back: targeted discount, re-engagement email flow"
14325,570,1,245.48000000000002,1,1,1,0,One-Time Buyer,Lost / Let Go,-2.1041957319437694,0.8586715066706208,0.8818971803757838,1.0,"Let go: exclude from paid marketing spend, low-cost win-back only"
14326,242,3,940.98,2,3,3,3,At Risk,At Risk,-0.2097288640474149,0.11794451583074307,0.4800539444066534,0.0,"Win back: targeted discount, re-engagement email flow"
14327,163,6,1894.93,3,4,4,4,Loyal Customer,Loyal Customer,0.7153572624243828,0.19575510948911648,0.403332904075516,0.0,"Court: upsell/cross-sell, referral incentives"
14329,17,15,9887.62,5,5,5,1,VIP,VIP,2.4249805640130333,0.3525499363185342,0.05688267750913104,0.0,"Court: white-glove service, early access, loyalty rewards"
14330,624,1,200.63,1,1,1,0,One-Time Buyer,Lost / Let Go,-2.3196140730822763,1.0312605544784517,0.907501213389296,1.0,"Let go: exclude from paid marketing spend, low-cost win-back only"
14331,124,2,462.65999999999997,3,2,2,2,Needs Attention,One-Time Buyer,-0.46955621791027824,-0.6788003100637698,,,"Convert: post-purchase follow-up, incentivize 2nd order"
14332,23,5,1917.41,4,4,4,4,VIP,Loyal Customer,0.9294835672588002,-0.448326971650152,0.474671439825134,0.0,"Court: upsell/cross-sell, referral incentives"
14333,68,1,415.2,3,1,2,2,One-Time Buyer,One-Time Buyer,-0.6980127042417145,-1.1030467276498055,,,"Convert: post-purchase follow-up, incentivize 2nd order"
14334,17,12,4318.48,5,5,5,1,VIP,VIP,1.897749720875378,0.049728619525665596,0.04916618595099519,0.0,"Court: white-glove service, early access, loyalty rewards"
14335,16,2,454.86,5,2,2,2,New Customer,One-Time Buyer,-0.22460701169713318,-1.1353343225607826,,,"Convert: post-purchase follow-up, incentivize 2nd order"
14336,17,4,1614.91,5,3,4,4,Loyal Customer,Loyal Customer,0.7272831741943393,-0.5915409125200539,0.15057717002213966,0.0,"Court: upsell/cross-sell, referral incentives"
14338,161,3,928.1,3,3,3,4,Loyal Customer,Loyal Customer,-0.026480206239011376,-0.22473350162905117,0.43089371387383285,0.0,"Court: upsell/cross-sell, referral incentives"
14339,243,2,620.27,2,2,3,2,Needs Attention,One-Time Buyer,-0.6178313294453511,-0.10290941356130177,0.5137527892407807,1.0,"Convert: post-purchase follow-up, incentivize 2nd order"
14340,219,1,134.7,2,1,1,2,One-Time Buyer,One-Time Buyer,-1.5486274447712418,-0.7691455544553728,0.626543337839707,1.0,"Convert: post-purchase follow-up, incentivize 2nd order"
14341,45,18,4452.02,4,5,5,1,VIP,VIP,2.1372859973277434,0.3258371666613027,0.057552033845071786,0.0,"Court: white-glove service, early access, loyalty rewards"
14342,21,6,918.44,4,4,3,4,Loyal Customer,Loyal Customer,0.7259966055934272,-0.5910608632906273,0.3541538042700288,0.0,"Court: upsell/cross-sell, referral incentives"
14343,421,4,1079.66,1,3,3,3,At Risk,At Risk,-0.39582274731833217,0.992342246347978,0.6597672129716518,1.0,"Win back: targeted discount, re-engagement email flow"
14344,127,20,3333.7000000000003,3,5,5,1,Loyal Customer,VIP,1.8940512405472283,0.6318923650754783,0.05020423292467388,0.0,"Court: white-glove service, early access, loyalty rewards"
14345,39,1,108.97999999999999,4,1,1,2,One-Time Buyer,One-Time Buyer,-1.221131104264655,-1.578410273049194,,,"Convert: post-purchase follow-up, incentivize 2nd order"
14346,121,5,2315.75,3,4,4,4,Loyal Customer,Loyal Customer,0.7841496127988792,0.012023156885706673,0.13133947650367758,0.0,"Court: upsell/cross-sell, referral incentives"
14347,737,1,82.6,1,1,1,0,One-Time Buyer,Lost / Let Go,-2.974684939950419,1.270040339232482,0.9353400920919771,1.0,"Let go: exclude from paid marketing spend, low-cost win-back only"
14348,260,1,409.57,2,1,2,2,One-Time Buyer,One-Time Buyer,-1.1529169723922543,-0.3030756485130554,0.7170052559950055,1.0,"Convert: post-purchase follow-up, incentivize 2nd order"
14349,10,1,133.5,5,1,1,2,One-Time Buyer,One-Time Buyer,-1.0639715964020113,-1.6462532486351622,,,"Convert: post-purchase follow-up, incentivize 2nd order"
14350,274,3,972.03,2,3,3,3,At Risk,At Risk,-0.27013884866017973,0.26050283006172853,0.4034742845348758,0.0,"Win back: targeted discount, re-engagement email flow"
14351,165,1,51.0,3,1,1,2,One-Time Buyer,One-Time Buyer,-1.8482792253847524,-1.250287426156396,,,"Convert: post-purchase follow-up, incentivize 2nd order"
14352,157,4,1078.96,3,3,3,4,Loyal Customer,Loyal Customer,0.2210680991779811,-0.1127713295220148,0.28803928956284236,0.0,"Court: upsell/cross-sell, referral incentives"
14353,215,3,376.5,2,3,2,2,At Risk,One-Time Buyer,-0.5526143790450471,-0.23827881347544963,0.47463167347372204,0.0,"Convert: post-purchase follow-up, incentivize 2nd order"
14354,6,2,163.62,5,2,1,2,New Customer,One-Time Buyer,-0.6534706433660216,-1.4481035508497164,,,"Convert: post-purchase follow-up, incentivize 2nd order"
14355,366,3,1014.45,2,3,3,3,At Risk,At Risk,-0.466269449543341,0.6569081727628225,0.5306367578576078,1.0,"Win back: targeted discount, re-engagement email flow"
14356,80,2,701.23,3,2,3,2,Needs Attention,One-Time Buyer,-0.18238159118762898,-0.752545332024329,,,"Convert: post-purchase follow-up, incentivize 2nd order"
14357,43,1,225.12,4,1,1,2,One-Time Buyer,One-Time Buyer,-0.9104565164800412,-1.3699572551202976,,,"Convert: post-purchase follow-up, incentivize 2nd order"
14358,389,2,400.06,2,2,2,3,Lost / Let Go,At Risk,-1.1534715616972153,0.3917480732832499,0.6926339440102839,1.0,"Win back: targeted discount, re-engagement email flow"
14359,19,3,912.18,5,3,3,4,Loyal Customer,Loyal Customer,0.2978131071021883,-0.8236550224985674,,,"Court: upsell/cross-sell, referral incentives"
14360,32,4,2118.03,4,3,4,4,Loyal Customer,Loyal Customer,0.8125688440026376,-0.45666290049622577,,,"Court: upsell/cross-sell, referral incentives"
14361,579,1,214.70999999999998,1,1,1,0,One-Time Buyer,Lost / Let Go,-2.184442450441438,0.8608722716581386,0.8913301948684401,1.0,"Let go: exclude from paid marketing spend, low-cost win-back only"
14362,22,1,151.5,4,1,1,2,One-Time Buyer,One-Time Buyer,-1.0362577023297639,-1.562621140477166,,,"Convert: post-purchase follow-up, incentivize 2nd order"
14363,402,2,227.47000000000003,2,2,1,0,Lost / Let Go,Lost / Let Go,-1.4337084305794687,0.29648807791872367,0.7194232645469655,1.0,"Let go: exclude from paid marketing spend, low-cost win-back only"
14364,109,8,3717.35,3,4,5,4,Loyal Customer,Loyal Customer,1.333696219104049,0.24878144061631263,0.14257246169085677,0.0,"Court: upsell/cross-sell, referral incentives"
14365,395,2,634.68,2,2,3,3,Needs Attention,At Risk,-0.9629956831617126,0.5393677214083595,0.6311593564120296,1.0,"Win back: targeted discount, re-engagement email flow"
14366,525,1,136.0,1,1,1,0,One-Time Buyer,Lost / Let Go,-2.259760164252607,0.5141177520556175,0.8940992527857315,1.0,"Let go: exclude from paid marketing spend, low-cost win-back only"
14367,8,16,9227.82,5,5,5,1,VIP,VIP,2.4619246725925237,0.3206083323294709,0.040921067353998454,0.0,"Court: white-glove service, early access, loyalty rewards"
14368,320,1,155.0,2,1,1,0,One-Time Buyer,Lost / Let Go,-1.7228462174071986,-0.30934135595975537,0.8253945867286768,1.0,"Let go: exclude from paid marketing spend, low-cost win-back only"
14369,642,2,469.13,1,2,2,0,Lost / Let Go,Lost / Let Go,-1.6743824063856512,1.4929142268791957,0.8398612228173445,1.0,"Let go: exclude from paid marketing spend, low-cost win-back only"
14370,451,6,1175.78,1,4,3,3,At Risk,At Risk,-0.1696876459137096,1.2742911520619928,0.7689255405932728,1.0,"Win back: targeted discount, re-engagement email flow"
14371,295,1,100.5,2,1,1,0,One-Time Buyer,Lost / Let Go,-1.8552342789882816,-0.5282944755142932,0.8230940261401001,1.0,"Let go: exclude from paid marketing spend, low-cost win-back only"
14372,443,2,860.08,1,2,3,3,Needs Attention,At Risk,-0.9404573156639504,0.8209897185472419,0.6417382677380262,1.0,"Win back: targeted discount, re-engagement email flow"
14373,358,1,76.55,2,1,1,0,One-Time Buyer,Lost / Let Go,-2.1220137695115606,-0.33620075875878125,0.8236126091785443,1.0,"Let go: exclude from paid marketing spend, low-cost win-back only"
14374,541,1,108.0,1,1,1,0,One-Time Buyer,Lost / Let Go,-2.398679612595954,0.520271500044064,0.9137901626371175,1.0,"Let go: exclude from paid marketing spend, low-cost win-back only"
14375,185,3,1106.82,3,3,3,4,Loyal Customer,Loyal Customer,-0.004471840360607098,-0.07748919459843115,0.4544709786135369,0.0,"Court: upsell/cross-sell, referral incentives"
14376,683,1,215.46,1,1,1,0,One-Time Buyer,Lost / Let Go,-2.4260323065984104,1.2970753378181397,0.9578853732024466,1.0,"Let go: exclude from paid marketing spend, low-cost win-back only"
14377,191,2,617.05,2,2,3,2,Needs Attention,One-Time Buyer,-0.49857310086423445,-0.32193150667645976,0.42396124300717697,0.0,"Convert: post-purchase follow-up, incentivize 2nd order"
14378,622,1,131.25,1,1,1,0,One-Time Buyer,Lost / Let Go,-2.5021941372263865,0.9107142604267326,0.9410692875682242,1.0,"Let go: exclude from paid marketing spend, low-cost win-back only"
14379,44,4,1265.16,4,3,4,4,Loyal Customer,Loyal Customer,0.5558650684892094,-0.5434112345531098,0.33603994497783435,0.0,"Court: upsell/cross-sell, referral incentives"
14381,52,2,625.9399999999999,4,2,3,2,New Customer,One-Time Buyer,-0.16727816609218255,-0.8999011812397398,0.6058119436562817,1.0,"Convert: post-purchase follow-up, incentivize 2nd order"
14382,26,2,1193.6299999999999,4,2,3,4,New Customer,Loyal Customer,0.17977411043991925,-0.8372313448133176,0.4699430320423408,0.0,"Court: upsell/cross-sell, referral incentives"
14383,38,3,1247.69,4,3,4,4,Loyal Customer,Loyal Customer,0.3923324334101151,-0.6609022219111955,,,"Court: upsell/cross-sell, referral incentives"
14384,501,1,58.5,1,1,1,0,One-Time Buyer,Lost / Let Go,-2.5739569690041675,0.19183792245073047,0.9134996838147651,1.0,"Let go: exclude from paid marketing spend, low-cost win-back only"
14385,9,3,202.11,5,3,1,2,Needs Attention,One-Time Buyer,-0.3462338235764841,-1.2653298342414145,,,"Convert: post-purchase follow-up, incentivize 2nd order"
14386,297,1,142.4,2,1,1,0,One-Time Buyer,Lost / Let Go,-1.7064702969567995,-0.4280057098809647,0.7530401710639976,1.0,"Let go: exclude from paid marketing spend, low-cost win-back only"
14387,33,3,1727.6,4,3,4,4,Loyal Customer,Loyal Customer,0.5484199933200731,-0.5953271554898381,,,"Court: upsell/cross-sell, referral incentives"
14388,10,16,6701.0,5,5,5,1,VIP,VIP,2.315200023511797,0.24388459479550834,0.04720541015884162,0.0,"Court: white-glove service, early access, loyalty rewards"
14389,65,5,1898.01,3,4,4,4,Loyal Customer,Loyal Customer,0.8267831744187288,-0.275244318436098,0.2379727212068259,0.0,"Court: upsell/cross-sell, referral incentives"
14390,10,13,6373.7300000000005,5,5,5,1,VIP,VIP,2.1438451630668194,0.15340559476813245,0.05025319199881419,0.0,"Court: white-glove service, early access, loyalty rewards"
14391,577,1,135.6,1,1,1,0,One-Time Buyer,Lost / Let Go,-2.382623902704552,0.7309799640104496,0.8805762215249755,1.0,"Let go: exclude from paid marketing spend, low-cost win-back only"
14392,432,1,266.4,1,1,1,0,One-Time Buyer,Lost / Let Go,-1.7454087218328038,0.3027568047967285,0.7265519578470071,1.0,"Let go: exclude from paid marketing spend, low-cost win-back only"
14393,218,1,67.95,2,1,1,2,One-Time Buyer,One-Time Buyer,-1.8469112779915982,-0.9534183651686633,0.7473369308748218,1.0,"Convert: post-purchase follow-up, incentivize 2nd order"
14394,565,1,93.8,1,1,1,0,One-Time Buyer,Lost / Let Go,-2.5167605820881658,0.5835952723737119,0.9395334699225805,1.0,"Let go: exclude from paid marketing spend, low-cost win-back only"
14395,2,20,8110.610000000001,5,5,5,1,VIP,VIP,2.580959876220684,0.3451549036096105,0.01686555311110558,0.0,"Court: white-glove service, early access, loyalty rewards"
14396,65,7,2079.73,3,4,4,4,Loyal Customer,Loyal Customer,1.0883200589266584,-0.1366046781145641,0.3448259400063195,0.0,"Court: upsell/cross-sell, referral incentives"
14397,3,19,2612.96,5,5,4,1,VIP,VIP,2.0383407225035945,0.028743202380687498,0.3310219121672509,0.0,"Court: white-glove service, early access, loyalty rewards"
14398,401,2,707.79,2,2,3,3,Needs Attention,At Risk,-0.9286860831005795,0.5934359399606304,0.622823825981919,1.0,"Win back: targeted discount, re-engagement email flow"
14399,394,8,2108.21,2,4,4,3,Win-Back Priority,At Risk,0.41568676698868384,1.2908125448510206,0.48058127160392045,0.0,"Win back: targeted discount, re-engagement email flow"
14400,149,3,1732.47,3,3,4,4,Loyal Customer,Loyal Customer,0.2784846267973093,-0.10907437474242956,0.5124831067584241,1.0,"Court: upsell/cross-sell, referral incentives"
14401,4,22,6795.9,5,5,5,1,VIP,VIP,2.567643585074288,0.3426466687047556,0.04645728742302937,0.0,"Court: white-glove service, early access, loyalty rewards"
14402,652,1,285.6,1,1,1,0,One-Time Buyer,Lost / Let Go,-2.2289359050510775,1.241984880910371,0.9219461433608552,1.0,"Let go: exclude from paid marketing spend, low-cost win-back only"
14403,130,6,1880.51,3,4,4,4,Loyal Customer,Loyal Customer,0.7891146589319854,0.05560672274478367,0.41608824009979317,0.0,"Court: upsell/cross-sell, referral incentives"
14404,34,13,2853.36,4,5,4,1,VIP,VIP,1.73098096641382,0.040139436259974196,0.13480171891436246,0.0,"Court: white-glove service, early access, loyalty rewards"
14405,387,1,195.0,2,1,1,0,One-Time Buyer,Lost / Let Go,-1.778130196065923,0.031792140305467155,0.6870167107553455,1.0,"Let go: exclude from paid marketing spend, low-cost win-back only"
14406,119,1,156.75,3,1,1,2,One-Time Buyer,One-Time Buyer,-1.2479957968309958,-1.1476362620868965,,,"Convert: post-purchase follow-up, incentivize 2nd order"
14407,107,5,2142.73,3,4,4,4,Loyal Customer,Loyal Customer,0.7824158199807149,-0.06721725092753657,0.24797539965079707,0.0,"Court: upsell/cross-sell, referral incentives"
14408,11,11,4102.27,5,5,5,1,VIP,VIP,1.8274977473954441,-0.02085320677361389,0.13105410415269567,0.0,"Court: white-glove service, early access, loyalty rewards"
14409,71,9,3756.09,3,5,5,4,Loyal Customer,Loyal Customer,1.5080590848998137,0.13436678126341864,0.21670586614344092,0.0,"Court: upsell/cross-sell, referral incentives"
14410,92,11,2630.9,3,5,4,4,Loyal Customer,Loyal Customer,1.4409622881015658,0.2000458256322636,0.058148567878189714,0.0,"Court: upsell/cross-sell, referral incentives"
14411,311,1,1063.0,2,1,3,3,One-Time Buyer,At Risk,-0.8493414741200052,0.16365920269421946,0.7739893898227793,1.0,"Win back: targeted discount, re-engagement email flow"
14412,43,3,1426.19,4,3,4,4,Loyal Customer,Loyal Customer,0.43996832912545825,-0.6044367255589856,0.48224122232750594,0.0,"Court: upsell/cross-sell, referral incentives"
14413,362,3,421.72,2,3,2,3,At Risk,At Risk,-0.8460358980917353,0.4070656665945682,0.6224531586579952,1.0,"Win back: targeted discount, re-engagement email flow"
14414,92,8,2399.33,3,4,4,4,Loyal Customer,Loyal Customer,1.1791085179738139,0.061216354938673216,0.5186183777485887,1.0,"Court: upsell/cross-sell, referral incentives"
14415,1,23,11980.09,5,5,5,1,VIP,VIP,2.859037022202405,0.49778046626674183,0.014897211244846815,0.0,"Court: white-glove service, early access, loyalty rewards"
14416,22,2,490.22,4,2,2,2,New Customer,One-Time Buyer,-0.20546365019425558,-1.090351441203125,,,"Convert: post-purchase follow-up, incentivize 2nd order"
14417,388,1,524.65,2,1,2,0,One-Time Buyer,Lost / Let Go,-1.34244572399914,0.2983748217147808,0.5338343518476485,1.0,"Let go: exclude from paid marketing spend, low-cost win-back only"
14418,4,3,1937.25,5,3,4,4,Loyal Customer,Loyal Customer,0.6670432411945608,-0.6862552826687237,,,"Court: upsell/cross-sell, referral incentives"
14419,11,7,1254.64,5,4,4,4,VIP,Loyal Customer,0.9903049684016876,-0.496956064210116,0.3657491099741597,0.0,"Court: upsell/cross-sell, referral incentives"
14420,99,4,1639.17,3,3,4,4,Loyal Customer,Loyal Customer,0.5422002061149156,-0.2443758975113179,0.49510309623519805,0.0,"Court: upsell/cross-sell, referral incentives"
14421,57,6,2469.37,4,4,4,4,VIP,Loyal Customer,1.080674024709601,-0.17750102006457175,0.1567282193490228,0.0,"Court: upsell/cross-sell, referral incentives"
14422,1,19,10271.52,5,5,5,1,VIP,VIP,2.6506870834051357,0.3843976873624013,0.025455267484529902,0.0,"Court: white-glove service, early access, loyalty rewards"
14423,218,3,916.6099999999999,2,3,3,3,At Risk,At Risk,-0.16525984996612136,0.01052349197138203,0.592420157095694,1.0,"Win back: targeted discount, re-engagement email flow"
14424,18,1,322.08,5,1,2,2,One-Time Buyer,One-Time Buyer,-0.6935746976913965,-1.379680207096211,,,"Convert: post-purchase follow-up, incentivize 2nd order"
14425,435,3,661.39,1,3,3,3,At Risk,At Risk,-0.8172717902048716,0.832063228254719,0.5863663278852504,1.0,"Win back: targeted discount, re-engagement email flow"
14426,24,17,11727.94,4,5,5,1,VIP,VIP,2.5748627120156824,0.4740542243392916,0.05675466691777442,0.0,"Court: white-glove service, early access, loyalty rewards"
14427,50,4,1263.52,4,3,4,4,Loyal Customer,Loyal Customer,0.541262808218742,-0.5186436723383675,0.6426758737313946,1.0,"Court: upsell/cross-sell, referral incentives"
14428,7,5,1224.06,5,4,4,4,VIP,Loyal Customer,0.7677480947337948,-0.6345880893609248,0.46580162187965113,0.0,"Court: upsell/cross-sell, referral incentives"
14429,404,1,516.28,2,1,2,0,One-Time Buyer,Lost / Let Go,-1.3869773653263824,0.3610715978579964,0.7089417145971727,1.0,"Let go: exclude from paid marketing spend, low-cost win-back only"
14430,512,3,1220.9,1,3,3,3,At Risk,At Risk,-0.7254132082095364,1.3172009083210283,0.5531751381176151,1.0,"Win back: targeted discount, re-engagement email flow"
14431,303,4,2614.2,2,3,4,3,At Risk,At Risk,0.2724368725978881,0.7335339790495413,0.36063166103233085,0.0,"Win back: targeted discount, re-engagement email flow"
14432,10,6,2248.5,5,4,4,4,VIP,Loyal Customer,1.1489648204279443,-0.3991259537261102,,,"Court: upsell/cross-sell, referral incentives"
14433,466,1,280.7,1,1,1,0,One-Time Buyer,Lost / Let Go,-1.8017623967428842,0.458916734600418,0.7967967058354852,1.0,"Let go: exclude from paid marketing spend, low-cost win-back only"
14434,22,6,1372.8,4,4,4,4,VIP,Loyal Customer,0.9019592215211821,-0.4800645938166215,,,"Court: upsell/cross-sell, referral incentives"
14435,502,1,90.42,1,1,1,0,One-Time Buyer,Lost / Let Go,-2.385599075334757,0.31025958467925874,0.867334137229533,1.0,"Let go: exclude from paid marketing spend, low-cost win-back only"
14436,99,2,271.70000000000005,3,2,1,2,Needs Attention,One-Time Buyer,-0.6467810132248875,-0.9246128808335486,0.7804439286410397,1.0,"Convert: post-purchase follow-up, incentivize 2nd order"
14437,366,5,936.34,2,4,3,3,At Risk,At Risk,-0.19038147613746403,0.7967613128990004,0.6300589143466346,1.0,"Win back: targeted discount, re-engagement email flow"
14438,306,1,131.9,2,1,1,0,One-Time Buyer,Lost / Let Go,-1.761273199663018,-0.4105628237112555,0.7575810500714966,1.0,"Let go: exclude from paid marketing spend, low-cost win-back only"
14439,320,5,9443.04,2,4,5,3,Win-Back Priority,At Risk,0.9428548613634217,1.2186779868729947,0.4714223631032737,0.0,"Win back: targeted discount, re-engagement email flow"
14440,8,13,6638.7300000000005,5,5,5,1,VIP,VIP,2.1666049719877587,0.1558681785689611,0.22771604846463014,0.0,"Court: white-glove service, early access, loyalty rewards"
14441,1,11,4611.6900000000005,5,5,5,1,VIP,VIP,1.9028365310531523,-0.03157991212682434,0.10367238979012071,0.0,"Court: white-glove service, early access, loyalty rewards"
14442,205,7,5367.0199999999995,2,4,5,4,Win-Back Priority,Loyal Customer,1.1818318141206499,0.7014313410659415,0.243979218572197,0.0,"Court: upsell/cross-sell, referral incentives"
14443,54,5,2386.47,4,4,4,4,VIP,Loyal Customer,0.9541328450492187,-0.2603997364935397,0.33420350882716204,0.0,"Court: upsell/cross-sell, referral incentives"
14444,456,1,120.44,1,1,1,0,One-Time Buyer,Lost / Let Go,-2.151981899370335,0.1932592821136126,0.7943590743548155,1.0,"Let go: exclude from paid marketing spend, low-cost win-back only"
14445,456,1,221.65,1,1,1,0,One-Time Buyer,Lost / Let Go,-1.8828333743797194,0.3544927412590547,0.7867506406315832,1.0,"Let go: exclude from paid marketing spend, low-cost win-back only"
14446,1,5,1195.48,5,4,3,4,Loyal Customer,Loyal Customer,0.7712936891108548,-0.6659791487271811,0.3547029908392288,0.0,"Court: upsell/cross-sell, referral incentives"
14447,19,6,1711.73,5,4,4,4,VIP,Loyal Customer,1.0068797101097036,-0.4339694854575495,0.22583846863558407,0.0,"Court: upsell/cross-sell, referral incentives"
14448,9,2,375.35,5,2,2,2,New Customer,One-Time Buyer,-0.2933435696594495,-1.2156118561096154,0.6856219276576451,1.0,"Convert: post-purchase follow-up, incentivize 2nd order"
14449,19,8,2441.2,5,4,4,4,VIP,Loyal Customer,1.3574459712514544,-0.23971698938222702,0.0853875656859545,0.0,"Court: upsell/cross-sell, referral incentives"
14450,181,7,1128.44,3,4,3,4,Loyal Customer,Loyal Customer,0.5458486205633066,0.1863853331032665,0.2051179796621948,0.0,"Court: upsell/cross-sell, referral incentives"
14451,60,12,3258.68,3,5,5,1,Loyal Customer,VIP,1.6722337757426884,0.15482444141096535,0.058718682087557234,0.0,"Court: white-glove service, early access, loyalty rewards"
14452,11,4,658.95,5,3,3,4,Loyal Customer,Loyal Customer,0.3437063029362909,-0.8548377356256338,0.6554489400689202,1.0,"Court: upsell/cross-sell, referral incentives"
14453,190,1,119.93,2,1,1,2,One-Time Buyer,One-Time Buyer,-1.5319963386384525,-0.9211720875023184,0.7344410170286456,1.0,"Convert: post-purchase follow-up, incentivize 2nd order"
14454,376,5,977.3,2,4,3,3,At Risk,At Risk,-0.1947691380443238,0.8499912970293753,0.5670490695220718,1.0,"Win back: targeted discount, re-engagement email flow"
14455,432,4,617.72,1,3,3,3,At Risk,At Risk,-0.6691499042728827,0.8900498321046281,0.6557531669661542,1.0,"Win back: targeted discount, re-engagement email flow"
14456,5,9,3014.32,5,5,5,4,VIP,Loyal Customer,1.5646993564338427,-0.20036838622018965,,,"Court: upsell/cross-sell, referral incentives"
14457,311,1,113.64,2,1,1,0,One-Time Buyer,Lost / Let Go,-1.8385865132349581,-0.42894816754692666,0.7796626485472746,1.0,"Let go: exclude from paid marketing spend, low-cost win-back only"
14458,381,1,219.26999999999998,2,1,1,0,One-Time Buyer,Lost / Let Go,-1.7122702886189556,0.037730478344912825,0.7318926710253503,1.0,"Let go: exclude from paid marketing spend, low-cost win-back only"
14459,155,2,5375.741,3,2,5,4,Needs Attention,Loyal Customer,0.5460940520505221,0.10278619924181676,0.5462756893448218,1.0,"Court: upsell/cross-sell, referral incentives"
14460,110,9,1093.5,3,5,3,4,Loyal Customer,Loyal Customer,0.8692701556750022,-0.030451997525285917,0.40040218283454415,0.0,"Court: upsell/cross-sell, referral incentives"
14461,148,13,6676.52,3,5,5,1,Loyal Customer,VIP,1.8418332191199929,0.7433314074633631,0.05954814378941735,0.0,"Court: white-glove service, early access, loyalty rewards"
14462,66,12,2237.81,3,5,4,4,Loyal Customer,Loyal Customer,1.491400391214251,0.08001122686803155,0.16097523477054262,0.0,"Court: upsell/cross-sell, referral incentives"
14463,98,4,786.5699999999999,3,3,3,4,Loyal Customer,Loyal Customer,0.21881312077965095,-0.4436868146917639,0.4745284796187969,0.0,"Court: upsell/cross-sell, referral incentives"
14464,568,2,111.0,1,2,1,0,Lost / Let Go,Lost / Let Go,-2.1383181417940795,0.8016412034017102,0.8192478515682107,1.0,"Let go: exclude from paid marketing spend, low-cost win-back only"
14465,247,11,3925.85,2,5,5,1,Win-Back Priority,VIP,1.2562649133094603,0.9552082494136186,0.1410673697654152,0.0,"Court: white-glove service, early access, loyalty rewards"
14466,29,13,4646.9,4,5,5,1,VIP,VIP,1.9591535290446227,0.1488970330020742,0.06250730031243536,0.0,"Court: white-glove service, early access, loyalty rewards"
14467,18,12,2203.2400000000002,5,5,4,4,VIP,Loyal Customer,1.5967051691143452,-0.1250263172769181,0.3034273992694253,0.0,"Court: upsell/cross-sell, referral incentives"
14468,734,1,204.24,1,1,1,0,One-Time Buyer,Lost / Let Go,-2.568892588234376,1.4963727766026478,0.9373475878473471,1.0,"Let go: exclude from paid marketing spend, low-cost win-back only"
14469,416,4,2093.46,1,3,4,3,At Risk,At Risk,-0.09032371451550912,1.147422275173911,0.49772699731941344,0.0,"Win back: targeted discount, re-engagement email flow"
14470,12,3,712.04,5,3,3,4,Loyal Customer,Loyal Customer,0.20433234134796874,-0.9187555769658364,0.49746196213424154,0.0,"Court: upsell/cross-sell, referral incentives"
14471,591,2,400.95,1,2,2,0,Lost / Let Go,Lost / Let Go,-1.6247224484720146,1.237785121962577,0.8555887460740181,1.0,"Let go: exclude from paid marketing spend, low-cost win-back only"
14472,104,9,2118.72,3,5,4,4,Loyal Customer,Loyal Customer,1.1767795612092988,0.12024650399169874,0.1485041246307666,0.0,"Court: upsell/cross-sell, referral incentives"
14473,74,2,234.34000000000003,3,2,1,2,Needs Attention,One-Time Buyer,-0.6537565266294959,-1.0684375969779525,0.6134568633559745,1.0,"Convert: post-purchase follow-up, incentivize 2nd order"
14474,46,2,1258.8899999999999,4,2,4,4,New Customer,Loyal Customer,0.15663396433216778,-0.7393766252291383,0.5247768467069714,1.0,"Court: upsell/cross-sell, referral incentives"
14475,72,4,1151.15,3,3,3,4,Loyal Customer,Loyal Customer,0.44851070309009206,-0.45131832320852416,0.26545156568384404,0.0,"Court: upsell/cross-sell, referral incentives"
14476,257,1,193.0,2,1,1,2,One-Time Buyer,One-Time Buyer,-1.4787704765655323,-0.5150357569354994,0.6165390896307135,1.0,"Convert: post-purchase follow-up, incentivize 2nd order"
14477,20,7,1969.6,4,4,4,4,VIP,Loyal Customer,1.1693755194111848,-0.3394112549620951,0.30306527164492353,0.0,"Court: upsell/cross-sell, referral incentives"
14478,382,4,1276.66,2,3,4,3,At Risk,At Risk,-0.23029596829684637,0.8736532720752357,0.5081026905506834,1.0,"Win back: targeted discount, re-engagement email flow"
14479,254,4,1299.11,2,3,4,3,At Risk,At Risk,0.07667609471545135,0.3425572329261142,0.6137938689442392,1.0,"Win back: targeted discount, re-engagement email flow"
14480,11,4,1299.52,5,3,4,4,Loyal Customer,Loyal Customer,0.6449008920794747,-0.6744070775525903,0.5301911858143189,1.0,"Court: upsell/cross-sell, referral incentives"
14481,165,5,2284.69,3,4,4,4,Loyal Customer,Loyal Customer,0.675293583664237,0.1925899580853718,0.23719015018452472,0.0,"Court: upsell/cross-sell, referral incentives"
14482,18,12,4306.72,5,5,5,1,VIP,VIP,1.894201443384493,0.053188864787072646,0.08006767430599075,0.0,"Court: white-glove service, early access, loyalty rewards"
14483,282,2,257.1,2,2,1,2,Lost / Let Go,One-Time Buyer,-1.0990295304596511,-0.1733234459761746,0.7025749154746961,1.0,"Convert: post-purchase follow-up, incentivize 2nd order"
14484,50,4,1070.98,4,3,3,4,Loyal Customer,Loyal Customer,0.46791941242627655,-0.5625800431934735,0.49387522270497264,0.0,"Court: upsell/cross-sell, referral incentives"
14485,39,1,162.8,4,1,1,2,One-Time Buyer,One-Time Buyer,-1.0442619353421265,-1.4724567742419716,,,"Convert: post-purchase follow-up, incentivize 2nd order"
14486,512,2,175.5,1,2,1,0,Lost / Let Go,Lost / Let Go,-1.8054572942784959,0.6882344217061999,0.8009778999300923,1.0,"Let go: exclude from paid marketing spend, low-cost win-back only"
14487,27,7,1391.37,4,4,4,4,VIP,Loyal Customer,0.9987936350898634,-0.40249746560630634,0.6997071185455687,1.0,"Court: upsell/cross-sell, referral incentives"
14488,68,1,1064.28,3,1,3,2,One-Time Buyer,One-Time Buyer,-0.2807228530211111,-0.8530691876245323,,,"Convert: post-purchase follow-up, incentivize 2nd order"
14489,207,4,1574.93,2,3,4,4,At Risk,Loyal Customer,0.2719780726036598,0.19701836457781968,0.2841463050603363,0.0,"Court: upsell/cross-sell, referral incentives"
14490,406,2,1273.47,2,2,4,3,Needs Attention,At Risk,-0.6798644031694617,0.7704218066961775,0.47184264825494465,0.0,"Win back: targeted discount, re-engagement email flow"
14491,175,2,468.13,3,2,2,2,Needs Attention,One-Time Buyer,-0.5835764033002299,-0.4622262078459611,0.6928167567110263,1.0,"Convert: post-purchase follow-up, incentivize 2nd order"
14492,430,7,1921.91,1,4,4,3,Win-Back Priority,At Risk,0.20000107126369118,1.370079811301426,0.7331649498366253,1.0,"Win back: targeted discount, re-engagement email flow"
14493,7,10,5087.86,5,5,5,1,VIP,VIP,1.865599087832762,-0.014917435137033823,0.25670168794429904,0.0,"Court: white-glove service, early access, loyalty rewards"
14494,26,3,401.46,4,3,2,2,Needs Attention,One-Time Buyer,-0.08234303024839498,-1.0122867168674554,0.5756911087433049,1.0,"Convert: post-purchase follow-up, incentivize 2nd order"
14495,51,3,174.8,4,3,1,2,Needs Attention,One-Time Buyer,-0.5085362598111266,-1.127951792928832,0.6838809592434748,1.0,"Convert: post-purchase follow-up, incentivize 2nd order"
14496,312,7,2668.23,2,4,4,3,Win-Back Priority,At Risk,0.6214734656092102,0.9634336242036593,0.24150818822988648,0.0,"Win back: targeted discount, re-engagement email flow"
14497,309,2,697.0600000000001,2,2,3,3,Needs Attention,At Risk,-0.7203816977257799,0.20432330445362726,0.7273623595766149,1.0,"Win back: targeted discount, re-engagement email flow"
14498,43,10,3900.83,4,5,5,1,VIP,VIP,1.6635064745304526,0.06510924724973405,0.09047573199185273,0.0,"Court: white-glove service, early access, loyalty rewards"
14499,26,7,2101.79,4,4,4,4,VIP,Loyal Customer,1.1841767677997432,-0.2970295170342476,0.14149987815105927,0.0,"Court: upsell/cross-sell, referral incentives"
14500,88,3,356.85,3,3,2,2,Needs Attention,One-Time Buyer,-0.27944923053890103,-0.7840410478300694,0.3242991362123041,0.0,"Convert: post-purchase follow-up, incentivize 2nd order"
14501,184,2,251.21,3,2,1,2,Needs Attention,One-Time Buyer,-0.8801752909659399,-0.5896312381337449,0.5516458734063736,1.0,"Convert: post-purchase follow-up, incentivize 2nd order"
14502,20,11,2426.79,4,5,4,4,VIP,Loyal Customer,1.5734413987389002,-0.12277312349625029,0.1704193153504904,0.0,"Court: upsell/cross-sell, referral incentives"
14503,3,6,3543.26,5,4,5,4,VIP,Loyal Customer,1.3671845299413712,-0.30750229766154286,,,"Court: upsell/cross-sell, referral incentives"
14504,47,4,673.26,4,3,3,4,Loyal Customer,Loyal Customer,0.2690703068297624,-0.6984581500150093,0.23359548977817202,0.0,"Court: upsell/cross-sell, referral incentives"
14505,17,19,11873.08,5,5,5,1,VIP,VIP,2.6776125114767053,0.48990083028755654,0.013229662860210184,0.0,"Court: white-glove service, early access, loyalty rewards"
14506,17,7,3217.25,5,4,5,4,VIP,Loyal Customer,1.3941742330585774,-0.22150308018130827,0.28217174996134237,0.0,"Court: upsell/cross-sell, referral incentives"
14507,24,11,3216.7400000000002,4,5,5,1,VIP,VIP,1.6891660552964263,-0.03110488740112136,0.1505684809018979,0.0,"Court: white-glove service, early access, loyalty rewards"
14508,22,5,822.92,4,4,3,4,Loyal Customer,Loyal Customer,0.5565561084972954,-0.6773150560197853,0.42019502113168594,0.0,"Court: upsell/cross-sell, referral incentives"
14509,534,1,110.95,1,1,1,0,One-Time Buyer,Lost / Let Go,-2.3704580605068784,0.4980767350199166,0.9200358765801231,1.0,"Let go: exclude from paid marketing spend, low-cost win-back only"
14510,376,3,979.85,2,3,3,3,At Risk,At Risk,-0.5050400844418476,0.689541032419486,0.4170129518328556,0.0,"Win back: targeted discount, re-engagement email flow"
14511,11,5,1314.81,5,4,4,4,VIP,Loyal Customer,0.7901268146288549,-0.5988387488487666,,,"Court: upsell/cross-sell, referral incentives"
14512,188,7,1215.97,2,4,3,4,At Risk,Loyal Customer,0.5626257150179019,0.2355365432327778,0.30133968705341646,0.0,"Court: upsell/cross-sell, referral incentives"
14513,101,6,788.01,3,4,3,4,Loyal Customer,Loyal Customer,0.47104602941938306,-0.2969217307754512,0.2716019722205339,0.0,"Court: upsell/cross-sell, referral incentives"
14514,61,9,4380.04,3,5,5,1,Loyal Customer,VIP,1.599654935882716,0.13337887422051953,0.08317629068153334,0.0,"Court: white-glove service, early access, loyalty rewards"
14515,18,12,3724.06,5,5,5,1,VIP,VIP,1.8296757594072148,0.014534745349691564,0.06804794293534264,0.0,"Court: white-glove service, early access, loyalty rewards"
14516,516,1,151.17,1,1,1,0,One-Time Buyer,Lost / Let Go,-2.192091522337683,0.5043820886438823,0.8433871115542171,1.0,"Let go: exclude from paid marketing spend, low-cost win-back only"
14517,33,2,330.45,4,2,2,2,New Customer,One-Time Buyer,-0.4058585197160227,-1.1489537591080783,,,"Convert: post-purchase follow-up, incentivize 2nd order"
14518,64,1,174.37,3,1,1,2,One-Time Buyer,One-Time Buyer,-1.0724025666660053,-1.3496683891962553,,,"Convert: post-purchase follow-up, incentivize 2nd order"
14519,684,2,203.14,1,2,1,0,Lost / Let Go,Lost / Let Go,-2.142962030155535,1.446816878886315,0.8714771835426596,1.0,"Let go: exclude from paid marketing spend, low-cost win-back only"
14520,2,2,270.6,5,2,1,2,New Customer,One-Time Buyer,-0.42180928300438064,-1.331670148013005,0.5381579101010399,1.0,"Convert: post-purchase follow-up, incentivize 2nd order"
14521,491,1,199.45000000000002,1,1,1,0,One-Time Buyer,Lost / Let Go,-2.011293099946147,0.4730433733305145,0.8732625724300295,1.0,"Let go: exclude from paid marketing spend, low-cost win-back only"
14522,24,8,1748.42,4,4,4,4,VIP,Loyal Customer,1.1976295789418956,-0.30752581334092255,0.30610964006839153,0.0,"Court: upsell/cross-sell, referral incentives"
14523,108,1,241.09,3,1,1,2,One-Time Buyer,One-Time Buyer,-1.0321126586334417,-1.0797556948032472,,,"Convert: post-purchase follow-up, incentivize 2nd order"
14524,32,13,2909.86,4,5,4,1,VIP,VIP,1.74435950867465,0.036982171039419275,0.0857168622535835,0.0,"Court: white-glove service, early access, loyalty rewards"
14525,20,17,8018.59,4,5,5,1,VIP,VIP,2.415414848845443,0.3561935955964809,0.020781773937399356,0.0,"Court: white-glove service, early access, loyalty rewards"
14526,389,1,258.65,2,1,1,0,One-Time Buyer,Lost / Let Go,-1.6579421621706236,0.11496248046528354,0.6815616931734517,1.0,"Let go: exclude from paid marketing spend, low-cost win-back only"
14527,3,121,27708.43,5,5,5,1,VIP,VIP,4.4754975423318495,1.37536524559076,0.04717599442814799,0.0,"Court: white-glove service, early access, loyalty rewards"
14528,37,1,364.21999999999997,4,1,2,2,One-Time Buyer,One-Time Buyer,-0.6835576098968018,-1.2675484835573305,,,"Convert: post-purchase follow-up, incentivize 2nd order"
14529,60,3,578.61,3,3,2,2,Needs Attention,One-Time Buyer,0.00012776230136772474,-0.7729639716503998,,,"Convert: post-purchase follow-up, incentivize 2nd order"
14530,26,16,6088.87,4,5,5,1,VIP,VIP,2.2352685969956583,0.28537512498508044,0.037859628913832634,0.0,"Court: white-glove service, early access, loyalty rewards"
14531,480,1,376.34,1,1,2,0,One-Time Buyer,Lost / Let Go,-1.7047065357433582,0.5952598398418358,0.7732775404723801,1.0,"Let go: exclude from paid marketing spend, low-cost win-back only"
14532,236,11,3845.78,2,5,5,1,Win-Back Priority,VIP,1.2728336328904921,0.9036894881212518,0.26352559048776164,0.0,"Court: white-glove service, early access, loyalty rewards"
14533,25,11,3466.37,4,5,5,1,VIP,VIP,1.7200031925684158,-0.007046054922629238,0.2449452671120273,0.0,"Court: white-glove service, early access, loyalty rewards"
14534,3,26,6183.06,5,5,5,1,VIP,VIP,2.6511812874021206,0.3770526219570659,0.03382078696386009,0.0,"Court: white-glove service, early access, loyalty rewards"
14535,60,9,5961.89,3,5,5,1,Loyal Customer,VIP,1.7388664040439339,0.21118768109769687,0.09629680672851638,0.0,"Court: white-glove service, early access, loyalty rewards"
14536,260,1,170.95,2,1,1,2,One-Time Buyer,One-Time Buyer,-1.5393552857029664,-0.5345715707128473,0.7155414160582882,1.0,"Convert: post-purchase follow-up, incentivize 2nd order"
14537,58,2,641.4,4,2,3,2,New Customer,One-Time Buyer,-0.170488796750447,-0.8683094618138695,0.8345749868260725,1.0,"Convert: post-purchase follow-up, incentivize 2nd order"
14538,65,5,1370.8400000000001,3,4,4,4,Loyal Customer,Loyal Customer,0.6824010469242402,-0.3617364508210937,0.37906949608809576,0.0,"Court: upsell/cross-sell, referral incentives"
14539,16,2,537.48,5,2,2,2,New Customer,One-Time Buyer,-0.1506511467354446,-1.0910310519696396,,,"Convert: post-purchase follow-up, incentivize 2nd order"
14540,10,11,3709.64,5,5,5,1,VIP,VIP,1.7851773810901503,-0.05179106910844139,0.16025883015341177,0.0,"Court: white-glove service, early access, loyalty rewards"
14541,59,14,2491.38,4,5,4,1,VIP,VIP,1.6653159760485248,0.13612385975219268,0.10658500564344436,0.0,"Court: white-glove service, early access, loyalty rewards"
14542,186,1,103.25,3,1,1,2,One-Time Buyer,One-Time Buyer,-1.5885446802547156,-0.9773907443816865,0.825411424851768,1.0,"Convert: post-purchase follow-up, incentivize 2nd order"
14543,29,39,14548.22,4,5,5,1,VIP,VIP,3.2721596651382785,0.8696428257785408,0.040248631202778114,0.0,"Court: white-glove service, early access, loyalty rewards"
14544,24,3,2938.53,4,3,4,4,Loyal Customer,Loyal Customer,0.8052003404534046,-0.49177542712292577,0.32417670264550463,0.0,"Court: upsell/cross-sell, referral incentives"
14545,674,1,349.25,1,1,2,0,One-Time Buyer,Lost / Let Go,-2.191317539068605,1.3874086778336774,0.9119160068955978,1.0,"Let go: exclude from paid marketing spend, low-cost win-back only"
14546,5,11,5184.84,5,5,5,1,VIP,VIP,1.9454877303238118,0.01631365981033056,0.11640242799037,0.0,"Court: white-glove service, early access, loyalty rewards"
14547,4,8,3974.75,5,4,5,4,VIP,Loyal Customer,1.6088838566682055,-0.17288071154851642,,,"Court: upsell/cross-sell, referral incentives"
14548,151,9,2541.29,3,5,4,4,Loyal Customer,Loyal Customer,1.1476152357730243,0.3653101548000217,0.26677166104642813,0.0,"Court: upsell/cross-sell, referral incentives"
14549,311,4,913.6,2,3,3,3,At Risk,At Risk,-0.21274335179272386,0.48757343294157346,0.5072329459944861,1.0,"Win back: targeted discount, re-engagement email flow"
14550,11,4,1345.06,5,3,4,4,Loyal Customer,Loyal Customer,0.6601825597223524,-0.6652525925497167,0.48199800592591185,0.0,"Court: upsell/cross-sell, referral incentives"
14551,18,7,878.09,5,4,3,4,Loyal Customer,Loyal Customer,0.8156459152255173,-0.5624847033908027,0.23388226658829492,0.0,"Court: upsell/cross-sell, referral incentives"
14552,152,3,507.93,3,3,2,2,Needs Attention,One-Time Buyer,-0.2726905009854496,-0.42249838315583715,0.5945308462284182,1.0,"Convert: post-purchase follow-up, incentivize 2nd order"
14553,19,9,1818.6,5,5,4,4,VIP,Loyal Customer,1.307706986610367,-0.2761179200222399,0.12150627533309934,0.0,"Court: upsell/cross-sell, referral incentives"
14554,10,4,2279.4900000000002,5,3,4,4,Loyal Customer,Loyal Customer,0.8966046702792925,-0.5292097376139094,,,"Court: upsell/cross-sell, referral incentives"
14555,57,6,2304.03,4,4,4,4,VIP,Loyal Customer,1.049915769912454,-0.1959267566291463,0.26418463535333636,0.0,"Court: upsell/cross-sell, referral incentives"
14556,596,3,815.69,1,3,3,3,At Risk,At Risk,-1.1006798555689794,1.5616080480631782,0.7191789335064458,1.0,"Win back: targeted discount, re-engagement email flow"
14557,85,1,788.38,3,1,3,2,One-Time Buyer,One-Time Buyer,-0.4535543668117774,-0.861644625526662,,,"Convert: post-purchase follow-up, incentivize 2nd order"
14558,654,3,655.5,1,3,3,3,At Risk,At Risk,-1.3332152358669336,1.7462864967488891,0.7485204332738378,1.0,"Win back: targeted discount, re-engagement email flow"
14559,390,1,75.6,2,1,1,0,One-Time Buyer,Lost / Let Go,-2.202296038343108,-0.20554693899168844,0.8266638933306386,1.0,"Let go: exclude from paid marketing spend, low-cost win-back only"
14560,7,44,6114.03,5,5,5,1,VIP,VIP,3.0291973001851757,0.593824157509205,0.030357915634481418,0.0,"Court: white-glove service, early access, loyalty rewards"
14561,76,3,1080.76,3,3,3,4,Loyal Customer,Loyal Customer,0.2397786009207051,-0.5400276436764063,0.22915617878645017,0.0,"Court: upsell/cross-sell, referral incentives"
14562,4,26,6638.150000000001,5,5,5,1,VIP,VIP,2.680371956684015,0.40012513757045726,0.060187165324061716,0.0,"Court: white-glove service, early access, loyalty rewards"
14563,510,2,625.42,1,2,3,3,Needs Attention,At Risk,-1.2383578555798582,1.01678373201637,0.6102078200628944,1.0,"Win back: targeted discount, re-engagement email flow"
14564,435,2,2605.62,1,2,4,3,Needs Attention,At Risk,-0.42996283516893496,1.0821147730899074,0.6296528562040513,1.0,"Win back: targeted discount, re-engagement email flow"
14565,96,5,3709.2200000000003,3,4,5,4,Loyal Customer,Loyal Customer,1.0516889503476308,0.03264659815754351,0.14391894720850693,0.0,"Court: upsell/cross-sell, referral incentives"
14566,111,4,4092.0,3,3,5,4,Loyal Customer,Loyal Customer,0.9201814681801616,0.049083923316661796,0.3279299319104509,0.0,"Court: upsell/cross-sell, referral incentives"
14567,57,2,1530.3600000000001,4,2,4,4,New Customer,Loyal Customer,0.2175580966679681,-0.6414357608469179,,,"Court: upsell/cross-sell, referral incentives"
14568,435,1,919.7,1,1,3,3,One-Time Buyer,At Risk,-1.2034568402063102,0.6441706745344696,0.681740275440012,1.0,"Win back: targeted discount, re-engagement email flow"
14569,1,4,597.3299999999999,5,3,2,4,Needs Attention,Loyal Customer,0.3235619798742271,-0.9227636085645445,0.5334919378947539,1.0,"Court: upsell/cross-sell, referral incentives"
14570,281,3,512.4,2,3,2,3,At Risk,At Risk,-0.5703836347847766,0.11974204111058857,0.47721169251600865,0.0,"Win back: targeted discount, re-engagement email flow"
14571,425,1,160.0,1,1,1,0,One-Time Buyer,Lost / Let Go,-1.9543072635030456,0.13851521655094384,0.8399936639258497,1.0,"Let go: exclude from paid marketing spend, low-cost win-back only"
14572,3,11,5520.9800000000005,5,5,5,1,VIP,VIP,1.978049037278772,0.02464783229212059,0.0793148479597789,0.0,"Court: white-glove service, early access, loyalty rewards"
14573,180,13,2565.12,3,5,4,1,Loyal Customer,VIP,1.3423968122432295,0.6228908859387369,0.11048642489263331,0.0,"Court: white-glove service, early access, loyalty rewards"
14574,733,1,143.70000000000002,1,1,1,0,One-Time Buyer,Lost / Let Go,-2.7217429842982717,1.3992218854650451,0.9234658108453482,1.0,"Let go: exclude from paid marketing spend, low-cost win-back only"
14575,488,1,420.22,1,1,2,0,One-Time Buyer,Lost / Let Go,-1.6745643087116118,0.6580032757491249,0.6815995906315118,1.0,"Let go: exclude from paid marketing spend, low-cost win-back only"
14576,372,1,70.80000000000001,2,1,1,0,One-Time Buyer,Lost / Let Go,-2.188948535187748,-0.2980962599049554,0.8214745847852207,1.0,"Let go: exclude from paid marketing spend, low-cost win-back only"
14577,13,7,1364.15,5,4,4,4,VIP,Loyal Customer,1.0227567606200472,-0.4663441311175005,0.28866649408728184,0.0,"Court: upsell/cross-sell, referral incentives"
14578,3,1,168.63,5,1,1,2,One-Time Buyer,One-Time Buyer,-0.9445727773455851,-1.6138282599412241,,,"Convert: post-purchase follow-up, incentivize 2nd order"
14579,432,1,105.56,1,1,1,0,One-Time Buyer,Lost / Let Go,-2.153911858473645,0.058042947291239384,0.8723598044193949,1.0,"Let go: exclude from paid marketing spend, low-cost win-back only"
14580,518,1,14.850000000000001,1,1,1,0,One-Time Buyer,Lost / Let Go,-3.201035104759009,-0.08885401383075905,0.9093422845161967,1.0,"Let go: exclude from paid marketing spend, low-cost win-back only"
14581,17,2,409.65,5,2,2,2,New Customer,One-Time Buyer,-0.2733188944627698,-1.1589293409541974,0.6903774748355038,1.0,"Convert: post-purchase follow-up, incentivize 2nd order"
14582,41,1,114.11,4,1,1,2,One-Time Buyer,One-Time Buyer,-1.2055645670995145,-1.5579134542076356,,,"Convert: post-purchase follow-up, incentivize 2nd order"
14583,6,8,1660.29,5,4,4,4,VIP,Loyal Customer,1.2167592553184863,-0.39661132262873217,0.2376841110829949,0.0,"Court: upsell/cross-sell, referral incentives"
14584,169,8,1738.16,3,4,4,4,Loyal Customer,Loyal Customer,0.856037258921735,0.29779025938304426,0.14372418464384049,0.0,"Court: upsell/cross-sell, referral incentives"
14585,50,5,1143.27,4,4,3,4,Loyal Customer,Loyal Customer,0.6369313320014678,-0.472762709856136,0.41754172978333026,0.0,"Court: upsell/cross-sell, referral incentives"
14586,277,1,237.36,2,1,1,2,One-Time Buyer,One-Time Buyer,-1.4340947253011964,-0.37655591514886627,0.6128336398928996,1.0,"Convert: post-purchase follow-up, incentivize 2nd order"
14587,19,9,1580.29,5,5,4,4,VIP,Loyal Customer,1.245379171219158,-0.31345540599528604,0.08890725952318561,0.0,"Court: upsell/cross-sell, referral incentives"
14588,578,1,135.39,1,1,1,0,One-Time Buyer,Lost / Let Go,-2.3856448131866945,0.7347561285475125,0.9288883177864342,1.0,"Let go: exclude from paid marketing spend, low-cost win-back only"
14589,372,1,79.5,2,1,1,0,One-Time Buyer,Lost / Let Go,-2.138166243971839,-0.2676751217012157,0.8029424473050055,1.0,"Let go: exclude from paid marketing spend, low-cost win-back only"
14590,425,20,2993.37,1,5,5,1,Win-Back Priority,VIP,1.1495907228136217,1.8505039188223347,0.803828460926163,1.0,"Court: white-glove service, early access, loyalty rewards"
14591,15,4,1320.21,5,3,4,4,Loyal Customer,Loyal Customer,0.6425578202961876,-0.6534673295831067,0.26991398580731296,0.0,"Court: upsell/cross-sell, referral incentives"
14592,35,3,557.94,4,3,2,2,Needs Attention,One-Time Buyer,0.04244932480053726,-0.8872572680183115,,,"Convert: post-purchase follow-up, incentivize 2nd order"
14593,22,12,3658.0299999999997,4,5,5,1,VIP,VIP,1.812383558743676,0.026519215705604445,0.06502205144551321,0.0,"Court: white-glove service, early access, loyalty rewards"
14594,7,2,618.33,5,2,3,2,New Customer,One-Time Buyer,-0.06749975548177291,-1.0914917723622553,0.6969657919716399,1.0,"Convert: post-purchase follow-up, incentivize 2nd order"
14595,20,8,2164.45,4,4,4,4,VIP,Loyal Customer,1.3017069636395437,-0.2675216078351302,0.47218013813298254,0.0,"Court: upsell/cross-sell, referral incentives"
14596,627,1,222.22000000000003,1,1,1,0,One-Time Buyer,Lost / Let Go,-2.2814615134690466,1.0708733743826138,0.9082673247676153,1.0,"Let go: exclude from paid marketing spend, low-cost win-back only"
14597,11,6,2184.63,5,4,4,4,VIP,Loyal Customer,1.133837908600402,-0.4026018908805071,0.114776308005898,0.0,"Court: upsell/cross-sell, referral incentives"
14598,44,2,384.04,4,2,2,2,New Customer,One-Time Buyer,-0.3650308389841062,-1.0630516766911542,0.8604111693064173,1.0,"Convert: post-purchase follow-up, incentivize 2nd order"
14599,390,2,457.89,2,2,2,3,Lost / Let Go,At Risk,-1.0960018341799145,0.43176116243621016,0.6261194811511747,1.0,"Win back: targeted discount, re-engagement email flow"
14600,306,2,865.1700000000001,2,2,3,3,Needs Attention,At Risk,-0.6175621754318101,0.24915982867878902,0.5324446876923278,1.0,"Win back: targeted discount, re-engagement email flow"
14601,11,1,213.96,5,1,1,2,One-Time Buyer,One-Time Buyer,-0.8581199107653772,-1.5173519280375438,,,"Convert: post-purchase follow-up, incentivize 2nd order"
14602,656,1,205.35999999999999,1,1,1,0,One-Time Buyer,Lost / Let Go,-2.384128010402291,1.171360395302673,0.926704747678812,1.0,"Let go: exclude from paid marketing spend, low-cost win-back only"
14603,275,1,660.0,2,1,3,2,One-Time Buyer,One-Time Buyer,-0.9765444817367062,-0.11363206453123376,0.589612315954571,1.0,"Convert: post-purchase follow-up, incentivize 2nd order"
14604,633,1,136.35999999999999,1,1,1,0,One-Time Buyer,Lost / Let Go,-2.5110770931707784,0.9668371794322169,0.9426954897987289,1.0,"Let go: exclude from paid marketing spend, low-cost win-back only"
14605,374,4,920.71,2,3,3,3,At Risk,At Risk,-0.3565862808584361,0.7533123129389824,0.5329715555586622,1.0,"Win back: targeted discount, re-engagement email flow"
14606,1,184,30255.63,5,5,5,1,VIP,VIP,4.8389957232238565,1.5558482169042576,0.04683846220787175,0.0,"Court: white-glove service, early access, loyalty rewards"
14607,16,20,22575.13,5,5,5,1,VIP,VIP,3.002714920857369,0.6760090973340349,0.08125125636280638,0.0,"Court: white-glove service, early access, loyalty rewards"
14608,4,10,3342.94,5,5,5,4,VIP,Loyal Customer,1.6861720978835821,-0.13916072103636054,0.4283914397407358,0.0,"Court: upsell/cross-sell, referral incentives"
14609,72,10,1486.2,3,5,4,4,Loyal Customer,Loyal Customer,1.1674430969628198,-0.07006818469659548,0.31015536271745425,0.0,"Court: upsell/cross-sell, referral incentives"
14610,396,2,24.35,2,2,1,0,Lost / Let Go,Lost / Let Go,-2.395887215554968,-0.3134202973775657,0.7575369092386522,1.0,"Let go: exclude from paid marketing spend, low-cost win-back only"
14611,444,2,604.3299999999999,1,2,2,3,Lost / Let Go,At Risk,-1.0992692662589882,0.7314392401010513,0.6018432288070085,1.0,"Win back: targeted discount, re-engagement email flow"
14612,415,1,877.7,1,1,3,3,One-Time Buyer,At Risk,-1.1774318941274768,0.548044094750783,0.7561503888703693,1.0,"Win back: targeted discount, re-engagement email flow"
14613,680,1,76.32000000000001,1,1,1,0,One-Time Buyer,Lost / Let Go,-2.876103377646397,1.0107026796908893,0.9444489625530474,1.0,"Let go: exclude from paid marketing spend, low-cost win-back only"
14614,386,1,295.13,2,1,2,0,One-Time Buyer,Lost / Let Go,-1.5925578343492572,0.13737344653882383,0.7213409141769284,1.0,"Let go: exclude from paid marketing spend, low-cost win-back only"
14615,394,5,951.76,2,4,3,3,At Risk,At Risk,-0.24859496162682565,0.9182920747894027,0.6393247701275142,1.0,"Win back: targeted discount, re-engagement email flow"
14616,243,5,527.78,2,4,2,3,At Risk,At Risk,-0.15701471148076918,0.12969119072160765,0.500060144924284,1.0,"Win back: targeted discount, re-engagement email flow"
14617,403,2,190.47000000000003,2,2,1,0,Lost / Let Go,Lost / Let Go,-1.5144906322190403,0.25368133080369637,0.7774423913325487,1.0,"Let go: exclude from paid marketing spend, low-cost win-back only"
14618,9,7,1342.32,5,4,4,4,VIP,Loyal Customer,1.0249504896781967,-0.48737334286603684,0.5877446346054289,1.0,"Court: upsell/cross-sell, referral incentives"
14619,246,2,1291.24,2,2,4,3,Needs Attention,At Risk,-0.29966874857796755,0.10444344624748225,0.6389098815914781,1.0,"Win back: targeted discount, re-engagement email flow"
14620,206,2,412.78000000000003,2,2,2,2,Lost / Let Go,One-Time Buyer,-0.71179120909946,-0.36587222198401403,0.3604465875113367,0.0,"Convert: post-purchase follow-up, incentivize 2nd order"
14621,1,9,3000.57,5,5,5,4,VIP,Loyal Customer,1.5720212231244042,-0.2183255864484081,0.15398060792252988,0.0,"Court: upsell/cross-sell, referral incentives"
14622,185,1,320.58000000000004,3,1,2,2,One-Time Buyer,One-Time Buyer,-1.086053126243151,-0.6819589544978333,0.35562242723209714,0.0,"Convert: post-purchase follow-up, incentivize 2nd order"
14623,32,10,2012.3,4,5,4,4,VIP,Loyal Customer,1.3954358636853117,-0.15692274221304348,0.11060581428852637,0.0,"Court: upsell/cross-sell, referral incentives"
14624,57,6,814.07,4,4,3,4,Loyal Customer,Loyal Customer,0.5883371320451393,-0.4724355000955406,0.43737966639702686,0.0,"Court: upsell/cross-sell, referral incentives"
14625,196,11,4497.88,2,5,5,1,Win-Back Priority,VIP,1.4358735077981504,0.7779248922563846,0.1326691140458763,0.0,"Court: white-glove service, early access, loyalty rewards"
14626,24,11,5410.92,4,5,5,1,VIP,VIP,1.9200162887805785,0.10718597520152766,0.11991169853459872,0.0,"Court: white-glove service, early access, loyalty rewards"
14627,379,1,462.75,2,1,2,0,One-Time Buyer,Lost / Let Go,-1.3770351824539473,0.22738142988403048,0.7802496866817188,1.0,"Let go: exclude from paid marketing spend, low-cost win-back only"
14628,91,5,1998.0,3,4,4,4,Loyal Customer,Loyal Customer,0.7887843764809973,-0.1527756280344812,0.29215313057909104,0.0,"Court: upsell/cross-sell, referral incentives"
14629,4,2,955.26,5,2,3,2,New Customer,One-Time Buyer,0.13238657631379194,-0.9885073631925279,,,"Convert: post-purchase follow-up, incentivize 2nd order"
14630,484,1,338.65,1,1,2,0,One-Time Buyer,Lost / Let Go,-1.7607810170920866,0.5840117798740526,0.8308992884012582,1.0,"Let go: exclude from paid marketing spend, low-cost win-back only"
14631,51,6,2025.69,4,4,4,4,VIP,Loyal Customer,1.0068033867345085,-0.2552682835604255,0.10057206938279906,0.0,"Court: upsell/cross-sell, referral incentives"
14632,263,1,114.56,2,1,1,2,One-Time Buyer,One-Time Buyer,-1.7228232426922028,-0.6277205503045636,0.6986316849295278,1.0,"Convert: post-purchase follow-up, incentivize 2nd order"
14633,266,1,344.90000000000003,2,1,2,2,One-Time Buyer,One-Time Buyer,-1.2430451140770136,-0.32355187545100966,0.6452106494494557,1.0,"Convert: post-purchase follow-up, incentivize 2nd order"
14634,438,4,2124.46,1,3,4,3,At Risk,At Risk,-0.13523169238983848,1.2434086550014996,0.4825369491154412,0.0,"Win back: targeted discount, re-engagement email flow"
14635,454,1,215.22,1,1,1,0,One-Time Buyer,Lost / Let Go,-1.8911692395503878,0.33832745742277076,0.695826600792297,1.0,"Let go: exclude from paid marketing spend, low-cost win-back only"
14636,36,2,609.85,4,2,2,2,New Customer,One-Time Buyer,-0.14141732866247672,-0.9737827049030505,0.5486481912877774,1.0,"Convert: post-purchase follow-up, incentivize 2nd order"
14637,677,1,106.67999999999999,1,1,1,0,One-Time Buyer,Lost / Let Go,-2.7220298652362,1.086242913407804,0.9226841513915658,1.0,"Let go: exclude from paid marketing spend, low-cost win-back only"
14638,51,1,443.6,4,1,2,2,One-Time Buyer,One-Time Buyer,-0.6289616447225921,-1.156640984470951,,,"Convert: post-purchase follow-up, incentivize 2nd order"
14639,52,9,4978.96,4,5,5,1,VIP,VIP,1.6775882791802343,0.12979228151637343,0.18977685152931062,0.0,"Court: white-glove service, early access, loyalty rewards"
14640,24,10,3649.36,4,5,5,1,VIP,VIP,1.6783449292748172,-0.032132760275904976,0.1928046626646888,0.0,"Court: white-glove service, early access, loyalty rewards"
14641,22,1,110.46,4,1,1,2,One-Time Buyer,One-Time Buyer,-1.175453392372102,-1.646006336827194,,,"Convert: post-purchase follow-up, incentivize 2nd order"
14642,59,1,96.12,4,1,1,2,One-Time Buyer,One-Time Buyer,-1.323099868468921,-1.5277778474597492,,,"Convert: post-purchase follow-up, incentivize 2nd order"
14643,170,5,1679.89,3,4,4,4,Loyal Customer,Loyal Customer,0.5271414502038597,0.13176860991792175,0.4064025213706534,0.0,"Court: upsell/cross-sell, referral incentives"
14644,68,7,2247.72,3,4,4,4,Loyal Customer,Loyal Customer,1.115780428409836,-0.10339701610814316,0.48483247122259104,0.0,"Court: upsell/cross-sell, referral incentives"
14645,157,3,876.89,3,3,3,4,Loyal Customer,Loyal Customer,-0.04230203014173757,-0.25655493273825897,0.6885208107852913,1.0,"Court: upsell/cross-sell, referral incentives"
14646,2,145,526751.52,5,5,5,1,VIP,VIP,5.923352356257353,2.225859252603265,0.049499674381070786,0.0,"Court: white-glove service, early access, loyalty rewards"
14647,201,2,506.04,2,2,2,2,Lost / Let Go,One-Time Buyer,-0.6098553581530262,-0.3327367439093907,0.5633113039175817,1.0,"Convert: post-purchase follow-up, incentivize 2nd order"
14648,416,15,4463.39,1,5,5,1,Win-Back Priority,VIP,1.1391018347056003,1.810994816573942,0.591870467580062,1.0,"Court: white-glove service, early access, loyalty rewards"
14649,5,9,3651.19,5,5,5,4,VIP,Loyal Customer,1.6497804473827946,-0.14940054754432913,0.09242813068514856,0.0,"Court: upsell/cross-sell, referral incentives"
14650,589,1,62.5,1,1,1,0,One-Time Buyer,Lost / Let Go,-2.7507944556059543,0.5774574423607317,0.9212831675720182,1.0,"Let go: exclude from paid marketing spend, low-cost win-back only"
14651,67,9,2025.52,3,5,4,4,Loyal Customer,Loyal Customer,1.2433137497725528,-0.04657231184583317,0.13124899749325683,0.0,"Court: upsell/cross-sell, referral incentives"
14652,77,1,114.18,3,1,1,2,One-Time Buyer,One-Time Buyer,-1.2894553531149726,-1.4070779517040357,,,"Convert: post-purchase follow-up, incentivize 2nd order"
14653,1,11,3404.8,5,5,5,1,VIP,VIP,1.7681552711746564,-0.11226073849595744,0.41269859725123115,0.0,"Court: white-glove service, early access, loyalty rewards"
14654,738,1,246.86,1,1,1,0,One-Time Buyer,Lost / Let Go,-2.4944667284081885,1.5633009631070516,0.8111874570717273,1.0,"Let go: exclude from paid marketing spend, low-cost win-back only"
14655,8,7,3878.51,5,4,5,4,VIP,Loyal Customer,1.4981865108982404,-0.20946708373247958,0.12508882897905302,0.0,"Court: upsell/cross-sell, referral incentives"
14656,169,5,790.0,3,4,3,4,Loyal Customer,Loyal Customer,0.19479527548200382,-0.07290925093291488,0.40922603850510264,0.0,"Court: upsell/cross-sell, referral incentives"
14657,18,6,1450.19,5,4,4,4,VIP,Loyal Customer,0.9356434584146538,-0.48222941272216263,0.2084538695273412,0.0,"Court: upsell/cross-sell, referral incentives"
14658,5,2,247.15,5,2,1,2,New Customer,One-Time Buyer,-0.46891517922330617,-1.3431314172412154,,,"Convert: post-purchase follow-up, incentivize 2nd order"
14659,9,9,2529.93,5,5,4,4,VIP,Loyal Customer,1.4775940315528129,-0.23020547707004227,0.10735403095559867,0.0,"Court: upsell/cross-sell, referral incentives"
14660,87,2,285.74,3,2,1,2,Needs Attention,One-Time Buyer,-0.5964366931295185,-0.9614842055713149,,,"Convert: post-purchase follow-up, incentivize 2nd order"
14661,27,1,107.95,4,1,1,2,One-Time Buyer,One-Time Buyer,-1.197255405052733,-1.6311376285937285,,,"Convert: post-purchase follow-up, incentivize 2nd order"
14662,29,7,1376.43,4,4,4,4,VIP,Loyal Customer,0.9893281418767095,-0.3969960878412575,0.3342022390124645,0.0,"Court: upsell/cross-sell, referral incentives"
14663,430,2,490.6,1,2,2,3,Lost / Let Go,At Risk,-1.1589416958686292,0.6174906843297726,0.6595731968604971,1.0,"Win back: targeted discount, re-engagement email flow"
14664,20,2,636.24,4,2,3,2,New Customer,One-Time Buyer,-0.08523332436570721,-1.0294991314832858,,,"Convert: post-purchase follow-up, incentivize 2nd order"
14665,61,7,2749.65,3,4,4,4,Loyal Customer,Loyal Customer,1.2216018160410054,-0.07910558948771293,0.22035683579923449,0.0,"Court: upsell/cross-sell, referral incentives"
14666,24,1,179.95,4,1,1,2,One-Time Buyer,One-Time Buyer,-0.964983155524852,-1.5087524311649418,,,"Convert: post-purchase follow-up, incentivize 2nd order"
14667,11,54,21557.3,5,5,5,1,VIP,VIP,3.7334297287871046,1.02545851101296,0.012140016631211125,0.0,"Court: white-glove service, early access, loyalty rewards"
14668,445,1,111.63,1,1,1,0,One-Time Buyer,Lost / Let Go,-2.1597052775142163,0.127188336497652,0.8736998044304697,1.0,"Let go: exclude from paid marketing spend, low-cost win-back only"
14669,242,7,3216.78,2,4,5,4,Win-Back Priority,Loyal Customer,0.8681049417386674,0.7201693472875603,0.2882865150238408,0.0,"Court: upsell/cross-sell, referral incentives"
14670,280,3,583.33,2,3,2,3,At Risk,At Risk,-0.5105866054901209,0.1499776179840105,0.5005778277239766,1.0,"Win back: targeted discount, re-engagement email flow"
14671,549,2,1127.45,1,2,3,3,Needs Attention,At Risk,-1.0681986254029074,1.3365654540635235,0.6745755572341231,1.0,"Win back: targeted discount, re-engagement email flow"
14672,235,4,1113.14,2,3,3,3,At Risk,At Risk,0.05255462136601004,0.2219762753733811,0.558789522288851,1.0,"Win back: targeted discount, re-engagement email flow"
14673,3,7,3410.81,5,4,5,4,VIP,Loyal Customer,1.4528357240256002,-0.26456368533319247,0.24358678751555274,0.0,"Court: upsell/cross-sell, referral incentives"
14674,509,1,173.66,1,1,1,0,One-Time Buyer,Lost / Let Go,-2.1145237129560814,0.5117482055135977,0.9110789419648118,1.0,"Let go: exclude from paid marketing spend, low-cost win-back only"
14675,16,2,1015.58,5,2,3,2,New Customer,One-Time Buyer,0.13149269156675583,-0.9220127486829237,0.5720619763076386,1.0,"Convert: post-purchase follow-up, incentivize 2nd order"
14676,31,12,8356.79,4,5,5,1,VIP,VIP,2.1580914246144536,0.2838881302454127,0.051337265196823564,0.0,"Court: white-glove service, early access, loyalty rewards"
14677,593,1,184.91,1,1,1,0,One-Time Buyer,Lost / Let Go,-2.2831831359470516,0.8799234300725929,0.915892187045309,1.0,"Let go: exclude from paid marketing spend, low-cost win-back only"
14678,579,1,403.39,1,1,2,0,One-Time Buyer,Lost / Let Go,-1.9054084953186712,1.02802759901892,0.7330969712955588,1.0,"Let go: exclude from paid marketing spend, low-cost win-back only"
14679,382,3,1289.44,2,3,4,3,At Risk,At Risk,-0.39726730202991295,0.7876173799803222,0.48460758753079736,0.0,"Win back: targeted discount, re-engagement email flow"
14680,25,58,57369.38,4,5,5,1,VIP,VIP,4.189202133163384,1.3722898803774835,0.013517350809666043,0.0,"Court: white-glove service, early access, loyalty rewards"
14681,71,6,875.1500000000001,3,4,3,4,Loyal Customer,Loyal Customer,0.5876933873206108,-0.39461935645862856,0.2865256595534245,0.0,"Court: upsell/cross-sell, referral incentives"
14682,188,6,1514.81,2,4,4,4,Win-Back Priority,Loyal Customer,0.5575615091902733,0.24087357677385152,0.2497694523151982,0.0,"Court: upsell/cross-sell, referral incentives"
14683,588,1,146.56,1,1,1,0,One-Time Buyer,Lost / Let Go,-2.374072130798832,0.7975471590179332,0.8108140633313085,1.0,"Let go: exclude from paid marketing spend, low-cost win-back only"
14684,26,6,1430.03,4,4,4,4,VIP,Loyal Customer,0.9107296658212962,-0.4524672925818627,0.2047971201739344,0.0,"Court: upsell/cross-sell, referral incentives"
14685,576,8,4536.64,1,4,5,3,Win-Back Priority,At Risk,0.3303585854926762,2.2563198135304456,0.8024776427771638,1.0,"Win back: targeted discount, re-engagement email flow"
14686,414,5,852.53,1,4,3,3,At Risk,At Risk,-0.34418385077519087,0.9727463653666435,0.6110139137548034,1.0,"Win back: targeted discount, re-engagement email flow"
14687,107,3,1402.06,3,3,4,4,Loyal Customer,Loyal Customer,0.2827781188212656,-0.34110769477852126,0.5051050279445994,1.0,"Court: upsell/cross-sell, referral incentives"
14688,8,28,7635.4,5,5,5,1,VIP,VIP,2.7880418528317725,0.48248858590426813,0.01454672600933454,0.0,"Court: white-glove service, early access, loyalty rewards"
14689,209,1,112.8,2,1,1,2,One-Time Buyer,One-Time Buyer,-1.6033965100576162,-0.8578133837584863,0.6428708552156431,1.0,"Convert: post-purchase follow-up, incentivize 2nd order"
14690,44,4,777.68,4,3,3,4,Loyal Customer,Loyal Customer,0.3400137845135262,-0.6727169744883297,0.697525304612145,1.0,"Court: upsell/cross-sell, referral incentives"
14691,31,5,2114.33,4,4,4,4,VIP,Loyal Customer,0.954166943148251,-0.38885366123458925,0.372328038054624,0.0,"Court: upsell/cross-sell, referral incentives"
14692,137,12,1715.1399999999999,3,5,4,4,Loyal Customer,Loyal Customer,1.2073699871517773,0.3064575124648307,0.145598295434118,0.0,"Court: upsell/cross-sell, referral incentives"
14693,265,7,1165.36,2,4,3,4,At Risk,Loyal Customer,0.3637554949384431,0.5465130963400446,0.39509234834091883,0.0,"Court: upsell/cross-sell, referral incentives"
14694,617,1,244.31,1,1,1,0,One-Time Buyer,Lost / Let Go,-2.216184862232719,1.0541189472845587,0.9028750001979847,1.0,"Let go: exclude from paid marketing spend, low-cost win-back only"
14695,519,3,1534.22,1,3,4,3,At Risk,At Risk,-0.6404257758686791,1.4072135302946687,0.605624376122599,1.0,"Win back: targeted discount, re-engagement email flow"
14696,4,8,2767.9,5,4,4,4,VIP,Loyal Customer,1.4482584023535696,-0.2691034109924755,0.08274554284187378,0.0,"Court: upsell/cross-sell, referral incentives"
14697,218,2,188.60999999999999,2,2,1,2,Lost / Let Go,One-Time Buyer,-1.086332401795393,-0.5232110762369954,0.4424814372954953,0.0,"Convert: post-purchase follow-up, incentivize 2nd order"
14698,2,5,1217.27,5,4,3,4,Loyal Customer,Loyal Customer,0.776969289814579,-0.6569933380252617,,,"Court: upsell/cross-sell, referral incentives"
14699,214,4,702.6,2,3,3,3,At Risk,At Risk,-0.10242974494555587,0.011830201938786252,0.3460719259041195,0.0,"Win back: targeted discount, re-engagement email flow"
14700,32,5,3076.06,4,4,5,4,VIP,Loyal Customer,1.1182269080140166,-0.284987676438133,0.12510910813072887,0.0,"Court: upsell/cross-sell, referral incentives"
14701,11,15,4487.11,5,5,5,1,VIP,VIP,2.0882626656643715,0.1173239870713431,0.08952681064988546,0.0,"Court: white-glove service, early access, loyalty rewards"
14702,1,29,6667.43,5,5,5,1,VIP,VIP,2.7702637650961215,0.4306125277250139,0.04464128295521556,0.0,"Court: white-glove service, early access, loyalty rewards"
14703,15,1,318.17,5,1,2,2,One-Time Buyer,One-Time Buyer,-0.6919675771176378,-1.3954749853771165,,,"Convert: post-purchase follow-up, incentivize 2nd order"
14704,20,9,1720.58,4,5,4,4,VIP,Loyal Customer,1.280782642583993,-0.2866611104804317,0.5955183196750885,1.0,"Court: upsell/cross-sell, referral incentives"
14705,199,1,179.0,2,1,1,2,One-Time Buyer,One-Time Buyer,-1.3764349306208017,-0.7777104334425058,0.49720862666325055,0.0,"Convert: post-purchase follow-up, incentivize 2nd order"
14706,619,1,367.54,1,1,2,0,One-Time Buyer,Lost / Let Go,-2.040137796845524,1.170751647575335,0.8282930326546123,1.0,"Let go: exclude from paid marketing spend, low-cost win-back only"
14707,436,2,139.2,1,2,1,0,Lost / Let Go,Lost / Let Go,-1.7300177108997297,0.30890257087496553,0.7560590645538751,1.0,"Let go: exclude from paid marketing spend, low-cost win-back only"
14708,3,5,2212.2799999999997,5,4,4,4,VIP,Loyal Customer,1.0397231426253302,-0.49400476672963184,0.28530908312175873,0.0,"Court: upsell/cross-sell, referral incentives"
14709,15,25,8886.33,5,5,5,1,VIP,VIP,2.7551602911586732,0.5087372001721081,0.018312140529770555,0.0,"Court: white-glove service, early access, loyalty rewards"
14710,14,13,1899.79,5,5,4,4,VIP,Loyal Customer,1.597213383166498,-0.15171087914423595,0.24750789508921092,0.0,"Court: upsell/cross-sell, referral incentives"
14711,10,11,2839.62,5,5,4,4,VIP,Loyal Customer,1.6665466704742298,-0.12285681183972225,0.09401205029030961,0.0,"Court: upsell/cross-sell, referral incentives"
14712,29,4,1328.0700000000002,4,3,4,4,Loyal Customer,Loyal Customer,0.6124622678700296,-0.593294295207097,0.656504680744923,1.0,"Court: upsell/cross-sell, referral incentives"
14713,9,21,5414.3099999999995,5,5,5,1,VIP,VIP,2.42091778987298,0.2854663377021882,0.02076497866091103,0.0,"Court: white-glove service, early access, loyalty rewards"
14714,24,4,906.24,4,3,3,4,Loyal Customer,Loyal Customer,0.45461705475625297,-0.7157806975807199,0.4685116593492393,0.0,"Court: upsell/cross-sell, referral incentives"
14715,25,8,1809.55,4,4,4,4,VIP,Loyal Customer,1.2105418090416398,-0.2942048988515512,0.3283197190457464,0.0,"Court: upsell/cross-sell, referral incentives"
14716,43,3,543.28,4,3,2,2,Needs Attention,One-Time Buyer,0.01194598591143755,-0.8608435663185271,0.6642879818404873,1.0,"Convert: post-purchase follow-up, incentivize 2nd order"
14717,733,1,81.3,1,1,1,0,One-Time Buyer,Lost / Let Go,-2.972292411779682,1.249130218118377,0.9568936026531035,1.0,"Let go: exclude from paid marketing spend, low-cost win-back only"
14718,410,1,226.42,1,1,1,0,One-Time Buyer,Lost / Let Go,-1.7658828499879715,0.16760326578921345,0.711309909504548,1.0,"Let go: exclude from paid marketing spend, low-cost win-back only"
14719,2,5,1581.84,5,4,4,4,VIP,Loyal Customer,0.8932054045884199,-0.5873620782467939,0.5162866415462287,1.0,"Court: upsell/cross-sell, referral incentives"
14720,6,3,663.81,5,3,3,2,Loyal Customer,One-Time Buyer,0.18726254326423494,-0.9624962898856858,,,"Convert: post-purchase follow-up, incentivize 2nd order"
14721,379,1,109.07,2,1,1,0,One-Time Buyer,Lost / Let Go,-2.0156190663728344,-0.15516232941156147,0.7981018598711235,1.0,"Let go: exclude from paid marketing spend, low-cost win-back only"
14722,147,3,489.52,3,3,2,2,Needs Attention,One-Time Buyer,-0.27736070064447144,-0.4532252736583814,0.5907218717048729,1.0,"Convert: post-purchase follow-up, incentivize 2nd order"
14723,10,11,2046.8500000000001,5,5,4,4,VIP,Loyal Customer,1.521253403804272,-0.20989476226711268,0.21602808957147535,0.0,"Court: upsell/cross-sell, referral incentives"
14724,590,1,341.9,1,1,2,0,One-Time Buyer,Lost / Let Go,-2.0043591936590777,1.0301954251460896,0.8592085070061822,1.0,"Let go: exclude from paid marketing spend, low-cost win-back only"
14725,25,4,1246.86,4,3,4,4,Loyal Customer,Loyal Customer,0.5938190939408152,-0.6268058564191787,0.40926050899223265,0.0,"Court: upsell/cross-sell, referral incentives"
14726,655,1,116.5,1,1,1,0,One-Time Buyer,Lost / Let Go,-2.6318478389640267,1.0173779582023903,0.9510389610805958,1.0,"Let go: exclude from paid marketing spend, low-cost win-back only"
14727,274,3,461.03,2,3,2,3,At Risk,At Risk,-0.6008286948667643,0.06240303438192331,0.4802465646184923,0.0,"Win back: targeted discount, re-engagement email flow"
14728,413,1,190.58,1,1,1,0,One-Time Buyer,Lost / Let Go,-1.8490403703372589,0.13454526640410458,0.7406933412850603,1.0,"Let go: exclude from paid marketing spend, low-cost win-back only"
14729,374,3,899.73,2,3,3,3,At Risk,At Risk,-0.5382001065937789,0.658504834092409,0.5292211751027154,1.0,"Win back: targeted discount, re-engagement email flow"
14730,1,8,1897.57,5,4,4,4,VIP,Loyal Customer,1.2877261005506673,-0.3820278314831773,0.21272056801287445,0.0,"Court: upsell/cross-sell, referral incentives"
14731,47,3,380.02,4,3,2,2,Needs Attention,One-Time Buyer,-0.15574343288567796,-0.9389545691827392,0.2878959181359072,0.0,"Convert: post-purchase follow-up, incentivize 2nd order"
14732,8,19,5517.07,5,5,5,1,VIP,VIP,2.3583968786506277,0.24840209142280784,0.03634972431297498,0.0,"Court: white-glove service, early access, loyalty rewards"
14733,16,15,16165.17,5,5,5,1,VIP,VIP,2.6455639037062166,0.4791045734940376,0.03599391926211984,0.0,"Court: white-glove service, early access, loyalty rewards"
14734,426,4,1056.42,1,3,3,3,At Risk,At Risk,-0.41716444272171416,1.0074867077066658,0.6040911596318965,1.0,"Win back: targeted discount, re-engagement email flow"
14735,4,55,12225.16,5,5,5,1,VIP,VIP,3.5118005865102258,0.8524611200760395,0.030615170997939773,0.0,"Court: white-glove service, early access, loyalty rewards"
14736,485,2,374.05,1,2,2,0,Lost / Let Go,Lost / Let Go,-1.4076715491733505,0.7757103077687267,0.7169511791665593,1.0,"Let go: exclude from paid marketing spend, low-cost win-back only"
14737,4,4,3554.17,5,3,5,4,Loyal Customer,Loyal Customer,1.1077761670862654,-0.43622247293720057,0.3514633542023669,0.0,"Court: upsell/cross-sell, referral incentives"
14738,43,9,1821.9,4,5,4,4,VIP,Loyal Customer,1.2524043614729397,-0.175186772284911,0.24940615849755493,0.0,"Court: upsell/cross-sell, referral incentives"
14739,4,25,12287.5,5,5,5,1,VIP,VIP,2.924750871336266,0.5488862045110613,0.016490554402736585,0.0,"Court: white-glove service, early access, loyalty rewards"
14740,197,11,4161.06,2,5,5,1,Win-Back Priority,VIP,1.398983820235547,0.7614119614476746,0.10663116444844709,0.0,"Court: white-glove service, early access, loyalty rewards"
14741,12,7,1897.59,5,4,4,4,VIP,Loyal Customer,1.1715490439673526,-0.3827959356483184,0.4561207974608798,0.0,"Court: upsell/cross-sell, referral incentives"
14742,435,1,579.85,1,1,2,0,One-Time Buyer,Lost / Let Go,-1.4079850131196292,0.5216480457641229,0.6790227902974455,1.0,"Let go: exclude from paid marketing spend, low-cost win-back only"
14743,593,1,50.48,1,1,1,0,One-Time Buyer,Lost / Let Go,-2.8533189857588326,0.5383834745733571,0.9149047774220432,1.0,"Let go: exclude from paid marketing spend, low-cost win-back only"
14744,16,14,3885.08,5,5,5,1,VIP,VIP,1.9630527200620547,0.07429191689506572,0.1286085593459317,0.0,"Court: white-glove service, early access, loyalty rewards"
14745,113,12,2551.41,3,5,4,4,Loyal Customer,Loyal Customer,1.4397303645879014,0.311592834430916,0.07597108487791497,0.0,"Court: upsell/cross-sell, referral incentives"
14746,406,4,593.5,2,3,2,3,At Risk,At Risk,-0.6260973086105596,0.7706086198918131,0.5051212576507776,1.0,"Win back: targeted discount, re-engagement email flow"
14747,249,1,328.2,2,1,2,2,One-Time Buyer,One-Time Buyer,-1.225273911792607,-0.4078653374646265,0.5932452962628398,1.0,"Convert: post-purchase follow-up, incentivize 2nd order"
14748,29,10,3152.32,4,5,5,4,VIP,Loyal Customer,1.601666659208313,-0.05013768121647448,0.06954411296355961,0.0,"Court: upsell/cross-sell, referral incentives"
14749,480,1,310.15,1,1,2,0,One-Time Buyer,Lost / Let Go,-1.7903428573725295,0.5439593901542726,0.7980441850818465,1.0,"Let go: exclude from paid marketing spend, low-cost win-back only"
14750,736,1,112.03,1,1,1,0,One-Time Buyer,Lost / Let Go,-2.838430280773303,1.3460778693004858,0.9069865277299713,1.0,"Let go: exclude from paid marketing spend, low-cost win-back only"
14751,684,2,126.45,1,2,1,0,Lost / Let Go,Lost / Let Go,-2.352125725608371,1.321517339731566,0.9065861106757139,1.0,"Let go: exclude from paid marketing spend, low-cost win-back only"
14752,44,1,389.64,4,1,2,2,One-Time Buyer,One-Time Buyer,-0.6700465072375426,-1.2203537662405552,,,"Convert: post-purchase follow-up, incentivize 2nd order"
14753,87,2,869.51,3,2,3,2,Needs Attention,One-Time Buyer,-0.10336534700208845,-0.666109751097165,0.7527487830079406,1.0,"Convert: post-purchase follow-up, incentivize 2nd order"
14754,45,6,1547.93,4,4,4,4,VIP,Loyal Customer,0.9014635105908663,-0.35188719830260884,0.3403111706329921,0.0,"Court: upsell/cross-sell, referral incentives"
14755,10,25,9972.550000000001,5,5,5,1,VIP,VIP,2.8180476994024994,0.5184807035316422,0.015510731280502526,0.0,"Court: white-glove service, early access, loyalty rewards"
14756,15,3,2603.76,5,3,4,4,Loyal Customer,Loyal Customer,0.7725559943536023,-0.5616035991426632,0.3471930448337103,0.0,"Court: upsell/cross-sell, referral incentives"
14757,75,1,420.5,3,1,2,2,One-Time Buyer,One-Time Buyer,-0.7087588820500726,-1.0703833373740812,,,"Convert: post-purchase follow-up, incentivize 2nd order"
14758,145,7,2864.97,3,4,4,4,Loyal Customer,Loyal Customer,1.0434620232335983,0.28339041829112205,0.14937477343985628,0.0,"Court: upsell/cross-sell, referral incentives"
14759,5,3,1625.97,5,3,4,4,Loyal Customer,Loyal Customer,0.5869748508109115,-0.7286344210574046,0.37432057828461995,0.0,"Court: upsell/cross-sell, referral incentives"
14760,297,1,89.2,2,1,1,0,One-Time Buyer,Lost / Let Go,-1.9123157494981817,-0.551317455185024,0.7959815836185838,1.0,"Let go: exclude from paid marketing spend, low-cost win-back only"
14761,59,3,447.92,4,3,2,2,Needs Attention,One-Time Buyer,-0.11098302667447489,-0.8451107456953558,0.681644804241914,1.0,"Convert: post-purchase follow-up, incentivize 2nd order"
14762,264,2,417.57,2,2,2,2,Lost / Let Go,One-Time Buyer,-0.8422730735843594,-0.1200586012847597,0.721795166335574,1.0,"Convert: post-purchase follow-up, incentivize 2nd order"
14764,47,1,278.3,4,1,1,2,One-Time Buyer,One-Time Buyer,-0.8260242484214811,-1.2970347284537724,,,"Convert: post-purchase follow-up, incentivize 2nd order"
14765,29,3,254.11,4,3,1,2,Needs Attention,One-Time Buyer,-0.2917796408009151,-1.1209922217773167,,,"Convert: post-purchase follow-up, incentivize 2nd order"
14766,8,11,6556.13,5,5,5,1,VIP,VIP,2.0426477974555666,0.09127493482155365,0.04009014711285178,0.0,"Court: white-glove service, early access, loyalty rewards"
14767,474,1,382.81,1,1,2,0,One-Time Buyer,Lost / Let Go,-1.6831311860854719,0.5746695077378773,0.8026305155544373,1.0,"Let go: exclude from paid marketing spend, low-cost win-back only"
14768,17,2,192.60000000000002,5,2,1,2,New Customer,One-Time Buyer,-0.6071887216164376,-1.3589341046368282,,,"Convert: post-purchase follow-up, incentivize 2nd order"
14769,3,17,15512.46,5,5,5,1,VIP,VIP,2.7481224788717653,0.4605428418682175,0.03172282601961238,0.0,"Court: white-glove service, early access, loyalty rewards"
14770,232,8,3637.64,2,4,5,4,Win-Back Priority,Loyal Customer,1.0365254744492984,0.7578197540260201,0.08423782011339366,0.0,"Court: upsell/cross-sell, referral incentives"
14771,621,2,594.62,1,2,2,0,Lost / Let Go,Lost / Let Go,-1.5202394148278386,1.467950937662009,0.7961986331837524,1.0,"Let go: exclude from paid marketing spend, low-cost win-back only"
14772,112,1,139.26,3,1,1,2,One-Time Buyer,One-Time Buyer,-1.2838081093633964,-1.2081905220989193,,,"Convert: post-purchase follow-up, incentivize 2nd order"
14773,593,1,140.55,1,1,1,0,One-Time Buyer,Lost / Let Go,-2.404223758792081,0.8074140291048432,0.9058407299781074,1.0,"Let go: exclude from paid marketing spend, low-cost win-back only"
14774,529,1,241.45,1,1,1,0,One-Time Buyer,Lost / Let Go,-2.015665645758299,0.682685970756305,0.8707733902413738,1.0,"Let go: exclude from paid marketing spend, low-cost win-back only"
14775,58,3,1418.46,4,3,4,4,Loyal Customer,Loyal Customer,0.4024899822956051,-0.543100513780386,0.40459328954361684,0.0,"Court: upsell/cross-sell, referral incentives"
14776,51,15,3708.3,4,5,5,1,VIP,VIP,1.9101281239309724,0.2340461207973336,0.06272712860465526,0.0,"Court: white-glove service, early access, loyalty rewards"
14777,404,1,307.56,2,1,2,0,One-Time Buyer,Lost / Let Go,-1.6163816105848037,0.22364695469134954,0.6784071327364875,1.0,"Let go: exclude from paid marketing spend, low-cost win-back only"
14778,127,2,730.86,3,2,3,2,Needs Attention,One-Time Buyer,-0.27390803818870824,-0.5448397183068378,0.7494939904331864,1.0,"Convert: post-purchase follow-up, incentivize 2nd order"
14779,281,3,386.15,2,3,2,3,At Risk,At Risk,-0.6957015462518308,0.04467032983362756,0.6424886533479335,1.0,"Win back: targeted discount, re-engagement email flow"
14780,55,2,447.68,4,2,2,2,New Customer,One-Time Buyer,-0.32283008526745866,-0.9763270547228987,,,"Convert: post-purchase follow-up, incentivize 2nd order"
14782,320,1,200.10000000000002,2,1,1,0,One-Time Buyer,Lost / Let Go,-1.6100922692685609,-0.24179608856015797,0.7480842239601783,1.0,"Let go: exclude from paid marketing spend, low-cost win-back only"
14783,659,1,307.3,1,1,2,0,One-Time Buyer,Lost / Let Go,-2.2128942677970174,1.2906955153075808,0.925034698960661,1.0,"Let go: exclude from paid marketing spend, low-cost win-back only"
14784,26,3,449.93,4,3,2,2,Needs Attention,One-Time Buyer,-0.031852142913364447,-0.9820401441967205,0.5953395588510842,1.0,"Convert: post-purchase follow-up, incentivize 2nd order"
14785,10,2,77.4,5,2,1,2,New Customer,One-Time Buyer,-0.9921933205705473,-1.6286720495627525,,,"Convert: post-purchase follow-up, incentivize 2nd order"
14786,550,1,90.96,1,1,1,0,One-Time Buyer,Lost / Let Go,-2.495198409250996,0.5127244744802879,0.8849979171086207,1.0,"Let go: exclude from paid marketing spend, low-cost win-back only"
14787,471,1,110.65,1,1,1,0,One-Time Buyer,Lost / Let Go,-2.2243682494328656,0.23368384998384922,0.9103727892006104,1.0,"Let go: exclude from paid marketing spend, low-cost win-back only"
14788,7,3,1156.32,5,3,3,4,Loyal Customer,Loyal Customer,0.43106494094029435,-0.810860590270525,0.6124429845967634,1.0,"Court: upsell/cross-sell, referral incentives"
14789,29,1,197.64,4,1,1,2,One-Time Buyer,One-Time Buyer,-0.9352580979437539,-1.4630164247427961,,,"Convert: post-purchase follow-up, incentivize 2nd order"
14790,17,10,2526.62,5,5,4,4,VIP,Loyal Customer,1.5315157590224895,-0.1591916834446936,0.16376197161703432,0.0,"Court: upsell/cross-sell, referral incentives"
14791,607,1,303.63,1,1,2,0,One-Time Buyer,Lost / Let Go,-2.096645963033152,1.069870326935495,0.8854030281952314,1.0,"Let go: exclude from paid marketing spend, low-cost win-back only"
14792,64,1,6.2,3,1,1,2,One-Time Buyer,One-Time Buyer,-2.4900358909758373,-2.1989018177885025,,,"Convert: post-purchase follow-up, incentivize 2nd order"
14793,21,2,625.9,4,2,3,2,New Customer,One-Time Buyer,-0.09483477227853399,-1.0296650387559136,0.6647504509537906,1.0,"Convert: post-purchase follow-up, incentivize 2nd order"
14794,3,10,1953.9,5,5,4,4,VIP,Loyal Customer,1.4501621439671364,-0.28612835619676497,0.13985029023385365,0.0,"Court: upsell/cross-sell, referral incentives"
14795,166,1,131.45000000000002,3,1,1,2,One-Time Buyer,One-Time Buyer,-1.4354875073119153,-0.9974186520253712,,,"Convert: post-purchase follow-up, incentivize 2nd order"
14796,1,27,10838.98,5,5,5,1,VIP,VIP,2.9329960189207678,0.5324222950466191,0.018707711650062787,0.0,"Court: white-glove service, early access, loyalty rewards"
14797,507,1,300.31,1,1,2,0,One-Time Buyer,Lost / Let Go,-1.867731769044431,0.6484172691216268,0.8445545720947423,1.0,"Let go: exclude from paid marketing spend, low-cost win-back only"
14798,53,8,724.31,4,4,3,4,Loyal Customer,Loyal Customer,0.7389116728074432,-0.42033143573414805,0.45377844007072277,0.0,"Court: upsell/cross-sell, referral incentives"
14799,51,2,338.15,4,2,2,2,New Customer,One-Time Buyer,-0.4377420224565992,-1.067508431173956,0.486172130022191,0.0,"Convert: post-purchase follow-up, incentivize 2nd order"
14800,48,17,7735.92,4,5,5,1,VIP,VIP,2.3340239359369797,0.46383991655597157,0.01863599954858747,0.0,"Court: white-glove service, early access, loyalty rewards"
14801,61,1,189.34,3,1,1,2,One-Time Buyer,One-Time Buyer,-1.0290188148831207,-1.3404368710799364,,,"Convert: post-purchase follow-up, incentivize 2nd order"
14803,162,3,845.55,3,3,3,4,Loyal Customer,Loyal Customer,-0.0701315781029963,-0.24529702030406714,0.43951745525417485,0.0,"Court: upsell/cross-sell, referral incentives"
14804,9,1,353.27,5,1,2,2,One-Time Buyer,One-Time Buyer,-0.6316151108563496,-1.39283588070125,,,"Convert: post-purchase follow-up, incentivize 2nd order"
14805,15,7,1082.55,5,4,3,4,Loyal Customer,Loyal Customer,0.9155059305642801,-0.5194210721947581,0.4182470428741204,0.0,"Court: upsell/cross-sell, referral incentives"
14806,75,2,303.43,3,2,2,2,Needs Attention,One-Time Buyer,-0.5418025090839937,-0.995785686747906,0.6645403659918874,1.0,"Convert: post-purchase follow-up, incentivize 2nd order"
14807,391,2,504.14,2,2,2,3,Lost / Let Go,At Risk,-1.055703813373002,0.4614875384353698,0.7295102734849808,1.0,"Win back: targeted discount, re-engagement email flow"
14808,40,8,2718.6,4,4,4,4,VIP,Loyal Customer,1.3561209629450652,-0.12320806728402693,,,"Court: upsell/cross-sell, referral incentives"
14809,621,2,686.76,1,2,3,0,Needs Attention,Lost / Let Go,-1.4563747431374356,1.506209077602366,0.7912701181525876,1.0,"Let go: exclude from paid marketing spend, low-cost win-back only"
14810,41,13,2531.92,4,5,4,1,VIP,VIP,1.6615687000506467,0.03765889850356265,0.0960734335930733,0.0,"Court: white-glove service, early access, loyalty rewards"
14811,387,1,170.5,2,1,1,0,One-Time Buyer,Lost / Let Go,-1.83741907855673,-0.0037248725155905184,0.7818795987737638,1.0,"Let go: exclude from paid marketing spend, low-cost win-back only"
14812,599,1,178.85,1,1,1,0,One-Time Buyer,Lost / Let Go,-2.311924100292985,0.8962211997592113,0.9083324634689309,1.0,"Let go: exclude from paid marketing spend, low-cost win-back only"
14813,370,4,1041.79,2,3,3,3,At Risk,At Risk,-0.2924337613781457,0.7693995227074416,0.46805992545316133,0.0,"Win back: targeted discount, re-engagement email flow"
14814,581,1,152.96,1,1,1,0,One-Time Buyer,Lost / Let Go,-2.338855915597995,0.7795425478469629,0.8862660497901161,1.0,"Let go: exclude from paid marketing spend, low-cost win-back only"
14815,37,2,778.5,4,2,3,2,New Customer,One-Time Buyer,-0.03550564349180941,-0.9047504546735001,,,"Convert: post-purchase follow-up, incentivize 2nd order"
14816,197,1,271.85,2,1,1,2,One-Time Buyer,One-Time Buyer,-1.1870677822136746,-0.6754417011022652,0.6190022344274291,1.0,"Convert: post-purchase follow-up, incentivize 2nd order"
14817,200,7,3609.86,2,4,5,4,Win-Back Priority,Loyal Customer,1.01746615757878,0.5750388662027505,0.1166037499540713,0.0,"Court: upsell/cross-sell, referral incentives"
14818,74,6,1153.56,3,4,3,4,Loyal Customer,Loyal Customer,0.7031981020743387,-0.3086687178869026,0.3336822760429318,0.0,"Court: upsell/cross-sell, referral incentives"
14819,64,4,456.41,3,3,2,2,Needs Attention,One-Time Buyer,0.05703717700298679,-0.730517321137723,0.30001893150293524,0.0,"Convert: post-purchase follow-up, incentivize 2nd order"
14820,21,9,1274.76,4,5,4,4,VIP,Loyal Customer,1.1453757508613573,-0.3621907853437988,0.5565457592265378,1.0,"Court: upsell/cross-sell, referral incentives"
14821,367,7,1278.95,2,4,4,3,Win-Back Priority,At Risk,0.16656315719856254,0.9981408190083894,0.5687146188582344,1.0,"Win back: targeted discount, re-engagement email flow"
14822,485,1,157.70000000000002,1,1,1,0,One-Time Buyer,Lost / Let Go,-2.1009638160995348,0.3858110709326499,0.9016427252606165,1.0,"Let go: exclude from paid marketing spend, low-cost win-back only"
14823,180,3,321.43,3,3,2,2,Needs Attention,One-Time Buyer,-0.5408045032202616,-0.4267085533120244,0.3693434839755744,0.0,"Convert: post-purchase follow-up, incentivize 2nd order"
14824,10,10,4022.9100000000003,5,5,5,1,VIP,VIP,1.7543329370982448,-0.0648139132357426,0.23809953083019658,0.0,"Court: white-glove service, early access, loyalty rewards"
14825,4,24,4919.18,5,5,5,1,VIP,VIP,2.488218506150199,0.2898400817049985,0.03077466989763168,0.0,"Court: white-glove service, early access, loyalty rewards"
14826,582,2,385.2,1,2,2,0,Lost / Let Go,Lost / Let Go,-1.6214302691457234,1.1894847302058718,0.8777093350188822,1.0,"Let go: exclude from paid marketing spend, low-cost win-back only"
14828,197,13,9839.460000000001,2,5,5,1,Win-Back Priority,VIP,1.89944745595591,1.0515514500801117,0.039918670577578926,0.0,"Court: white-glove service, early access, loyalty rewards"
14829,29,7,1692.84,4,4,4,4,VIP,Loyal Customer,1.0811393452934195,-0.34199657441015796,0.09540245865501758,0.0,"Court: upsell/cross-sell, referral incentives"
14830,53,1,188.03,4,1,1,2,One-Time Buyer,One-Time Buyer,-1.0133828425504732,-1.3757568706625114,,,"Convert: post-purchase follow-up, incentivize 2nd order"
14831,680,3,1676.57,1,3,4,3,At Risk,At Risk,-0.9774399049386919,2.1046456306194328,0.693449076035244,1.0,"Win back: targeted discount, re-engagement email flow"
14833,499,1,94.8,1,1,1,0,One-Time Buyer,Lost / Let Go,-2.3578068569034905,0.31015099269930035,0.9403775518551074,1.0,"Let go: exclude from paid marketing spend, low-cost win-back only"
14834,18,7,2206.16,5,4,4,4,VIP,Loyal Customer,1.2243875550741883,-0.3176279705074271,0.4055083843897153,0.0,"Court: upsell/cross-sell, referral incentives"
14835,529,2,297.0,1,2,2,0,Lost / Let Go,Lost / Let Go,-1.6126411098256754,0.8987002853249378,0.7699341204001116,1.0,"Let go: exclude from paid marketing spend, low-cost win-back only"
14836,10,3,102.44999999999999,5,3,1,2,Needs Attention,One-Time Buyer,-0.6481251206448416,-1.4405920139312476,,,"Convert: post-purchase follow-up, incentivize 2nd order"
14837,90,9,3460.32,3,5,5,4,Loyal Customer,Loyal Customer,1.4272347043265574,0.19207991127922297,0.09326573528245764,0.0,"Court: upsell/cross-sell, referral incentives"
14838,423,2,769.9200000000001,1,2,3,3,Needs Attention,At Risk,-0.9428097942031556,0.7078636388295881,0.6567386740516429,1.0,"Win back: targeted discount, re-engagement email flow"
14839,418,3,915.28,1,3,3,3,At Risk,At Risk,-0.6334633731895429,0.8472143814712045,0.5292334423149955,1.0,"Win back: targeted discount, re-engagement email flow"
14840,268,2,362.71,2,2,2,2,Lost / Let Go,One-Time Buyer,-0.9140016151992435,-0.1406842281051629,0.6513005382239833,1.0,"Convert: post-purchase follow-up, incentivize 2nd order"
14841,53,14,7163.0,4,5,5,1,VIP,VIP,2.148138927371775,0.39184396383449477,0.06329983212265751,0.0,"Court: white-glove service, early access, loyalty rewards"
14842,44,4,2824.69,4,3,4,4,Loyal Customer,Loyal Customer,0.9122979093491295,-0.32989009455471835,0.34875229241140143,0.0,"Court: upsell/cross-sell, referral incentives"
14843,437,1,211.79999999999998,1,1,1,0,One-Time Buyer,Lost / Let Go,-1.8585057751552787,0.2629352069769787,0.7193561762011438,1.0,"Let go: exclude from paid marketing spend, low-cost win-back only"
14844,64,10,6702.43,3,5,5,1,Loyal Customer,VIP,1.8546976588882726,0.29694501977686805,0.06597606866056542,0.0,"Court: white-glove service, early access, loyalty rewards"
14845,600,1,150.0,1,1,1,0,One-Time Buyer,Lost / Let Go,-2.391893574085293,0.8539013173675284,0.7051132892355428,1.0,"Let go: exclude from paid marketing spend, low-cost win-back only"
14846,427,1,437.4,1,1,2,0,One-Time Buyer,Lost / Let Go,-1.5142088230303734,0.4133279276689258,0.7554291283356438,1.0,"Let go: exclude from paid marketing spend, low-cost win-back only"
14847,149,3,1348.95,3,3,4,4,Loyal Customer,Loyal Customer,0.16745727309985106,-0.17558532551590997,0.5813857986132992,1.0,"Court: upsell/cross-sell, referral incentives"
14848,405,1,310.56,2,1,2,0,One-Time Buyer,Lost / Let Go,-1.6144233634594372,0.23040588424530012,0.6953613876172522,1.0,"Let go: exclude from paid marketing spend, low-cost win-back only"
14849,22,43,15763.45,4,5,5,1,VIP,VIP,3.3973476732432557,0.8995610737965776,0.026946773809387856,0.0,"Court: white-glove service, early access, loyalty rewards"
14850,312,7,1770.96,2,4,4,3,Win-Back Priority,At Risk,0.4395620980436609,0.8544595956389693,0.35850533570911564,0.0,"Win back: targeted discount, re-engagement email flow"
14851,23,3,829.4100000000001,4,3,3,4,Loyal Customer,Loyal Customer,0.24627526953770829,-0.8321854054132422,0.5803833133159187,1.0,"Court: upsell/cross-sell, referral incentives"
14852,58,18,6132.43,4,5,5,1,VIP,VIP,2.249053092207683,0.4654071971284494,0.028115805610741316,0.0,"Court: white-glove service, early access, loyalty rewards"
14853,24,5,1376.87,4,4,4,4,VIP,Loyal Customer,0.7801981267087243,-0.5321705930062415,0.376681997385658,0.0,"Court: upsell/cross-sell, referral incentives"
14854,78,11,4303.06,3,5,5,1,Loyal Customer,VIP,1.6920775497382619,0.27227467700531116,0.08973071387925996,0.0,"Court: white-glove service, early access, loyalty rewards"
14855,119,7,6520.3,3,4,5,4,Loyal Customer,Loyal Customer,1.469292667239686,0.3932524460702718,0.4129221388431508,0.0,"Court: upsell/cross-sell, referral incentives"
14856,36,3,1290.53,4,3,4,4,Loyal Customer,Loyal Customer,0.4119855237492419,-0.6603007182836823,,,"Court: upsell/cross-sell, referral incentives"
14857,60,7,3651.851,3,4,5,4,Loyal Customer,Loyal Customer,1.3498914151002028,-0.007839529726515054,0.3830657915506506,0.0,"Court: upsell/cross-sell, referral incentives"
14858,506,1,180.75,1,1,1,0,One-Time Buyer,Lost / Let Go,-2.089842884127631,0.5097757351845803,0.8927084104704702,1.0,"Let go: exclude from paid marketing spend, low-cost win-back only"
14859,13,5,1705.64,5,4,4,4,VIP,Loyal Customer,0.9009259498753929,-0.5212928296541349,0.5102385554185368,1.0,"Court: upsell/cross-sell, referral incentives"
14860,19,1,170.32,5,1,1,2,One-Time Buyer,One-Time Buyer,-0.9775758477720577,-1.5442252918900299,,,"Convert: post-purchase follow-up, incentivize 2nd order"
14861,52,10,1380.73,4,5,4,4,VIP,Loyal Customer,1.1815384111564342,-0.1733412120235212,0.34358732786571694,0.0,"Court: upsell/cross-sell, referral incentives"
14862,26,2,841.1999999999999,4,2,3,2,New Customer,One-Time Buyer,0.024560659586687888,-0.9302119828749238,,,"Convert: post-purchase follow-up, incentivize 2nd order"
14863,29,1,266.76,4,1,1,2,One-Time Buyer,One-Time Buyer,-0.8026789560709318,-1.3835948724402718,,,"Convert: post-purchase follow-up, incentivize 2nd order"
14865,7,4,129.72,5,3,1,2,Needs Attention,One-Time Buyer,-0.36583721614393616,-1.3022332390861888,0.4522335788336781,0.0,"Convert: post-purchase follow-up, incentivize 2nd order"
14866,11,17,20803.72,5,5,5,1,VIP,VIP,2.859723675076843,0.5720842839273002,0.22988295567407385,0.0,"Court: white-glove service, early access, loyalty rewards"
14867,186,16,2952.06,3,5,5,1,Loyal Customer,VIP,1.539855418010703,0.7625223861624995,0.2888750868116408,0.0,"Court: white-glove service, early access, loyalty rewards"
14868,3,12,4184.01,5,5,5,1,VIP,VIP,1.916436749130301,-0.017278692749273135,0.12998586524914668,0.0,"Court: white-glove service, early access, loyalty rewards"
14869,9,6,2778.14,5,4,4,4,VIP,Loyal Customer,1.2451806127066862,-0.347073712117383,0.35454437624285884,0.0,"Court: upsell/cross-sell, referral incentives"
14870,262,6,1838.95,2,4,4,4,Win-Back Priority,Loyal Customer,0.47060793347347324,0.6021362862729591,0.44646548732816493,0.0,"Court: upsell/cross-sell, referral incentives"
14871,3,9,1228.17,5,5,4,4,VIP,Loyal Customer,1.1709377402758094,-0.4474230166638511,0.19751464954289338,0.0,"Court: upsell/cross-sell, referral incentives"
14872,484,3,816.6,1,3,3,3,At Risk,At Risk,-0.8383520717278343,1.093141309342126,0.632530629929854,1.0,"Win back: targeted discount, re-engagement email flow"
14873,210,2,854.13,2,2,3,2,Needs Attention,One-Time Buyer,-0.3988291982001913,-0.15604892293870473,0.7454320032685713,1.0,"Convert: post-purchase follow-up, incentivize 2nd order"
14874,535,1,116.18,1,1,1,0,One-Time Buyer,Lost / Let Go,-2.3525229964328527,0.5144065788594111,0.8952560260493256,1.0,"Let go: exclude from paid marketing spend, low-cost win-back only"
14875,108,3,2862.4,3,3,4,4,Loyal Customer,Loyal Customer,0.5971746141586409,-0.14718259171378936,0.4054650645212724,0.0,"Court: upsell/cross-sell, referral incentives"
14876,521,2,256.7,1,2,1,0,Lost / Let Go,Lost / Let Go,-1.6584517887629369,0.8265706612515861,0.682788267897544,1.0,"Let go: exclude from paid marketing spend, low-cost win-back only"
14877,418,2,425.85,1,2,2,3,Lost / Let Go,At Risk,-1.1935964493230158,0.5297006534498763,0.7132063899076521,1.0,"Win back: targeted discount, re-engagement email flow"
14878,13,25,4076.5,5,5,5,1,VIP,VIP,2.4138910576114507,0.2931281384062692,0.0401620687108717,0.0,"Court: white-glove service, early access, loyalty rewards"
14879,685,1,185.06,1,1,1,0,One-Time Buyer,Lost / Let Go,-2.4979024090211115,1.2651932262632097,0.9381206828717453,1.0,"Let go: exclude from paid marketing spend, low-cost win-back only"
14880,77,3,690.59,3,3,3,2,Loyal Customer,One-Time Buyer,0.038813650277698536,-0.6548298823220222,0.2836399543885743,0.0,"Convert: post-purchase follow-up, incentivize 2nd order"
14881,20,1,255.4,4,1,1,2,One-Time Buyer,One-Time Buyer,-0.8008875202339175,-1.4327942847807777,,,"Convert: post-purchase follow-up, incentivize 2nd order"
14882,27,14,3546.65,4,5,5,1,VIP,VIP,1.8968810099422444,0.09609600020877855,0.26684055114824273,0.0,"Court: white-glove service, early access, loyalty rewards"
14883,19,6,761.59,5,4,3,4,Loyal Customer,Loyal Customer,0.6476232289878215,-0.6491821275246755,0.27406695790914515,0.0,"Court: upsell/cross-sell, referral incentives"
14884,669,1,120.6,1,1,1,0,One-Time Buyer,Lost / Let Go,-2.6493481674198818,1.08509616314738,0.9540597931151077,1.0,"Let go: exclude from paid marketing spend, low-cost win-back only"
14885,132,3,1598.12,3,3,4,4,Loyal Customer,Loyal Customer,0.2824083785946864,-0.20168315378387275,0.5995383316773538,1.0,"Court: upsell/cross-sell, referral incentives"
14886,253,1,364.8,2,1,2,2,One-Time Buyer,One-Time Buyer,-1.187817313865367,-0.36308359214257296,0.6378263221795217,1.0,"Convert: post-purchase follow-up, incentivize 2nd order"
14887,79,1,1862.0,3,1,4,2,One-Time Buyer,One-Time Buyer,-0.058260688791560496,-0.658358944080066,,,"Convert: post-purchase follow-up, incentivize 2nd order"
14888,207,1,369.2,2,1,2,2,One-Time Buyer,One-Time Buyer,-1.0749697843304526,-0.5524309672187611,0.38331455038044904,0.0,"Convert: post-purchase follow-up, incentivize 2nd order"
14889,336,1,135.9,2,1,1,0,One-Time Buyer,Lost / Let Go,-1.8182406433439882,-0.27711393759828046,0.7853500584606175,1.0,"Let go: exclude from paid marketing spend, low-cost win-back only"
14890,254,3,817.25,2,3,3,3,At Risk,At Risk,-0.30030579152610126,0.13071449184635348,0.4776032777265518,0.0,"Win back: targeted discount, re-engagement email flow"
14891,148,4,1106.73,3,3,3,4,Loyal Customer,Loyal Customer,0.2533811159806599,-0.1436867847876923,0.2246194420995896,0.0,"Court: upsell/cross-sell, referral incentives"
14892,691,1,202.35000000000002,1,1,1,0,One-Time Buyer,Lost / Let Go,-2.4724749789365283,1.313940579727749,0.9561088510754814,1.0,"Let go: exclude from paid marketing spend, low-cost win-back only"
14893,10,3,1809.6100000000001,5,3,4,4,Loyal Customer,Loyal Customer,0.6227699400063633,-0.679262161401701,0.6314949273876056,1.0,"Court: upsell/cross-sell, referral incentives"
14894,85,3,1492.81,3,3,4,4,Loyal Customer,Loyal Customer,0.362037513369674,-0.41651585394857016,0.5772264632835525,1.0,"Court: upsell/cross-sell, referral incentives"
14895,8,38,25119.54,5,5,5,1,VIP,VIP,3.544301265587332,0.9169537282914196,0.014271414036675307,0.0,"Court: white-glove service, early access, loyalty rewards"
14896,205,8,2083.2200000000003,2,4,4,4,Win-Back Priority,Loyal Customer,0.8522384740597615,0.49660488566711936,0.26011744224396727,0.0,"Court: upsell/cross-sell, referral incentives"
14897,8,8,3140.54,5,4,5,4,VIP,Loyal Customer,1.4949688753147161,-0.21877813061939988,0.26062189134173297,0.0,"Court: upsell/cross-sell, referral incentives"
14898,23,14,3464.45,4,5,5,1,VIP,VIP,1.8958233786348537,0.07311906060744154,0.057538647377490204,0.0,"Court: white-glove service, early access, loyalty rewards"
14899,395,1,1331.38,2,1,4,3,One-Time Buyer,At Risk,-0.9458453226347687,0.5750592335932498,0.6489819698863981,1.0,"Win back: targeted discount, re-engagement email flow"
14900,522,1,13.919999999999998,1,1,1,0,One-Time Buyer,Lost / Let Go,-3.2372340284630874,-0.08819561838845512,0.8994403379360828,1.0,"Let go: exclude from paid marketing spend, low-cost win-back only"
14901,11,12,2281.4,5,5,4,4,VIP,Loyal Customer,1.6285410638881077,-0.14505590984244132,0.42186362408280526,0.0,"Court: upsell/cross-sell, referral incentives"
14902,26,3,1035.6200000000001,4,3,3,4,Loyal Customer,Loyal Customer,0.3377431535048681,-0.7606340334722628,0.5172388560850578,1.0,"Court: upsell/cross-sell, referral incentives"
14903,21,5,2795.33,4,4,4,4,VIP,Loyal Customer,1.1014659662295483,-0.35647257573661806,0.10969922091473817,0.0,"Court: upsell/cross-sell, referral incentives"
14904,2,4,1630.49,5,3,4,4,Loyal Customer,Loyal Customer,0.7666105812462607,-0.651769444530456,0.45608695989687126,0.0,"Court: upsell/cross-sell, referral incentives"
14905,158,8,1971.39,3,4,4,4,Loyal Customer,Loyal Customer,0.9376285541950394,0.28522328057500274,0.262469643833047,0.0,"Court: upsell/cross-sell, referral incentives"
14907,3,16,6165.79,5,5,5,1,VIP,VIP,2.294610987230364,0.19244984041538782,0.26397683749269246,0.0,"Court: white-glove service, early access, loyalty rewards"
14908,74,2,381.9,3,2,2,2,Needs Attention,One-Time Buyer,-0.4376393788374551,-0.938972591288724,0.8037644813735003,1.0,"Convert: post-purchase follow-up, incentivize 2nd order"
14909,437,3,1404.68,1,3,4,3,At Risk,At Risk,-0.4878667218886725,1.0405650602850884,0.5124288648744693,1.0,"Win back: targeted discount, re-engagement email flow"
14910,3,4,434.35,5,3,2,2,Needs Attention,One-Time Buyer,0.1776956280329899,-0.9989731830247813,,,"Convert: post-purchase follow-up, incentivize 2nd order"
14911,1,373,276514.37,5,5,5,1,VIP,VIP,6.3620305568850855,2.4240967169811283,0.026416125217694684,0.0,"Court: white-glove service, early access, loyalty rewards"
14912,17,5,1849.58,5,4,4,4,VIP,Loyal Customer,0.9275271570401386,-0.4830140075900612,0.1638652994607005,0.0,"Court: upsell/cross-sell, referral incentives"
14913,36,8,4073.13,4,4,5,4,VIP,Loyal Customer,1.5449275636732753,-0.03244681381831964,0.04539400470910424,0.0,"Court: upsell/cross-sell, referral incentives"
14915,91,11,1811.25,3,5,4,4,Loyal Customer,Loyal Customer,1.2776246851524578,0.09661257183658742,0.19249193090966418,0.0,"Court: upsell/cross-sell, referral incentives"
14916,71,8,3042.95,3,4,5,4,Loyal Customer,Loyal Customer,1.333676050702274,0.036507387165364426,0.21281008679585767,0.0,"Court: upsell/cross-sell, referral incentives"
14917,597,2,1123.75,1,2,3,3,Needs Attention,At Risk,-1.181871123870941,1.5365903141063462,0.7654454970572222,1.0,"Win back: targeted discount, re-engagement email flow"
14918,116,9,5955.81,3,5,5,1,Loyal Customer,VIP,1.6074967844607673,0.44529780927500245,0.2548446455526654,0.0,"Court: white-glove service, early access, loyalty rewards"
14919,539,1,359.35,1,1,2,0,One-Time Buyer,Lost / Let Go,-1.8630923756506506,0.8299434217668128,0.8370874484672557,1.0,"Let go: exclude from paid marketing spend, low-cost win-back only"
14920,213,3,1607.17,2,3,4,4,At Risk,Loyal Customer,0.09555249249684385,0.13883395309670205,0.3760196837715141,0.0,"Court: upsell/cross-sell, referral incentives"
14921,30,2,1316.07,4,2,4,4,New Customer,Loyal Customer,0.21374604820574966,-0.7945370856173353,0.19533788663487817,0.0,"Court: upsell/cross-sell, referral incentives"
14922,394,2,843.74,2,2,3,3,Needs Attention,At Risk,-0.8344117587270087,0.6108100968243019,0.5782845369905047,1.0,"Win back: targeted discount, re-engagement email flow"
14923,51,1,749.1,4,1,3,2,One-Time Buyer,One-Time Buyer,-0.39673194742977536,-1.0175237538930564,,,"Convert: post-purchase follow-up, incentivize 2nd order"
14924,246,3,931.01,2,3,3,3,At Risk,At Risk,-0.22380451079574318,0.13185586323082807,0.493536202272651,0.0,"Win back: targeted discount, re-engagement email flow"
14926,382,2,359.4,2,2,2,3,Lost / Let Go,At Risk,-1.1845697881115371,0.334017787177656,0.6844533669838443,1.0,"Win back: targeted discount, re-engagement email flow"
14927,397,1,308.2,2,1,2,0,One-Time Buyer,Lost / Let Go,-1.5990970440184227,0.19490038705743792,0.7084326836518968,1.0,"Let go: exclude from paid marketing spend, low-cost win-back only"
14928,628,1,223.91000000000003,1,1,1,0,One-Time Buyer,Lost / Let Go,-2.28045039212164,1.0770649281152342,0.9312936327684831,1.0,"Let go: exclude from paid marketing spend, low-cost win-back only"
14929,32,2,836.69,4,2,3,2,New Customer,One-Time Buyer,0.008149817511437124,-0.9065278518272029,0.5323845630569006,1.0,"Convert: post-purchase follow-up, incentivize 2nd order"
14930,109,6,5236.7300000000005,3,4,5,4,Loyal Customer,Loyal Customer,1.292788863323979,0.24003015235327813,0.13273497439486737,0.0,"Court: upsell/cross-sell, referral incentives"
14931,5,4,864.6800000000001,5,3,3,4,Loyal Customer,Loyal Customer,0.47821496203848446,-0.8077753539163429,0.3311992963747967,0.0,"Court: upsell/cross-sell, referral incentives"
14932,366,2,879.66,2,2,3,3,Needs Attention,At Risk,-0.750463757650174,0.5046955998669704,0.5780103895179167,1.0,"Win back: targeted discount, re-engagement email flow"
14933,444,4,1770.0,1,3,4,3,At Risk,At Risk,-0.23026485503317135,1.2199940746159117,0.553150867628446,1.0,"Win back: targeted discount, re-engagement email flow"
14934,82,5,3403.5,3,4,5,4,Loyal Customer,Loyal Customer,1.0462365765247976,-0.04882142609356152,0.10398840259853867,0.0,"Court: upsell/cross-sell, referral incentives"
14935,297,2,2849.83,2,2,4,3,Needs Attention,At Risk,-0.06758336089283268,0.5283521373446376,0.6340857351231168,1.0,"Win back: targeted discount, re-engagement email flow"
14936,34,12,12410.81,4,5,5,1,VIP,VIP,2.326662582072995,0.401628228269457,0.1087833400485511,0.0,"Court: white-glove service, early access, loyalty rewards"
14937,57,3,1621.88,4,3,4,4,Loyal Customer,Loyal Customer,0.46429179575919255,-0.5116639706880031,,,"Court: upsell/cross-sell, referral incentives"
14938,562,2,2322.43,1,2,4,3,Needs Attention,At Risk,-0.7779282943282916,1.5830678715512825,0.699273811833285,1.0,"Win back: targeted discount, re-engagement email flow"
14940,418,2,531.49,1,2,2,3,Lost / Let Go,At Risk,-1.0954125199143474,0.588517749221081,0.6355899973336026,1.0,"Win back: targeted discount, re-engagement email flow"
14941,579,1,182.1,1,1,1,0,One-Time Buyer,Lost / Let Go,-2.2572163021816487,0.817277086242128,0.91787530230303,1.0,"Let go: exclude from paid marketing spend, low-cost win-back only"
14942,402,4,746.56,2,3,3,3,At Risk,At Risk,-0.5150268277114047,0.8148020405929892,0.5846582475655695,1.0,"Win back: targeted discount, re-engagement email flow"
14943,663,1,107.62,1,1,1,0,One-Time Buyer,Lost / Let Go,-2.685441529546816,1.0299593816959753,0.9601781105403361,1.0,"Let go: exclude from paid marketing spend, low-cost win-back only"
14944,30,19,9684.67,4,5,5,1,VIP,VIP,2.556772285850266,0.49012741494126766,0.027469903186819085,0.0,"Court: white-glove service, early access, loyalty rewards"
14945,414,1,179.4,1,1,1,0,One-Time Buyer,Lost / Let Go,-1.8780758105534006,0.12273742349694697,0.761034720915992,1.0,"Let go: exclude from paid marketing spend, low-cost win-back only"
14946,14,1,100.9,5,1,1,2,One-Time Buyer,One-Time Buyer,-1.196566832051104,-1.7033410764883403,,,"Convert: post-purchase follow-up, incentivize 2nd order"
14947,72,6,1049.79,3,4,3,4,Loyal Customer,Loyal Customer,0.666058418007285,-0.34208893320544154,0.5041353293073936,1.0,"Court: upsell/cross-sell, referral incentives"
14948,23,6,1101.97,4,4,3,4,Loyal Customer,Loyal Customer,0.8021289792846874,-0.5342820721459175,0.3048210579580915,0.0,"Court: upsell/cross-sell, referral incentives"
14949,469,4,515.0,1,3,2,3,At Risk,At Risk,-0.8362561480142076,0.9966209451160272,0.726077892736745,1.0,"Win back: targeted discount, re-engagement email flow"
14950,19,1,371.2,5,1,2,2,One-Time Buyer,One-Time Buyer,-0.6330715645903982,-1.3378499559310582,,,"Convert: post-purchase follow-up, incentivize 2nd order"
14951,79,1,311.69,3,1,2,2,One-Time Buyer,One-Time Buyer,-0.8506939104227528,-1.1330661692815374,,,"Convert: post-purchase follow-up, incentivize 2nd order"
14952,60,32,17629.35,3,5,5,1,Loyal Customer,VIP,3.1372191595844137,0.9740270897838642,0.01158849046321299,0.0,"Court: white-glove service, early access, loyalty rewards"
14953,25,4,968.82,4,3,3,4,Loyal Customer,Loyal Customer,0.4818960666936752,-0.6938533605499004,0.39751760035003453,0.0,"Court: upsell/cross-sell, referral incentives"
14954,12,2,462.12,5,2,2,2,New Customer,One-Time Buyer,-0.2082403078877498,-1.1478732119283876,0.6948860580799845,1.0,"Convert: post-purchase follow-up, incentivize 2nd order"
14955,733,1,163.77,1,1,1,0,One-Time Buyer,Lost / Let Go,-2.6640718256709692,1.4337698005938004,0.9052588503839049,1.0,"Let go: exclude from paid marketing spend, low-cost win-back only"
14956,421,1,1325.0,1,1,4,3,One-Time Buyer,At Risk,-1.0087592588723555,0.6826025071332554,0.5932789658683388,1.0,"Win back: targeted discount, re-engagement email flow"
14957,253,2,261.69,2,2,1,2,Lost / Let Go,One-Time Buyer,-1.023406657414313,-0.29001095332813065,0.7203082788131709,1.0,"Convert: post-purchase follow-up, incentivize 2nd order"
14958,147,6,941.99,3,4,3,4,Loyal Customer,Loyal Customer,0.44266345116219175,-0.05697561557414687,0.24482094258956835,0.0,"Court: upsell/cross-sell, referral incentives"
14959,64,4,695.42,3,3,3,4,Loyal Customer,Loyal Customer,0.24368566480403753,-0.6187055200755454,0.2725104097037337,0.0,"Court: upsell/cross-sell, referral incentives"
14960,8,2,221.27,5,2,1,2,New Customer,One-Time Buyer,-0.5248317516336166,-1.3598707231957907,,,"Convert: post-purchase follow-up, incentivize 2nd order"
14961,11,22,16410.15,5,5,5,1,VIP,VIP,2.942668729280042,0.606406419956689,0.02405210284729151,0.0,"Court: white-glove service, early access, loyalty rewards"
14962,271,4,366.91,2,3,2,3,At Risk,At Risk,-0.5235658096705443,0.07794154456081627,0.5422306639422917,1.0,"Win back: targeted discount, re-engagement email flow"
14963,10,12,3123.57,5,5,5,1,VIP,VIP,1.7703277859574151,-0.06570439677434724,0.07293562918717095,0.0,"Court: white-glove service, early access, loyalty rewards"
14964,247,1,206.21,2,1,1,2,One-Time Buyer,One-Time Buyer,-1.4261437075039503,-0.539368097607064,0.5636327859147423,1.0,"Convert: post-purchase follow-up, incentivize 2nd order"
14965,96,2,596.09,3,2,2,2,Needs Attention,One-Time Buyer,-0.2918012480664944,-0.7287197300955596,,,"Convert: post-purchase follow-up, incentivize 2nd order"
14966,15,6,1064.26,5,4,3,4,Loyal Customer,Loyal Customer,0.8053854011053415,-0.5770180430840254,0.4121214143783172,0.0,"Court: upsell/cross-sell, referral incentives"
14967,50,6,1982.6100000000001,4,4,4,4,VIP,Loyal Customer,0.9996014688114943,-0.26516843479245955,0.4264797351385015,0.0,"Court: upsell/cross-sell, referral incentives"
14968,30,2,497.49,4,2,2,2,New Customer,One-Time Buyer,-0.21764292874219954,-1.0529607087561077,0.751875000680731,1.0,"Convert: post-purchase follow-up, incentivize 2nd order"
14969,704,1,906.23,1,1,3,0,One-Time Buyer,Lost / Let Go,-1.8388682609155225,1.7661187047817855,0.824580244581981,1.0,"Let go: exclude from paid marketing spend, low-cost win-back only"
14970,68,12,4919.35,3,5,5,1,Loyal Customer,VIP,1.8363515889326039,0.29782596975280523,0.13554119924202482,0.0,"Court: white-glove service, early access, loyalty rewards"
14971,35,3,1097.98,4,3,3,4,Loyal Customer,Loyal Customer,0.3426405619110114,-0.7074276681118696,,,"Court: upsell/cross-sell, referral incentives"
14972,128,2,145.07,3,2,1,2,Needs Attention,One-Time Buyer,-0.9917646865397036,-0.9692859961606386,0.669226702214397,1.0,"Convert: post-purchase follow-up, incentivize 2nd order"
14973,107,3,1314.45,3,3,4,4,Loyal Customer,Loyal Customer,0.25414998446032455,-0.3582573824168093,0.5057921129701362,1.0,"Court: upsell/cross-sell, referral incentives"
14974,37,1,89.94,4,1,1,2,One-Time Buyer,One-Time Buyer,-1.3008606240655058,-1.6373439350419645,,,"Convert: post-purchase follow-up, incentivize 2nd order"
14975,57,2,472.39,4,2,2,2,New Customer,One-Time Buyer,-0.3037026236286955,-0.9536970636090499,0.6613965639349176,1.0,"Convert: post-purchase follow-up, incentivize 2nd order"
14976,57,6,774.86,4,4,3,4,Loyal Customer,Loyal Customer,0.5664467364754957,-0.4855489444284744,0.27480644805246685,0.0,"Court: upsell/cross-sell, referral incentives"
14977,726,1,31.929999999999996,1,1,1,0,One-Time Buyer,Lost / Let Go,-3.3626325388322176,0.9761960243863087,0.9383539398395828,1.0,"Let go: exclude from paid marketing spend, low-cost win-back only"
14978,72,10,3112.19,3,5,5,4,Loyal Customer,Loyal Customer,1.4954545488356943,0.126427118506817,0.12816402242157893,0.0,"Court: upsell/cross-sell, referral incentives"
14979,735,1,429.66,1,1,2,0,One-Time Buyer,Lost / Let Go,-2.2421594783746417,1.6976881302126992,0.8732706623354622,1.0,"Let go: exclude from paid marketing spend, low-cost win-back only"
14980,737,1,150.68,1,1,1,0,One-Time Buyer,Lost / Let Go,-2.7101768215262254,1.4284939622165649,0.8879465939966896,1.0,"Let go: exclude from paid marketing spend, low-cost win-back only"
14981,246,2,372.92,2,2,2,2,Lost / Let Go,One-Time Buyer,-0.8502777232714691,-0.2253989321547545,0.6344896365292634,1.0,"Convert: post-purchase follow-up, incentivize 2nd order"
14982,572,1,234.88,1,1,1,0,One-Time Buyer,Lost / Let Go,-2.1283888358057648,0.8553503073476373,0.876742394928111,1.0,"Let go: exclude from paid marketing spend, low-cost win-back only"
14983,689,1,183.20000000000002,1,1,1,0,One-Time Buyer,Lost / Let Go,-2.5117145730191517,1.2792624130393622,0.8980392170189108,1.0,"Let go: exclude from paid marketing spend, low-cost win-back only"
14984,19,6,1260.51,5,4,4,4,VIP,Loyal Customer,0.8711115954055834,-0.5153013923523159,0.25970648674368413,0.0,"Court: upsell/cross-sell, referral incentives"
14985,198,2,292.01,2,2,2,2,Lost / Let Go,One-Time Buyer,-0.8463279651252433,-0.49115321415751195,0.5563588181402261,1.0,"Convert: post-purchase follow-up, incentivize 2nd order"
14986,376,2,563.1,2,2,2,3,Lost / Let Go,At Risk,-0.9716202804924211,0.4280701694642417,0.6866645174661398,1.0,"Win back: targeted discount, re-engagement email flow"
14987,16,8,1713.85,5,4,4,4,VIP,Loyal Customer,1.2074701591197963,-0.34631754335280884,0.35520490764373797,0.0,"Court: upsell/cross-sell, referral incentives"
14988,212,7,2038.65,2,4,4,4,Win-Back Priority,Loyal Customer,0.7358100692201689,0.47334284586800773,0.13361125062666213,0.0,"Court: upsell/cross-sell, referral incentives"
14989,662,1,342.4,1,1,2,0,One-Time Buyer,Lost / Let Go,-2.1720336575573382,1.3319305932941847,0.9313841716733962,1.0,"Let go: exclude from paid marketing spend, low-cost win-back only"
14990,612,2,304.17,1,2,2,0,Lost / Let Go,Lost / Let Go,-1.7961218089195217,1.2524109811363622,0.8791989361756818,1.0,"Let go: exclude from paid marketing spend, low-cost win-back only"
14991,430,1,314.67,1,1,2,0,One-Time Buyer,Lost / Let Go,-1.667049398825487,0.3385262847927521,0.7322046237575023,1.0,"Let go: exclude from paid marketing spend, low-cost win-back only"
14992,442,1,210.5,1,1,1,0,One-Time Buyer,Lost / Let Go,-1.872915531089755,0.28223224758237614,0.6988473661154748,1.0,"Let go: exclude from paid marketing spend, low-cost win-back only"
14993,564,1,36.13,1,1,1,0,One-Time Buyer,Lost / Let Go,-2.930610210915344,0.3300927566667469,0.9151424204330753,1.0,"Let go: exclude from paid marketing spend, low-cost win-back only"
14994,382,5,942.77,2,4,3,3,At Risk,At Risk,-0.22475081957409374,0.8655458149245222,0.5174166896753164,1.0,"Win back: targeted discount, re-engagement email flow"
14995,39,2,231.98000000000002,4,2,1,2,New Customer,One-Time Buyer,-0.5764086114041302,-1.2176067657282312,0.5149334839746875,1.0,"Convert: post-purchase follow-up, incentivize 2nd order"
14996,481,2,442.28999999999996,1,2,2,0,Lost / Let Go,Lost / Let Go,-1.3240979912500594,0.8034316931599981,0.7156013775018505,1.0,"Let go: exclude from paid marketing spend, low-cost win-back only"
14997,46,4,776.5999999999999,4,3,3,4,Loyal Customer,Loyal Customer,0.33472194083021206,-0.6647153714258163,0.9198600761201482,1.0,"Court: upsell/cross-sell, referral incentives"
14998,170,4,753.18,3,3,3,4,Loyal Customer,Loyal Customer,0.031256784689565616,-0.15386188468406853,0.45864948008954687,0.0,"Court: upsell/cross-sell, referral incentives"
14999,593,1,129.48000000000002,1,1,1,0,One-Time Buyer,Lost / Let Go,-2.4403806102247283,0.7857542625187293,0.9269986704478551,1.0,"Let go: exclude from paid marketing spend, low-cost win-back only"
15000,48,1,490.52,4,1,2,2,One-Time Buyer,One-Time Buyer,-0.5774020754895691,-1.1425117418403574,,,"Convert: post-purchase follow-up, incentivize 2nd order"
15001,394,2,197.10999999999999,2,2,1,0,Lost / Let Go,Lost / Let Go,-1.478313679095216,0.22508056709725247,0.7751047305479554,1.0,"Let go: exclude from paid marketing spend, low-cost win-back only"
15002,116,9,4769.7300000000005,3,5,5,1,Loyal Customer,VIP,1.5089113326837,0.38624018147642186,0.12132632492402351,0.0,"Court: white-glove service, early access, loyalty rewards"
15003,473,6,1027.03,1,4,3,3,At Risk,At Risk,-0.2811212171319567,1.3304253664841907,0.7123849570914901,1.0,"Win back: targeted discount, re-engagement email flow"
15004,147,1,1220.38,3,1,3,2,One-Time Buyer,One-Time Buyer,-0.40469369144584577,-0.48605246741352487,,,"Convert: post-purchase follow-up, incentivize 2nd order"
15005,16,56,13975.08,5,5,5,1,VIP,VIP,3.5567361321481936,0.9453003189479153,0.009166554131608847,0.0,"Court: white-glove service, early access, loyalty rewards"
15006,51,2,752.83,4,2,3,2,New Customer,One-Time Buyer,-0.08310274527975134,-0.855061725734808,0.6085543645650898,1.0,"Convert: post-purchase follow-up, incentivize 2nd order"
15007,159,1,156.91,3,1,1,2,One-Time Buyer,One-Time Buyer,-1.3410575860341396,-0.9799512848158577,,,"Convert: post-purchase follow-up, incentivize 2nd order"
15008,480,2,360.0,1,2,2,0,Lost / Let Go,Lost / Let Go,-1.4129353696096625,0.7446278086618017,0.766435022286918,1.0,"Let go: exclude from paid marketing spend, low-cost win-back only"
15009,12,3,1259.43,5,3,4,4,Loyal Customer,Loyal Customer,0.4572701564750831,-0.7672331456872071,,,"Court: upsell/cross-sell, referral incentives"
15010,36,1,308.94,4,1,2,2,One-Time Buyer,One-Time Buyer,-0.7540907773612625,-1.3153872281215282,,,"Convert: post-purchase follow-up, incentivize 2nd order"
15011,396,2,416.6,2,2,2,3,Lost / Let Go,At Risk,-1.151892489047523,0.43179490646008134,0.6978559037545141,1.0,"Win back: targeted discount, re-engagement email flow"
15012,54,3,834.82,4,3,3,4,Loyal Customer,Loyal Customer,0.17668680574590737,-0.7007113016935763,0.4795119251338471,0.0,"Court: upsell/cross-sell, referral incentives"
15013,488,10,1610.82,1,5,4,3,Win-Back Priority,At Risk,0.23064805117544218,1.6924546249598018,0.8158408047679837,1.0,"Win back: targeted discount, re-engagement email flow"
15014,43,2,257.67,4,2,1,2,New Customer,One-Time Buyer,-0.5393164376506709,-1.173043328755209,,,"Convert: post-purchase follow-up, incentivize 2nd order"
15015,501,13,2344.47,1,5,4,3,Win-Back Priority,At Risk,0.5520434767007529,1.942484692378445,0.825467259328522,1.0,"Win back: targeted discount, re-engagement email flow"
15016,173,5,620.89,3,4,3,4,Loyal Customer,Loyal Customer,0.07864496027163143,-0.12014574704352113,0.44756531182763887,0.0,"Court: upsell/cross-sell, referral incentives"
15017,34,1,125.58,4,1,1,2,One-Time Buyer,One-Time Buyer,-1.1470253838788147,-1.5619464383317476,,,"Convert: post-purchase follow-up, incentivize 2nd order"
15018,39,3,607.46,4,3,2,2,Needs Attention,One-Time Buyer,0.07078946957418063,-0.8479367351518828,0.5300132985167965,1.0,"Convert: post-purchase follow-up, incentivize 2nd order"
15019,267,1,252.81,2,1,1,2,One-Time Buyer,One-Time Buyer,-1.3828314100342318,-0.401705032994665,0.6545086751643764,1.0,"Convert: post-purchase follow-up, incentivize 2nd order"
15020,379,1,198.47,2,1,1,0,One-Time Buyer,Lost / Let Go,-1.7516358514954258,0.002976850034074271,0.7311112644428146,1.0,"Let go: exclude from paid marketing spend, low-cost win-back only"
15021,9,12,2698.68,5,5,4,1,VIP,VIP,1.7077679887416957,-0.10876669284678081,0.12881789598762258,0.0,"Court: white-glove service, early access, loyalty rewards"
15022,12,5,1133.44,5,4,3,4,Loyal Customer,Loyal Customer,0.7219368594575134,-0.6341021090678209,0.8848084454000701,1.0,"Court: upsell/cross-sell, referral incentives"
15023,3,20,11984.9,5,5,5,1,VIP,VIP,2.751977797390576,0.4531890530413225,0.027436255173404575,0.0,"Court: white-glove service, early access, loyalty rewards"
15024,10,16,4050.61,5,5,5,1,VIP,VIP,2.0917349694590968,0.1100178248984921,0.13710018459365644,0.0,"Court: white-glove service, early access, loyalty rewards"
15025,33,2,971.84,4,2,3,2,New Customer,One-Time Buyer,0.07222283473393523,-0.8625590611115255,0.5677052997679699,1.0,"Convert: post-purchase follow-up, incentivize 2nd order"
15026,80,5,1044.09,3,4,3,4,Loyal Customer,Loyal Customer,0.5265420056205679,-0.37131620957110517,0.26504976315300033,0.0,"Court: upsell/cross-sell, referral incentives"
15027,31,10,3195.6,4,5,5,4,VIP,Loyal Customer,1.6030437147777314,-0.0381410731832,0.07361183166975332,0.0,"Court: upsell/cross-sell, referral incentives"
15028,8,6,1148.91,5,4,3,4,Loyal Customer,Loyal Customer,0.8557008856984,-0.5859774349480663,0.4746547598111791,0.0,"Court: upsell/cross-sell, referral incentives"
15029,620,1,365.1,1,1,2,0,One-Time Buyer,Lost / Let Go,-2.0454250151369204,1.17317018012245,0.862012562593213,1.0,"Let go: exclude from paid marketing spend, low-cost win-back only"
15030,72,8,1979.91,3,4,4,4,Loyal Customer,Loyal Customer,1.1405929581045942,-0.07357322338592825,0.1648954230599878,0.0,"Court: upsell/cross-sell, referral incentives"
15031,4,14,3102.94,5,5,5,1,VIP,VIP,1.8913251739891632,-0.035706575258291524,0.09232515269073373,0.0,"Court: white-glove service, early access, loyalty rewards"
15032,256,8,13780.65,2,4,5,1,Win-Back Priority,VIP,1.5717149873771252,1.2124852944068476,0.33710119326761645,0.0,"Court: white-glove service, early access, loyalty rewards"
15033,5,10,2553.88,5,5,4,4,VIP,Loyal Customer,1.5643322407938067,-0.20656306202606722,0.15787648300618223,0.0,"Court: upsell/cross-sell, referral incentives"
15034,16,14,8231.2,5,5,5,1,VIP,VIP,2.296347673882998,0.27395230263243825,0.028058421766037855,0.0,"Court: white-glove service, early access, loyalty rewards"
15035,90,1,252.73000000000002,3,1,1,2,One-Time Buyer,One-Time Buyer,-0.9691812198130734,-1.1426017525624874,,,"Convert: post-purchase follow-up, incentivize 2nd order"
15036,72,3,429.56,3,3,2,2,Needs Attention,One-Time Buyer,-0.15991524670324495,-0.8018076608707215,,,"Convert: post-purchase follow-up, incentivize 2nd order"
15037,376,2,397.76,2,2,2,3,Lost / Let Go,At Risk,-1.1256338161467634,0.33580834075968047,0.6894576381663934,1.0,"Win back: targeted discount, re-engagement email flow"
15038,59,9,1265.41,4,5,4,4,VIP,Loyal Customer,1.0532733495883009,-0.20510276932165686,0.13403832376491004,0.0,"Court: upsell/cross-sell, referral incentives"
15039,10,93,39726.89,5,5,5,1,VIP,VIP,4.41884334140506,1.3968717013607024,0.008730607631582267,0.0,"Court: white-glove service, early access, loyalty rewards"
15040,542,1,7.49,1,1,1,0,One-Time Buyer,Lost / Let Go,-3.53432720145451,-0.15445249543798828,0.8698824568884904,1.0,"Let go: exclude from paid marketing spend, low-cost win-back only"
15041,170,2,288.98,3,2,2,2,Needs Attention,One-Time Buyer,-0.7854849916281242,-0.6111087809124885,0.6307636225330943,1.0,"Convert: post-purchase follow-up, incentivize 2nd order"
15042,199,2,315.45,2,2,2,2,Lost / Let Go,One-Time Buyer,-0.8144956386819016,-0.4664982134755833,0.7446044719289512,1.0,"Convert: post-purchase follow-up, incentivize 2nd order"
15043,31,6,2855.3199999999997,4,4,4,4,VIP,Loyal Customer,1.205911555596317,-0.24770933606762685,0.5537610566403476,1.0,"Court: upsell/cross-sell, referral incentives"
15044,19,32,15769.01,5,5,5,1,VIP,VIP,3.1835568243307706,0.7727661782805955,0.01535721167546468,0.0,"Court: white-glove service, early access, loyalty rewards"
15045,152,2,735.66,3,2,3,2,Needs Attention,One-Time Buyer,-0.32945040562862865,-0.43846634687018365,0.6703929186421391,1.0,"Convert: post-purchase follow-up, incentivize 2nd order"
15046,9,25,7604.84,5,5,5,1,VIP,VIP,2.700050604913335,0.44220868726704593,0.024097189630763915,0.0,"Court: white-glove service, early access, loyalty rewards"
15047,270,1,343.62,2,1,2,2,One-Time Buyer,One-Time Buyer,-1.25404239610731,-0.3077964332634207,0.6338968340753436,1.0,"Convert: post-purchase follow-up, incentivize 2nd order"
15048,65,4,479.7,3,3,2,2,Needs Attention,One-Time Buyer,0.07675020513138503,-0.7131223876986003,0.4976226857166686,0.0,"Convert: post-purchase follow-up, incentivize 2nd order"
15049,274,1,121.17000000000002,2,1,1,2,One-Time Buyer,One-Time Buyer,-1.7238417251867706,-0.5668864174489687,0.6852744716307272,1.0,"Convert: post-purchase follow-up, incentivize 2nd order"
15050,25,5,4087.19,4,4,5,4,VIP,Loyal Customer,1.2607462134159741,-0.23871235737086333,0.3941150426943712,0.0,"Court: upsell/cross-sell, referral incentives"
15051,23,9,3926.91,4,5,5,4,VIP,Loyal Customer,1.6400151441879998,-0.054705309275532604,0.3432279073928196,0.0,"Court: upsell/cross-sell, referral incentives"
15052,319,1,207.73000000000002,2,1,1,0,One-Time Buyer,Lost / Let Go,-1.5912199796689634,-0.2360764823608876,0.7744186150138688,1.0,"Let go: exclude from paid marketing spend, low-cost win-back only"
15053,5,3,693.95,5,3,3,2,Loyal Customer,One-Time Buyer,0.20928699934800676,-0.9548883779412379,0.5281018650368245,1.0,"Convert: post-purchase follow-up, incentivize 2nd order"
15054,12,2,302.1,5,2,2,2,New Customer,One-Time Buyer,-0.396465301913145,-1.2606294192507306,,,"Convert: post-purchase follow-up, incentivize 2nd order"
15055,475,3,549.12,1,3,2,3,At Risk,At Risk,-0.993243827442183,0.9500808105823096,0.5945113359214622,1.0,"Win back: targeted discount, re-engagement email flow"
15056,520,1,113.64999999999999,1,1,1,0,One-Time Buyer,Lost / Let Go,-2.327147466846965,0.4458201728257337,0.9305736158793437,1.0,"Let go: exclude from paid marketing spend, low-cost win-back only"
15057,275,5,3255.96,2,4,5,4,Win-Back Priority,Loyal Customer,0.5753704357806897,0.7471735325325509,0.4097966948340125,0.0,"Court: upsell/cross-sell, referral incentives"
15058,25,16,3387.58,4,5,5,1,VIP,VIP,1.9773224430247438,0.12526660630910885,0.0999349603503164,0.0,"Court: white-glove service, early access, loyalty rewards"
15059,41,19,3490.4,4,5,5,1,VIP,VIP,2.0780162642631845,0.2647728124352155,0.06096362146026537,0.0,"Court: white-glove service, early access, loyalty rewards"
15060,8,4,293.0,5,3,2,2,Needs Attention,One-Time Buyer,-0.00829745419313244,-1.0824631565063,,,"Convert: post-purchase follow-up, incentivize 2nd order"
15061,4,127,137817.07,5,5,5,1,VIP,VIP,5.222293460923225,1.8253097027464702,0.031962114536294814,0.0,"Court: white-glove service, early access, loyalty rewards"
15062,71,8,2585.62,3,4,4,4,Loyal Customer,Loyal Customer,1.2613899191258258,-0.0067956294226688965,0.0834640035389822,0.0,"Court: upsell/cross-sell, referral incentives"
15063,213,1,370.79999999999995,2,1,2,2,One-Time Buyer,One-Time Buyer,-1.0870817112138436,-0.5261715704623366,0.4048526852636887,0.0,"Convert: post-purchase follow-up, incentivize 2nd order"
15064,410,4,1154.41,1,3,3,3,At Risk,At Risk,-0.34041031921982245,0.9640928137302844,0.5916900091053382,1.0,"Win back: targeted discount, re-engagement email flow"
15065,38,5,3326.86,4,4,5,4,VIP,Loyal Customer,1.1389902343400617,-0.23903435494099354,0.17931857217073094,0.0,"Court: upsell/cross-sell, referral incentives"
15066,53,1,893.59,4,1,3,2,One-Time Buyer,One-Time Buyer,-0.3231917089928216,-0.9622977817119249,,,"Convert: post-purchase follow-up, incentivize 2nd order"
15067,78,5,3862.88,3,4,5,4,Loyal Customer,Loyal Customer,1.1117874172578441,-0.03189655179550354,0.2006757990356115,0.0,"Court: upsell/cross-sell, referral incentives"
15068,46,4,1174.9,4,3,3,4,Loyal Customer,Loyal Customer,0.5183529810550728,-0.554711172729344,0.4615050313042581,0.0,"Court: upsell/cross-sell, referral incentives"
15069,179,1,1109.53,3,1,3,2,One-Time Buyer,One-Time Buyer,-0.5217478156958595,-0.3774268324507967,,,"Convert: post-purchase follow-up, incentivize 2nd order"
15070,373,3,843.25,2,3,3,3,At Risk,At Risk,-0.5646148245091789,0.6370952525086767,0.5611132785727518,1.0,"Win back: targeted discount, re-engagement email flow"
15071,94,4,1455.56,3,3,4,4,Loyal Customer,Loyal Customer,0.5011756069975393,-0.29688089577064825,0.4233505137981833,0.0,"Court: upsell/cross-sell, referral incentives"
15072,479,1,187.51999999999998,1,1,1,0,One-Time Buyer,Lost / Let Go,-2.0104841307687478,0.40649789013779797,0.8379125103852574,1.0,"Let go: exclude from paid marketing spend, low-cost win-back only"
15073,10,8,2788.02,5,4,4,4,VIP,Loyal Customer,1.4374462951071791,-0.24206535711227142,0.1016348354539487,0.0,"Court: upsell/cross-sell, referral incentives"
15074,105,3,1553.1299999999999,3,3,4,4,Loyal Customer,Loyal Customer,0.33285802691785626,-0.32227900198846327,0.5729849454885512,1.0,"Court: upsell/cross-sell, referral incentives"
15075,78,1,773.03,3,1,3,2,One-Time Buyer,One-Time Buyer,-0.4459088374330405,-0.8961654596502362,,,"Convert: post-purchase follow-up, incentivize 2nd order"
15076,173,3,1447.74,3,3,4,4,Loyal Customer,Loyal Customer,0.14270886824874196,-0.05635066811444039,0.5817005317859822,1.0,"Court: upsell/cross-sell, referral incentives"
15077,495,2,2428.08,1,2,4,3,Needs Attention,At Risk,-0.6015517348447881,1.3144749016883839,0.7544811736935473,1.0,"Win back: targeted discount, re-engagement email flow"
15078,7,52,17751.88,5,5,5,1,VIP,VIP,3.6280985148558336,0.9423384921176461,0.009499999644188416,0.0,"Court: white-glove service, early access, loyalty rewards"
15079,213,11,3767.35,2,5,5,1,Win-Back Priority,VIP,1.3174567877766774,0.8019466436882807,0.1515563928916741,0.0,"Court: white-glove service, early access, loyalty rewards"
15080,428,2,546.25,1,2,2,3,Lost / Let Go,At Risk,-1.1066506232847777,0.6376439754955159,0.6513909203255027,1.0,"Win back: targeted discount, re-engagement email flow"
15081,22,12,1965.72,4,5,4,4,VIP,Loyal Customer,1.5367302474373041,-0.1386109365342097,0.11174458952521872,0.0,"Court: upsell/cross-sell, referral incentives"
15082,669,1,93.35000000000001,1,1,1,0,One-Time Buyer,Lost / Let Go,-2.762004171234439,1.0176095693079508,0.9541370338851184,1.0,"Let go: exclude from paid marketing spend, low-cost win-back only"
15083,257,1,88.2,2,1,1,2,One-Time Buyer,One-Time Buyer,-1.8237538114152843,-0.721698068858982,0.7161725110208327,1.0,"Convert: post-purchase follow-up, incentivize 2nd order"
15084,380,2,965.2,2,2,3,3,Needs Attention,At Risk,-0.742033811295261,0.5879473393333842,0.6829704807715056,1.0,"Win back: targeted discount, re-engagement email flow"
15085,730,1,347.54,1,1,2,0,One-Time Buyer,Lost / Let Go,-2.324407252696781,1.6204883834480432,0.9086837069189077,1.0,"Let go: exclude from paid marketing spend, low-cost win-back only"
15086,565,2,218.53,1,2,1,0,Lost / Let Go,Lost / Let Go,-1.8324924190798662,0.9680886185759123,0.8305132140859564,1.0,"Let go: exclude from paid marketing spend, low-cost win-back only"
15087,282,1,306.94,2,1,2,2,One-Time Buyer,One-Time Buyer,-1.3320633685650216,-0.2875048107480684,0.5923492835751691,1.0,"Convert: post-purchase follow-up, incentivize 2nd order"
15088,21,2,1160.07,4,2,3,4,New Customer,Loyal Customer,0.1788113295862159,-0.865737305594983,,,"Court: upsell/cross-sell, referral incentives"
15089,10,6,2420.84,5,4,4,4,VIP,Loyal Customer,1.1817412503562608,-0.3794912290848926,,,"Court: upsell/cross-sell, referral incentives"
15090,308,1,381.32,2,1,2,2,One-Time Buyer,One-Time Buyer,-1.2967838444209114,-0.12113873190621731,0.7666782122324316,1.0,"Convert: post-purchase follow-up, incentivize 2nd order"
15091,68,3,1046.6100000000001,3,3,3,4,Loyal Customer,Loyal Customer,0.24423813778025016,-0.5820428883928972,0.6431636320360828,1.0,"Court: upsell/cross-sell, referral incentives"
15092,215,3,776.46,2,3,3,3,At Risk,At Risk,-0.23183630827760313,-0.04611666817058585,0.4266798625463964,0.0,"Win back: targeted discount, re-engagement email flow"
15093,18,23,14326.11,5,5,5,1,VIP,VIP,2.8986935728023493,0.6164960311669203,0.013983433330855655,0.0,"Court: white-glove service, early access, loyalty rewards"
15094,463,2,83.0,1,2,1,0,Lost / Let Go,Lost / Let Go,-2.0205822760869583,0.2856575466847982,0.785434989957065,1.0,"Let go: exclude from paid marketing spend, low-cost win-back only"
15095,104,10,3141.64,3,5,5,4,Loyal Customer,Loyal Customer,1.424825482091629,0.26286369024867534,0.08950483204508233,0.0,"Court: upsell/cross-sell, referral incentives"
15096,43,1,219.39000000000001,4,1,1,2,One-Time Buyer,One-Time Buyer,-0.9218529026237507,-1.3767842617322474,,,"Convert: post-purchase follow-up, incentivize 2nd order"
15097,4,3,908.35,5,3,3,4,Loyal Customer,Loyal Customer,0.33101392829449555,-0.8875536865705572,0.5778444493062878,1.0,"Court: upsell/cross-sell, referral incentives"
15098,182,3,39916.5,3,3,5,1,Loyal Customer,VIP,1.5940496892772484,0.8633478130150185,0.45363276212361875,0.0,"Court: white-glove service, early access, loyalty rewards"
15099,84,1,410.48,3,1,2,2,One-Time Buyer,One-Time Buyer,-0.7404815862453429,-1.0391142552636237,,,"Convert: post-purchase follow-up, incentivize 2nd order"
15100,334,7,2894.7,2,4,4,3,Win-Back Priority,At Risk,0.6062004513944729,1.0771728328927548,0.6330461119441234,1.0,"Win back: targeted discount, re-engagement email flow"
15101,9,6,1477.94,5,4,4,4,VIP,Loyal Customer,0.9650938872798992,-0.5148597016666667,0.4565723659530055,0.0,"Court: upsell/cross-sell, referral incentives"
15102,531,2,554.67,1,2,2,0,Lost / Let Go,Lost / Let Go,-1.3406642880062885,1.072799718770136,0.6176987326116248,1.0,"Let go: exclude from paid marketing spend, low-cost win-back only"
15103,31,2,703.36,4,2,3,2,New Customer,One-Time Buyer,-0.06648479119680535,-0.9568235653056448,,,"Convert: post-purchase follow-up, incentivize 2nd order"
15104,197,2,993.54,2,2,3,2,Needs Attention,One-Time Buyer,-0.3013808568640558,-0.17028841894010788,0.18503669445766063,0.0,"Convert: post-purchase follow-up, incentivize 2nd order"
15105,18,9,3094.91,5,5,5,4,VIP,Loyal Customer,1.5460190858231582,-0.13894286713461718,0.6001656308958119,1.0,"Court: upsell/cross-sell, referral incentives"
15106,18,5,1422.52,5,4,4,4,VIP,Loyal Customer,0.8086968112682901,-0.5486135004306143,0.15673971519465635,0.0,"Court: upsell/cross-sell, referral incentives"
15107,311,9,940.35,2,5,3,3,At Risk,At Risk,0.33244415916467496,0.7707164317217075,0.6659035972231978,1.0,"Win back: targeted discount, re-engagement email flow"
15108,142,3,1159.25,3,3,3,4,Loyal Customer,Loyal Customer,0.11658495234892939,-0.2451612854236154,0.30367263189268706,0.0,"Court: upsell/cross-sell, referral incentives"
15109,246,3,983.1,2,3,3,3,At Risk,At Risk,-0.19965764195445262,0.14632104817266758,0.5472453955346187,1.0,"Win back: targeted discount, re-engagement email flow"
15110,24,6,1505.8500000000001,4,4,4,4,VIP,Loyal Customer,0.9383279759358736,-0.44710620400729706,0.46112105481377097,0.0,"Court: upsell/cross-sell, referral incentives"
15111,29,5,2730.87,4,4,4,4,VIP,Loyal Customer,1.0724086810134064,-0.3291926153946617,0.44670250763618535,0.0,"Court: upsell/cross-sell, referral incentives"
15112,611,1,209.4,1,1,1,0,One-Time Buyer,Lost / Let Go,-2.2703185953091025,0.9881750792531777,0.9309130637017217,1.0,"Let go: exclude from paid marketing spend, low-cost win-back only"
15113,10,3,3509.04,5,3,5,4,Loyal Customer,Loyal Customer,0.9166864715649451,-0.5031914246779052,,,"Court: upsell/cross-sell, referral incentives"
15114,30,12,3400.12,4,5,5,1,VIP,VIP,1.7612272383845384,0.04056074615088548,0.09113314669485785,0.0,"Court: white-glove service, early access, loyalty rewards"
15115,18,2,531.85,5,2,2,2,New Customer,One-Time Buyer,-0.15999343238309457,-1.0854558666963394,0.9299060193162377,1.0,"Convert: post-purchase follow-up, incentivize 2nd order"
15116,18,4,1352.75,5,3,4,4,Loyal Customer,Loyal Customer,0.6463473577215908,-0.6344396826210147,0.32640380805794833,0.0,"Court: upsell/cross-sell, referral incentives"
15117,15,8,2485.9700000000003,5,4,4,4,VIP,Loyal Customer,1.3748629181373953,-0.25162673049727213,0.17062371952079228,0.0,"Court: upsell/cross-sell, referral incentives"
15118,134,1,244.8,3,1,1,2,One-Time Buyer,One-Time Buyer,-1.0861426508729377,-0.9668904934476739,,,"Convert: post-purchase follow-up, incentivize 2nd order"
15119,246,1,266.4,2,1,1,2,One-Time Buyer,One-Time Buyer,-1.3105783824036434,-0.4757245158274107,0.5149585511988259,1.0,"Convert: post-purchase follow-up, incentivize 2nd order"
15120,134,1,358.82,3,1,2,2,One-Time Buyer,One-Time Buyer,-0.916937901396871,-0.8655283661136475,,,"Convert: post-purchase follow-up, incentivize 2nd order"
15121,50,2,457.72,4,2,2,2,New Customer,One-Time Buyer,-0.3013151930415425,-0.9913677625023647,0.5452773410045391,1.0,"Convert: post-purchase follow-up, incentivize 2nd order"
15122,114,11,4487.27,3,5,5,1,Loyal Customer,VIP,1.6265245374242958,0.43409542524644934,0.05942747283478405,0.0,"Court: white-glove service, early access, loyalty rewards"
15123,7,5,4656.17,5,4,5,4,VIP,Loyal Customer,1.3606831935645693,-0.2793902407508916,0.13157687558740752,0.0,"Court: upsell/cross-sell, referral incentives"
15124,23,4,450.82,4,3,2,2,Needs Attention,One-Time Buyer,0.1474272430470306,-0.9053886358741629,0.4404335050708431,0.0,"Convert: post-purchase follow-up, incentivize 2nd order"
15125,25,24,17024.87,4,5,5,1,VIP,VIP,2.990310179247314,0.7079208327293876,0.026521775336068174,0.0,"Court: white-glove service, early access, loyalty rewards"
15126,537,2,449.49,1,2,2,0,Lost / Let Go,Lost / Let Go,-1.447860945711576,1.0420985950746566,0.8240501508689771,1.0,"Let go: exclude from paid marketing spend, low-cost win-back only"
15127,66,2,711.5,3,2,3,2,Needs Attention,One-Time Buyer,-0.14320591985088185,-0.8072789199777466,0.8036400859376486,1.0,"Convert: post-purchase follow-up, incentivize 2nd order"
15128,60,5,1783.68,3,4,4,4,Loyal Customer,Loyal Customer,0.8109021777799229,-0.3126870383376362,0.4216910716635544,0.0,"Court: upsell/cross-sell, referral incentives"
15129,50,23,6860.18,4,5,5,1,VIP,VIP,2.496973142048875,0.5545922779366056,0.0172842294470905,0.0,"Court: white-glove service, early access, loyalty rewards"
15130,170,1,330.11,3,1,2,2,One-Time Buyer,One-Time Buyer,-1.0380192476293335,-0.7369718735788132,,,"Convert: post-purchase follow-up, incentivize 2nd order"
15131,395,1,80.28,2,1,1,0,One-Time Buyer,Lost / Let Go,-2.1876541159017107,-0.1688464866503868,0.8308826461799396,1.0,"Let go: exclude from paid marketing spend, low-cost win-back only"
15132,18,5,977.9300000000001,5,4,3,4,Loyal Customer,Loyal Customer,0.6424482125710238,-0.6482047452534396,0.23687098623176847,0.0,"Court: upsell/cross-sell, referral incentives"
15133,128,5,1806.9,3,4,4,4,Loyal Customer,Loyal Customer,0.6576715470876218,-0.02464265544396179,0.32197460448930165,0.0,"Court: upsell/cross-sell, referral incentives"
15134,15,10,1596.29,5,5,4,4,VIP,Loyal Customer,1.3324055596619346,-0.2896403571627407,0.3941388368282606,0.0,"Court: upsell/cross-sell, referral incentives"
15135,239,2,305.68,2,2,2,2,Lost / Let Go,One-Time Buyer,-0.9219317756591304,-0.3074241911211883,0.5381245791802052,1.0,"Convert: post-purchase follow-up, incentivize 2nd order"
15136,3,4,1286.7,5,3,4,4,Loyal Customer,Loyal Customer,0.6592047148067854,-0.7105251015307109,,,"Court: upsell/cross-sell, referral incentives"
15137,521,2,823.4,1,2,3,3,Needs Attention,At Risk,-1.1421338457632635,1.1358709926266108,0.7205869268578645,1.0,"Win back: targeted discount, re-engagement email flow"
15138,394,1,502.52,2,1,2,0,One-Time Buyer,Lost / Let Go,-1.3755702117350799,0.3120466411405151,0.7038000825299358,1.0,"Let go: exclude from paid marketing spend, low-cost win-back only"
15139,240,2,178.96,2,2,1,2,Lost / Let Go,One-Time Buyer,-1.160956535477827,-0.44502616343811424,0.5733749247476826,1.0,"Convert: post-purchase follow-up, incentivize 2nd order"
15140,52,8,3243.69,4,4,5,4,VIP,Loyal Customer,1.4064501823730209,-0.026028245509812094,0.10265560423700197,0.0,"Court: upsell/cross-sell, referral incentives"
15141,458,7,1388.47,1,4,4,3,Win-Back Priority,At Risk,-0.009722830980558555,1.4008482381918135,0.7864347170531014,1.0,"Win back: targeted discount, re-engagement email flow"
15142,46,6,2619.92,4,4,4,4,VIP,Loyal Customer,1.1326561298552829,-0.20780538809641877,0.32114585890350306,0.0,"Court: upsell/cross-sell, referral incentives"
15143,226,2,563.63,2,2,2,2,Lost / Let Go,One-Time Buyer,-0.6205336810509806,-0.19948756071412277,0.49530341392269434,0.0,"Convert: post-purchase follow-up, incentivize 2nd order"
15144,8,29,12160.31,5,5,5,1,VIP,VIP,3.020691998142844,0.6197324830289352,0.01708363554200486,0.0,"Court: white-glove service, early access, loyalty rewards"
15145,4,4,1194.73,5,3,3,4,Loyal Customer,Loyal Customer,0.6239656364646144,-0.7260492346697439,0.2916447979666189,0.0,"Court: upsell/cross-sell, referral incentives"
15146,165,2,1327.16,3,2,4,4,Needs Attention,Loyal Customer,-0.09813363896708661,-0.22728006986509997,0.2859588178940915,0.0,"Court: upsell/cross-sell, referral incentives"
15147,240,1,623.5,2,1,3,2,One-Time Buyer,One-Time Buyer,-0.9199422846059494,-0.27522895842311057,0.5632764120225633,1.0,"Convert: post-purchase follow-up, incentivize 2nd order"
15148,11,1,301.29,5,1,2,2,One-Time Buyer,One-Time Buyer,-0.7067424235035056,-1.4266692244677297,,,"Convert: post-purchase follow-up, incentivize 2nd order"
15149,134,4,1524.6100000000001,3,3,4,4,Loyal Customer,Loyal Customer,0.4282287099962791,-0.11714608969166615,0.5621341515227379,1.0,"Court: upsell/cross-sell, referral incentives"
15150,17,13,8977.94,5,5,5,1,VIP,VIP,2.279570805946283,0.27381294841000176,0.0806746958923596,0.0,"Court: white-glove service, early access, loyalty rewards"
15151,423,2,2085.61,1,2,4,3,Needs Attention,At Risk,-0.5007068870038859,0.9727054432885948,0.5503562833492652,1.0,"Win back: targeted discount, re-engagement email flow"
15152,10,14,5263.83,5,5,5,1,VIP,VIP,2.111901328211819,0.1299446469593767,0.5982416276935217,1.0,"Court: white-glove service, early access, loyalty rewards"
15153,31,1,329.25,4,1,2,2,One-Time Buyer,One-Time Buyer,-0.7142201223626674,-1.319431913808005,,,"Convert: post-purchase follow-up, incentivize 2nd order"
15154,75,3,1343.72,3,3,4,4,Loyal Customer,Loyal Customer,0.3387307690629316,-0.48633617574828114,0.47726106363732507,0.0,"Court: upsell/cross-sell, referral incentives"
15155,383,1,383.96999999999997,2,1,2,0,One-Time Buyer,Lost / Let Go,-1.4690516998887366,0.19460228849163982,0.7340211319298916,1.0,"Let go: exclude from paid marketing spend, low-cost win-back only"
15156,1,3,961.49,5,3,3,4,Loyal Customer,Loyal Customer,0.363244088797238,-0.8850037287713699,,,"Court: upsell/cross-sell, referral incentives"
15157,4,5,2654.11,5,4,4,4,VIP,Loyal Customer,1.118199297137318,-0.44140777473433696,0.2888689296531806,0.0,"Court: upsell/cross-sell, referral incentives"
15158,45,2,606.02,4,2,2,2,New Customer,One-Time Buyer,-0.1652501733890168,-0.9377872014445319,0.6521369205040995,1.0,"Convert: post-purchase follow-up, incentivize 2nd order"
15159,2,34,22116.73,5,5,5,1,VIP,VIP,3.41868723351452,0.8149732148702281,0.01265713914990866,0.0,"Court: white-glove service, early access, loyalty rewards"
15160,357,4,589.27,2,3,2,3,At Risk,At Risk,-0.5147157320490038,0.5636255414238451,0.5254155993184344,1.0,"Win back: targeted discount, re-engagement email flow"
15161,388,1,119.92,2,1,1,0,One-Time Buyer,Lost / Let Go,-1.9949169659114376,-0.09248816120556172,0.7960112247707657,1.0,"Let go: exclude from paid marketing spend, low-cost win-back only"
15162,731,1,312.9,1,1,2,0,One-Time Buyer,Lost / Let Go,-2.3732230609738845,1.5968311084633737,0.9270622107210217,1.0,"Let go: exclude from paid marketing spend, low-cost win-back only"
15163,18,2,304.47,5,2,2,2,New Customer,One-Time Buyer,-0.40703380919985077,-1.2334454367827736,0.3529541589067385,0.0,"Convert: post-purchase follow-up, incentivize 2nd order"
15164,69,9,2028.1100000000001,3,5,4,4,Loyal Customer,Loyal Customer,1.239205256985018,-0.03786182227422219,0.1683285228373432,0.0,"Court: upsell/cross-sell, referral incentives"
15165,373,1,975.5,2,1,3,3,One-Time Buyer,At Risk,-1.0323877956739695,0.40032744393012343,0.7531876446973725,1.0,"Win back: targeted discount, re-engagement email flow"
15166,468,1,167.16,1,1,1,0,One-Time Buyer,Lost / Let Go,-2.035513124656253,0.33006001314413935,0.8834476743311649,1.0,"Let go: exclude from paid marketing spend, low-cost win-back only"
15167,321,5,1627.62,2,4,4,3,Win-Back Priority,At Risk,0.16010766998558204,0.7553590207203855,0.37835591686395365,0.0,"Win back: targeted discount, re-engagement email flow"
15168,26,1,106.56,4,1,1,2,One-Time Buyer,One-Time Buyer,-1.2006187604343694,-1.6387382884326216,,,"Convert: post-purchase follow-up, incentivize 2nd order"
15169,382,2,569.22,2,2,2,3,Lost / Let Go,At Risk,-0.9808559138618437,0.45605261022691074,0.6331414520704073,1.0,"Win back: targeted discount, re-engagement email flow"
15170,407,1,81.15,2,1,1,0,One-Time Buyer,Lost / Let Go,-2.2109804047763193,-0.11579000677132963,0.8992094068857822,1.0,"Let go: exclude from paid marketing spend, low-cost win-back only"
15171,331,1,1289.5,2,1,4,3,One-Time Buyer,At Risk,-0.8104065689135976,0.29869998989798424,0.8199360505086969,1.0,"Win back: targeted discount, re-engagement email flow"
15172,9,5,1624.05,5,4,4,4,VIP,Loyal Customer,0.8885261479091148,-0.5510642980741386,0.19281642712164995,0.0,"Court: upsell/cross-sell, referral incentives"
15173,381,7,1494.6,2,4,4,3,Win-Back Priority,At Risk,0.20296875638152695,1.0981513769653592,0.5086437047100293,1.0,"Win back: targeted discount, re-engagement email flow"
15174,323,2,481.46,2,2,2,3,Lost / Let Go,At Risk,-0.9171302022050469,0.1646628660760371,0.6033640789118132,1.0,"Win back: targeted discount, re-engagement email flow"
15175,72,1,224.14,3,1,1,2,One-Time Buyer,One-Time Buyer,-0.9801811453725718,-1.2497364038361216,,,"Convert: post-purchase follow-up, incentivize 2nd order"
15176,668,1,988.04,1,1,3,0,One-Time Buyer,Lost / Let Go,-1.7163725237063339,1.6384095033467987,0.8751608370870246,1.0,"Let go: exclude from paid marketing spend, low-cost win-back only"
15177,426,1,948.93,1,1,3,3,One-Time Buyer,At Risk,-1.168539644468111,0.6148152530011791,0.730182922441914,1.0,"Win back: targeted discount, re-engagement email flow"
15178,260,1,40.5,2,1,1,0,One-Time Buyer,Lost / Let Go,-2.1705159143111,-0.9126684279423243,0.8743635044671876,1.0,"Let go: exclude from paid marketing spend, low-cost win-back only"
15179,18,13,7491.92,5,5,5,1,VIP,VIP,2.1969018014710056,0.22987591180913364,0.05427514046045859,0.0,"Court: white-glove service, early access, loyalty rewards"
15180,367,3,904.4300000000001,2,3,3,3,At Risk,At Risk,-0.5195247231754383,0.6305914354758161,0.5394308086181622,1.0,"Win back: targeted discount, re-engagement email flow"
15181,66,5,1200.2,3,4,3,4,Loyal Customer,Loyal Customer,0.621084969979816,-0.3928820133880559,0.5301118271932358,1.0,"Court: upsell/cross-sell, referral incentives"
15182,154,11,2998.952,3,5,5,4,Loyal Customer,Loyal Customer,1.3541350468715991,0.49435411953786806,0.12166926044870019,0.0,"Court: upsell/cross-sell, referral incentives"
15183,548,3,639.93,1,3,3,3,At Risk,At Risk,-1.0960659545940006,1.2962516209089667,0.6226700532183052,1.0,"Win back: targeted discount, re-engagement email flow"
15184,29,4,685.39,4,3,3,4,Loyal Customer,Loyal Customer,0.3190673909590007,-0.7690525346459562,0.3680755411460625,0.0,"Court: upsell/cross-sell, referral incentives"
15185,70,1,310.62,3,1,2,2,One-Time Buyer,One-Time Buyer,-0.8311756946532062,-1.1716463517818207,,,"Convert: post-purchase follow-up, incentivize 2nd order"
15186,14,5,1403.2,5,4,4,4,VIP,Loyal Customer,0.8119806749728757,-0.5689896668764304,0.633176578417009,1.0,"Court: upsell/cross-sell, referral incentives"
15187,2,15,4762.18,5,5,5,1,VIP,VIP,2.135714086575087,0.0954771947692299,0.3724157400239914,0.0,"Court: white-glove service, early access, loyalty rewards"
15188,725,1,310.43,1,1,2,0,One-Time Buyer,Lost / Let Go,-2.362703873957663,1.5696175806809236,0.9250305091160534,1.0,"Let go: exclude from paid marketing spend, low-cost win-back only"
15189,1,46,17524.38,5,5,5,1,VIP,VIP,3.5441190631263977,0.866047086744742,0.019899965175515445,0.0,"Court: white-glove service, early access, loyalty rewards"
15190,434,1,834.4399999999999,1,1,3,3,One-Time Buyer,At Risk,-1.2442657486329531,0.6141382512398003,0.6784462443094276,1.0,"Win back: targeted discount, re-engagement email flow"
15191,463,3,588.05,1,3,2,3,At Risk,At Risk,-0.9348314364474422,0.9180426647734702,0.6433524170351735,1.0,"Win back: targeted discount, re-engagement email flow"
15192,120,5,1981.39,3,4,4,4,Loyal Customer,Loyal Customer,0.717283511888299,-0.0336188309791206,0.1656724711135614,0.0,"Court: upsell/cross-sell, referral incentives"
15193,61,1,499.32,3,1,2,2,One-Time Buyer,One-Time Buyer,-0.5999144209705404,-1.083381827707709,,,"Convert: post-purchase follow-up, incentivize 2nd order"
15194,3,28,12427.69,5,5,5,1,VIP,VIP,3.015998346973944,0.5911167467899554,0.009703045451553916,0.0,"Court: white-glove service, early access, loyalty rewards"
15195,3,1,3861.0,5,1,5,4,One-Time Buyer,Loyal Customer,0.4430917865855659,-0.7825476211787707,,,"Court: upsell/cross-sell, referral incentives"
15196,433,2,313.7,1,2,2,0,Lost / Let Go,Lost / Let Go,-1.3640024769994996,0.5114065206080438,0.7488593467555299,1.0,"Let go: exclude from paid marketing spend, low-cost win-back only"
15197,11,6,1877.51,5,4,4,4,VIP,Loyal Customer,1.0666040459626727,-0.44287834509911583,0.3442830595757859,0.0,"Court: upsell/cross-sell, referral incentives"
15198,92,5,571.35,3,4,2,4,Needs Attention,Loyal Customer,0.23114840681849308,-0.48124168733617745,0.5613406926137297,1.0,"Court: upsell/cross-sell, referral incentives"
15199,59,10,3122.4,4,5,5,4,VIP,Loyal Customer,1.5272996970740553,0.07288802108828046,0.15565727662739198,0.0,"Court: upsell/cross-sell, referral incentives"
15200,495,1,549.05,1,1,2,0,One-Time Buyer,Lost / Let Go,-1.572443863745673,0.758279431179695,0.6465194777488908,1.0,"Let go: exclude from paid marketing spend, low-cost win-back only"
15201,87,7,1842.95,3,4,4,4,Loyal Customer,Loyal Customer,0.9832485591528776,-0.0766592639603314,0.19682337831826127,0.0,"Court: upsell/cross-sell, referral incentives"
15203,26,15,4400.18,4,5,5,1,VIP,VIP,2.044511372535148,0.17490238954775023,0.05425434299542449,0.0,"Court: white-glove service, early access, loyalty rewards"
15204,357,1,316.58,2,1,2,0,One-Time Buyer,Lost / Let Go,-1.4937117553414057,0.03459780376020584,0.7496252788496346,1.0,"Let go: exclude from paid marketing spend, low-cost win-back only"
15205,85,2,653.24,3,2,3,2,Needs Attention,One-Time Buyer,-0.225500387031035,-0.7504464455363381,,,"Convert: post-purchase follow-up, incentivize 2nd order"
15206,10,4,420.29999999999995,5,3,2,2,Needs Attention,One-Time Buyer,0.1467653328971643,-0.9784010908775478,0.8304079215443562,1.0,"Convert: post-purchase follow-up, incentivize 2nd order"
15207,416,3,683.9200000000001,1,3,3,3,At Risk,At Risk,-0.7580026944224318,0.761437402061926,0.4785902424988196,0.0,"Win back: targeted discount, re-engagement email flow"
15208,1,6,970.52,5,4,3,4,Loyal Customer,Loyal Customer,0.7972160430690061,-0.6601136770840664,0.6369250118536107,1.0,"Court: upsell/cross-sell, referral incentives"
15209,730,1,178.98000000000002,1,1,1,0,One-Time Buyer,Lost / Let Go,-2.6178547526252993,1.4446986201836651,0.9278607839496038,1.0,"Let go: exclude from paid marketing spend, low-cost win-back only"
15210,225,3,1176.19,2,3,3,3,At Risk,At Risk,-0.07101647353889075,0.10608088846219592,0.4275577238279213,0.0,"Win back: targeted discount, re-engagement email flow"
15211,60,2,1277.48,3,2,4,4,Needs Attention,Loyal Customer,0.13040837335508054,-0.6768852899402219,0.6053787069855371,1.0,"Court: upsell/cross-sell, referral incentives"
15212,241,2,208.28,2,2,1,2,Lost / Let Go,One-Time Buyer,-1.0962765876079108,-0.4006937908386126,0.6191353039974989,1.0,"Convert: post-purchase follow-up, incentivize 2nd order"
15213,319,2,328.35,2,2,2,3,Lost / Let Go,At Risk,-1.0772906998664464,0.046375333547964706,0.6701197276836827,1.0,"Win back: targeted discount, re-engagement email flow"
15214,2,8,1661.44,5,4,4,4,VIP,Loyal Customer,1.2264176954922479,-0.41316879820582364,0.11959877779543582,0.0,"Court: upsell/cross-sell, referral incentives"
15215,47,7,2422.43,4,4,4,4,VIP,Loyal Customer,1.1980959960685333,-0.17138853301918067,0.3927522346453644,0.0,"Court: upsell/cross-sell, referral incentives"
15216,88,2,486.09,3,2,2,2,Needs Attention,One-Time Buyer,-0.3635071191313482,-0.8163618724043844,0.7244029495068051,1.0,"Convert: post-purchase follow-up, incentivize 2nd order"
15217,563,1,426.24,1,1,2,0,One-Time Buyer,Lost / Let Go,-1.843598372412744,0.9756814995283422,0.6659522643391802,1.0,"Let go: exclude from paid marketing spend, low-cost win-back only"
15218,11,22,11453.83,5,5,5,1,VIP,VIP,2.7830262060016566,0.5107725454787282,0.02472006018808768,0.0,"Court: white-glove service, early access, loyalty rewards"
15219,176,2,685.45,3,2,3,2,Needs Attention,One-Time Buyer,-0.41690136695353097,-0.3567936641363613,0.7746521579624382,1.0,"Convert: post-purchase follow-up, incentivize 2nd order"
15220,52,6,1778.96,4,4,4,4,VIP,Loyal Customer,0.9468276867892286,-0.2856108931105041,0.11953595184668402,0.0,"Court: upsell/cross-sell, referral incentives"
15221,366,4,2465.4500000000003,2,3,4,3,At Risk,At Risk,0.09915426080800795,0.9816370132553843,0.6056585996045902,1.0,"Win back: targeted discount, re-engagement email flow"
15222,319,11,3550.91,2,5,5,1,Win-Back Priority,VIP,1.043386453717163,1.2298639580209287,0.36835821833025356,0.0,"Court: white-glove service, early access, loyalty rewards"
15223,226,5,1417.95,2,4,4,4,Win-Back Priority,Loyal Customer,0.3210072144578765,0.32109098499112815,0.5020657806202614,1.0,"Court: upsell/cross-sell, referral incentives"
15224,358,5,871.36,2,4,3,3,At Risk,At Risk,-0.20357829281179288,0.744169027285627,0.6034486805601561,1.0,"Win back: targeted discount, re-engagement email flow"
15225,234,1,409.40000000000003,2,1,2,2,One-Time Buyer,One-Time Buyer,-1.092318119748396,-0.4120057731830854,0.5040198065953173,1.0,"Convert: post-purchase follow-up, incentivize 2nd order"
15226,311,1,154.41,2,1,1,0,One-Time Buyer,Lost / Let Go,-1.703488480752452,-0.3480176734947773,0.794797087570737,1.0,"Let go: exclude from paid marketing spend, low-cost win-back only"
15227,37,9,2488.4900000000002,4,5,4,4,VIP,Loyal Customer,1.4048056086209468,-0.1174058333634209,0.1391855102194789,0.0,"Court: upsell/cross-sell, referral incentives"
15228,66,6,5580.2699999999995,3,4,5,4,Loyal Customer,Loyal Customer,1.4215211049486238,0.07695604020592689,0.19103996105046592,0.0,"Court: upsell/cross-sell, referral incentives"
15229,586,1,160.5,1,1,1,0,One-Time Buyer,Lost / Let Go,-2.3293158976229598,0.8131867036495044,0.9030662869319066,1.0,"Let go: exclude from paid marketing spend, low-cost win-back only"
15230,239,2,429.6,2,2,2,2,Lost / Let Go,One-Time Buyer,-0.7712469975789196,-0.2171564550773708,0.2887004628484525,0.0,"Convert: post-purchase follow-up, incentivize 2nd order"
15231,621,1,250.26,1,1,1,0,One-Time Buyer,Lost / Let Go,-2.2148951818998723,1.077234895884986,0.8768963486976369,1.0,"Let go: exclude from paid marketing spend, low-cost win-back only"
15232,113,2,612.06,3,2,3,2,Needs Attention,One-Time Buyer,-0.31982425948407467,-0.6505476156858284,,,"Convert: post-purchase follow-up, incentivize 2nd order"
15233,401,1,59.400000000000006,2,1,1,0,One-Time Buyer,Lost / Let Go,-2.3335114306505758,-0.22270728201112572,0.8590564360629367,1.0,"Let go: exclude from paid marketing spend, low-cost win-back only"
15234,277,1,197.0,2,1,1,2,One-Time Buyer,One-Time Buyer,-1.516464743731742,-0.42589968547751195,0.5663468037516914,1.0,"Convert: post-purchase follow-up, incentivize 2nd order"
15235,218,16,2937.81,2,5,4,1,Win-Back Priority,VIP,1.4628981536308006,0.8951680502818189,0.2737255283437872,0.0,"Court: white-glove service, early access, loyalty rewards"
15236,299,1,321.05,2,1,2,2,One-Time Buyer,One-Time Buyer,-1.3519135864267948,-0.20443678328835743,0.6996671397769819,1.0,"Convert: post-purchase follow-up, incentivize 2nd order"
15237,2,4,1412.32,5,3,4,4,Loyal Customer,Loyal Customer,0.7028724066827382,-0.6899518063503882,0.11045848250128491,0.0,"Court: upsell/cross-sell, referral incentives"
15238,29,3,1071.99,4,3,3,4,Loyal Customer,Loyal Customer,0.34604077799637784,-0.738905816362805,0.21643690171430527,0.0,"Court: upsell/cross-sell, referral incentives"
15239,10,2,780.59,5,2,3,2,New Customer,One-Time Buyer,0.028803770922910893,-1.0170436081857634,,,"Convert: post-purchase follow-up, incentivize 2nd order"
15240,45,12,4459.98,4,5,5,1,VIP,VIP,1.8466032691218388,0.17549288890106657,0.06263647803646816,0.0,"Court: white-glove service, early access, loyalty rewards"
15241,67,11,3050.16,3,5,5,1,Loyal Customer,VIP,1.565038498712429,0.13472766192289556,0.08172272330076844,0.0,"Court: white-glove service, early access, loyalty rewards"
15242,422,1,302.04,1,1,2,0,One-Time Buyer,Lost / Let Go,-1.6664769613834935,0.29418247266109165,0.6978727372930634,1.0,"Let go: exclude from paid marketing spend, low-cost win-back only"
15243,74,2,927.2800000000001,3,2,3,2,Needs Attention,One-Time Buyer,-0.04444467577619126,-0.703429252923994,0.6089972564170804,1.0,"Convert: post-purchase follow-up, incentivize 2nd order"
15244,65,3,912.08,3,3,3,4,Loyal Customer,Loyal Customer,0.19022579626868594,-0.6311565127203788,0.6688682678466716,1.0,"Court: upsell/cross-sell, referral incentives"
15245,134,8,4610.84,3,4,5,4,Loyal Customer,Loyal Customer,1.3708668220293165,0.41069452909265475,0.06063239109401164,0.0,"Court: upsell/cross-sell, referral incentives"
15246,238,3,780.4,2,3,3,3,At Risk,At Risk,-0.28336120142746357,0.051491689051624365,0.4595981063006759,0.0,"Win back: targeted discount, re-engagement email flow"
15247,122,3,976.06,3,3,3,4,Loyal Customer,Loyal Customer,0.08704152209855681,-0.3745761083249858,0.5012043362947513,1.0,"Court: upsell/cross-sell, referral incentives"
15248,411,3,1893.93,1,3,4,3,At Risk,At Risk,-0.2944765116983687,1.01118361574466,0.4728057432544199,0.0,"Win back: targeted discount, re-engagement email flow"
15249,32,18,9266.0,4,5,5,1,VIP,VIP,2.493080017224912,0.4663596832368745,0.037997777467967585,0.0,"Court: white-glove service, early access, loyalty rewards"
15250,641,1,60.0,1,1,1,0,One-Time Buyer,Lost / Let Go,-2.8901939333738285,0.7844139175127057,0.9484344529476543,1.0,"Let go: exclude from paid marketing spend, low-cost win-back only"
15251,9,21,20324.54,5,5,5,1,VIP,VIP,3.008182896661196,0.6372675768365399,0.040342289687475164,0.0,"Court: white-glove service, early access, loyalty rewards"
15252,36,5,2103.41,4,4,4,4,VIP,Loyal Customer,0.9401799144006151,-0.3693033858525512,0.17836982404676494,0.0,"Court: upsell/cross-sell, referral incentives"
15253,16,8,2055.09,5,4,4,4,VIP,Loyal Customer,1.2880487877477587,-0.2980469053200151,0.4650111522937102,0.0,"Court: upsell/cross-sell, referral incentives"
15254,127,3,1088.35,3,3,3,4,Loyal Customer,Loyal Customer,0.12365535525986332,-0.32471337998930766,0.6122120986488528,1.0,"Court: upsell/cross-sell, referral incentives"
15255,67,9,3706.02,3,5,5,4,Loyal Customer,Loyal Customer,1.5114532975383839,0.11405671936095829,0.2407399179261857,0.0,"Court: upsell/cross-sell, referral incentives"
15256,149,2,170.4,3,2,1,2,Needs Attention,One-Time Buyer,-0.9698554668277803,-0.8388586067251306,0.9335424240005821,1.0,"Convert: post-purchase follow-up, incentivize 2nd order"
15257,283,2,685.9,2,2,3,3,Needs Attention,At Risk,-0.6667547300147663,0.09121667120148352,0.5206052294568319,1.0,"Win back: targeted discount, re-engagement email flow"
15258,169,2,623.16,3,2,3,2,Needs Attention,One-Time Buyer,-0.4427736866542938,-0.4113933701407718,0.25840693888345545,0.0,"Convert: post-purchase follow-up, incentivize 2nd order"
15259,513,4,1182.3799999999999,1,3,3,3,At Risk,At Risk,-0.5705830408968765,1.4015494744387265,0.6773192568964925,1.0,"Win back: targeted discount, re-engagement email flow"
15260,100,25,9188.23,3,5,5,1,Loyal Customer,VIP,2.5712797705896575,0.8733800655905327,0.008820716708615828,0.0,"Court: white-glove service, early access, loyalty rewards"
15261,135,4,1508.0,3,3,4,4,Loyal Customer,Loyal Customer,0.42103030033705724,-0.11587245658375141,0.3768092751252793,0.0,"Court: upsell/cross-sell, referral incentives"
15262,324,3,418.82,2,3,2,3,At Risk,At Risk,-0.7602561250281828,0.24619007931546155,0.61736329676454,1.0,"Win back: targeted discount, re-engagement email flow"
15263,107,1,156.51,3,1,1,2,One-Time Buyer,One-Time Buyer,-1.2206182508906276,-1.198265835890126,,,"Convert: post-purchase follow-up, incentivize 2nd order"
15264,64,2,848.4,3,2,3,2,Needs Attention,One-Time Buyer,-0.06049594637190943,-0.7689031822468819,0.5909276907783128,1.0,"Convert: post-purchase follow-up, incentivize 2nd order"
15265,151,4,3345.64,3,3,5,4,Loyal Customer,Loyal Customer,0.7372814687442951,0.1629513089818673,0.41091560668789023,0.0,"Court: upsell/cross-sell, referral incentives"
15266,338,5,852.21,2,4,3,3,At Risk,At Risk,-0.16667773446480078,0.6545574844555367,0.615600459878457,1.0,"Win back: targeted discount, re-engagement email flow"
15267,22,5,1717.36,4,4,4,4,VIP,Loyal Customer,0.8829244776677343,-0.4818040417244578,0.28569555521747064,0.0,"Court: upsell/cross-sell, referral incentives"
15268,479,3,961.9000000000001,1,3,3,3,At Risk,At Risk,-0.754034030413482,1.1157228362492833,0.5780982528191504,1.0,"Win back: targeted discount, re-engagement email flow"
15269,24,3,1225.3600000000001,4,3,4,4,Loyal Customer,Loyal Customer,0.4170496822878691,-0.7242971297322618,0.44672230061084256,0.0,"Court: upsell/cross-sell, referral incentives"
15270,16,21,8524.86,5,5,5,1,VIP,VIP,2.6060763705968397,0.43548649923386984,0.023401242521551645,0.0,"Court: white-glove service, early access, loyalty rewards"
15271,7,24,4640.29,5,5,5,1,VIP,VIP,2.4552960709413454,0.2868754166524496,0.034379864980703806,0.0,"Court: white-glove service, early access, loyalty rewards"
15272,57,6,2030.95,4,4,4,4,VIP,Loyal Customer,0.9939274691234432,-0.22946655554947273,0.5527206584117814,1.0,"Court: upsell/cross-sell, referral incentives"
15273,600,1,228.96,1,1,1,0,One-Time Buyer,Lost / Let Go,-2.2051328584427563,0.9657803485328464,0.8354981231712183,1.0,"Let go: exclude from paid marketing spend, low-cost win-back only"
15274,4,2,716.57,5,2,3,2,New Customer,One-Time Buyer,0.004885799479493642,-1.0648867202536219,,,"Convert: post-purchase follow-up, incentivize 2nd order"
15275,38,1,615.14,4,1,3,2,One-Time Buyer,One-Time Buyer,-0.4536911209815207,-1.1242610919104707,,,"Convert: post-purchase follow-up, incentivize 2nd order"
15276,66,4,619.8,3,3,3,4,Loyal Customer,Loyal Customer,0.18797413978140687,-0.6409078337227088,0.450513175764351,0.0,"Court: upsell/cross-sell, referral incentives"
15277,47,2,476.34,4,2,2,2,New Customer,One-Time Buyer,-0.27663519287578847,-0.9933407292418788,0.671902926021186,1.0,"Convert: post-purchase follow-up, incentivize 2nd order"
15278,562,4,496.15999999999997,1,3,2,3,At Risk,At Risk,-1.0701860983881906,1.3759684239111751,0.684565775130526,1.0,"Win back: targeted discount, re-engagement email flow"
15279,355,5,1580.54,2,4,4,3,Win-Back Priority,At Risk,0.06759806205215252,0.8898597341111713,0.5098020769357722,1.0,"Win back: targeted discount, re-engagement email flow"
15280,172,3,397.52,3,3,2,2,Needs Attention,One-Time Buyer,-0.428029622657703,-0.40383747719739327,0.6553760662068185,1.0,"Convert: post-purchase follow-up, incentivize 2nd order"
15281,59,16,8543.57,4,5,5,1,VIP,VIP,2.308492824103923,0.5135728726063713,0.01877231030278803,0.0,"Court: white-glove service, early access, loyalty rewards"
15282,570,1,348.59,1,1,2,0,One-Time Buyer,Lost / Let Go,-1.9490240587364724,0.9516271178279584,0.8231591636969194,1.0,"Let go: exclude from paid marketing spend, low-cost win-back only"
15283,390,3,148.33,2,3,1,0,At Risk,Lost / Let Go,-1.3735064074985859,0.24748794684959743,0.6524992130032552,1.0,"Let go: exclude from paid marketing spend, low-cost win-back only"
15284,500,1,24.75,1,1,1,0,One-Time Buyer,Lost / Let Go,-2.943493601854524,-0.035118887212740084,0.9055816938291561,1.0,"Let go: exclude from paid marketing spend, low-cost win-back only"
15285,408,1,94.92,2,1,1,0,One-Time Buyer,Lost / Let Go,-2.1445114627555584,-0.07038593699146363,0.7726700891963306,1.0,"Let go: exclude from paid marketing spend, low-cost win-back only"
15286,50,1,240.55,4,1,1,2,One-Time Buyer,One-Time Buyer,-0.8975118997208039,-1.3231018912561219,,,"Convert: post-purchase follow-up, incentivize 2nd order"
15287,22,5,856.03,4,4,3,4,Loyal Customer,Loyal Customer,0.5740497588655672,-0.6668354824755656,0.5584078696326371,1.0,"Court: upsell/cross-sell, referral incentives"
15288,43,10,3872.1800000000003,4,5,5,1,VIP,VIP,1.6602342317544307,0.06314900978619933,0.08172319998079064,0.0,"Court: white-glove service, early access, loyalty rewards"
15289,29,5,1593.09,4,4,4,4,VIP,Loyal Customer,0.8332294798724935,-0.4724729471629204,0.3571391763234757,0.0,"Court: upsell/cross-sell, referral incentives"
15290,5,26,10496.28,5,5,5,1,VIP,VIP,2.881448109829794,0.5261656748039875,0.019267576647459254,0.0,"Court: white-glove service, early access, loyalty rewards"
15291,26,39,13801.56,4,5,5,1,VIP,VIP,3.2557812992326904,0.8430738394666616,0.010270805010622388,0.0,"Court: white-glove service, early access, loyalty rewards"
15292,201,1,178.39,2,1,1,2,One-Time Buyer,One-Time Buyer,-1.3826177716866372,-0.7702425824786838,0.5071894718708182,1.0,"Convert: post-purchase follow-up, incentivize 2nd order"
15293,666,1,247.5,1,1,1,0,One-Time Buyer,Lost / Let Go,-2.325000312404252,1.26263926410255,0.9402798357654194,1.0,"Let go: exclude from paid marketing spend, low-cost win-back only"
15294,411,1,233.35,1,1,1,0,One-Time Buyer,Lost / Let Go,-1.7548928001676194,0.17977269793047132,0.6987343603896846,1.0,"Let go: exclude from paid marketing spend, low-cost win-back only"
15295,654,1,207.04,1,1,1,0,One-Time Buyer,Lost / Let Go,-2.375852338301422,1.1651462550444818,0.9206813152875954,1.0,"Let go: exclude from paid marketing spend, low-cost win-back only"
15296,51,12,10323.03,4,5,5,1,VIP,VIP,2.2051453544763997,0.4237926202324093,0.04120053988747496,0.0,"Court: white-glove service, early access, loyalty rewards"
15297,10,3,641.94,5,3,3,2,Loyal Customer,One-Time Buyer,0.16305937070642978,-0.9546518381481487,,,"Convert: post-purchase follow-up, incentivize 2nd order"
15298,2,23,9459.37,5,5,5,1,VIP,VIP,2.751816727289269,0.43913597591364417,0.010905655478517485,0.0,"Court: white-glove service, early access, loyalty rewards"
15299,67,9,7391.54,3,5,5,1,Loyal Customer,VIP,1.8179260986009171,0.2976492909755643,0.19716386248280193,0.0,"Court: white-glove service, early access, loyalty rewards"
15300,64,1,496.44,3,1,2,2,One-Time Buyer,One-Time Buyer,-0.609491043006173,-1.072361180321288,,,"Convert: post-purchase follow-up, incentivize 2nd order"
15301,51,17,7583.04,4,5,5,1,VIP,VIP,2.318149211693866,0.47108768499015186,0.018755098272045842,0.0,"Court: white-glove service, early access, loyalty rewards"
15302,730,1,308.0,1,1,2,0,One-Time Buyer,Lost / Let Go,-2.3778709097011896,1.58846097271753,0.9197565238461175,1.0,"Let go: exclude from paid marketing spend, low-cost win-back only"
15303,290,3,1224.18,2,3,4,3,At Risk,At Risk,-0.20523188701724107,0.3887588156471738,0.5734683278440552,1.0,"Win back: targeted discount, re-engagement email flow"
15304,61,9,919.5500000000001,3,5,3,4,Loyal Customer,Loyal Customer,0.9069727803670387,-0.281572461760266,0.42954469190734046,0.0,"Court: upsell/cross-sell, referral incentives"
15305,555,1,93.6,1,1,1,0,One-Time Buyer,Lost / Let Go,-2.494320320125162,0.5411797006712813,0.9369000701216369,1.0,"Let go: exclude from paid marketing spend, low-cost win-back only"
15306,64,9,3484.73,3,5,5,4,Loyal Customer,Loyal Customer,1.4911376873027022,0.08512912631748408,0.49851269881694377,0.0,"Court: upsell/cross-sell, referral incentives"
15307,96,1,205.3,3,1,1,2,One-Time Buyer,One-Time Buyer,-1.075090512680192,-1.1725316801830579,,,"Convert: post-purchase follow-up, incentivize 2nd order"
15308,274,1,310.47,2,1,2,2,One-Time Buyer,One-Time Buyer,-1.308300166210661,-0.3179561921217299,0.5636417445491262,1.0,"Convert: post-purchase follow-up, incentivize 2nd order"
15309,611,4,797.96,1,3,3,3,At Risk,At Risk,-0.974101677334488,1.707234035421947,0.7212966295455608,1.0,"Win back: targeted discount, re-engagement email flow"
15310,479,1,1634.64,1,1,4,3,One-Time Buyer,At Risk,-1.0511689619904936,0.9811757676338928,0.677766672687766,1.0,"Win back: targeted discount, re-engagement email flow"
15311,1,207,116280.49,5,5,5,1,VIP,VIP,5.526766318614464,1.960511421729579,0.02473509294632357,0.0,"Court: white-glove service, early access, loyalty rewards"
15312,75,12,2930.19,3,5,4,1,Loyal Customer,VIP,1.5900041389013642,0.18935238704721113,0.07910134973524627,0.0,"Court: white-glove service, early access, loyalty rewards"
15313,110,1,52.0,3,1,1,2,One-Time Buyer,One-Time Buyer,-1.7112428283232661,-1.4754170291861164,,,"Convert: post-purchase follow-up, incentivize 2nd order"
15314,199,3,820.4499999999999,2,3,3,3,At Risk,At Risk,-0.16999389797904618,-0.09844342589438061,0.29160108360726883,0.0,"Win back: targeted discount, re-engagement email flow"
15315,64,2,570.5,3,2,2,2,Needs Attention,One-Time Buyer,-0.23644073444525002,-0.8743029305853339,,,"Convert: post-purchase follow-up, incentivize 2nd order"
15316,327,1,165.0,2,1,1,0,One-Time Buyer,Lost / Let Go,-1.7116238499448182,-0.26351770576242123,0.7670605399692433,1.0,"Let go: exclude from paid marketing spend, low-cost win-back only"
15317,677,1,129.75,1,1,1,0,One-Time Buyer,Lost / Let Go,-2.635837775392027,1.137876296117352,0.9571827891270643,1.0,"Let go: exclude from paid marketing spend, low-cost win-back only"
15318,4,1,312.62,5,1,2,2,One-Time Buyer,One-Time Buyer,-0.6740404939133878,-1.4461800187630924,,,"Convert: post-purchase follow-up, incentivize 2nd order"
15319,284,1,204.5,2,1,1,2,One-Time Buyer,One-Time Buyer,-1.5163215860760932,-0.3867130373659211,0.591725906388045,1.0,"Convert: post-purchase follow-up, incentivize 2nd order"
15320,44,1,267.13,4,1,1,2,One-Time Buyer,One-Time Buyer,-0.8371327981672269,-1.3204468307049213,,,"Convert: post-purchase follow-up, incentivize 2nd order"
15321,71,12,6709.7300000000005,3,5,5,1,Loyal Customer,VIP,1.9671260544565856,0.39292395452329865,0.10123179396737526,0.0,"Court: white-glove service, early access, loyalty rewards"
15322,86,2,1390.86,3,2,4,4,Needs Attention,Loyal Customer,0.10735252330230198,-0.5454650246510777,0.5582350528413724,1.0,"Court: upsell/cross-sell, referral incentives"
15323,563,3,434.6,1,3,2,0,At Risk,Lost / Let Go,-1.3026066079965044,1.2563110357934868,0.7287782629358072,1.0,"Let go: exclude from paid marketing spend, low-cost win-back only"
15324,701,1,140.22000000000003,1,1,1,0,One-Time Buyer,Lost / Let Go,-2.657742227607883,1.2588146237174358,0.9087042826273123,1.0,"Let go: exclude from paid marketing spend, low-cost win-back only"
15325,104,8,1601.46,3,4,4,4,Loyal Customer,Loyal Customer,0.9716466625880604,0.003966399583382953,0.4551363066784031,0.0,"Court: upsell/cross-sell, referral incentives"
15326,334,5,1700.52,2,4,4,3,Win-Back Priority,At Risk,0.14915890060662532,0.8214160966314029,0.49827601367852953,0.0,"Win back: targeted discount, re-engagement email flow"
15327,53,1,208.75,4,1,1,2,One-Time Buyer,One-Time Buyer,-0.9672013950686529,-1.3480918685002403,,,"Convert: post-purchase follow-up, incentivize 2nd order"
15328,408,1,107.24,2,1,1,0,One-Time Buyer,Lost / Let Go,-2.090859214276878,-0.038245550513588425,0.8112218175405266,1.0,"Let go: exclude from paid marketing spend, low-cost win-back only"
15329,39,11,2958.83,4,5,5,1,VIP,VIP,1.6170034492034984,0.009453714323408888,0.32883439070568476,0.0,"Court: white-glove service, early access, loyalty rewards"
15330,32,2,714.96,4,2,3,2,New Customer,One-Time Buyer,-0.06156986181089657,-0.948293434856286,,,"Convert: post-purchase follow-up, incentivize 2nd order"
15331,500,3,767.91,1,3,3,3,At Risk,At Risk,-0.9030185518522982,1.1437763076668488,0.5846217494678314,1.0,"Win back: targeted discount, re-engagement email flow"
15332,366,6,6553.74,2,4,5,3,Win-Back Priority,At Risk,0.7915657983088374,1.3753336383691064,0.399674566530121,0.0,"Win back: targeted discount, re-engagement email flow"
15333,208,1,1028.56,2,1,3,2,One-Time Buyer,One-Time Buyer,-0.6231578776213721,-0.27618714397480293,0.6306428970280334,1.0,"Convert: post-purchase follow-up, incentivize 2nd order"
15334,157,3,347.87,3,3,2,2,Needs Attention,One-Time Buyer,-0.45204149701149166,-0.5020094140292978,,,"Convert: post-purchase follow-up, incentivize 2nd order"
15335,54,1,170.22,4,1,1,2,One-Time Buyer,One-Time Buyer,-1.059658005038095,-1.3978921714542494,,,"Convert: post-purchase follow-up, incentivize 2nd order"
15336,402,1,240.5,2,1,1,0,One-Time Buyer,Lost / Let Go,-1.7205085455176985,0.15009801796844974,0.7168892295334627,1.0,"Let go: exclude from paid marketing spend, low-cost win-back only"
15337,411,1,373.02,1,1,2,0,One-Time Buyer,Lost / Let Go,-1.5473223595301073,0.3041177975794352,0.721766985355489,1.0,"Let go: exclude from paid marketing spend, low-cost win-back only"
15338,677,1,277.93,1,1,1,0,One-Time Buyer,Lost / Let Go,-2.2994252724846365,1.3394042500432595,0.8256306954365962,1.0,"Let go: exclude from paid marketing spend, low-cost win-back only"
15339,66,7,1821.02,3,4,4,4,Loyal Customer,Loyal Customer,1.0270301026283901,-0.1677345931050256,0.2913482368037624,0.0,"Court: upsell/cross-sell, referral incentives"
15340,562,1,105.5,1,1,1,0,One-Time Buyer,Lost / Let Go,-2.458075610961002,0.6019929879421897,0.9285885323685034,1.0,"Let go: exclude from paid marketing spend, low-cost win-back only"
15341,81,2,2402.7200000000003,3,2,4,4,Needs Attention,Loyal Customer,0.36163656471669875,-0.42106534312390037,0.6253484650372179,1.0,"Court: upsell/cross-sell, referral incentives"
15342,130,1,406.09,3,1,2,2,One-Time Buyer,One-Time Buyer,-0.8527827477022346,-0.8494395783187394,,,"Convert: post-purchase follow-up, incentivize 2nd order"
15343,87,1,364.5,3,1,2,2,One-Time Buyer,One-Time Buyer,-0.8001072135182129,-1.0580754710193825,,,"Convert: post-purchase follow-up, incentivize 2nd order"
15344,1,3,563.94,5,3,2,2,Needs Attention,One-Time Buyer,0.12667528079648738,-1.026720304187137,,,"Convert: post-purchase follow-up, incentivize 2nd order"
15345,46,1,393.54,4,1,2,2,One-Time Buyer,One-Time Buyer,-0.6703112873980107,-1.209340700116297,,,"Convert: post-purchase follow-up, incentivize 2nd order"
15346,333,3,596.12,2,3,2,3,At Risk,At Risk,-0.6248761414741582,0.3775620484072204,0.5851814811498409,1.0,"Win back: targeted discount, re-engagement email flow"
15347,366,4,1363.6,2,3,4,3,At Risk,At Risk,-0.1636617493473938,0.8241970479513331,0.4717709966289204,0.0,"Win back: targeted discount, re-engagement email flow"
15348,72,1,158.04,3,1,1,2,One-Time Buyer,One-Time Buyer,-1.1345032124057979,-1.342183058303611,,,"Convert: post-purchase follow-up, incentivize 2nd order"
15349,158,2,463.90999999999997,3,2,2,2,Needs Attention,One-Time Buyer,-0.5478459275067572,-0.5357811647118838,0.2261649138124523,0.0,"Convert: post-purchase follow-up, incentivize 2nd order"
15350,373,2,663.25,2,2,3,3,Needs Attention,At Risk,-0.8920441248822074,0.45898275183336457,0.5312643948079673,1.0,"Win back: targeted discount, re-engagement email flow"
15351,12,10,3704.89,5,5,5,1,VIP,VIP,1.7131019642252494,-0.07834165022117942,0.29839769207220135,0.0,"Court: white-glove service, early access, loyalty rewards"
15352,549,1,111.15,1,1,1,0,One-Time Buyer,Lost / Let Go,-2.4047325071862558,0.5613322436032665,0.8930338770422643,1.0,"Let go: exclude from paid marketing spend, low-cost win-back only"
15353,255,7,3106.12,2,4,5,4,Win-Back Priority,Loyal Customer,0.822175356161298,0.7652711606735549,0.2306648371278261,0.0,"Court: upsell/cross-sell, referral incentives"
15355,29,2,277.05,4,2,1,2,New Customer,One-Time Buyer,-0.47450872246378256,-1.2124220374832246,,,"Convert: post-purchase follow-up, incentivize 2nd order"
15356,31,13,3382.69,4,5,5,1,VIP,VIP,1.8135284778312917,0.07283200971458725,0.08191037214798627,0.0,"Court: white-glove service, early access, loyalty rewards"
15358,5,42,17050.41,5,5,5,1,VIP,VIP,3.4542762784649264,0.8401460141393895,0.013042411621875373,0.0,"Court: white-glove service, early access, loyalty rewards"
15359,663,8,181.35,1,4,1,0,At Risk,Lost / Let Go,-1.300172606276698,1.7655180876155767,0.8569617357530499,1.0,"Let go: exclude from paid marketing spend, low-cost win-back only"
15360,40,1,427.93,4,1,2,2,One-Time Buyer,One-Time Buyer,-0.6191774078067447,-1.2122239909924462,,,"Convert: post-purchase follow-up, incentivize 2nd order"
15361,362,4,689.07,2,3,3,3,At Risk,At Risk,-0.457045050949364,0.6261023772747526,0.5671046998064188,1.0,"Win back: targeted discount, re-engagement email flow"
15362,449,2,613.08,1,2,3,3,Needs Attention,At Risk,-1.1045861090692253,0.7561833915044038,0.6541415074691896,1.0,"Win back: targeted discount, re-engagement email flow"
15363,373,2,1004.11,2,2,3,3,Needs Attention,At Risk,-0.7081392011526862,0.5691510204791737,0.638329517529991,1.0,"Win back: targeted discount, re-engagement email flow"
15364,96,2,913.19,3,2,3,2,Needs Attention,One-Time Buyer,-0.10266730238828777,-0.6154190151665565,0.5509280233694341,1.0,"Convert: post-purchase follow-up, incentivize 2nd order"
15365,26,13,4557.13,4,5,5,1,VIP,VIP,1.957507428187437,0.1311534119968941,0.23748119243551097,0.0,"Court: white-glove service, early access, loyalty rewards"
15366,75,7,2389.08,3,4,4,4,Loyal Customer,Loyal Customer,1.1264850355110445,-0.057883530322979077,0.2254591408955792,0.0,"Court: upsell/cross-sell, referral incentives"
15367,57,11,5081.33,4,5,5,1,VIP,VIP,1.8149701812031305,0.22859085548165295,0.06079123950667699,0.0,"Court: white-glove service, early access, loyalty rewards"
15368,21,2,722.74,4,2,3,2,New Customer,One-Time Buyer,-0.031055299528891526,-0.9914579372521773,0.6776798257945931,1.0,"Convert: post-purchase follow-up, incentivize 2nd order"
15369,492,11,6251.26,1,5,5,3,Win-Back Priority,At Risk,0.8900146153681705,2.1043370929377496,0.7465974326003606,1.0,"Win back: targeted discount, re-engagement email flow"
15370,41,8,3739.01,4,4,5,4,VIP,Loyal Customer,1.4952453608829857,-0.03427973712145476,0.11735939242168693,0.0,"Court: upsell/cross-sell, referral incentives"
15371,662,1,59.400000000000006,1,1,1,0,One-Time Buyer,Lost / Let Go,-2.9436765843656882,0.8696777969291983,0.9069920469168481,1.0,"Let go: exclude from paid marketing spend, low-cost win-back only"
15372,137,8,6017.06,3,4,5,1,Loyal Customer,VIP,1.4820206003666536,0.4940387386343086,0.6165438648206997,1.0,"Court: white-glove service, early access, loyalty rewards"
15373,8,17,3418.84,5,5,5,1,VIP,VIP,2.065044064568665,0.07927383510376917,0.10741643176986285,0.0,"Court: white-glove service, early access, loyalty rewards"
15374,129,2,307.32,3,2,2,2,Needs Attention,One-Time Buyer,-0.6624060047159803,-0.7663977933216939,0.7956276791486089,1.0,"Convert: post-purchase follow-up, incentivize 2nd order"
15375,690,1,60.959999999999994,1,1,1,0,One-Time Buyer,Lost / Let Go,-2.997812774419345,0.9936510631843546,0.9533355765614474,1.0,"Let go: exclude from paid marketing spend, low-cost win-back only"
15376,40,3,1221.56,4,3,4,4,Loyal Customer,Loyal Customer,0.3782669853283188,-0.6581564477126534,0.27770163850780144,0.0,"Court: upsell/cross-sell, referral incentives"
15377,383,4,1211.75,2,3,3,3,At Risk,At Risk,-0.25578419313477835,0.8639703890049659,0.6291449554580343,1.0,"Win back: targeted discount, re-engagement email flow"
15378,463,2,246.5,1,2,1,0,Lost / Let Go,Lost / Let Go,-1.5407909957657615,0.573076575998462,0.76427280407822,1.0,"Let go: exclude from paid marketing spend, low-cost win-back only"
15379,169,8,4877.84,3,4,5,4,Loyal Customer,Loyal Customer,1.3140328828261008,0.5721525978656742,0.04747290697871773,0.0,"Court: upsell/cross-sell, referral incentives"
15380,9,11,3479.0600000000004,5,5,5,1,VIP,VIP,1.7590299789342485,-0.07304051515143654,0.2942562243870998,0.0,"Court: white-glove service, early access, loyalty rewards"
15381,214,5,1890.5700000000002,2,4,4,4,Win-Back Priority,Loyal Customer,0.47670838221516526,0.3473336936435987,0.19747154119173926,0.0,"Court: upsell/cross-sell, referral incentives"
15382,15,12,13733.550000000001,5,5,5,1,VIP,VIP,2.4160436071301894,0.34904095725240164,0.046745819281997655,0.0,"Court: white-glove service, early access, loyalty rewards"
15384,170,4,2027.79,3,3,4,4,Loyal Customer,Loyal Customer,0.47063009502794473,0.10934475441793205,0.3186646640774674,0.0,"Court: upsell/cross-sell, referral incentives"
15385,40,3,942.08,4,3,3,4,Loyal Customer,Loyal Customer,0.2630244238663088,-0.7271925192495453,0.5512410879713121,1.0,"Court: upsell/cross-sell, referral incentives"
15386,186,1,394.14,3,1,2,2,One-Time Buyer,One-Time Buyer,-0.9969282261797972,-0.622982830085349,0.42708755157807277,0.0,"Convert: post-purchase follow-up, incentivize 2nd order"
15387,492,1,468.65,1,1,2,0,One-Time Buyer,Lost / Let Go,-1.63559311085726,0.7036923423558787,0.7305705056891189,1.0,"Let go: exclude from paid marketing spend, low-cost win-back only"
15388,270,1,140.54,2,1,1,2,One-Time Buyer,One-Time Buyer,-1.649146527216282,-0.5444836147502039,0.6974202795920624,1.0,"Convert: post-purchase follow-up, incentivize 2nd order"
15389,172,5,2733.8,3,4,4,4,Loyal Customer,Loyal Customer,0.7385795887845014,0.269602337240326,0.40458861948820757,0.0,"Court: upsell/cross-sell, referral incentives"
15390,396,2,1216.66,2,2,3,3,Needs Attention,At Risk,-0.6767328936038858,0.7164393243412411,0.45861091525096126,0.0,"Win back: targeted discount, re-engagement email flow"
15391,584,1,289.87,1,1,2,0,One-Time Buyer,Lost / Let Go,-2.0633992899078435,0.9613123996137167,0.8357595283268936,1.0,"Let go: exclude from paid marketing spend, low-cost win-back only"
15392,5,7,2911.62,5,4,4,4,VIP,Loyal Customer,1.3779226848665105,-0.29826866853858325,0.2933427737793484,0.0,"Court: upsell/cross-sell, referral incentives"
15393,16,5,891.34,5,4,3,4,Loyal Customer,Loyal Customer,0.6060030195968154,-0.6812089255918536,0.3852716416293077,0.0,"Court: upsell/cross-sell, referral incentives"
15394,10,11,5286.8,5,5,5,1,VIP,VIP,1.9424437584016796,0.04241937481687561,0.06896782468827306,0.0,"Court: white-glove service, early access, loyalty rewards"
15395,326,1,107.45,2,1,1,0,One-Time Buyer,Lost / Let Go,-1.8982992191051589,-0.3809314514634345,0.8313632391904543,1.0,"Let go: exclude from paid marketing spend, low-cost win-back only"
15396,113,2,796.38,3,2,3,2,Needs Attention,One-Time Buyer,-0.20310876785541412,-0.5806291851396979,0.4690228796153392,0.0,"Convert: post-purchase follow-up, incentivize 2nd order"
15397,290,1,94.0,2,1,1,0,One-Time Buyer,Lost / Let Go,-1.8729305259794533,-0.5668246213771556,0.8461725822870892,1.0,"Let go: exclude from paid marketing spend, low-cost win-back only"
15398,16,2,1345.53,5,2,4,4,New Customer,Loyal Customer,0.2562972451605571,-0.8472485645071682,,,"Court: upsell/cross-sell, referral incentives"
15399,1,3,815.77,5,3,3,4,Loyal Customer,Loyal Customer,0.29035316229701486,-0.9286690478376993,,,"Court: upsell/cross-sell, referral incentives"
15400,92,8,1302.3,3,4,4,4,Loyal Customer,Loyal Customer,0.9079504168803746,-0.10122094103435536,0.24012243686343623,0.0,"Court: upsell/cross-sell, referral incentives"
15401,452,2,216.95000000000002,1,2,1,0,Lost / Let Go,Lost / Let Go,-1.5715284590881553,0.49321903964220704,0.7065670661611979,1.0,"Let go: exclude from paid marketing spend, low-cost win-back only"
15402,149,6,1830.12,3,4,4,4,Loyal Customer,Loyal Customer,0.732643115098492,0.12790842279898237,0.10592534367298118,0.0,"Court: upsell/cross-sell, referral incentives"
15403,492,2,170.88,1,2,1,0,Lost / Let Go,Lost / Let Go,-1.7704783283038978,0.5974717487137602,0.8003732121648448,1.0,"Let go: exclude from paid marketing spend, low-cost win-back only"
15404,376,1,257.06,2,1,1,0,One-Time Buyer,Lost / Let Go,-1.6302780874871272,0.05891871038611894,0.7387769004428312,1.0,"Let go: exclude from paid marketing spend, low-cost win-back only"
15405,189,2,659.84,2,2,3,2,Needs Attention,One-Time Buyer,-0.4641746101129951,-0.31249676900089657,0.5849168558675839,1.0,"Convert: post-purchase follow-up, incentivize 2nd order"
15406,31,4,975.87,4,3,3,4,Loyal Customer,Loyal Customer,0.471085267181522,-0.6668145232713302,0.363338449096305,0.0,"Court: upsell/cross-sell, referral incentives"
15407,34,4,1046.74,4,3,3,4,Loyal Customer,Loyal Customer,0.49516886873024074,-0.6356297145382952,0.18061046766621924,0.0,"Court: upsell/cross-sell, referral incentives"
15408,264,1,267.18,2,1,1,2,One-Time Buyer,One-Time Buyer,-1.351365464147563,-0.39961287806132406,0.6008532592415835,1.0,"Convert: post-purchase follow-up, incentivize 2nd order"
15409,721,1,131.25,1,1,1,0,One-Time Buyer,Lost / Let Go,-2.7336360920838434,1.3250672214040973,0.9612549169093092,1.0,"Let go: exclude from paid marketing spend, low-cost win-back only"
15410,84,10,4685.72,3,5,5,1,Loyal Customer,VIP,1.6490376348290778,0.2854611825699923,0.08874818336703914,0.0,"Court: white-glove service, early access, loyalty rewards"
15411,26,4,1348.93,4,3,4,4,Loyal Customer,Loyal Customer,0.6263903111956929,-0.6017082230998285,0.3270595640905583,0.0,"Court: upsell/cross-sell, referral incentives"
15412,171,1,190.53,3,1,1,2,One-Time Buyer,One-Time Buyer,-1.2834092650284414,-0.8783869542829289,,,"Convert: post-purchase follow-up, incentivize 2nd order"
15413,692,5,6798.72,1,4,5,3,Win-Back Priority,At Risk,-0.07266321466026053,2.688264735246728,0.8720819590628113,1.0,"Win back: targeted discount, re-engagement email flow"
15414,10,3,774.9000000000001,5,3,3,4,Loyal Customer,Loyal Customer,0.24652037375325772,-0.904654513342235,0.5394077504725182,1.0,"Court: upsell/cross-sell, referral incentives"
15415,313,1,559.61,2,1,2,3,One-Time Buyer,At Risk,-1.1385213456754588,0.0015976454797123824,0.6239272228433485,1.0,"Win back: targeted discount, re-engagement email flow"
15416,65,7,4572.82,3,4,5,4,Loyal Customer,Loyal Customer,1.4380333250895367,0.07289109978151623,0.15083923576748473,0.0,"Court: upsell/cross-sell, referral incentives"
15417,85,1,508.8,3,1,2,2,One-Time Buyer,One-Time Buyer,-0.647687283204836,-0.9779399745171018,,,"Convert: post-purchase follow-up, incentivize 2nd order"
15418,425,2,449.42,1,2,2,3,Lost / Let Go,At Risk,-1.1860966210466062,0.5732943160603213,0.6905367530330355,1.0,"Win back: targeted discount, re-engagement email flow"
15419,25,1,135.86,4,1,1,2,One-Time Buyer,One-Time Buyer,-1.0913153641904028,-1.5788459159544705,,,"Convert: post-purchase follow-up, incentivize 2nd order"
15420,434,6,743.0,1,4,3,3,At Risk,At Risk,-0.3335206156614226,1.08118768700822,0.6908810129757773,1.0,"Win back: targeted discount, re-engagement email flow"
15421,59,10,3805.34,4,5,5,1,VIP,VIP,1.615100295061496,0.12548498081171572,0.07007998174919762,0.0,"Court: white-glove service, early access, loyalty rewards"
15422,323,7,1619.97,2,4,4,3,Win-Back Priority,At Risk,0.37430237042477543,0.8768100021893016,0.46714237190373836,0.0,"Win back: targeted discount, re-engagement email flow"
15423,38,3,266.89,4,3,1,2,Needs Attention,One-Time Buyer,-0.2911160319189229,-1.070322114576358,0.7632940840160836,1.0,"Convert: post-purchase follow-up, incentivize 2nd order"
15424,254,3,597.78,2,3,2,3,At Risk,At Risk,-0.4389575052494927,0.047655164581433714,0.4794524703965575,0.0,"Win back: targeted discount, re-engagement email flow"
15425,400,4,1941.1200000000001,2,3,4,3,At Risk,At Risk,-0.08644841611007256,1.0603703114787122,0.4958479316151844,0.0,"Win back: targeted discount, re-engagement email flow"
15426,19,9,2538.92,5,5,4,4,VIP,Loyal Customer,1.455790398978328,-0.18740853244904102,0.11922131153875393,0.0,"Court: upsell/cross-sell, referral incentives"
15427,33,3,1430.54,4,3,4,4,Loyal Customer,Loyal Customer,0.46469755631701387,-0.6454810923414714,,,"Court: upsell/cross-sell, referral incentives"
15428,15,4,762.75,5,3,3,4,Loyal Customer,Loyal Customer,0.3992140832536898,-0.7992424271286304,0.4869359519724936,0.0,"Court: upsell/cross-sell, referral incentives"
15429,27,2,397.35,4,2,2,2,New Customer,One-Time Buyer,-0.3101992376596069,-1.1251641018060814,,,"Convert: post-purchase follow-up, incentivize 2nd order"
15430,468,2,954.75,1,2,3,3,Needs Attention,At Risk,-0.9525883391988161,0.9533686612357111,0.6515143503496764,1.0,"Win back: targeted discount, re-engagement email flow"
15431,503,1,153.24,1,1,1,0,One-Time Buyer,Lost / Let Go,-2.155700946806726,0.4535659300402804,0.9169761594080582,1.0,"Let go: exclude from paid marketing spend, low-cost win-back only"
15432,23,2,320.76,4,2,2,2,New Customer,One-Time Buyer,-0.3956546972164687,-1.1986995714736692,0.812357690788399,1.0,"Convert: post-purchase follow-up, incentivize 2nd order"
15433,214,2,533.3,2,2,2,2,Lost / Let Go,One-Time Buyer,-0.6169951488237461,-0.26439789880435016,0.19231107743051618,0.0,"Convert: post-purchase follow-up, incentivize 2nd order"
15434,8,11,2567.06,5,5,4,4,VIP,Loyal Customer,1.6264345671398297,-0.15805765530965626,0.13556482813743895,0.0,"Court: upsell/cross-sell, referral incentives"
15435,22,1,149.29,4,1,1,2,One-Time Buyer,One-Time Buyer,-1.042739244332284,-1.5665039090626494,,,"Convert: post-purchase follow-up, incentivize 2nd order"
15436,12,3,1067.75,5,3,3,4,Loyal Customer,Loyal Customer,0.3840253331190107,-0.8111104667113821,0.4015291233682839,0.0,"Court: upsell/cross-sell, referral incentives"
15437,262,2,393.45,2,2,2,2,Lost / Let Go,One-Time Buyer,-0.8639500753926028,-0.14421589477104343,0.7787023246905481,1.0,"Convert: post-purchase follow-up, incentivize 2nd order"
15438,131,1,156.57999999999998,3,1,1,2,One-Time Buyer,One-Time Buyer,-1.2765281113487483,-1.0976984525511868,,,"Convert: post-purchase follow-up, incentivize 2nd order"
15439,405,4,1269.05,2,3,4,3,At Risk,At Risk,-0.2867178140684482,0.9683281091880482,0.49751633294450415,0.0,"Win back: targeted discount, re-engagement email flow"
15440,55,3,383.68,4,3,2,2,Needs Attention,One-Time Buyer,-0.17020112650055258,-0.902928721579966,0.4248856412691316,0.0,"Convert: post-purchase follow-up, incentivize 2nd order"
15441,396,3,1254.21,2,3,4,3,At Risk,At Risk,-0.4422867412480622,0.8388502580190399,0.5470056454229373,1.0,"Win back: targeted discount, re-engagement email flow"
15442,249,1,594.0,2,1,2,2,One-Time Buyer,One-Time Buyer,-0.962467930737629,-0.2504313800944975,0.6261173532585717,1.0,"Convert: post-purchase follow-up, incentivize 2nd order"
15443,2,14,5114.23,5,5,5,1,VIP,VIP,2.1178045420470983,0.08879423712427462,0.1747357698297574,0.0,"Court: white-glove service, early access, loyalty rewards"
15444,9,2,1411.21,5,2,4,4,New Customer,Loyal Customer,0.293807638027766,-0.8638788482466352,,,"Court: upsell/cross-sell, referral incentives"
15445,264,2,284.5,2,2,1,2,Lost / Let Go,One-Time Buyer,-1.012151116096496,-0.22182406490022363,0.6237087179494681,1.0,"Convert: post-purchase follow-up, incentivize 2nd order"
15446,377,3,396.75,2,3,2,3,At Risk,At Risk,-0.9081368326879286,0.45365171394697346,0.6071448736780469,1.0,"Win back: targeted discount, re-engagement email flow"
15447,331,5,492.88,2,4,2,3,At Risk,At Risk,-0.3930576491417347,0.47984367742059475,0.7085441507670255,1.0,"Win back: targeted discount, re-engagement email flow"
15448,313,2,788.81,2,2,3,3,Needs Attention,At Risk,-0.6749036307183006,0.253910311878753,0.6896252482611941,1.0,"Win back: targeted discount, re-engagement email flow"
15449,26,3,974.52,4,3,3,4,Loyal Customer,Loyal Customer,0.3107697074159325,-0.776792479884495,0.20729989594651704,0.0,"Court: upsell/cross-sell, referral incentives"
15450,30,1,429.84,4,1,2,2,One-Time Buyer,One-Time Buyer,-0.5938266842749802,-1.2528960503109339,,,"Convert: post-purchase follow-up, incentivize 2nd order"
15451,434,2,226.86,1,2,1,0,Lost / Let Go,Lost / Let Go,-1.5097050066500233,0.4297092424955774,0.6322564116646426,1.0,"Let go: exclude from paid marketing spend, low-cost win-back only"
15452,30,6,1785.1100000000001,4,4,4,4,VIP,Loyal Customer,0.9997906919828321,-0.3767719077675314,0.16374678103911683,0.0,"Court: upsell/cross-sell, referral incentives"
15453,2,7,1371.77,5,4,4,4,VIP,Loyal Customer,1.0509440026832455,-0.5109028149952722,0.21523129655344472,0.0,"Court: upsell/cross-sell, referral incentives"
15454,362,2,303.89,2,2,2,0,Lost / Let Go,Lost / Let Go,-1.2120800009543706,0.20582096343055817,0.7253902980131952,1.0,"Let go: exclude from paid marketing spend, low-cost win-back only"
15455,598,1,38.25,1,1,1,0,One-Time Buyer,Lost / Let Go,-2.985441311952415,0.48716478454847073,0.8864480806765737,1.0,"Let go: exclude from paid marketing spend, low-cost win-back only"
15456,283,10,2091.52,2,5,4,4,Win-Back Priority,Loyal Customer,0.8257846561030185,0.90387380789385,0.2216050550177726,0.0,"Court: upsell/cross-sell, referral incentives"
15457,262,1,237.07,2,1,1,2,One-Time Buyer,One-Time Buyer,-1.3995682912369727,-0.4396604706563218,0.6344460883055709,1.0,"Convert: post-purchase follow-up, incentivize 2nd order"
15458,25,2,370.43999999999994,4,2,2,2,New Customer,One-Time Buyer,-0.33657912758430686,-1.1521386610344557,0.6742645743720762,1.0,"Convert: post-purchase follow-up, incentivize 2nd order"
15459,417,2,202.82999999999998,1,2,1,0,Lost / Let Go,Lost / Let Go,-1.5194448576696813,0.3289152803970962,0.7158998429485917,1.0,"Let go: exclude from paid marketing spend, low-cost win-back only"
15460,354,1,214.26,2,1,1,0,One-Time Buyer,Lost / Let Go,-1.6593652333971887,-0.08139445803549383,0.7701715258933368,1.0,"Let go: exclude from paid marketing spend, low-cost win-back only"
15461,461,2,429.7,1,2,2,0,Lost / Let Go,Lost / Let Go,-1.2901349462578293,0.7120604325700177,0.7871239641673384,1.0,"Let go: exclude from paid marketing spend, low-cost win-back only"
15462,94,4,737.05,3,3,3,4,Loyal Customer,Loyal Customer,0.19933018859738807,-0.47770143319531577,0.3795578675488119,0.0,"Court: upsell/cross-sell, referral incentives"
15463,29,1,126.14,4,1,1,2,One-Time Buyer,One-Time Buyer,-1.133376406007705,-1.5816992231356424,,,"Convert: post-purchase follow-up, incentivize 2nd order"
15464,338,1,1044.65,2,1,3,3,One-Time Buyer,At Risk,-0.9201862603200595,0.2720373408825543,0.6454699733345435,1.0,"Win back: targeted discount, re-engagement email flow"
15465,20,32,12636.15,4,5,5,1,VIP,VIP,3.082885159820271,0.7180446458278573,0.020883818423644028,0.0,"Court: white-glove service, early access, loyalty rewards"
15466,85,4,1560.46,3,3,4,4,Loyal Customer,Loyal Customer,0.5530937191111278,-0.31605191612268735,0.42453177654317825,0.0,"Court: upsell/cross-sell, referral incentives"
15467,9,3,524.88,5,3,2,2,Needs Attention,One-Time Buyer,0.0761613564534854,-1.0122939463242566,,,"Convert: post-purchase follow-up, incentivize 2nd order"
15468,51,3,1430.48,4,3,4,4,Loyal Customer,Loyal Customer,0.4225985908722151,-0.5701553386782112,0.41704979935507286,0.0,"Court: upsell/cross-sell, referral incentives"
15469,50,3,874.25,4,3,3,4,Loyal Customer,Loyal Customer,0.20650507051218753,-0.70519203170823,0.6764830809856739,1.0,"Court: upsell/cross-sell, referral incentives"
15470,576,1,63.419999999999995,1,1,1,0,One-Time Buyer,Lost / Let Go,-2.714016384415251,0.5268734130828499,0.8415845938394652,1.0,"Let go: exclude from paid marketing spend, low-cost win-back only"
15471,2,3,1292.01,5,3,4,4,Loyal Customer,Loyal Customer,0.4919791482579221,-0.8022991331842562,0.5124556027810029,1.0,"Court: upsell/cross-sell, referral incentives"
15472,113,1,371.56,3,1,2,2,One-Time Buyer,One-Time Buyer,-0.8523952860102321,-0.9441667724109476,,,"Convert: post-purchase follow-up, incentivize 2nd order"
15473,14,8,2046.0,5,4,4,4,VIP,Loyal Customer,1.2907570699282607,-0.3075961912391517,0.592038384068692,1.0,"Court: upsell/cross-sell, referral incentives"
15474,596,1,150.35,1,1,1,0,One-Time Buyer,Lost / Let Go,-2.381514419418034,0.837775585902157,0.9212146015536288,1.0,"Let go: exclude from paid marketing spend, low-cost win-back only"
15475,77,1,454.10999999999996,3,1,2,2,One-Time Buyer,One-Time Buyer,-0.6793705341189127,-1.0416065609829255,,,"Convert: post-purchase follow-up, incentivize 2nd order"
15476,380,4,2209.98,2,3,4,3,At Risk,At Risk,0.01787558025226591,1.0111487880220207,0.36240110722249136,0.0,"Win back: targeted discount, re-engagement email flow"
15477,650,1,368.4,1,1,2,0,One-Time Buyer,Lost / Let Go,-2.111574622250002,1.3011184900288502,0.8948055495953501,1.0,"Let go: exclude from paid marketing spend, low-cost win-back only"
15478,40,3,1940.98,4,3,4,4,Loyal Customer,Loyal Customer,0.5837361636961427,-0.5350701095015441,0.5600266085395607,1.0,"Court: upsell/cross-sell, referral incentives"
15479,733,1,147.4,1,1,1,0,One-Time Buyer,Lost / Let Go,-2.710532384260791,1.4059375968857268,0.9357187443328537,1.0,"Let go: exclude from paid marketing spend, low-cost win-back only"
15480,116,3,3592.25,3,3,5,4,Loyal Customer,Loyal Customer,0.679282865204821,-0.053308902314773345,0.6145798302772773,1.0,"Court: upsell/cross-sell, referral incentives"
15481,401,1,1993.34,2,1,4,3,One-Time Buyer,At Risk,-0.7807834756124677,0.707454602811954,0.5874450205793551,1.0,"Win back: targeted discount, re-engagement email flow"
15482,16,18,14377.36,5,5,5,1,VIP,VIP,2.7255213641089475,0.5162302408175931,0.06649765960992347,0.0,"Court: white-glove service, early access, loyalty rewards"
15483,161,10,810.68,3,5,3,4,Loyal Customer,Loyal Customer,0.6905131831090874,0.14136676872268816,0.1907982326376638,0.0,"Court: upsell/cross-sell, referral incentives"
15484,1,6,4652.1,5,4,5,4,VIP,Loyal Customer,1.4927207458469078,-0.2434714937961823,0.4976105804038308,0.0,"Court: upsell/cross-sell, referral incentives"
15485,30,7,5750.51,4,4,5,4,VIP,Loyal Customer,1.6215843354836532,-0.012657090898727236,0.2555569481851179,0.0,"Court: upsell/cross-sell, referral incentives"
15486,527,1,102.0,1,1,1,0,One-Time Buyer,Lost / Let Go,-2.3910896365357344,0.4466164971985308,0.9277754892774442,1.0,"Let go: exclude from paid marketing spend, low-cost win-back only"
15487,680,1,231.32,1,1,1,0,One-Time Buyer,Lost / Let Go,-2.3876231923617386,1.3033267986608823,0.9445712827971481,1.0,"Let go: exclude from paid marketing spend, low-cost win-back only"
15488,93,5,431.92,3,4,2,4,Needs Attention,Loyal Customer,0.10484483907229374,-0.5513180147792176,0.5363735490521055,1.0,"Court: upsell/cross-sell, referral incentives"
15489,23,8,2419.61,4,4,4,4,VIP,Loyal Customer,1.3441521325044432,-0.2253372997965613,0.1701608299891409,0.0,"Court: upsell/cross-sell, referral incentives"
15490,430,1,210.85,1,1,1,0,One-Time Buyer,Lost / Let Go,-1.8441278046204002,0.23244744260972452,0.7715165962625097,1.0,"Let go: exclude from paid marketing spend, low-cost win-back only"
15491,95,6,3100.09,3,4,5,4,Loyal Customer,Loyal Customer,1.0927985887564085,0.04202417318282032,0.1430943018886834,0.0,"Court: upsell/cross-sell, referral incentives"
15492,28,2,659.4599999999999,4,2,3,2,New Customer,One-Time Buyer,-0.08804459770147452,-0.9864964942870058,,,"Convert: post-purchase follow-up, incentivize 2nd order"
15493,33,9,4113.19,4,5,5,4,VIP,Loyal Customer,1.6372100128466842,-0.0005273100026078427,0.1180641663923422,0.0,"Court: upsell/cross-sell, referral incentives"
15494,21,5,3702.6,4,4,5,4,VIP,Loyal Customer,1.226230832625663,-0.2817321661818345,0.471962502781726,0.0,"Court: upsell/cross-sell, referral incentives"
15495,379,1,246.5,2,1,1,0,One-Time Buyer,Lost / Let Go,-1.6558427765874943,0.06036170410348734,0.7564737154057949,1.0,"Let go: exclude from paid marketing spend, low-cost win-back only"
15496,631,1,146.14000000000001,1,1,1,0,One-Time Buyer,Lost / Let Go,-2.475863003528529,0.9767605017302573,0.9110013433463939,1.0,"Let go: exclude from paid marketing spend, low-cost win-back only"
15497,18,9,8657.39,5,5,5,1,VIP,VIP,2.002656784637695,0.13460600614510604,0.21479574893356176,0.0,"Court: white-glove service, early access, loyalty rewards"
15498,3,44,25949.58,5,5,5,1,VIP,VIP,3.6803359731521215,0.961545499400182,0.015337876120988195,0.0,"Court: white-glove service, early access, loyalty rewards"
15499,724,1,158.65,1,1,1,0,One-Time Buyer,Lost / Let Go,-2.657047460607519,1.387705175191737,0.8678639266790629,1.0,"Let go: exclude from paid marketing spend, low-cost win-back only"
15500,8,4,1131.56,5,3,3,4,Loyal Customer,Loyal Customer,0.5905153763247732,-0.7237442519592968,,,"Court: upsell/cross-sell, referral incentives"
15501,405,2,399.95,2,2,2,3,Lost / Let Go,At Risk,-1.1909981180111553,0.4586412465211255,0.7002259633818697,1.0,"Win back: targeted discount, re-engagement email flow"
15502,16,12,10472.32,5,5,5,1,VIP,VIP,2.2933428255449884,0.281122879330957,0.07730359909813812,0.0,"Court: white-glove service, early access, loyalty rewards"
15503,363,2,257.3,2,2,1,0,Lost / Let Go,Lost / Let Go,-1.2880472049520437,0.16589864128352008,0.7150502566353276,1.0,"Let go: exclude from paid marketing spend, low-cost win-back only"
15504,81,4,391.45,3,3,2,2,Needs Attention,One-Time Buyer,-0.05071438947861655,-0.7001066080809752,0.6283178378724559,1.0,"Convert: post-purchase follow-up, incentivize 2nd order"
15505,53,5,3610.96,4,4,5,4,VIP,Loyal Customer,1.140296822024837,-0.15446402306182483,,,"Court: upsell/cross-sell, referral incentives"
15506,23,6,2030.33,4,4,4,4,VIP,Loyal Customer,1.0732770863280097,-0.37185076310992027,0.46606148181050866,0.0,"Court: upsell/cross-sell, referral incentives"
15507,172,1,475.86,3,1,2,2,One-Time Buyer,One-Time Buyer,-0.880733362131052,-0.631578060557603,,,"Convert: post-purchase follow-up, incentivize 2nd order"
15508,189,6,1000.27,2,4,3,4,At Risk,Loyal Customer,0.3711025242060788,0.13476113875596252,0.30839299493508004,0.0,"Court: upsell/cross-sell, referral incentives"
15509,380,1,152.41,2,1,1,0,One-Time Buyer,Lost / Let Go,-1.8705476047522014,-0.06267140997098622,0.8026691273019521,1.0,"Let go: exclude from paid marketing spend, low-cost win-back only"
15510,331,1,250.0,2,1,1,0,One-Time Buyer,Lost / Let Go,-1.537393589592025,-0.1368016800513825,0.8359182292200356,1.0,"Let go: exclude from paid marketing spend, low-cost win-back only"
15511,12,5,900.53,5,4,3,4,Loyal Customer,Loyal Customer,0.6199035479136435,-0.6952251777112635,,,"Court: upsell/cross-sell, referral incentives"
15512,156,4,331.58,3,3,2,2,Needs Attention,One-Time Buyer,-0.2995451204881235,-0.4302305883036408,0.5652821653897621,1.0,"Convert: post-purchase follow-up, incentivize 2nd order"
15513,33,35,27750.55,4,5,5,1,VIP,VIP,3.4686033951231336,1.0162706187584771,0.0212558909261894,0.0,"Court: white-glove service, early access, loyalty rewards"
15514,12,18,6388.28,5,5,5,1,VIP,VIP,2.3747372147519656,0.28374958477570494,0.05043848893510669,0.0,"Court: white-glove service, early access, loyalty rewards"
15515,387,1,171.81,2,1,1,0,One-Time Buyer,Lost / Let Go,-1.8340404251960434,-0.0017008897773761519,0.7803039479859865,1.0,"Let go: exclude from paid marketing spend, low-cost win-back only"
15516,45,3,62.43,4,3,1,2,Needs Attention,One-Time Buyer,-0.9471347446745735,-1.4242093208707904,,,"Convert: post-purchase follow-up, incentivize 2nd order"
15517,233,1,267.03,2,1,1,2,One-Time Buyer,One-Time Buyer,-1.2791421550096216,-0.5295085773313042,0.48629262128051903,0.0,"Convert: post-purchase follow-up, incentivize 2nd order"
15518,64,15,4189.99,3,5,5,1,Loyal Customer,VIP,1.9339472680811773,0.3209309198614755,0.06948328304877965,0.0,"Court: white-glove service, early access, loyalty rewards"
15519,383,2,344.61,2,2,2,3,Lost / Let Go,At Risk,-1.205513059917154,0.3270575588166375,0.71484923039429,1.0,"Win back: targeted discount, re-engagement email flow"
15520,2,1,343.5,5,1,2,2,One-Time Buyer,One-Time Buyer,-0.6276672941840271,-1.4295718301058833,,,"Convert: post-purchase follow-up, incentivize 2nd order"
15521,40,16,7087.64,4,5,5,1,VIP,VIP,2.269969350311679,0.38436439480217766,0.036074914326321525,0.0,"Court: white-glove service, early access, loyalty rewards"
15522,33,2,397.99,4,2,2,2,New Customer,One-Time Buyer,-0.3235132413383664,-1.099624809311356,,,"Convert: post-purchase follow-up, incentivize 2nd order"
15523,84,16,17259.19,3,5,5,1,Loyal Customer,VIP,2.562232232394218,0.8052215323001921,0.30833043505806607,0.0,"Court: white-glove service, early access, loyalty rewards"
15524,25,2,591.4,4,2,2,2,New Customer,One-Time Buyer,-0.1293189630261166,-1.0279794323114457,0.8255013425185365,1.0,"Convert: post-purchase follow-up, incentivize 2nd order"
15525,2,4,1162.65,5,3,3,4,Loyal Customer,Loyal Customer,0.6165663434595009,-0.7416534648275914,0.3987311282664893,0.0,"Court: upsell/cross-sell, referral incentives"
15526,33,2,148.44,4,2,1,2,New Customer,One-Time Buyer,-0.7595465575666108,-1.3608306245042483,,,"Convert: post-purchase follow-up, incentivize 2nd order"
15527,19,23,5554.04,5,5,5,1,VIP,VIP,2.475682198351539,0.36867685325828836,0.03781239267701089,0.0,"Court: white-glove service, early access, loyalty rewards"
15528,254,1,229.33,2,1,1,2,One-Time Buyer,One-Time Buyer,-1.3955410928239458,-0.481934707775822,0.5815628060745148,1.0,"Convert: post-purchase follow-up, incentivize 2nd order"
15529,23,12,5076.77,4,5,5,1,VIP,VIP,1.955535380235583,0.11786017447565526,0.0716964312351405,0.0,"Court: white-glove service, early access, loyalty rewards"
15530,22,5,1808.68,4,4,4,4,VIP,Loyal Customer,0.9059150245825185,-0.468031551584133,0.37813755382116876,0.0,"Court: upsell/cross-sell, referral incentives"
15531,8,2,1972.39,5,2,4,4,New Customer,Loyal Customer,0.4447088795257062,-0.7790672811211092,,,"Court: upsell/cross-sell, referral incentives"
15532,25,10,3717.2,4,5,5,1,VIP,VIP,1.6841830279325054,-0.023049605153381326,0.21283547135504352,0.0,"Court: white-glove service, early access, loyalty rewards"
15533,19,3,807.57,5,3,3,4,Loyal Customer,Loyal Customer,0.24379265026017172,-0.8560159842447226,,,"Court: upsell/cross-sell, referral incentives"
15534,726,1,162.25,1,1,1,0,One-Time Buyer,Lost / Let Go,-2.651822209031708,1.4020070455466316,0.9393431580775778,1.0,"Let go: exclude from paid marketing spend, low-cost win-back only"
15535,173,6,1044.3700000000001,3,4,3,4,Loyal Customer,Loyal Customer,0.4276447421513755,0.07925930010879223,0.24407086425438762,0.0,"Court: upsell/cross-sell, referral incentives"
15536,409,1,259.09,2,1,1,0,One-Time Buyer,Lost / Let Go,-1.7039463399997974,0.199120498852291,0.7109128372092272,1.0,"Let go: exclude from paid marketing spend, low-cost win-back only"
15537,163,1,110.92,3,1,1,2,One-Time Buyer,One-Time Buyer,-1.5032541787006841,-1.0547718094671679,,,"Convert: post-purchase follow-up, incentivize 2nd order"
15538,538,6,3358.3999999999996,1,4,5,3,Win-Back Priority,At Risk,0.09267872488757779,1.917429958913875,0.705984689765959,1.0,"Win back: targeted discount, re-engagement email flow"
15539,7,1,538.46,5,1,2,2,One-Time Buyer,One-Time Buyer,-0.4402304111026309,-1.289358533962599,,,"Convert: post-purchase follow-up, incentivize 2nd order"
15540,11,2,460.68,5,2,2,2,New Customer,One-Time Buyer,-0.20728523246296363,-1.1528869152271175,0.7550983590223251,1.0,"Convert: post-purchase follow-up, incentivize 2nd order"
15541,114,1,85.13000000000001,3,1,1,2,One-Time Buyer,One-Time Buyer,-1.5049993391628365,-1.3295234745651576,,,"Convert: post-purchase follow-up, incentivize 2nd order"
15542,512,3,855.71,1,3,3,3,At Risk,At Risk,-0.8830636160508966,1.2227604108565204,0.6611937948440227,1.0,"Win back: targeted discount, re-engagement email flow"
15543,288,2,242.26,2,2,1,2,Lost / Let Go,One-Time Buyer,-1.1393487610865356,-0.16396163822154108,0.6641131333886857,1.0,"Convert: post-purchase follow-up, incentivize 2nd order"
15544,9,20,8162.43,5,5,5,1,VIP,VIP,2.5674227550114237,0.37614637887550034,0.016680165246051447,0.0,"Court: white-glove service, early access, loyalty rewards"
15545,54,2,424.3,4,2,2,2,New Customer,One-Time Buyer,-0.34425338674890726,-0.9947465276381572,0.7341756657164703,1.0,"Convert: post-purchase follow-up, incentivize 2nd order"
15546,607,2,1079.1000000000001,1,2,3,3,Needs Attention,At Risk,-1.2232345642523896,1.5676699532988791,0.8243827799590923,1.0,"Win back: targeted discount, re-engagement email flow"
15547,7,26,10002.65,5,5,5,1,VIP,VIP,2.855386403794841,0.5217250891045667,0.009702923982012546,0.0,"Court: white-glove service, early access, loyalty rewards"
15548,596,1,158.09,1,1,1,0,One-Time Buyer,Lost / Let Go,-2.3593695470735097,0.8510414745804115,0.9159547507762811,1.0,"Let go: exclude from paid marketing spend, low-cost win-back only"
15549,77,8,2330.41,3,4,4,4,Loyal Customer,Loyal Customer,1.2012402258855228,-0.009313262893757274,0.4363954782191682,0.0,"Court: upsell/cross-sell, referral incentives"
15550,4,12,2211.05,5,5,4,4,VIP,Loyal Customer,1.631004747096103,-0.18268092959325355,0.18604666301929906,0.0,"Court: upsell/cross-sell, referral incentives"
15551,37,7,1679.81,4,4,4,4,VIP,Loyal Customer,1.0590082001154908,-0.3105675089712076,0.4287364157648623,0.0,"Court: upsell/cross-sell, referral incentives"
15552,217,2,252.52,2,2,1,2,Lost / Let Go,One-Time Buyer,-0.9550223677648948,-0.4501356245106598,0.7889413447407502,1.0,"Convert: post-purchase follow-up, incentivize 2nd order"
15553,60,1,428.93,3,1,2,2,One-Time Buyer,One-Time Buyer,-0.6648994126541851,-1.1278969368437757,,,"Convert: post-purchase follow-up, incentivize 2nd order"
15554,278,1,217.2,2,1,1,2,One-Time Buyer,One-Time Buyer,-1.4756694554076208,-0.39587542130704223,0.6428797177869001,1.0,"Convert: post-purchase follow-up, incentivize 2nd order"
15555,12,36,12052.56,5,5,5,1,VIP,VIP,3.1684700076722994,0.717455432512895,0.008785516218278111,0.0,"Court: white-glove service, early access, loyalty rewards"
15556,24,1,279.77,4,1,1,2,One-Time Buyer,One-Time Buyer,-0.7699241542435202,-1.3919023109008946,,,"Convert: post-purchase follow-up, incentivize 2nd order"
15557,29,1,468.91,4,1,2,2,One-Time Buyer,One-Time Buyer,-0.5529471213676204,-1.2339929841544022,,,"Convert: post-purchase follow-up, incentivize 2nd order"
15558,639,1,202.68,1,1,1,0,One-Time Buyer,Lost / Let Go,-2.3501895491426463,1.0967319318955646,0.9317698693668258,1.0,"Let go: exclude from paid marketing spend, low-cost win-back only"
15559,568,1,1109.4,1,1,3,3,One-Time Buyer,At Risk,-1.4312030315121513,1.25065618929055,0.678322353260775,1.0,"Win back: targeted discount, re-engagement email flow"
15560,398,2,153.52,2,2,1,0,Lost / Let Go,Lost / Let Go,-1.5980001352806321,0.17572574527242538,0.7929510547922459,1.0,"Let go: exclude from paid marketing spend, low-cost win-back only"
15561,12,8,1934.3899999999999,5,4,4,4,VIP,Loyal Customer,1.270538764692143,-0.33087965235286115,0.17799139921343837,0.0,"Court: upsell/cross-sell, referral incentives"
15562,352,3,671.4300000000001,2,3,3,3,At Risk,At Risk,-0.6165551706975752,0.48867771282432415,0.5170414443667145,1.0,"Win back: targeted discount, re-engagement email flow"
15563,22,6,2820.46,4,4,4,4,VIP,Loyal Customer,1.2214995033972804,-0.2886439461092289,0.13682464750878978,0.0,"Court: upsell/cross-sell, referral incentives"
15564,463,2,70.74000000000001,1,2,1,0,Lost / Let Go,Lost / Let Go,-2.090632528697688,0.24369393368400685,0.8382632655984836,1.0,"Let go: exclude from paid marketing spend, low-cost win-back only"
15565,50,2,173.16,4,2,1,2,New Customer,One-Time Buyer,-0.7313207606408476,-1.2489626540896497,,,"Convert: post-purchase follow-up, incentivize 2nd order"
15566,393,2,227.87,2,2,1,0,Lost / Let Go,Lost / Let Go,-1.4118915752354615,0.259284895756569,0.6263042571282291,1.0,"Let go: exclude from paid marketing spend, low-cost win-back only"
15567,19,1,186.01,5,1,1,2,One-Time Buyer,One-Time Buyer,-0.9386679794263982,-1.5209175282618812,,,"Convert: post-purchase follow-up, incentivize 2nd order"
15568,3,3,758.29,5,3,3,4,Loyal Customer,Loyal Customer,0.25327670566230903,-0.9397080213264807,,,"Court: upsell/cross-sell, referral incentives"
15569,104,10,3583.45,3,5,5,4,Loyal Customer,Loyal Customer,1.483230986600774,0.2978515153741242,0.21109811417417448,0.0,"Court: upsell/cross-sell, referral incentives"
15570,7,25,9254.14,5,5,5,1,VIP,VIP,2.7918682263094508,0.48604036267548467,0.01711580167179895,0.0,"Court: white-glove service, early access, loyalty rewards"
15571,12,14,3892.35,5,5,5,1,VIP,VIP,1.9732337736161807,0.058047512931927274,0.22704374625098367,0.0,"Court: white-glove service, early access, loyalty rewards"
15572,5,10,3965.2,5,5,5,1,VIP,VIP,1.759607972059171,-0.0895831096367005,0.10366270849664462,0.0,"Court: white-glove service, early access, loyalty rewards"
15573,32,5,1180.47,4,4,3,4,Loyal Customer,Loyal Customer,0.6932166044087688,-0.5395901544755586,0.4639744734080345,0.0,"Court: upsell/cross-sell, referral incentives"
15574,178,6,1450.48,3,4,4,4,Loyal Customer,Loyal Customer,0.5616845743357279,0.18748508591890334,0.24769047971905175,0.0,"Court: upsell/cross-sell, referral incentives"
15575,620,1,30.1,1,1,1,0,One-Time Buyer,Lost / Let Go,-3.1402126726647293,0.5173374904983887,0.8470271893503268,1.0,"Let go: exclude from paid marketing spend, low-cost win-back only"
15576,38,1,921.37,4,1,3,2,One-Time Buyer,One-Time Buyer,-0.27454659617821725,-1.0169445408648716,,,"Convert: post-purchase follow-up, incentivize 2nd order"
15577,151,5,396.03000000000003,3,4,2,2,Needs Attention,One-Time Buyer,-0.06917228154516869,-0.33158419496789554,0.39285402919138424,0.0,"Convert: post-purchase follow-up, incentivize 2nd order"
15578,162,1,127.1,3,1,1,2,One-Time Buyer,One-Time Buyer,-1.4409634923629773,-1.023042407015517,,,"Convert: post-purchase follow-up, incentivize 2nd order"
15579,69,5,1250.63,3,4,4,4,Loyal Customer,Loyal Customer,0.6323316544516435,-0.3693871615111566,0.4267862116860697,0.0,"Court: upsell/cross-sell, referral incentives"
15580,377,8,1375.39,2,4,4,3,Win-Back Priority,At Risk,0.2659051996994043,1.1061265742802548,0.4894855529889681,0.0,"Win back: targeted discount, re-engagement email flow"
15581,156,34,4777.5,3,5,5,1,Loyal Customer,VIP,2.3783353110250016,1.0519698284331467,0.040546284008493354,0.0,"Court: white-glove service, early access, loyalty rewards"
15582,25,3,682.9100000000001,4,3,3,2,Loyal Customer,One-Time Buyer,0.15542091033628064,-0.8754400384777965,0.34168957290093793,0.0,"Convert: post-purchase follow-up, incentivize 2nd order"
15583,376,1,95.96,2,1,1,0,One-Time Buyer,Lost / Let Go,-2.0649137645914544,-0.20144984890654505,0.7873614581028836,1.0,"Let go: exclude from paid marketing spend, low-cost win-back only"
15584,24,6,1268.2,4,4,4,4,VIP,Loyal Customer,0.8621210006352235,-0.4927580025418182,0.5408962503748156,1.0,"Court: upsell/cross-sell, referral incentives"
15585,177,1,455.3,3,1,2,2,One-Time Buyer,One-Time Buyer,-0.9119908330940794,-0.6223736458465685,,,"Convert: post-purchase follow-up, incentivize 2nd order"
15586,593,3,1139.1,1,3,3,3,At Risk,At Risk,-0.945540522215578,1.6377867619557076,0.7305080330131081,1.0,"Win back: targeted discount, re-engagement email flow"
15587,50,7,1522.0800000000002,4,4,4,4,VIP,Loyal Customer,0.9848638340266634,-0.2823677635458324,0.5606469474282545,1.0,"Court: upsell/cross-sell, referral incentives"
15588,678,1,579.6,1,1,2,0,One-Time Buyer,Lost / Let Go,-1.976260954837856,1.5385817182107429,0.8854048451324258,1.0,"Let go: exclude from paid marketing spend, low-cost win-back only"
15589,256,3,478.53000000000003,2,3,2,3,At Risk,At Risk,-0.5422416512979177,-0.003045533921717334,0.41359577852032914,0.0,"Win back: targeted discount, re-engagement email flow"
15590,382,5,1496.6,2,4,4,3,Win-Back Priority,At Risk,-0.019736498436124295,0.9883596708525154,0.46299433217563696,0.0,"Win back: targeted discount, re-engagement email flow"
15591,583,3,217.9,1,3,1,0,At Risk,Lost / Let Go,-1.6548879915334007,1.1569936539888042,0.7156498755191758,1.0,"Let go: exclude from paid marketing spend, low-cost win-back only"
15592,47,1,388.58,4,1,2,2,One-Time Buyer,One-Time Buyer,-0.678266348719677,-1.2085203392858666,,,"Convert: post-purchase follow-up, incentivize 2nd order"
15593,71,1,199.8,3,1,1,2,One-Time Buyer,One-Time Buyer,-1.0286435479738674,-1.2843536538184785,,,"Convert: post-purchase follow-up, incentivize 2nd order"
15594,16,5,1771.78,5,4,4,4,VIP,Loyal Customer,0.9107947764823998,-0.4986233837116115,0.31875709366654664,0.0,"Court: upsell/cross-sell, referral incentives"
15595,488,1,357.6,1,1,2,0,One-Time Buyer,Lost / Let Go,-1.7460262261266557,0.6151940047624265,0.8342463817722503,1.0,"Let go: exclude from paid marketing spend, low-cost win-back only"
15596,101,9,3130.04,3,5,5,4,Loyal Customer,Loyal Customer,1.3569917706233292,0.21144512757208955,0.061193597743091625,0.0,"Court: upsell/cross-sell, referral incentives"
15597,35,2,563.37,4,2,2,2,New Customer,One-Time Buyer,-0.1742188568201749,-0.9990183059988986,0.8402201399095067,1.0,"Convert: post-purchase follow-up, incentivize 2nd order"
15598,53,2,548.02,4,2,2,2,New Customer,One-Time Buyer,-0.22854279338657219,-0.9310159228871105,0.6756209943492032,1.0,"Convert: post-purchase follow-up, incentivize 2nd order"
15599,27,3,1250.06,4,3,4,4,Loyal Customer,Loyal Customer,0.41889012802259745,-0.706437086402737,0.29600089588193257,0.0,"Court: upsell/cross-sell, referral incentives"
15600,428,4,1199.31,1,3,3,3,At Risk,At Risk,-0.36556308382219155,1.0495701912276103,0.6431164205639782,1.0,"Win back: targeted discount, re-engagement email flow"
15601,11,30,14960.12,5,5,5,1,VIP,VIP,3.1308597301864225,0.7004304899974344,0.014623691485751726,0.0,"Court: white-glove service, early access, loyalty rewards"
15602,8,16,3230.51,5,5,5,1,VIP,VIP,1.9959917885006357,0.041491177091979504,0.06362883299769627,0.0,"Court: white-glove service, early access, loyalty rewards"
15603,79,2,88.48,3,2,1,2,Needs Attention,One-Time Buyer,-1.0948075181102779,-1.304720044402871,0.9259171204499413,1.0,"Convert: post-purchase follow-up, incentivize 2nd order"
15604,52,1,216.39,4,1,1,2,One-Time Buyer,One-Time Buyer,-0.948978520803588,-1.342761294642174,,,"Convert: post-purchase follow-up, incentivize 2nd order"
15605,36,9,1936.8,4,5,4,4,VIP,Loyal Customer,1.295908729555104,-0.1882263643868407,0.26907558133617177,0.0,"Court: upsell/cross-sell, referral incentives"
15606,61,17,5230.99,3,5,5,1,Loyal Customer,VIP,2.129931686068645,0.4141943651842334,0.056177588870185306,0.0,"Court: white-glove service, early access, loyalty rewards"
15607,337,9,1708.97,2,5,4,3,Win-Back Priority,At Risk,0.5366963882816727,1.038305631607565,0.3659900021781795,0.0,"Win back: targeted discount, re-engagement email flow"
15608,28,5,1785.98,4,4,4,4,VIP,Loyal Customer,0.8862835426725899,-0.4462767452511761,0.5025711594272826,1.0,"Court: upsell/cross-sell, referral incentives"
15609,184,1,298.48,3,1,2,2,One-Time Buyer,One-Time Buyer,-1.1153280589222485,-0.705081948110355,0.24151636812816576,0.0,"Convert: post-purchase follow-up, incentivize 2nd order"
15610,52,1,112.46000000000001,4,1,1,2,One-Time Buyer,One-Time Buyer,-1.2376908433643241,-1.515714449284226,,,"Convert: post-purchase follow-up, incentivize 2nd order"
15611,10,24,2976.28,5,5,5,1,VIP,VIP,2.251151436599424,0.18134007078462644,0.23884222268642888,0.0,"Court: white-glove service, early access, loyalty rewards"
15612,36,2,195.15,4,2,1,2,New Customer,One-Time Buyer,-0.6457968210157399,-1.2759313058547899,,,"Convert: post-purchase follow-up, incentivize 2nd order"
15613,610,1,433.71999999999997,1,1,2,0,One-Time Buyer,Lost / Let Go,-1.9457685674318808,1.1770109746016266,0.7744275833829257,1.0,"Let go: exclude from paid marketing spend, low-cost win-back only"
15614,438,4,3147.36,1,3,5,3,At Risk,At Risk,0.03921576982052093,1.3479114300856312,0.4391798626861111,0.0,"Win back: targeted discount, re-engagement email flow"
15615,10,47,21373.97,5,5,5,1,VIP,VIP,3.6274161430220406,0.9648990003790723,0.010762312487672156,0.0,"Court: white-glove service, early access, loyalty rewards"
15616,438,1,317.11,1,1,2,0,One-Time Buyer,Lost / Let Go,-1.6823329819406547,0.37405738318221016,0.6868269847587104,1.0,"Let go: exclude from paid marketing spend, low-cost win-back only"
15617,396,3,828.5500000000001,2,3,3,3,At Risk,At Risk,-0.6261832734906084,0.7286870162946021,0.5408192008892899,1.0,"Win back: targeted discount, re-engagement email flow"
15618,33,4,776.851,4,3,3,4,Loyal Customer,Loyal Customer,0.36525660569731533,-0.7190395140795361,,,"Court: upsell/cross-sell, referral incentives"
15619,11,1,336.40000000000003,5,1,2,2,One-Time Buyer,One-Time Buyer,-0.6579538837776806,-1.3974424433552424,,,"Convert: post-purchase follow-up, incentivize 2nd order"
15620,57,4,1942.36,4,3,4,4,Loyal Customer,Loyal Customer,0.7156995326379211,-0.3750464402302233,0.17781672445379237,0.0,"Court: upsell/cross-sell, referral incentives"
15621,4,4,1293.03,5,3,4,4,Loyal Customer,Loyal Customer,0.6590441940622909,-0.7050354201466913,,,"Court: upsell/cross-sell, referral incentives"
15622,43,17,7852.61,4,5,5,1,VIP,VIP,2.3523595420622607,0.44689465702153597,0.01578117612738604,0.0,"Court: white-glove service, early access, loyalty rewards"
15623,141,8,2437.05,3,4,4,4,Loyal Customer,Loyal Customer,1.0714795358891211,0.27044742561947555,0.33712843603336695,0.0,"Court: upsell/cross-sell, referral incentives"
15624,117,4,588.13,3,3,2,4,Needs Attention,Loyal Customer,0.045497324983187086,-0.4413806790788276,0.22581631641733202,0.0,"Court: upsell/cross-sell, referral incentives"
15625,104,9,3236.4,3,5,5,4,Loyal Customer,Loyal Customer,1.3648105766802496,0.2328865084355967,0.07202477924269614,0.0,"Court: upsell/cross-sell, referral incentives"
15626,75,3,1067.52,3,3,3,4,Loyal Customer,Loyal Customer,0.23664852643682527,-0.5474885565629459,0.4167547272075509,0.0,"Court: upsell/cross-sell, referral incentives"
15627,457,2,566.9,1,2,2,3,Lost / Let Go,At Risk,-1.1580009025246527,0.7688719833455648,0.5849221441550169,1.0,"Win back: targeted discount, re-engagement email flow"
15628,5,17,5652.26,5,5,5,1,VIP,VIP,2.2952325511462788,0.20041075406429198,0.07869171473876516,0.0,"Court: white-glove service, early access, loyalty rewards"
15629,450,4,2240.9,1,3,4,3,At Risk,At Risk,-0.1396039363931511,1.3078195579430776,0.5439163684990391,1.0,"Win back: targeted discount, re-engagement email flow"
15630,45,3,1481.4,4,3,4,4,Loyal Customer,Loyal Customer,0.45214498688114085,-0.5859706144216283,0.6706847080839392,1.0,"Court: upsell/cross-sell, referral incentives"
15631,642,1,596.67,1,1,2,0,One-Time Buyer,Lost / Let Go,-1.8792343795982178,1.3956152119622551,0.8642294426660372,1.0,"Let go: exclude from paid marketing spend, low-cost win-back only"
15632,16,8,3285.31,5,4,5,4,VIP,Loyal Customer,1.4962700034580687,-0.17331195877846103,0.09136345496608689,0.0,"Court: upsell/cross-sell, referral incentives"
15633,509,13,4335.96,1,5,5,3,Win-Back Priority,At Risk,0.8062668409212855,2.13946396286611,0.8074465752414733,1.0,"Win back: targeted discount, re-engagement email flow"
15634,17,2,554.65,5,2,2,2,New Customer,One-Time Buyer,-0.13905234201663821,-1.0784969451267354,0.691578312140769,1.0,"Convert: post-purchase follow-up, incentivize 2nd order"
15635,396,1,100.35,2,1,1,0,One-Time Buyer,Lost / Let Go,-2.0920084823096805,-0.10596411596354242,0.7961275653633657,1.0,"Let go: exclude from paid marketing spend, low-cost win-back only"
15636,90,4,1444.58,3,3,4,4,Loyal Customer,Loyal Customer,0.5071670550414278,-0.31563508346339825,0.42447215986656883,0.0,"Court: upsell/cross-sell, referral incentives"
15637,53,5,797.59,4,4,3,4,Loyal Customer,Loyal Customer,0.4702199247298942,-0.5558736761449165,0.4468167881924821,0.0,"Court: upsell/cross-sell, referral incentives"
15638,379,6,2265.2,2,4,4,3,Win-Back Priority,At Risk,0.28960161053479383,1.1472478635832943,0.30613778722129875,0.0,"Win back: targeted discount, re-engagement email flow"
15639,134,3,1065.08,3,3,3,4,Loyal Customer,Loyal Customer,0.09770340860940617,-0.3011590075299102,0.5491834022991774,1.0,"Court: upsell/cross-sell, referral incentives"
15640,4,29,23793.23,5,5,5,1,VIP,VIP,3.3280534139112454,0.7815140139713426,0.019440731693989768,0.0,"Court: white-glove service, early access, loyalty rewards"
15641,105,12,5345.55,3,5,5,1,Loyal Customer,VIP,1.7867375590733483,0.47478080887796476,0.07427827052832475,0.0,"Court: white-glove service, early access, loyalty rewards"
15642,730,1,105.78000000000002,1,1,1,0,One-Time Buyer,Lost / Let Go,-2.8496597842785776,1.3058357856127534,0.8669855829688629,1.0,"Let go: exclude from paid marketing spend, low-cost win-back only"
15643,192,3,664.0,2,3,3,2,At Risk,One-Time Buyer,-0.2474409188756673,-0.18393896340479965,0.36803380702431154,0.0,"Convert: post-purchase follow-up, incentivize 2nd order"
15644,166,4,803.54,3,3,3,4,Loyal Customer,Loyal Customer,0.06930842276472703,-0.15341041133972919,0.27279609938292815,0.0,"Court: upsell/cross-sell, referral incentives"
15645,19,3,1054.75,5,3,3,4,Loyal Customer,Loyal Customer,0.36222684698032864,-0.785067963188436,0.6610301747250057,1.0,"Court: upsell/cross-sell, referral incentives"
15646,158,5,974.61,3,4,3,4,Loyal Customer,Loyal Customer,0.31364816862607114,-0.0631546646564031,0.17790502904176816,0.0,"Court: upsell/cross-sell, referral incentives"
15647,415,1,169.0,1,1,1,0,One-Time Buyer,Lost / Let Go,-1.9067779356614605,0.11112925304893916,0.7714912732067415,1.0,"Let go: exclude from paid marketing spend, low-cost win-back only"
15648,204,2,639.5,2,2,3,2,Needs Attention,One-Time Buyer,-0.5131224025062374,-0.2580313300891744,0.4128583799129393,0.0,"Convert: post-purchase follow-up, incentivize 2nd order"
15649,336,4,2170.35,2,3,4,3,At Risk,At Risk,0.11270802098670332,0.8221811543545733,0.5831064289679719,1.0,"Win back: targeted discount, re-engagement email flow"
15650,522,2,553.88,1,2,2,0,Lost / Let Go,Lost / Let Go,-1.320255807460133,1.034752849500876,0.6983199735356245,1.0,"Let go: exclude from paid marketing spend, low-cost win-back only"
15651,37,5,1259.06,4,4,4,4,VIP,Loyal Customer,0.7101216335194466,-0.50153398778763,0.4373958074204839,0.0,"Court: upsell/cross-sell, referral incentives"
15652,91,5,1405.94,3,4,4,4,Loyal Customer,Loyal Customer,0.6328358075611411,-0.2461966386701758,0.4360711891362818,0.0,"Court: upsell/cross-sell, referral incentives"
15653,93,2,877.4399999999999,3,2,3,2,Needs Attention,One-Time Buyer,-0.11336571606683427,-0.638585425352935,,,"Convert: post-purchase follow-up, incentivize 2nd order"
15654,9,2,922.53,5,2,3,2,New Customer,One-Time Buyer,0.1052343505246426,-0.9768437008224266,,,"Convert: post-purchase follow-up, incentivize 2nd order"
15655,243,1,560.67,2,1,2,2,One-Time Buyer,One-Time Buyer,-0.9740367842277027,-0.29087675143506764,0.5817917619999,1.0,"Convert: post-purchase follow-up, incentivize 2nd order"
15656,45,4,748.5,4,3,3,4,Loyal Customer,Loyal Customer,0.3207176427009016,-0.6786904894113254,0.27615124583846573,0.0,"Court: upsell/cross-sell, referral incentives"
15657,23,1,30.0,4,1,1,2,One-Time Buyer,One-Time Buyer,-1.7459775266474942,-1.9821930528281766,,,"Convert: post-purchase follow-up, incentivize 2nd order"
15658,190,8,2423.4700000000003,2,4,4,4,Win-Back Priority,Loyal Customer,0.9544474132545396,0.4740455437223572,0.43316854240589303,0.0,"Court: upsell/cross-sell, referral incentives"
15659,44,3,532.49,4,3,2,2,Needs Attention,One-Time Buyer,0.0007176155155949826,-0.8619840817176802,0.5933525640117647,1.0,"Convert: post-purchase follow-up, incentivize 2nd order"
15660,25,15,2812.99,4,5,4,1,VIP,VIP,1.8482584464324268,0.051751207106051564,0.08389850496316299,0.0,"Court: white-glove service, early access, loyalty rewards"
15661,317,8,1215.95,2,4,3,3,At Risk,At Risk,0.3515084985346164,0.8222567602368401,0.5596327157332756,1.0,"Win back: targeted discount, re-engagement email flow"
15662,661,2,283.73,1,2,1,0,Lost / Let Go,Lost / Let Go,-1.9414558479766248,1.4390548324996897,0.8720651098196468,1.0,"Let go: exclude from paid marketing spend, low-cost win-back only"
15663,106,1,138.14,3,1,1,2,One-Time Buyer,One-Time Buyer,-1.273341027748494,-1.2354352636288537,,,"Convert: post-purchase follow-up, incentivize 2nd order"
15664,51,4,1231.53,4,3,4,4,Loyal Customer,Loyal Customer,0.527547935078824,-0.5212737275320111,0.567827401025451,1.0,"Court: upsell/cross-sell, referral incentives"
15665,168,5,3987.07,3,4,5,4,Loyal Customer,Loyal Customer,0.9154320456197905,0.35320245924137,0.14875085798744925,0.0,"Court: upsell/cross-sell, referral incentives"
15666,472,2,632.9399999999999,1,2,3,3,Needs Attention,At Risk,-1.1442231066991888,0.8609131940947409,0.580184997863533,1.0,"Win back: targeted discount, re-engagement email flow"
15667,40,1,301.32,4,1,2,2,One-Time Buyer,One-Time Buyer,-0.774494489531248,-1.3052667091410601,,,"Convert: post-purchase follow-up, incentivize 2nd order"
15668,218,1,76.32000000000001,2,1,1,2,One-Time Buyer,One-Time Buyer,-1.7960409216449333,-0.9229444715368106,0.8558360090259964,1.0,"Convert: post-purchase follow-up, incentivize 2nd order"
15669,40,4,684.34,4,3,3,4,Loyal Customer,Loyal Customer,0.29267188163763747,-0.7234205130345289,0.5827934909814139,1.0,"Court: upsell/cross-sell, referral incentives"
15670,297,2,325.2,2,2,2,2,Lost / Let Go,One-Time Buyer,-1.030126206550165,-0.04825928040859107,0.6844900616013464,1.0,"Convert: post-purchase follow-up, incentivize 2nd order"
15671,19,7,2657.13,5,4,4,4,VIP,Loyal Customer,1.3045978856949425,-0.2639921200870543,0.22092190804279194,0.0,"Court: upsell/cross-sell, referral incentives"
15672,725,1,45.300000000000004,1,1,1,0,One-Time Buyer,Lost / Let Go,-3.208995839970214,1.0626462676040334,0.9492348052828558,1.0,"Let go: exclude from paid marketing spend, low-cost win-back only"
15673,88,9,6204.32,3,5,5,1,Loyal Customer,VIP,1.6911025213956692,0.33897827893862065,0.07587321454642888,0.0,"Court: white-glove service, early access, loyalty rewards"
15674,73,12,6613.52,3,5,5,1,Loyal Customer,VIP,1.9560387729344295,0.3974537997894374,0.049531867003603014,0.0,"Court: white-glove service, early access, loyalty rewards"
15675,81,4,542.04,3,3,2,4,Needs Attention,Loyal Customer,0.09348749252622128,-0.6137224517801612,0.5720913985211514,1.0,"Court: upsell/cross-sell, referral incentives"
15676,19,3,3435.76,5,3,5,4,Loyal Customer,Loyal Customer,0.886278514418319,-0.4711347431757677,0.38336191984244605,0.0,"Court: upsell/cross-sell, referral incentives"
15677,49,3,1305.63,4,3,4,4,Loyal Customer,Loyal Customer,0.3867551793223004,-0.602799021775588,0.4754285775465745,0.0,"Court: upsell/cross-sell, referral incentives"
15678,53,3,1825.94,4,3,4,4,Loyal Customer,Loyal Customer,0.5262312221582143,-0.4969025146197221,0.4730948661681351,0.0,"Court: upsell/cross-sell, referral incentives"
15679,24,4,781.28,4,3,3,4,Loyal Customer,Loyal Customer,0.38881774171464073,-0.7551977846758948,0.2427883649126494,0.0,"Court: upsell/cross-sell, referral incentives"
15680,9,10,4507.58,5,5,5,1,VIP,VIP,1.8071668512699282,-0.038749591388681774,0.251126973731368,0.0,"Court: white-glove service, early access, loyalty rewards"
15681,25,14,2989.7,4,5,5,1,VIP,VIP,1.8257299926624975,0.04230129127478333,0.07635887660306782,0.0,"Court: white-glove service, early access, loyalty rewards"
15682,599,2,318.24,1,2,2,0,Lost / Let Go,Lost / Let Go,-1.7457171897554022,1.2099899372065956,0.8812668129047672,1.0,"Let go: exclude from paid marketing spend, low-cost win-back only"
15683,117,2,524.54,3,2,2,2,Needs Attention,One-Time Buyer,-0.39756874696245426,-0.6747770956636542,0.7929989931378342,1.0,"Convert: post-purchase follow-up, incentivize 2nd order"
15684,547,3,173.95,1,3,1,0,At Risk,Lost / Let Go,-1.6702358301906344,0.9467092403779553,0.7771296744889337,1.0,"Let go: exclude from paid marketing spend, low-cost win-back only"
15685,450,1,55.980000000000004,1,1,1,0,One-Time Buyer,Lost / Let Go,-2.4739441379487985,-0.033127287215723854,0.8730022725494975,1.0,"Let go: exclude from paid marketing spend, low-cost win-back only"
15686,420,1,90.0,1,1,1,0,One-Time Buyer,Lost / Let Go,-2.19594422721693,-0.03416664499370245,0.8436402536983737,1.0,"Let go: exclude from paid marketing spend, low-cost win-back only"
15687,9,9,2993.1,5,5,5,4,VIP,Loyal Customer,1.5522124663205923,-0.18550529394978515,0.10650233964715121,0.0,"Court: upsell/cross-sell, referral incentives"
15688,419,1,190.57,1,1,1,0,One-Time Buyer,Lost / Let Go,-1.8630903321509342,0.1596436830817218,0.6939954661566999,1.0,"Let go: exclude from paid marketing spend, low-cost win-back only"
15689,120,3,521.03,3,3,2,2,Needs Attention,One-Time Buyer,-0.18659672924121995,-0.5496708213419673,0.7240820711460864,1.0,"Convert: post-purchase follow-up, incentivize 2nd order"
15690,4,2,239.76,5,2,1,2,New Customer,One-Time Buyer,-0.48000096548493837,-1.3553582003101605,,,"Convert: post-purchase follow-up, incentivize 2nd order"
15691,252,4,571.3,2,3,2,3,At Risk,At Risk,-0.2829742387390294,0.11593697085349844,0.5910305601863343,1.0,"Win back: targeted discount, re-engagement email flow"
15692,28,1,191.04,4,1,1,2,One-Time Buyer,One-Time Buyer,-0.9479235024899244,-1.4761894783519731,,,"Convert: post-purchase follow-up, incentivize 2nd order"
15693,659,1,37.5,1,1,1,0,One-Time Buyer,Lost / Let Go,-3.1366132794251733,0.7373415204142058,0.8397676678300513,1.0,"Let go: exclude from paid marketing spend, low-cost win-back only"
15694,1,23,10795.81,5,5,5,1,VIP,VIP,2.812825275381146,0.4700973132812119,0.0292335805460133,0.0,"Court: white-glove service, early access, loyalty rewards"
15695,267,4,1131.04,2,3,3,3,At Risk,At Risk,-0.015178089152606726,0.36014790969142413,0.5307488955752278,1.0,"Win back: targeted discount, re-engagement email flow"
15696,33,13,3881.2200000000003,4,5,5,1,VIP,VIP,1.8698773588779865,0.11775949699956803,0.0957967336144688,0.0,"Court: white-glove service, early access, loyalty rewards"
15697,690,1,246.75,1,1,1,0,One-Time Buyer,Lost / Let Go,-2.382449540861286,1.3622844888401329,0.941447474985825,1.0,"Let go: exclude from paid marketing spend, low-cost win-back only"
15698,624,1,46.2,1,1,1,0,One-Time Buyer,Lost / Let Go,-2.964330296354066,0.645043216490364,0.932119374484491,1.0,"Let go: exclude from paid marketing spend, low-cost win-back only"
15699,18,1,309.65,5,1,2,2,One-Time Buyer,One-Time Buyer,-0.710994468862924,-1.3901155232979452,,,"Convert: post-purchase follow-up, incentivize 2nd order"
15700,172,2,696.68,3,2,3,2,Needs Attention,One-Time Buyer,-0.4003452050449598,-0.369219058604835,,,"Convert: post-purchase follow-up, incentivize 2nd order"
15701,2,4,1529.0,5,3,4,4,Loyal Customer,Loyal Customer,0.7380937954203484,-0.668852428814252,,,"Court: upsell/cross-sell, referral incentives"
15702,476,1,112.57000000000001,1,1,1,0,One-Time Buyer,Lost / Let Go,-2.2284867350668334,0.2591458774105927,0.827149802830206,1.0,"Let go: exclude from paid marketing spend, low-cost win-back only"
15703,265,1,211.5,2,1,1,2,One-Time Buyer,One-Time Buyer,-1.4570309925164147,-0.4573259853124436,0.6472249102088877,1.0,"Convert: post-purchase follow-up, incentivize 2nd order"
15704,140,6,3734.6600000000003,3,4,5,4,Loyal Customer,Loyal Customer,1.0702588727106366,0.2798846144000706,0.13920611159466398,0.0,"Court: upsell/cross-sell, referral incentives"
15705,201,1,143.1,2,1,1,2,One-Time Buyer,One-Time Buyer,-1.4798796090103516,-0.8285072988656325,0.5680950644217864,1.0,"Convert: post-purchase follow-up, incentivize 2nd order"
15706,64,4,1060.56,3,3,3,4,Loyal Customer,Loyal Customer,0.4308532386819273,-0.5065827604310535,,,"Court: upsell/cross-sell, referral incentives"
15707,35,4,916.98,4,3,3,4,Loyal Customer,Loyal Customer,0.4341266148061397,-0.6666112433890707,,,"Court: upsell/cross-sell, referral incentives"
15708,41,9,4204.4400000000005,4,5,5,4,VIP,Loyal Customer,1.6282477941705609,0.03879060258195523,0.07804351177724009,0.0,"Court: upsell/cross-sell, referral incentives"
15709,284,2,327.85,2,2,2,2,Lost / Let Go,One-Time Buyer,-0.9961423644062097,-0.10051719296288131,0.6799433567446503,1.0,"Convert: post-purchase follow-up, incentivize 2nd order"
15710,417,1,898.87,1,1,3,3,One-Time Buyer,At Risk,-1.171537116764128,0.562747044616388,0.6666320151445587,1.0,"Win back: targeted discount, re-engagement email flow"
15711,557,2,420.25,1,2,2,0,Lost / Let Go,Lost / Let Go,-1.5244139432250805,1.1079563390288514,0.8542564508648386,1.0,"Let go: exclude from paid marketing spend, low-cost win-back only"
15712,9,12,3472.4100000000003,5,5,5,1,VIP,VIP,1.819659356952717,-0.04173815406579218,0.19531995641695415,0.0,"Court: white-glove service, early access, loyalty rewards"
15713,143,4,1010.79,3,3,3,4,Loyal Customer,Loyal Customer,0.22484668747891723,-0.18870954470391607,0.5450393674707964,1.0,"Court: upsell/cross-sell, referral incentives"
15714,12,5,783.96,5,4,3,4,Loyal Customer,Loyal Customer,0.5584260807482233,-0.7320532624682825,0.5381479803302862,1.0,"Court: upsell/cross-sell, referral incentives"
15715,556,5,658.02,1,4,3,3,At Risk,At Risk,-0.7909832305670745,1.4982806110845166,0.7365514824096405,1.0,"Win back: targeted discount, re-engagement email flow"
15716,146,11,3012.14,3,5,5,4,Loyal Customer,Loyal Customer,1.3747850355928588,0.46203776712956657,0.06243539416476943,0.0,"Court: upsell/cross-sell, referral incentives"
15717,234,5,607.0,2,4,2,3,At Risk,At Risk,-0.07399007413613637,0.12915453838318153,0.4952111168086496,0.0,"Win back: targeted discount, re-engagement email flow"
15718,540,1,293.79,1,1,2,0,One-Time Buyer,Lost / Let Go,-1.9545923621297177,0.78071618424,0.8715498232839911,1.0,"Let go: exclude from paid marketing spend, low-cost win-back only"
15719,33,31,10194.32,4,5,5,1,VIP,VIP,2.933525224731971,0.7031154925767967,0.009688874805013868,0.0,"Court: white-glove service, early access, loyalty rewards"
15720,24,2,739.22,4,2,3,2,New Customer,One-Time Buyer,-0.028071771915288153,-0.9729131305734052,0.831082927066517,1.0,"Convert: post-purchase follow-up, incentivize 2nd order"
15721,12,1,471.40000000000003,5,1,2,2,One-Time Buyer,One-Time Buyer,-0.5108580316858277,-1.3037388125377525,,,"Convert: post-purchase follow-up, incentivize 2nd order"
15722,36,11,5234.0,4,5,5,1,VIP,VIP,1.8772052182277186,0.14857009406434757,0.06779532307496558,0.0,"Court: white-glove service, early access, loyalty rewards"
15723,365,4,930.7,2,3,3,3,At Risk,At Risk,-0.33075960302461094,0.718511215464511,0.5185736945607442,1.0,"Win back: targeted discount, re-engagement email flow"
15724,201,3,310.85,2,3,2,2,At Risk,One-Time Buyer,-0.6047119945422652,-0.3476896758606236,0.5088916082537067,1.0,"Convert: post-purchase follow-up, incentivize 2nd order"
15725,15,1,415.25,5,1,2,2,One-Time Buyer,One-Time Buyer,-0.57405609809346,-1.3248400984250652,,,"Convert: post-purchase follow-up, incentivize 2nd order"
15726,390,1,321.91,2,1,2,0,One-Time Buyer,Lost / Let Go,-1.563469068104596,0.17714244119551123,0.6922948727276426,1.0,"Let go: exclude from paid marketing spend, low-cost win-back only"
15727,17,15,9371.71,5,5,5,1,VIP,VIP,2.401189632551995,0.33829797571095116,0.028797579753181802,0.0,"Court: white-glove service, early access, loyalty rewards"
15728,380,2,544.6,2,2,2,3,Lost / Let Go,At Risk,-0.9957770791567122,0.4359424014887619,0.6425643524921599,1.0,"Win back: targeted discount, re-engagement email flow"
15729,213,3,192.55,2,3,1,2,At Risk,One-Time Buyer,-0.8445509105952849,-0.42433511364899495,0.5881973995889613,1.0,"Convert: post-purchase follow-up, incentivize 2nd order"
15730,66,5,1726.58,3,4,4,4,Loyal Customer,Loyal Customer,0.7824373739912915,-0.2962238346329979,0.21914053636079392,0.0,"Court: upsell/cross-sell, referral incentives"
15731,554,1,125.3,1,1,1,0,One-Time Buyer,Lost / Let Go,-2.3636633454753704,0.6138639370900747,0.8990305270951299,1.0,"Let go: exclude from paid marketing spend, low-cost win-back only"
15732,212,10,1682.07,2,5,4,4,Win-Back Priority,Loyal Customer,0.8950859295465717,0.548794008477166,0.24896625232081082,0.0,"Court: upsell/cross-sell, referral incentives"
15733,283,1,162.3,2,1,1,2,One-Time Buyer,One-Time Buyer,-1.6160419368893744,-0.45203636793781315,0.7255107464152561,1.0,"Convert: post-purchase follow-up, incentivize 2nd order"
15734,115,4,2263.3,3,3,4,4,Loyal Customer,Loyal Customer,0.647972525640664,-0.09163951393412574,0.3525251179471522,0.0,"Court: upsell/cross-sell, referral incentives"
15735,421,1,327.68,1,1,2,0,One-Time Buyer,Lost / Let Go,-1.6280769881345936,0.3116001403079766,0.7124338632798313,1.0,"Let go: exclude from paid marketing spend, low-cost win-back only"
15736,435,2,1767.12,1,2,4,3,Needs Attention,At Risk,-0.6022986418866793,0.9788769855051861,0.5154836917347522,1.0,"Win back: targeted discount, re-engagement email flow"
15737,15,8,1188.1200000000001,5,4,3,4,Loyal Customer,Loyal Customer,1.0472516064511068,-0.44788232966950475,0.15963861764283896,0.0,"Court: upsell/cross-sell, referral incentives"
15738,19,41,13372.970000000001,5,5,5,1,VIP,VIP,3.295614615146881,0.8247765705687655,0.016705737081388457,0.0,"Court: white-glove service, early access, loyalty rewards"
15739,66,1,449.12,3,1,2,2,One-Time Buyer,One-Time Buyer,-0.6585499100482872,-1.0905782183339385,,,"Convert: post-purchase follow-up, incentivize 2nd order"
15740,49,1,154.88,4,1,1,2,One-Time Buyer,One-Time Buyer,-1.08964476378497,-1.4437849499940283,,,"Convert: post-purchase follow-up, incentivize 2nd order"
15741,458,2,208.62,1,2,1,0,Lost / Let Go,Lost / Let Go,-1.60285789383124,0.5079661857984056,0.7955603547262128,1.0,"Let go: exclude from paid marketing spend, low-cost win-back only"
15742,619,1,156.87,1,1,1,0,One-Time Buyer,Lost / Let Go,-2.4165569321543883,0.9452577152697409,0.8797575932834519,1.0,"Let go: exclude from paid marketing spend, low-cost win-back only"
15743,16,4,775.96,5,3,3,4,Loyal Customer,Loyal Customer,0.404490278157748,-0.7904958805233101,0.3254163746447323,0.0,"Court: upsell/cross-sell, referral incentives"
15744,78,1,34.8,3,1,1,2,One-Time Buyer,One-Time Buyer,-1.8106368266677,-1.7137059403368018,,,"Convert: post-purchase follow-up, incentivize 2nd order"
15745,19,4,1094.59,5,3,3,4,Loyal Customer,Loyal Customer,0.5500641072884879,-0.6865323350459468,0.3262934336080107,0.0,"Court: upsell/cross-sell, referral incentives"
15746,134,1,196.88,3,1,1,2,One-Time Buyer,One-Time Buyer,-1.1824288745978742,-1.0245707683805005,,,"Convert: post-purchase follow-up, incentivize 2nd order"
15747,13,9,2499.81,5,5,4,4,VIP,Loyal Customer,1.4629271245453255,-0.2166483242056426,0.37295760311909776,0.0,"Court: upsell/cross-sell, referral incentives"
15748,40,3,609.8100000000001,4,3,2,2,Needs Attention,One-Time Buyer,0.07016321733281909,-0.8427260502820573,0.6761035648710234,1.0,"Convert: post-purchase follow-up, incentivize 2nd order"
15749,235,3,44534.3,2,3,5,1,At Risk,VIP,1.5187506796833523,1.114289523378749,0.7447462022852551,1.0,"Court: white-glove service, early access, loyalty rewards"
15750,3,18,6793.511,5,5,5,1,VIP,VIP,2.4230809387616055,0.2624373267618653,0.0559258156544497,0.0,"Court: white-glove service, early access, loyalty rewards"
15751,461,11,1380.44,1,5,4,3,Win-Back Priority,At Risk,0.2921171082278938,1.5730054309119947,0.7710965256811688,1.0,"Win back: targeted discount, re-engagement email flow"
15752,40,9,4184.56,4,5,5,4,VIP,Loyal Customer,1.6284817001244112,0.0333448826172111,0.06740279066312718,0.0,"Court: upsell/cross-sell, referral incentives"
15753,305,1,79.2,2,1,1,0,One-Time Buyer,Lost / Let Go,-1.9831915855572984,-0.5490889032024387,0.724103896702038,1.0,"Let go: exclude from paid marketing spend, low-cost win-back only"
15754,51,9,3037.61,4,5,5,4,VIP,Loyal Customer,1.4605769555262504,-0.005794221697092581,0.07796112300280633,0.0,"Court: upsell/cross-sell, referral incentives"
15755,10,17,5993.12,5,5,5,1,VIP,VIP,2.309538676242537,0.23691004696200937,0.05178485484831858,0.0,"Court: white-glove service, early access, loyalty rewards"
15756,61,4,528.01,3,3,2,4,Needs Attention,Loyal Customer,0.12862127075342897,-0.7043923844723997,0.2178594495507473,0.0,"Court: upsell/cross-sell, referral incentives"
15757,66,6,2940.36,3,4,5,4,Loyal Customer,Loyal Customer,1.137114911228473,-0.09341752739020805,0.10988334548681385,0.0,"Court: upsell/cross-sell, referral incentives"
15758,25,1,205.25,4,1,1,2,One-Time Buyer,One-Time Buyer,-0.9092145135223144,-1.4697583775123884,,,"Convert: post-purchase follow-up, incentivize 2nd order"
15759,218,7,830.9300000000001,2,4,3,4,At Risk,Loyal Customer,0.3236043139776472,0.2599259823464511,0.3161978727950107,0.0,"Court: upsell/cross-sell, referral incentives"
15761,443,1,143.05,1,1,1,0,One-Time Buyer,Lost / Let Go,-2.0457806986417353,0.18426318767760877,0.8652075421048223,1.0,"Let go: exclude from paid marketing spend, low-cost win-back only"
15762,65,2,583.75,3,2,2,2,Needs Attention,One-Time Buyer,-0.22860192443842897,-0.8640212490670832,,,"Convert: post-purchase follow-up, incentivize 2nd order"
15763,32,2,1086.92,4,2,3,2,New Customer,One-Time Buyer,0.12420207312118649,-0.8370067329050637,,,"Convert: post-purchase follow-up, incentivize 2nd order"
15764,88,8,4503.08,3,4,5,4,Loyal Customer,Loyal Customer,1.467907734828769,0.21187819819092893,0.06809906367872166,0.0,"Court: upsell/cross-sell, referral incentives"
15765,667,1,370.63,1,1,2,0,One-Time Buyer,Lost / Let Go,-2.1486448490571184,1.3738708688745853,0.8976364198896346,1.0,"Let go: exclude from paid marketing spend, low-cost win-back only"
15766,64,3,831.06,3,3,3,4,Loyal Customer,Loyal Customer,0.15130692459832046,-0.6600567092486657,0.6259778520285063,1.0,"Court: upsell/cross-sell, referral incentives"
15768,116,34,15308.89,3,5,5,1,Loyal Customer,VIP,2.9888367617219536,1.1942571481479534,0.009689528698440515,0.0,"Court: white-glove service, early access, loyalty rewards"
15769,7,46,88704.32,5,5,5,1,VIP,VIP,4.250125112930187,1.3224951514860162,0.0673197256122274,0.0,"Court: white-glove service, early access, loyalty rewards"
15770,613,1,321.45,1,1,2,0,One-Time Buyer,Lost / Let Go,-2.085430875153479,1.1101037749408222,0.9150576215660954,1.0,"Let go: exclude from paid marketing spend, low-cost win-back only"
15771,604,3,1006.54,1,3,3,3,At Risk,At Risk,-1.0261374610896141,1.65094941009496,0.7560448165031409,1.0,"Win back: targeted discount, re-engagement email flow"
15772,418,1,280.88,1,1,1,0,One-Time Buyer,Lost / Let Go,-1.6892644956153104,0.25818823186695794,0.7007961842026953,1.0,"Let go: exclude from paid marketing spend, low-cost win-back only"
15773,6,2,774.52,5,2,3,2,New Customer,One-Time Buyer,0.034693244669926473,-1.0358588835944105,0.6577053343034679,1.0,"Convert: post-purchase follow-up, incentivize 2nd order"
15774,69,6,1287.09,3,4,4,4,Loyal Customer,Loyal Customer,0.7634797483337238,-0.3004861965854192,0.5145685187650146,1.0,"Court: upsell/cross-sell, referral incentives"
15775,245,2,150.5,2,2,1,2,Lost / Let Go,One-Time Buyer,-1.2490808870037085,-0.4698878609759928,0.7902142548375247,1.0,"Convert: post-purchase follow-up, incentivize 2nd order"
15776,133,1,241.62,3,1,1,2,One-Time Buyer,One-Time Buyer,-1.0895866085449954,-0.9745394380992002,,,"Convert: post-purchase follow-up, incentivize 2nd order"
15777,241,7,1762.61,2,4,4,4,Win-Back Priority,Loyal Customer,0.6034484842027569,0.5560410203821435,0.23381743597932508,0.0,"Court: upsell/cross-sell, referral incentives"
15778,431,1,307.95,1,1,2,0,One-Time Buyer,Lost / Let Go,-1.6789413016989159,0.33698828017599947,0.7223023501561869,1.0,"Let go: exclude from paid marketing spend, low-cost win-back only"
15779,463,2,124.08000000000001,1,2,1,0,Lost / Let Go,Lost / Let Go,-1.8438067511829754,0.39155494803044627,0.7752157685358688,1.0,"Let go: exclude from paid marketing spend, low-cost win-back only"
15780,184,3,475.28000000000003,3,3,2,2,Needs Attention,One-Time Buyer,-0.37693971785247016,-0.3062019667482952,0.4261890754851211,0.0,"Convert: post-purchase follow-up, incentivize 2nd order"
15781,25,3,345.46,4,3,2,2,Needs Attention,One-Time Buyer,-0.14653007560877593,-1.0563238161540658,0.6357218117238617,1.0,"Convert: post-purchase follow-up, incentivize 2nd order"
15782,10,4,4014.1,5,3,5,4,Loyal Customer,Loyal Customer,1.147767003157609,-0.37875090920895355,0.4614248054065416,0.0,"Court: upsell/cross-sell, referral incentives"
15783,11,1,246.3,5,1,1,2,One-Time Buyer,One-Time Buyer,-0.7958922264621916,-1.480074425605892,,,"Convert: post-purchase follow-up, incentivize 2nd order"
15784,468,2,848.3299999999999,1,2,3,3,Needs Attention,At Risk,-1.0050027386172793,0.9219698083994774,0.724540743856967,1.0,"Win back: targeted discount, re-engagement email flow"
15785,33,16,5969.93,4,5,5,1,VIP,VIP,2.2101464007246507,0.30942655951795783,0.02659810549713547,0.0,"Court: white-glove service, early access, loyalty rewards"
15786,46,5,8501.62,4,4,5,4,VIP,Loyal Customer,1.5367864208784268,0.04395223355959817,0.37557848026725615,0.0,"Court: upsell/cross-sell, referral incentives"
15787,26,3,933.26,4,3,3,4,Loyal Customer,Loyal Customer,0.29158154665300323,-0.7882871501025607,,,"Court: upsell/cross-sell, referral incentives"
15788,509,1,221.82999999999998,1,1,1,0,One-Time Buyer,Lost / Let Go,-2.00637783342157,0.576533008812384,0.8826194312292615,1.0,"Let go: exclude from paid marketing spend, low-cost win-back only"
15789,358,6,1962.01,2,4,4,3,Win-Back Priority,At Risk,0.27492466076205674,1.0211529664020509,0.32618225553812197,0.0,"Win back: targeted discount, re-engagement email flow"
15790,10,1,218.75,5,1,1,2,One-Time Buyer,One-Time Buyer,-0.8459968313300152,-1.5156754370710883,,,"Convert: post-purchase follow-up, incentivize 2nd order"
15791,44,5,3608.34,4,4,5,4,VIP,Loyal Customer,1.1610148143774086,-0.19232547924291482,0.13506280709678536,0.0,"Court: upsell/cross-sell, referral incentives"
15792,400,2,933.84,2,2,3,3,Needs Attention,At Risk,-0.8034399795222277,0.6628787933554277,0.6431873722099605,1.0,"Win back: targeted discount, re-engagement email flow"
15793,15,8,2399.57,5,4,4,4,VIP,Loyal Customer,1.3591633196909298,-0.26103157700277047,0.3904882856241749,0.0,"Court: upsell/cross-sell, referral incentives"
15794,736,2,777.0,1,2,3,0,Needs Attention,Lost / Let Go,-1.6704813432141157,2.020320246844045,0.8345267895030252,1.0,"Let go: exclude from paid marketing spend, low-cost win-back only"
15795,150,8,1979.8700000000001,3,4,4,4,Loyal Customer,Loyal Customer,0.9582357854374771,0.25288131429341304,0.7369154508160214,1.0,"Court: upsell/cross-sell, referral incentives"
15796,1,17,5170.63,5,5,5,1,VIP,VIP,2.265047375556567,0.15998495524585787,0.046906253571506254,0.0,"Court: white-glove service, early access, loyalty rewards"
15797,113,5,2806.08,3,4,4,4,Loyal Customer,Loyal Customer,0.8880922287420381,0.029603263723343307,0.2523074320993459,0.0,"Court: upsell/cross-sell, referral incentives"
15798,493,3,1535.37,1,3,4,3,At Risk,At Risk,-0.579310568692338,1.2985927278749483,0.626325802677463,1.0,"Win back: targeted discount, re-engagement email flow"
15799,76,4,1421.34,3,3,4,4,Loyal Customer,Loyal Customer,0.5327000990082857,-0.37854128912949403,0.23416899619424394,0.0,"Court: upsell/cross-sell, referral incentives"
15800,107,7,1227.07,3,4,4,4,Loyal Customer,Loyal Customer,0.7560187514325873,-0.10106448289433538,0.2106216909671851,0.0,"Court: upsell/cross-sell, referral incentives"
15801,46,3,1063.95,4,3,3,4,Loyal Customer,Loyal Customer,0.30295871226871274,-0.6697548304097826,,,"Court: upsell/cross-sell, referral incentives"
15803,51,4,1929.66,4,4,4,4,VIP,Loyal Customer,0.7268151763831152,-0.40190266053106566,0.5219788859089937,1.0,"Court: upsell/cross-sell, referral incentives"
15804,1,13,4206.39,5,5,5,1,VIP,VIP,1.9804007428850796,0.005221621239001197,0.3524244715479823,0.0,"Court: white-glove service, early access, loyalty rewards"
15805,23,30,10148.93,4,5,5,1,VIP,VIP,2.930536732487919,0.6474570682746523,0.010152303961971781,0.0,"Court: white-glove service, early access, loyalty rewards"
15806,46,3,784.58,4,3,3,4,Loyal Customer,Loyal Customer,0.16786475230373626,-0.7506828848197723,0.5279595010747044,1.0,"Court: upsell/cross-sell, referral incentives"
15807,50,5,1817.52,4,4,4,4,VIP,Loyal Customer,0.8426203179013034,-0.34954469591418735,0.47347105020341523,0.0,"Court: upsell/cross-sell, referral incentives"
15808,306,21,18133.3,2,5,5,1,Win-Back Priority,VIP,2.263207790975071,1.8499850252460135,0.18764363943968182,0.0,"Court: white-glove service, early access, loyalty rewards"
15809,36,7,1274.44,4,4,4,4,VIP,Loyal Customer,0.9388068825093817,-0.38815996538269243,0.18886374359859123,0.0,"Court: upsell/cross-sell, referral incentives"
15810,79,8,2999.04,3,4,5,4,Loyal Customer,Loyal Customer,1.3085220736359737,0.0661256247656917,0.09309525770064969,0.0,"Court: upsell/cross-sell, referral incentives"
15811,22,7,3682.4,4,4,5,4,VIP,Loyal Customer,1.4424255362526632,-0.16466892389835897,0.06387963592158341,0.0,"Court: upsell/cross-sell, referral incentives"
15812,107,12,5201.47,3,5,5,1,Loyal Customer,VIP,1.7699325876263492,0.4758854712457928,0.05186321570311259,0.0,"Court: white-glove service, early access, loyalty rewards"
15813,208,2,1303.9099999999999,2,2,4,3,Needs Attention,At Risk,-0.2065002984268304,-0.05200595305462745,0.19539491939794368,0.0,"Win back: targeted discount, re-engagement email flow"
15814,17,6,2634.44,5,4,4,4,VIP,Loyal Customer,1.2029052860216642,-0.3277120212484981,0.4711401560016778,0.0,"Court: upsell/cross-sell, referral incentives"
15815,64,5,2100.6,3,4,4,4,Loyal Customer,Loyal Customer,0.8741283088465418,-0.25246805081345647,0.14973837130153625,0.0,"Court: upsell/cross-sell, referral incentives"
15816,542,2,144.14999999999998,1,2,1,0,Lost / Let Go,Lost / Let Go,-1.9624182172390632,0.7617822009607974,0.7496105977036369,1.0,"Let go: exclude from paid marketing spend, low-cost win-back only"
15817,421,3,2766.4,1,3,4,3,At Risk,At Risk,-0.14969730845613813,1.1537720299786671,0.48608680072447913,0.0,"Win back: targeted discount, re-engagement email flow"
15818,588,1,340.5,1,1,2,0,One-Time Buyer,Lost / Let Go,-2.0015001116624833,1.0207364758765332,0.8732710118042171,1.0,"Let go: exclude from paid marketing spend, low-cost win-back only"
15819,49,10,3934.79,4,5,5,1,VIP,VIP,1.6533274325766225,0.09252653897635761,0.07528335975113419,0.0,"Court: white-glove service, early access, loyalty rewards"
15820,320,1,206.98,2,1,1,0,One-Time Buyer,Lost / Let Go,-1.595156038154238,-0.23284853735495623,0.7663041697964668,1.0,"Let go: exclude from paid marketing spend, low-cost win-back only"
15821,44,2,570.96,4,2,2,2,New Customer,One-Time Buyer,-0.1893275467004295,-0.9577965964371284,,,"Convert: post-purchase follow-up, incentivize 2nd order"
15822,3,6,1840.06,5,4,4,4,VIP,Loyal Customer,1.076365270747081,-0.4817176129698666,0.4776348612863558,0.0,"Court: upsell/cross-sell, referral incentives"
15823,729,2,3867.17,1,2,5,3,Needs Attention,At Risk,-0.9420136553096142,2.4176080211898863,0.8400938164657267,1.0,"Win back: targeted discount, re-engagement email flow"
15824,453,2,890.94,1,2,3,3,Needs Attention,At Risk,-0.9482011579457998,0.8722091823844272,0.6071278561317447,1.0,"Win back: targeted discount, re-engagement email flow"
15825,172,1,532.94,3,1,2,2,One-Time Buyer,One-Time Buyer,-0.8305336890162345,-0.6015059398036264,,,"Convert: post-purchase follow-up, incentivize 2nd order"
15826,56,4,2598.28,4,4,4,4,VIP,Loyal Customer,0.847161712589573,-0.30187984546989455,0.26963016781862803,0.0,"Court: upsell/cross-sell, referral incentives"
15827,73,28,3794.07,3,5,5,1,Loyal Customer,VIP,2.3256248659776007,0.5685573175745932,0.09214159560665577,0.0,"Court: white-glove service, early access, loyalty rewards"
15828,375,1,1108.82,2,1,3,3,One-Time Buyer,At Risk,-0.9802400901271201,0.44273821648170275,0.673827014883634,1.0,"Win back: targeted discount, re-engagement email flow"
15829,99,2,636.14,3,2,3,2,Needs Attention,One-Time Buyer,-0.26998901079961807,-0.6988955824330382,,,"Convert: post-purchase follow-up, incentivize 2nd order"
15830,38,1,576.0,4,1,2,2,One-Time Buyer,One-Time Buyer,-0.4828321681528045,-1.1417180400349696,,,"Convert: post-purchase follow-up, incentivize 2nd order"
15831,58,3,794.64,4,3,3,4,Loyal Customer,Loyal Customer,0.1454609605432598,-0.6970737829236766,0.6358275535258948,1.0,"Court: upsell/cross-sell, referral incentives"
15832,254,1,836.79,2,1,3,2,One-Time Buyer,One-Time Buyer,-0.8222150050155023,-0.138483639786867,0.529876944491116,1.0,"Convert: post-purchase follow-up, incentivize 2nd order"
15833,738,1,80.4,1,1,1,0,One-Time Buyer,Lost / Let Go,-2.9888636277429046,1.267132435810472,0.9398482346779501,1.0,"Let go: exclude from paid marketing spend, low-cost win-back only"
15834,70,7,3761.89,3,4,5,4,Loyal Customer,Loyal Customer,1.3396912680632331,0.04190848442541851,0.07656495549165437,0.0,"Court: upsell/cross-sell, referral incentives"
15835,44,4,954.09,4,4,3,4,Loyal Customer,Loyal Customer,0.43068242531132905,-0.6184019133437255,0.5085521887031093,1.0,"Court: upsell/cross-sell, referral incentives"
15836,50,1,137.37,4,1,1,2,One-Time Buyer,One-Time Buyer,-1.1448883231865876,-1.4712927701316674,,,"Convert: post-purchase follow-up, incentivize 2nd order"
15837,65,2,777.01,3,2,3,2,Needs Attention,One-Time Buyer,-0.10181349774071924,-0.7880686254486078,0.6917439308354273,1.0,"Convert: post-purchase follow-up, incentivize 2nd order"
15838,11,34,74163.0,5,5,5,1,VIP,VIP,3.934850903393043,1.1744537011251128,0.052381411648168626,0.0,"Court: white-glove service, early access, loyalty rewards"
15839,33,3,1048.49,4,3,3,4,Loyal Customer,Loyal Customer,0.3268571347688413,-0.7280544149225732,,,"Court: upsell/cross-sell, referral incentives"
15840,59,2,355.56,4,2,2,2,New Customer,One-Time Buyer,-0.4342173903723364,-1.0207102690060073,,,"Convert: post-purchase follow-up, incentivize 2nd order"
15841,73,9,2742.41,3,5,4,4,Loyal Customer,Loyal Customer,1.3637685525648047,0.05910120168476955,0.16366182882404273,0.0,"Court: upsell/cross-sell, referral incentives"
15842,393,2,548.8,2,2,2,3,Lost / Let Go,At Risk,-1.0227635924188991,0.4923920648261009,0.6344893772333582,1.0,"Win back: targeted discount, re-engagement email flow"
15843,304,1,118.95000000000002,2,1,1,0,One-Time Buyer,Lost / Let Go,-1.8021180870579203,-0.4462026415686049,0.7620321600690054,1.0,"Let go: exclude from paid marketing spend, low-cost win-back only"
15844,46,1,130.73999999999998,4,1,1,2,One-Time Buyer,One-Time Buyer,-1.1573383124915892,-1.5010943032835062,,,"Convert: post-purchase follow-up, incentivize 2nd order"
15845,18,11,4426.28,5,5,5,1,VIP,VIP,1.8448782274523237,0.02865946157997006,0.11976033578568517,0.0,"Court: white-glove service, early access, loyalty rewards"
15846,385,1,107.01,2,1,1,0,One-Time Buyer,Lost / Let Go,-2.0380343490537114,-0.13507515929502997,0.7945283422385412,1.0,"Let go: exclude from paid marketing spend, low-cost win-back only"
15847,38,5,822.57,4,4,3,4,Loyal Customer,Loyal Customer,0.5189626944952127,-0.6104619338887478,0.35005912211406737,0.0,"Court: upsell/cross-sell, referral incentives"
15848,622,1,137.99,1,1,1,0,One-Time Buyer,Lost / Let Go,-2.4801234704476496,0.9239356962510837,0.9020916918768398,1.0,"Let go: exclude from paid marketing spend, low-cost win-back only"
15850,19,6,1006.75,5,4,3,4,Loyal Customer,Loyal Customer,0.7713923612467141,-0.575038212635204,0.3481425990206748,0.0,"Court: upsell/cross-sell, referral incentives"
15851,527,1,109.73,1,1,1,0,One-Time Buyer,Lost / Let Go,-2.358958701894695,0.46586453780336606,0.9369119697670262,1.0,"Let go: exclude from paid marketing spend, low-cost win-back only"
15852,187,3,257.26,3,3,1,2,Needs Attention,One-Time Buyer,-0.6557027926930881,-0.45643749916948195,0.6212290253766575,1.0,"Convert: post-purchase follow-up, incentivize 2nd order"
15853,52,1,110.8,4,1,1,2,One-Time Buyer,One-Time Buyer,-1.2442349708612337,-1.5196347097183203,,,"Convert: post-purchase follow-up, incentivize 2nd order"
15854,4,21,5578.28,5,5,5,1,VIP,VIP,2.445851334632828,0.27247357417090773,0.045506640563758395,0.0,"Court: white-glove service, early access, loyalty rewards"
15855,137,6,1052.72,3,4,3,4,Loyal Customer,Loyal Customer,0.5153379157388774,-0.06929838162178416,0.2051347310770093,0.0,"Court: upsell/cross-sell, referral incentives"
15856,4,52,33846.01,5,5,5,1,VIP,VIP,3.9216309614824043,1.1014216186415213,0.011192968018252933,0.0,"Court: white-glove service, early access, loyalty rewards"
15857,19,2,570.48,5,2,2,2,New Customer,One-Time Buyer,-0.13125538445075907,-1.06265449396168,0.6511215079953319,1.0,"Convert: post-purchase follow-up, incentivize 2nd order"
15858,16,13,3936.34,5,5,5,1,VIP,VIP,1.9158796232375204,0.050357856419418756,0.08402678935127064,0.0,"Court: white-glove service, early access, loyalty rewards"
15859,432,1,438.46,1,1,2,0,One-Time Buyer,Lost / Let Go,-1.5248255491869729,0.43489718325952575,0.76894316022816,1.0,"Let go: exclude from paid marketing spend, low-cost win-back only"
15860,41,17,2461.46,4,5,4,1,VIP,VIP,1.8420702092814736,0.1300340826736248,0.12133382330819788,0.0,"Court: white-glove service, early access, loyalty rewards"
15861,12,12,4360.9,5,5,5,1,VIP,VIP,1.913777864214699,0.03140107410709693,0.11144749881319288,0.0,"Court: white-glove service, early access, loyalty rewards"
15862,8,13,2861.37,5,5,4,1,VIP,VIP,1.793007944445663,-0.06793516970934504,0.106759060125247,0.0,"Court: white-glove service, early access, loyalty rewards"
15863,26,5,355.1,4,4,2,2,Needs Attention,One-Time Buyer,0.17474432672451823,-0.8836960884677213,0.33362005774082276,0.0,"Convert: post-purchase follow-up, incentivize 2nd order"
15864,22,7,2180.76,4,4,4,4,VIP,Loyal Customer,1.209897102696824,-0.30396511247374236,0.47240969659432286,0.0,"Court: upsell/cross-sell, referral incentives"
15865,41,5,2241.42,4,4,4,4,VIP,Loyal Customer,0.9566944766007801,-0.3314811284185039,0.38347199446030583,0.0,"Court: upsell/cross-sell, referral incentives"
15866,101,1,211.89,3,1,1,2,One-Time Buyer,One-Time Buyer,-1.072818061907853,-1.1432411614651092,,,"Convert: post-purchase follow-up, incentivize 2nd order"
15867,5,31,8981.52,5,5,5,1,VIP,VIP,2.9427508036395817,0.5522385188327539,0.009487682843620858,0.0,"Court: white-glove service, early access, loyalty rewards"
15868,583,1,94.53,1,1,1,0,One-Time Buyer,Lost / Let Go,-2.555434992568394,0.660972506137005,0.9352342091342816,1.0,"Let go: exclude from paid marketing spend, low-cost win-back only"
15869,277,3,321.11,2,3,2,3,At Risk,At Risk,-0.7680117426475257,-0.020990468215655995,0.5547572606809078,1.0,"Win back: targeted discount, re-engagement email flow"
15870,33,4,857.46,4,4,3,4,Loyal Customer,Loyal Customer,0.409037966078375,-0.69281228440931,0.5470547108507248,1.0,"Court: upsell/cross-sell, referral incentives"
15871,437,1,33.099999999999994,1,1,1,0,One-Time Buyer,Lost / Let Go,-2.671507307759499,-0.2240934676066732,0.8868817487758442,1.0,"Let go: exclude from paid marketing spend, low-cost win-back only"
15872,15,4,729.25,5,4,3,4,Loyal Customer,Loyal Customer,0.3792987813730722,-0.8111726913284794,0.5901889577881614,1.0,"Court: upsell/cross-sell, referral incentives"
15873,500,4,313.91999999999996,1,4,2,3,At Risk,At Risk,-1.1279732911603677,0.9950288343767396,0.6589904226903248,1.0,"Win back: targeted discount, re-engagement email flow"
15874,64,21,11284.76,3,5,5,1,Loyal Customer,VIP,2.6183784805046137,0.7109764649228492,0.026707760622809686,0.0,"Court: white-glove service, early access, loyalty rewards"
15875,646,1,108.52,1,1,1,0,One-Time Buyer,Lost / Let Go,-2.6420351902990653,0.96100265183763,0.9487431335923645,1.0,"Let go: exclude from paid marketing spend, low-cost win-back only"
15876,409,2,1449.1399999999999,2,2,4,3,Needs Attention,At Risk,-0.6295432969724665,0.8173241960250331,0.5336332086374398,1.0,"Win back: targeted discount, re-engagement email flow"
15877,2,2,490.33,5,2,2,2,New Customer,One-Time Buyer,-0.15860828334634589,-1.1739995546969801,,,"Convert: post-purchase follow-up, incentivize 2nd order"
15878,562,2,330.77,1,2,2,0,Lost / Let Go,Lost / Let Go,-1.6421249478435693,1.0653707530809449,0.8496440907503531,1.0,"Let go: exclude from paid marketing spend, low-cost win-back only"
15879,404,4,1137.8,2,4,3,3,At Risk,At Risk,-0.33281283767771264,0.9351290379009184,0.6025153688068959,1.0,"Win back: targeted discount, re-engagement email flow"
15880,369,1,658.0600000000001,2,1,3,3,One-Time Buyer,At Risk,-1.1976025022868697,0.2790121868677153,0.5583003897952871,1.0,"Win back: targeted discount, re-engagement email flow"
15881,312,5,501.39000000000004,2,4,2,3,At Risk,At Risk,-0.341054018209626,0.4048654735576683,0.7610465995562379,1.0,"Win back: targeted discount, re-engagement email flow"
15882,199,8,1491.42,2,4,4,4,Win-Back Priority,Loyal Customer,0.7179687974689126,0.38265557017816215,0.40083401404045566,0.0,"Court: upsell/cross-sell, referral incentives"
15883,2,2,396.48,5,2,2,2,New Customer,One-Time Buyer,-0.25272507549740003,-1.2303802313613468,,,"Convert: post-purchase follow-up, incentivize 2nd order"
15884,432,2,244.60000000000002,1,2,1,0,Lost / Let Go,Lost / Let Go,-1.4717409622840805,0.4412799255310018,0.7133297074424059,1.0,"Let go: exclude from paid marketing spend, low-cost win-back only"
15885,93,13,1921.82,3,5,4,4,Loyal Customer,Loyal Customer,1.4176437918111147,0.1819994008420151,0.4333878277264119,0.0,"Court: upsell/cross-sell, referral incentives"
15886,60,4,1052.8700000000001,3,4,3,4,Loyal Customer,Loyal Customer,0.436976310225222,-0.525258099049246,0.5298595085693977,1.0,"Court: upsell/cross-sell, referral incentives"
15887,407,3,1027.15,2,3,3,3,At Risk,At Risk,-0.5566004923219405,0.8318148453941566,0.544886735434824,1.0,"Win back: targeted discount, re-engagement email flow"
15888,81,3,423.49,3,3,2,2,Needs Attention,One-Time Buyer,-0.1872595427616173,-0.7679156927924243,0.619173918612989,1.0,"Convert: post-purchase follow-up, incentivize 2nd order"
15889,157,8,1675.72,3,4,4,4,Loyal Customer,Loyal Customer,0.8678567168048283,0.2378406108914944,0.23649612407722861,0.0,"Court: upsell/cross-sell, referral incentives"
15890,395,5,535.65,2,4,2,3,At Risk,At Risk,-0.5058003315546792,0.7697990056055101,0.7347589364119154,1.0,"Win back: targeted discount, re-engagement email flow"
15891,227,1,509.13,2,1,2,2,One-Time Buyer,One-Time Buyer,-0.9793672131654516,-0.3834434073008563,0.5034714150623872,1.0,"Convert: post-purchase follow-up, incentivize 2nd order"
15892,669,1,128.2,1,1,1,0,One-Time Buyer,Lost / Let Go,-2.6224304066725552,1.1012212512484283,0.891510049792338,1.0,"Let go: exclude from paid marketing spend, low-cost win-back only"
15893,482,1,305.28000000000003,1,1,2,0,One-Time Buyer,Lost / Let Go,-1.802022839241856,0.548134178199814,0.7778498823997697,1.0,"Let go: exclude from paid marketing spend, low-cost win-back only"
15894,253,2,408.39,2,2,2,2,Lost / Let Go,One-Time Buyer,-0.826403554132591,-0.17199621850613464,0.5953280534467311,1.0,"Convert: post-purchase follow-up, incentivize 2nd order"
15895,150,1,179.17,3,1,1,2,One-Time Buyer,One-Time Buyer,-1.2614637098398072,-0.9825431350706907,,,"Convert: post-purchase follow-up, incentivize 2nd order"
15897,194,2,208.59,2,2,1,2,Lost / Let Go,One-Time Buyer,-0.9857428966591899,-0.5970131125799305,0.35242538833343856,0.0,"Convert: post-purchase follow-up, incentivize 2nd order"
15898,1,25,5509.34,5,5,5,1,VIP,VIP,2.5756539258466704,0.3230021095239325,0.03867507360859951,0.0,"Court: white-glove service, early access, loyalty rewards"
15899,369,1,112.5,2,1,1,0,One-Time Buyer,Lost / Let Go,-1.9786161525703898,-0.1888541426223358,0.8025651791296013,1.0,"Let go: exclude from paid marketing spend, low-cost win-back only"
15900,24,4,886.5699999999999,4,4,3,4,Loyal Customer,Loyal Customer,0.444884583056572,-0.7216109360270551,0.4680731258763809,0.0,"Court: upsell/cross-sell, referral incentives"
15901,17,6,667.89,5,4,3,4,Loyal Customer,Loyal Customer,0.5940890920347353,-0.692423441991739,0.5444137796415697,1.0,"Court: upsell/cross-sell, referral incentives"
15902,380,1,145.01,2,1,1,0,One-Time Buyer,Lost / Let Go,-1.8924988540465535,-0.07582130873567662,0.7655157341286258,1.0,"Let go: exclude from paid marketing spend, low-cost win-back only"
15903,10,12,8939.84,5,5,5,1,VIP,VIP,2.2371270142842996,0.21393174209058188,0.12498259184831778,0.0,"Court: white-glove service, early access, loyalty rewards"
15904,8,1,164.68,5,1,1,2,One-Time Buyer,One-Time Buyer,-0.9667231831355941,-1.5991682566455598,,,"Convert: post-purchase follow-up, incentivize 2nd order"
15905,543,1,114.69,1,1,1,0,One-Time Buyer,Lost / Let Go,-2.376907341357366,0.5444858646950728,0.9243139284574741,1.0,"Let go: exclude from paid marketing spend, low-cost win-back only"
15906,20,10,2530.19,4,5,4,4,VIP,Loyal Customer,1.525129037745553,-0.14626012559100124,0.1853971736319882,0.0,"Court: upsell/cross-sell, referral incentives"
15907,4,3,881.87,5,3,3,4,Loyal Customer,Loyal Customer,0.31789258952529764,-0.8954140262787194,0.19910694413889846,0.0,"Court: upsell/cross-sell, referral incentives"
15908,491,2,758.62,1,2,3,3,Needs Attention,At Risk,-1.1083363668059676,0.9885421361113976,0.6663566694694094,1.0,"Win back: targeted discount, re-engagement email flow"
15909,174,1,191.94,3,1,1,2,One-Time Buyer,One-Time Buyer,-1.2871659521274306,-0.8638798741104872,,,"Convert: post-purchase follow-up, incentivize 2nd order"
15910,1,15,2661.17,5,5,4,1,VIP,VIP,1.879740144399725,-0.06344987017231955,0.0766684685929313,0.0,"Court: white-glove service, early access, loyalty rewards"
15911,624,8,1683.79,1,4,4,3,Win-Back Priority,At Risk,-0.22176286110977633,2.1936917737706128,0.8014569403268268,1.0,"Win back: targeted discount, re-engagement email flow"
15912,178,9,1074.7,3,5,3,4,Loyal Customer,Loyal Customer,0.7026070462148672,0.24954565720329433,0.31277563111498885,0.0,"Court: upsell/cross-sell, referral incentives"
15913,534,1,6.300000000000001,1,1,1,0,One-Time Buyer,Lost / Let Go,-3.582676394612075,-0.22810281678747682,0.8915258209314343,1.0,"Let go: exclude from paid marketing spend, low-cost win-back only"
15914,378,2,205.99,2,2,1,0,Lost / Let Go,Lost / Let Go,-1.4214400740616662,0.16977724592870136,0.7390776502991668,1.0,"Let go: exclude from paid marketing spend, low-cost win-back only"
15915,402,1,364.24,2,1,2,0,One-Time Buyer,Lost / Let Go,-1.5368293922549128,0.2601310387865923,0.685738870500298,1.0,"Let go: exclude from paid marketing spend, low-cost win-back only"
15916,16,13,3377.69,5,5,5,1,VIP,VIP,1.8479388565396329,0.00965793123099056,0.07599795019875695,0.0,"Court: white-glove service, early access, loyalty rewards"
15917,248,5,530.17,2,4,2,3,At Risk,At Risk,-0.16670138069331975,0.15181759704634765,0.5950122454769434,1.0,"Win back: targeted discount, re-engagement email flow"
15918,191,3,582.88,2,3,2,2,At Risk,One-Time Buyer,-0.30286469312191006,-0.22272642398277825,0.49596788079274706,0.0,"Convert: post-purchase follow-up, incentivize 2nd order"
15919,20,2,739.77,4,2,3,2,New Customer,One-Time Buyer,-0.018390797148793273,-0.9894571067997686,0.6470989051726855,1.0,"Convert: post-purchase follow-up, incentivize 2nd order"
15920,154,8,565.19,3,4,2,4,Needs Attention,Loyal Customer,0.39282714088960885,-0.06348344284523481,0.5048833608500173,1.0,"Court: upsell/cross-sell, referral incentives"
15921,173,4,765.61,3,4,3,4,Loyal Customer,Loyal Customer,0.031501633942226576,-0.13695768363609798,0.5063156598808344,1.0,"Court: upsell/cross-sell, referral incentives"
15922,373,1,739.0,2,1,3,3,One-Time Buyer,At Risk,-1.155521863031982,0.32656396475269733,0.7162269708183412,1.0,"Win back: targeted discount, re-engagement email flow"
15923,373,1,254.16,2,1,1,0,One-Time Buyer,Lost / Let Go,-1.6282825594169166,0.04335660766683216,0.7677159920075454,1.0,"Let go: exclude from paid marketing spend, low-cost win-back only"
15924,731,1,102.82,1,1,1,0,One-Time Buyer,Lost / Let Go,-2.8644795142018653,1.3025438658183315,0.9267963460405573,1.0,"Let go: exclude from paid marketing spend, low-cost win-back only"
15925,194,1,207.15,2,1,1,2,One-Time Buyer,One-Time Buyer,-1.3002307731071243,-0.7599895296888007,0.3236933725698151,0.0,"Convert: post-purchase follow-up, incentivize 2nd order"
15926,542,1,134.44,1,1,1,0,One-Time Buyer,Lost / Let Go,-2.304587574606287,0.5822231890818417,0.8954849516511524,1.0,"Let go: exclude from paid marketing spend, low-cost win-back only"
15927,647,1,106.54,1,1,1,0,One-Time Buyer,Lost / Let Go,-2.6524735902854197,0.9603353683157414,0.9495971569054485,1.0,"Let go: exclude from paid marketing spend, low-cost win-back only"
15928,656,1,293.53,1,1,2,0,One-Time Buyer,Lost / Let Go,-2.2261686547259747,1.2659859680081735,0.9134671024313135,1.0,"Let go: exclude from paid marketing spend, low-cost win-back only"
15929,644,1,594.0,1,1,2,0,One-Time Buyer,Lost / Let Go,-1.885897952643642,1.4027950803707439,0.8608948080794679,1.0,"Let go: exclude from paid marketing spend, low-cost win-back only"
15930,67,1,426.63,3,1,2,2,One-Time Buyer,One-Time Buyer,-0.6836456798941705,-1.1000260011898226,,,"Convert: post-purchase follow-up, incentivize 2nd order"
15931,428,1,239.9,1,1,1,0,One-Time Buyer,Lost / Let Go,-1.7823957769072185,0.25825633918215496,0.7269843964682209,1.0,"Let go: exclude from paid marketing spend, low-cost win-back only"
15932,4,8,2495.87,5,5,4,4,VIP,Loyal Customer,1.4023426623678792,-0.29660924104439085,0.10487747974703267,0.0,"Court: upsell/cross-sell, referral incentives"
15933,21,3,1107.46,4,3,3,4,Loyal Customer,Loyal Customer,0.3791833873284661,-0.7637384627580575,,,"Court: upsell/cross-sell, referral incentives"
15934,418,2,2190.66,1,2,4,3,Needs Attention,At Risk,-0.4672089345107885,0.9648431893315799,0.5180230684705661,1.0,"Win back: targeted discount, re-engagement email flow"
15935,239,1,108.03999999999999,2,1,1,2,One-Time Buyer,One-Time Buyer,-1.6925018519195754,-0.7436167097598654,0.6362629978087324,1.0,"Convert: post-purchase follow-up, incentivize 2nd order"
15936,379,2,282.79,2,2,1,0,Lost / Let Go,Lost / Let Go,-1.283665204288691,0.25789714106731804,0.6919730250495612,1.0,"Let go: exclude from paid marketing spend, low-cost win-back only"
15937,64,1,145.35,3,1,1,2,One-Time Buyer,One-Time Buyer,-1.1527221201986648,-1.3977838282592772,,,"Convert: post-purchase follow-up, incentivize 2nd order"
15938,112,9,734.81,3,5,3,4,Loyal Customer,Loyal Customer,0.6882877961933718,-0.12769782096156967,0.292097424715975,0.0,"Court: upsell/cross-sell, referral incentives"
15939,90,15,9004.84,3,5,5,1,Loyal Customer,VIP,2.212801646299562,0.6332105469370051,0.040235836144513766,0.0,"Court: white-glove service, early access, loyalty rewards"
15940,311,1,35.8,2,1,1,0,One-Time Buyer,Lost / Let Go,-2.343111276332466,-0.7311837929570315,0.8497764932184482,1.0,"Let go: exclude from paid marketing spend, low-cost win-back only"
15941,637,1,405.0,1,1,2,0,One-Time Buyer,Lost / Let Go,-2.0392365336704903,1.2718366938249552,0.9269393048806336,1.0,"Let go: exclude from paid marketing spend, low-cost win-back only"
15942,134,1,337.44,3,1,2,2,One-Time Buyer,One-Time Buyer,-0.9441364790940285,-0.88182167764527,,,"Convert: post-purchase follow-up, incentivize 2nd order"
15943,650,2,271.28999999999996,1,2,1,0,Lost / Let Go,Lost / Let Go,-1.935575508565477,1.3811331956667192,0.8616596170927219,1.0,"Let go: exclude from paid marketing spend, low-cost win-back only"
15944,277,4,2164.24,2,4,4,3,Win-Back Priority,At Risk,0.24938691441886562,0.5744940233007564,0.5301882624307503,1.0,"Win back: targeted discount, re-engagement email flow"
15945,365,4,827.27,2,4,3,3,At Risk,At Risk,-0.3830066637539098,0.6872126068919373,0.5903338083042542,1.0,"Win back: targeted discount, re-engagement email flow"
15946,503,3,2304.18,1,3,4,3,At Risk,At Risk,-0.4225387696983118,1.4483653081647132,0.58052879357632,1.0,"Win back: targeted discount, re-engagement email flow"
15947,83,1,1708.24,3,1,4,2,One-Time Buyer,One-Time Buyer,-0.10585832132374921,-0.6645289466541063,,,"Convert: post-purchase follow-up, incentivize 2nd order"
15948,8,3,1509.0900000000001,5,3,4,4,Loyal Customer,Loyal Customer,0.5468606700548748,-0.7359073022218813,0.7093559073131714,1.0,"Court: upsell/cross-sell, referral incentives"
15949,17,2,364.72,5,2,2,2,New Customer,One-Time Buyer,-0.32476743983138323,-1.1897495987953726,,,"Convert: post-purchase follow-up, incentivize 2nd order"
15950,32,10,7120.91,4,5,5,1,VIP,VIP,1.9563947436369475,0.1791197482895837,0.2346483709044109,0.0,"Court: white-glove service, early access, loyalty rewards"
15951,9,3,1013.17,5,3,3,4,Loyal Customer,Loyal Customer,0.36776423145035747,-0.8376092058667677,0.4091157716757929,0.0,"Court: upsell/cross-sell, referral incentives"
15952,34,4,781.91,4,4,3,4,Loyal Customer,Loyal Customer,0.3657971984428199,-0.7131298305675091,0.29087466642635457,0.0,"Court: upsell/cross-sell, referral incentives"
15953,15,18,3648.08,5,5,5,1,VIP,VIP,2.1190148133307933,0.14731657078402544,0.05210580492777902,0.0,"Court: white-glove service, early access, loyalty rewards"
15954,589,1,187.8,1,1,1,0,One-Time Buyer,Lost / Let Go,-2.2669828845588893,0.8672848273602555,0.9096891769652222,1.0,"Let go: exclude from paid marketing spend, low-cost win-back only"
15955,24,22,8658.36,4,5,5,1,VIP,VIP,2.6284146877336485,0.4907684328525525,0.049522990568389345,0.0,"Court: white-glove service, early access, loyalty rewards"
15956,551,2,617.6,1,2,3,0,Needs Attention,Lost / Let Go,-1.339785265184173,1.1850431246474917,0.6839594836088315,1.0,"Let go: exclude from paid marketing spend, low-cost win-back only"
15957,32,3,921.25,4,3,3,4,Loyal Customer,Loyal Customer,0.27181000461739235,-0.7666162468062373,0.6493962533986617,1.0,"Court: upsell/cross-sell, referral incentives"
15958,74,4,462.12,3,4,2,2,Needs Attention,One-Time Buyer,0.03916757822398972,-0.685363693056303,0.6682188823437598,1.0,"Convert: post-purchase follow-up, incentivize 2nd order"
15959,682,3,542.89,1,3,2,0,At Risk,Lost / Let Go,-1.4822248959823487,1.8134257983381707,0.7289146255841795,1.0,"Let go: exclude from paid marketing spend, low-cost win-back only"
15960,374,4,410.95,2,4,2,3,At Risk,At Risk,-0.7141578991437267,0.5391089881747794,0.7502197308660102,1.0,"Win back: targeted discount, re-engagement email flow"
15961,379,1,451.28999999999996,2,1,2,0,One-Time Buyer,Lost / Let Go,-1.3881451482026912,0.22072600344719664,0.7934535852962433,1.0,"Let go: exclude from paid marketing spend, low-cost win-back only"
15962,449,1,289.48,1,1,2,0,One-Time Buyer,Lost / Let Go,-1.7483923506352554,0.39592876464140764,0.6842059761088677,1.0,"Let go: exclude from paid marketing spend, low-cost win-back only"
15963,20,2,470.76,4,2,2,2,New Customer,One-Time Buyer,-0.21873558060829398,-1.109473675569916,,,"Convert: post-purchase follow-up, incentivize 2nd order"
15964,663,1,269.21000000000004,1,1,1,0,One-Time Buyer,Lost / Let Go,-2.280798402128278,1.2723609001713063,0.9260618230018948,1.0,"Let go: exclude from paid marketing spend, low-cost win-back only"
15965,17,13,2928.13,5,5,4,1,VIP,VIP,1.7822045706884557,-0.02413435996020534,0.22185177689566715,0.0,"Court: white-glove service, early access, loyalty rewards"
15966,451,1,426.53000000000003,1,1,2,0,One-Time Buyer,Lost / Let Go,-1.581463770909417,0.5070990349025192,0.6947029214708382,1.0,"Let go: exclude from paid marketing spend, low-cost win-back only"
15967,23,12,2966.0,4,5,5,1,VIP,VIP,1.7169611246792535,-0.025057764560930305,0.1674477229876322,0.0,"Court: white-glove service, early access, loyalty rewards"
15968,388,1,401.8,2,1,2,0,One-Time Buyer,Lost / Let Go,-1.4606383776401248,0.22757149707170665,0.6867639484691987,1.0,"Let go: exclude from paid marketing spend, low-cost win-back only"
15969,3,5,1127.05,5,4,3,4,Loyal Customer,Loyal Customer,0.7404689927376096,-0.6732730044125548,0.29637974121514016,0.0,"Court: upsell/cross-sell, referral incentives"
15970,304,2,1017.32,2,2,3,3,Needs Attention,At Risk,-0.5410336729743541,0.28383255538464003,0.6494520542910028,1.0,"Win back: targeted discount, re-engagement email flow"
15971,18,18,5897.88,5,5,5,1,VIP,VIP,2.325252431827318,0.28762076722597035,0.10865782169499011,0.0,"Court: white-glove service, early access, loyalty rewards"
15972,456,5,1769.33,1,4,4,3,Win-Back Priority,At Risk,-0.11845018069240142,1.3425774869889526,0.5783753096744636,1.0,"Win back: targeted discount, re-engagement email flow"
15973,367,2,973.44,2,2,3,3,Needs Attention,At Risk,-0.7078718933065451,0.5357961031372201,0.6814709542579506,1.0,"Win back: targeted discount, re-engagement email flow"
15974,39,7,3442.15,4,4,5,4,VIP,Loyal Customer,1.3727349284851136,-0.11145778853919382,0.0930876620274235,0.0,"Court: upsell/cross-sell, referral incentives"
15975,84,1,371.01,3,1,2,2,One-Time Buyer,One-Time Buyer,-0.7852551174562936,-1.0659358449994385,,,"Convert: post-purchase follow-up, incentivize 2nd order"
15976,165,6,1680.31,3,4,4,4,Loyal Customer,Loyal Customer,0.6573403309806313,0.1721717418234465,0.14995363428489153,0.0,"Court: upsell/cross-sell, referral incentives"
15977,17,2,1054.73,5,2,3,2,New Customer,One-Time Buyer,0.14593321898581368,-0.9077763074842594,,,"Convert: post-purchase follow-up, incentivize 2nd order"
15978,77,3,3279.42,3,3,5,4,Loyal Customer,Loyal Customer,0.730014308214152,-0.24076603766009935,0.46846299746363135,0.0,"Court: upsell/cross-sell, referral incentives"
15979,603,1,329.22,1,1,2,0,One-Time Buyer,Lost / Let Go,-2.051480641538908,1.0745832532636999,0.8782896770735535,1.0,"Let go: exclude from paid marketing spend, low-cost win-back only"
15980,89,7,6543.68,3,4,5,4,Loyal Customer,Loyal Customer,1.5410155891707042,0.26864283113548193,0.13248024420150764,0.0,"Court: upsell/cross-sell, referral incentives"
15981,25,21,9362.77,4,5,5,1,VIP,VIP,2.626659231383684,0.4980892368972126,0.015748894204030944,0.0,"Court: white-glove service, early access, loyalty rewards"
15982,605,1,324.51,1,1,2,0,One-Time Buyer,Lost / Let Go,-2.062534804806344,1.079132938024666,0.8615822044880757,1.0,"Let go: exclude from paid marketing spend, low-cost win-back only"
15983,22,8,3924.02,4,5,5,4,VIP,Loyal Customer,1.5611015789581726,-0.10095954684207614,0.24678446142815033,0.0,"Court: upsell/cross-sell, referral incentives"
15984,3,30,8515.72,5,5,5,1,VIP,VIP,2.8993980721941455,0.5170866226068588,0.013226331157545878,0.0,"Court: white-glove service, early access, loyalty rewards"
15985,123,7,2715.28,3,4,4,4,Loyal Customer,Loyal Customer,1.071075446760228,0.17704373341651283,0.08489277546108172,0.0,"Court: upsell/cross-sell, referral incentives"
15986,30,2,354.42,4,2,2,2,New Customer,One-Time Buyer,-0.3678431237318219,-1.1429381552360431,0.6775439724129058,1.0,"Convert: post-purchase follow-up, incentivize 2nd order"
15987,12,8,1649.47,5,5,4,4,VIP,Loyal Customer,1.1998311889239108,-0.3732370348772426,0.17739619221206132,0.0,"Court: upsell/cross-sell, referral incentives"
15988,19,3,736.39,5,3,3,4,Loyal Customer,Loyal Customer,0.20287725181026817,-0.8805263590447406,0.5254695637679507,1.0,"Court: upsell/cross-sell, referral incentives"
15989,376,2,368.31,2,2,2,3,Lost / Let Go,At Risk,-1.159699518225818,0.31540127746770963,0.7321556349748858,1.0,"Win back: targeted discount, re-engagement email flow"
15990,44,7,1997.75,4,4,4,4,VIP,Loyal Customer,1.1195661397258136,-0.23518937781727284,0.1797293992077463,0.0,"Court: upsell/cross-sell, referral incentives"
15991,534,1,150.55,1,1,1,0,One-Time Buyer,Lost / Let Go,-2.235984631396235,0.5786330603403486,0.9068896956918051,1.0,"Let go: exclude from paid marketing spend, low-cost win-back only"
15992,4,3,896.6,5,3,3,4,Loyal Customer,Loyal Customer,0.3252393837666014,-0.8910129282262722,0.554931047522366,1.0,"Court: upsell/cross-sell, referral incentives"
15993,9,7,2768.97,5,4,4,4,VIP,Loyal Customer,1.3462750004081423,-0.29488385263007044,,,"Court: upsell/cross-sell, referral incentives"
15994,55,3,1175.68,4,3,3,4,Loyal Customer,Loyal Customer,0.32621670439143124,-0.605549554969328,0.57607229821054,1.0,"Court: upsell/cross-sell, referral incentives"
15995,414,1,694.54,1,1,3,3,One-Time Buyer,At Risk,-1.278882978397992,0.4816839680746642,0.635046253928156,1.0,"Win back: targeted discount, re-engagement email flow"
15996,88,7,1649.65,3,4,4,4,Loyal Customer,Loyal Customer,0.9317410367398444,-0.10192901065065818,0.25136431323259906,0.0,"Court: upsell/cross-sell, referral incentives"
15998,37,16,8274.14,4,5,5,1,VIP,VIP,2.345698314736795,0.4129723167880098,0.04517665531815643,0.0,"Court: white-glove service, early access, loyalty rewards"
15999,736,1,20.4,1,1,1,0,One-Time Buyer,Lost / Let Go,-3.577374530926295,0.9034132194683681,0.8937553380950046,1.0,"Let go: exclude from paid marketing spend, low-cost win-back only"
16000,3,3,12393.7,5,3,5,4,Loyal Customer,Loyal Customer,1.493228813605817,-0.19691454866901342,,,"Court: upsell/cross-sell, referral incentives"
16001,381,1,583.39,2,1,2,3,One-Time Buyer,At Risk,-1.2790461509015592,0.2972534547829696,0.6809743483529093,1.0,"Win back: targeted discount, re-engagement email flow"
16002,625,1,169.21,1,1,1,0,One-Time Buyer,Lost / Let Go,-2.3971672748273636,0.9903881401731106,0.8903660015959144,1.0,"Let go: exclude from paid marketing spend, low-cost win-back only"
16003,30,10,5613.83,4,5,5,1,VIP,VIP,1.8555011590446189,0.1075077505116652,0.29707811209571766,0.0,"Court: white-glove service, early access, loyalty rewards"
16004,475,5,2146.39,1,4,4,3,Win-Back Priority,At Risk,-0.07713625986674859,1.4734575824539689,0.5438583566361733,1.0,"Win back: targeted discount, re-engagement email flow"
16005,12,10,2365.07,5,5,4,4,VIP,Loyal Customer,1.513879057494738,-0.19768615858989563,0.07656183396922006,0.0,"Court: upsell/cross-sell, referral incentives"
16006,211,2,332.82,2,2,2,2,Lost / Let Go,One-Time Buyer,-0.8188229477288624,-0.4020603922425174,0.543454434234648,1.0,"Convert: post-purchase follow-up, incentivize 2nd order"
16007,48,7,3053.06,4,4,5,4,VIP,Loyal Customer,1.298451688573555,-0.10568460092364221,0.08770065186696624,0.0,"Court: upsell/cross-sell, referral incentives"
16008,24,15,5339.13,4,5,5,1,VIP,VIP,2.135047860746012,0.2179666019537767,0.020950407574259738,0.0,"Court: white-glove service, early access, loyalty rewards"
16009,22,4,972.11,4,4,3,4,Loyal Customer,Loyal Customer,0.49041315179023054,-0.705508723678441,,,"Court: upsell/cross-sell, referral incentives"
16010,246,11,1694.86,2,5,4,4,Win-Back Priority,Loyal Customer,0.8857932435113508,0.7276913057441367,0.2936224998961259,0.0,"Court: upsell/cross-sell, referral incentives"
16011,8,29,5837.26,5,5,5,1,VIP,VIP,2.6948677130169134,0.4245474023517278,0.02300172099751671,0.0,"Court: white-glove service, early access, loyalty rewards"
16012,35,5,2978.59,4,4,5,4,VIP,Loyal Customer,1.0969214213479808,-0.28099320694465973,0.3751369019277713,0.0,"Court: upsell/cross-sell, referral incentives"
16013,4,84,57140.44,5,5,5,1,VIP,VIP,4.516954534242055,1.4284392652977462,0.021798149093288657,0.0,"Court: white-glove service, early access, loyalty rewards"
16014,38,5,1100.28,4,4,3,4,Loyal Customer,Loyal Customer,0.6479822112158334,-0.5331727754998463,0.3664384903327759,0.0,"Court: upsell/cross-sell, referral incentives"
16015,4,3,704.26,5,3,3,4,Loyal Customer,Loyal Customer,0.21816352410715936,-0.9551567359787602,,,"Court: upsell/cross-sell, referral incentives"
16016,3,11,2446.42,5,5,4,4,VIP,Loyal Customer,1.6167595588850274,-0.19178267705697213,0.08522745091420372,0.0,"Court: upsell/cross-sell, referral incentives"
16017,47,5,1545.58,4,4,4,4,VIP,Loyal Customer,0.7777148029537377,-0.40518387721516136,0.5528000323104937,1.0,"Court: upsell/cross-sell, referral incentives"
16018,39,4,698.13,4,4,3,4,Loyal Customer,Loyal Customer,0.30385502792772423,-0.7223070891418515,0.5713771643223344,1.0,"Court: upsell/cross-sell, referral incentives"
16019,47,27,17329.16,4,5,5,1,VIP,VIP,3.0337886407123458,0.8497508307549416,0.018409276732096337,0.0,"Court: white-glove service, early access, loyalty rewards"
16020,17,3,851.01,5,3,3,4,Loyal Customer,Loyal Customer,0.2717035830978769,-0.8504676189869237,,,"Court: upsell/cross-sell, referral incentives"
16021,395,2,487.03,2,2,2,3,Lost / Let Go,At Risk,-1.0803549273236326,0.469063650822869,0.6229294157934225,1.0,"Win back: targeted discount, re-engagement email flow"
16022,260,1,602.63,2,1,2,2,One-Time Buyer,One-Time Buyer,-0.9817899919561913,-0.20056200847069264,0.593227228726179,1.0,"Convert: post-purchase follow-up, incentivize 2nd order"
16023,46,3,719.81,4,3,3,2,Loyal Customer,One-Time Buyer,0.12965940074453172,-0.773569805674988,0.24621436232989613,0.0,"Convert: post-purchase follow-up, incentivize 2nd order"
16024,12,3,478.71,5,3,2,2,Needs Attention,One-Time Buyer,0.02834757908489682,-1.0241792718478824,0.666900847064139,1.0,"Convert: post-purchase follow-up, incentivize 2nd order"
16025,30,1,439.65999999999997,4,1,2,2,One-Time Buyer,One-Time Buyer,-0.5838201805933437,-1.2469016529699188,,,"Convert: post-purchase follow-up, incentivize 2nd order"
16026,43,1,236.09,4,1,1,2,One-Time Buyer,One-Time Buyer,-0.8894221325804132,-1.3573566046903967,,,"Convert: post-purchase follow-up, incentivize 2nd order"
16027,92,15,2048.36,3,5,4,1,Loyal Customer,VIP,1.5508420904279212,0.24783527101071784,0.13660660693461546,0.0,"Court: white-glove service, early access, loyalty rewards"
16028,596,1,82.2,1,1,1,0,One-Time Buyer,Lost / Let Go,-2.647185023490299,0.6786255757383488,0.924057416250657,1.0,"Let go: exclude from paid marketing spend, low-cost win-back only"
16029,39,106,113892.39,4,5,5,1,VIP,VIP,4.918171221646177,1.849863369268068,0.048085230739403545,0.0,"Court: white-glove service, early access, loyalty rewards"
16030,310,1,331.24,2,1,2,2,One-Time Buyer,One-Time Buyer,-1.3637981897993379,-0.15011200156782656,0.7492598611942533,1.0,"Convert: post-purchase follow-up, incentivize 2nd order"
16031,92,2,547.9,3,2,2,2,Needs Attention,One-Time Buyer,-0.3198139546131043,-0.7678441110492001,0.48466444472124776,0.0,"Convert: post-purchase follow-up, incentivize 2nd order"
16032,456,6,1965.72,1,4,4,3,Win-Back Priority,At Risk,0.046658864700989094,1.4318227643653347,0.4739293905630574,0.0,"Win back: targeted discount, re-engagement email flow"
16033,6,27,10764.45,5,5,5,1,VIP,VIP,2.9182437293221386,0.551514140815645,0.03787705488392387,0.0,"Court: white-glove service, early access, loyalty rewards"
16034,196,6,911.3199999999999,2,4,3,4,At Risk,Loyal Customer,0.31343033535713427,0.13931349597202294,0.36142342148600887,0.0,"Court: upsell/cross-sell, referral incentives"
16035,560,1,217.73,1,1,1,0,One-Time Buyer,Lost / Let Go,-2.1338511874942134,0.7850479885688929,0.9136915171122583,1.0,"Let go: exclude from paid marketing spend, low-cost win-back only"
16036,87,4,2556.84,3,4,4,4,Loyal Customer,Loyal Customer,0.7675542046330327,-0.17640765146928888,0.5053115674787036,1.0,"Court: upsell/cross-sell, referral incentives"
16037,270,5,1509.34,2,4,4,3,Win-Back Priority,At Risk,0.2458579922772207,0.521849853311088,0.30756615647018803,0.0,"Win back: targeted discount, re-engagement email flow"
16038,8,3,471.78000000000003,5,3,2,2,Needs Attention,One-Time Buyer,0.031237760045362096,-1.0447912739931235,0.30130805591280146,0.0,"Convert: post-purchase follow-up, incentivize 2nd order"
16039,424,2,456.4,1,2,2,3,Lost / Let Go,At Risk,-1.1769309712459726,0.5731991584167646,0.6827850508310053,1.0,"Win back: targeted discount, re-engagement email flow"
16040,65,7,2416.9,3,4,4,4,Loyal Customer,Loyal Customer,1.1550013077317811,-0.09665926728475291,0.17950563571329667,0.0,"Court: upsell/cross-sell, referral incentives"
16041,31,3,3166.4,4,3,5,4,Loyal Customer,Loyal Customer,0.8219859284054634,-0.4426191289626467,,,"Court: upsell/cross-sell, referral incentives"
16042,22,8,2245.32,4,5,4,4,VIP,Loyal Customer,1.313310945396917,-0.24939855832956234,0.4333870957011293,0.0,"Court: upsell/cross-sell, referral incentives"
16043,38,8,1856.5900000000001,4,5,4,4,VIP,Loyal Customer,1.1915389038589446,-0.2329726540485966,0.0910129776144635,0.0,"Court: upsell/cross-sell, referral incentives"
16044,435,1,340.84000000000003,1,1,2,0,One-Time Buyer,Lost / Let Go,-1.6433752536106963,0.3806374913693865,0.7315303013601069,1.0,"Let go: exclude from paid marketing spend, low-cost win-back only"
16045,120,8,3434.9300000000003,3,5,5,4,Loyal Customer,Loyal Customer,1.2729072665974341,0.27381006558317855,0.06908435090925664,0.0,"Court: upsell/cross-sell, referral incentives"
16046,562,1,235.78,1,1,1,0,One-Time Buyer,Lost / Let Go,-2.1033199755906513,0.8145093977723946,0.8803647638853828,1.0,"Let go: exclude from paid marketing spend, low-cost win-back only"
16048,373,4,1075.23,2,4,3,3,At Risk,At Risk,-0.28543234601082407,0.7903512455712928,0.5608871268212833,1.0,"Win back: targeted discount, re-engagement email flow"
16049,40,6,1852.15,4,4,4,4,VIP,Loyal Customer,0.9927729667507929,-0.3251174634165592,0.3736863319256811,0.0,"Court: upsell/cross-sell, referral incentives"
16050,174,3,300.7,3,3,2,2,Needs Attention,One-Time Buyer,-0.5562832809864476,-0.4694961653022741,0.7144320748968866,1.0,"Convert: post-purchase follow-up, incentivize 2nd order"
16051,682,1,188.44,1,1,1,0,One-Time Buyer,Lost / Let Go,-2.4828954908403964,1.2574255984936953,0.9570277583227721,1.0,"Let go: exclude from paid marketing spend, low-cost win-back only"
16052,54,1,362.06,4,1,2,2,One-Time Buyer,One-Time Buyer,-0.7259339297748275,-1.1979747204606515,,,"Convert: post-purchase follow-up, incentivize 2nd order"
16053,33,6,3634.84,4,4,5,4,VIP,Loyal Customer,1.3083775698008349,-0.17515537412458856,0.39818927415982974,0.0,"Court: upsell/cross-sell, referral incentives"
16054,145,4,2111.88,3,4,4,4,Loyal Customer,Loyal Customer,0.5471072212220308,0.01551235295474201,0.5262926151086124,1.0,"Court: upsell/cross-sell, referral incentives"
16055,221,1,134.8,2,1,1,2,One-Time Buyer,One-Time Buyer,-1.552975962772225,-0.7605788520193137,0.6289332691184546,1.0,"Convert: post-purchase follow-up, incentivize 2nd order"
16056,45,1,650.75,4,1,3,2,One-Time Buyer,One-Time Buyer,-0.4451083483510999,-1.080018691342924,,,"Convert: post-purchase follow-up, incentivize 2nd order"
16057,16,10,3854.85,5,5,5,1,VIP,VIP,1.7213636598219046,-0.05104911496385758,0.14874421115319442,0.0,"Court: white-glove service, early access, loyalty rewards"
16058,406,1,62.7,2,1,1,0,One-Time Buyer,Lost / Let Go,-2.321581258947502,-0.1876313043047691,0.8941457683561244,1.0,"Let go: exclude from paid marketing spend, low-cost win-back only"
16059,66,12,3171.82,3,5,5,1,Loyal Customer,VIP,1.6462151372054297,0.17275302072980755,0.08172863608045614,0.0,"Court: white-glove service, early access, loyalty rewards"
16060,401,3,541.95,2,3,2,3,At Risk,At Risk,-0.8260718289456008,0.6368729577554679,0.5213991782965205,1.0,"Win back: targeted discount, re-engagement email flow"
16061,431,1,89.65,1,1,1,0,One-Time Buyer,Lost / Let Go,-2.223371012002749,0.010847590915678908,0.8785932333602995,1.0,"Let go: exclude from paid marketing spend, low-cost win-back only"
16062,10,8,2863.45,5,5,4,4,VIP,Loyal Customer,1.4492951033228965,-0.2349673269988326,0.08521579006897705,0.0,"Court: upsell/cross-sell, referral incentives"
16063,260,1,335.32,2,1,2,2,One-Time Buyer,One-Time Buyer,-1.241488990472347,-0.3561347275440251,0.6674095074292231,1.0,"Convert: post-purchase follow-up, incentivize 2nd order"
16064,725,1,109.31,1,1,1,0,One-Time Buyer,Lost / Let Go,-2.8235299369275357,1.2935596673054053,0.9620799231676913,1.0,"Let go: exclude from paid marketing spend, low-cost win-back only"
16065,365,8,2359.27,2,5,4,3,Win-Back Priority,At Risk,0.5334170623399322,1.1993494943461405,0.2537217998699032,0.0,"Win back: targeted discount, re-engagement email flow"
16066,17,5,1521.04,5,4,4,4,VIP,Loyal Customer,0.8407470570360738,-0.5349996378629026,,,"Court: upsell/cross-sell, referral incentives"
16067,563,3,3269.11,1,3,5,3,At Risk,At Risk,-0.4075529513507614,1.7924930460304063,0.6504567297045593,1.0,"Win back: targeted discount, re-engagement email flow"
16068,594,1,115.73,1,1,1,0,One-Time Buyer,Lost / Let Go,-2.492161429016165,0.7603207975971269,0.9104011873762162,1.0,"Let go: exclude from paid marketing spend, low-cost win-back only"
16069,418,1,457.7,1,1,2,0,One-Time Buyer,Lost / Let Go,-1.4730708135710782,0.3876990854099852,0.7728672105334875,1.0,"Let go: exclude from paid marketing spend, low-cost win-back only"
16070,22,2,852.15,4,2,3,2,New Customer,One-Time Buyer,0.03964747363376738,-0.9435175903722615,,,"Convert: post-purchase follow-up, incentivize 2nd order"
16071,45,4,1076.8,4,4,3,4,Loyal Customer,Loyal Customer,0.4820124855470415,-0.5820667926799002,0.5323896465384573,1.0,"Court: upsell/cross-sell, referral incentives"
16072,288,4,4180.09,2,4,5,3,Win-Back Priority,At Risk,0.5158458956070086,0.7955605658064376,0.21897779641575918,0.0,"Win back: targeted discount, re-engagement email flow"
16073,297,1,122.39999999999999,2,1,1,0,One-Time Buyer,Lost / Let Go,-1.7731631856421157,-0.4679580935825302,0.7844332709108557,1.0,"Let go: exclude from paid marketing spend, low-cost win-back only"
16074,390,1,252.5,2,1,1,0,One-Time Buyer,Lost / Let Go,-1.6709231409683505,0.1127720647734462,0.7386548126547586,1.0,"Let go: exclude from paid marketing spend, low-cost win-back only"
16075,503,2,736.9300000000001,1,2,3,3,Needs Attention,At Risk,-1.1492525284802353,1.0310614003861105,0.6572800078459904,1.0,"Win back: targeted discount, re-engagement email flow"
16076,3,10,2234.73,5,5,4,4,VIP,Loyal Customer,1.5097606604727598,-0.2504258570785794,0.25234094138636287,0.0,"Court: upsell/cross-sell, referral incentives"
16077,626,1,2300.4,1,1,4,3,One-Time Buyer,At Risk,-1.2432041235074685,1.6872557584604424,0.8893814566047733,1.0,"Win back: targeted discount, re-engagement email flow"
16078,284,2,362.99,2,2,2,2,Lost / Let Go,One-Time Buyer,-0.9510646908586796,-0.07351340672050567,0.7873939043537984,1.0,"Convert: post-purchase follow-up, incentivize 2nd order"
16079,17,3,1352.0,5,3,4,4,Loyal Customer,Loyal Customer,0.47704857894111846,-0.7274556723334293,,,"Court: upsell/cross-sell, referral incentives"
16080,82,4,602.5600000000001,3,4,2,4,Needs Attention,Loyal Customer,0.1380645803923147,-0.5814327000987787,0.5141704861818527,1.0,"Court: upsell/cross-sell, referral incentives"
16081,56,8,4436.56,4,5,5,4,VIP,Loyal Customer,1.5361108846719709,0.07398838061189103,0.11307400904818794,0.0,"Court: upsell/cross-sell, referral incentives"
16082,670,1,106.75,1,1,1,0,One-Time Buyer,Lost / Let Go,-2.7053767387636762,1.0571180815029688,0.9628587821741924,1.0,"Let go: exclude from paid marketing spend, low-cost win-back only"
16083,101,4,2351.42,3,4,4,4,Loyal Customer,Loyal Customer,0.6976534036834513,-0.1400799564344451,0.31955574095165123,0.0,"Court: upsell/cross-sell, referral incentives"
16084,299,1,436.18,2,1,2,2,One-Time Buyer,One-Time Buyer,-1.2162080660447447,-0.12314237353042494,0.747323779823981,1.0,"Convert: post-purchase follow-up, incentivize 2nd order"
16085,23,12,2324.71,4,5,4,4,VIP,Loyal Customer,1.6088338709616998,-0.089831410061629,0.143004593681715,0.0,"Court: upsell/cross-sell, referral incentives"
16086,59,10,2864.9900000000002,4,5,4,4,VIP,Loyal Customer,1.489111398468069,0.050011315806923626,0.12071966169238775,0.0,"Court: upsell/cross-sell, referral incentives"
16087,389,5,1739.92,2,4,4,3,Win-Back Priority,At Risk,0.03074413117537526,1.057700988131851,0.4942380914359354,0.0,"Win back: targeted discount, re-engagement email flow"
16088,576,2,1437.43,1,2,4,3,Needs Attention,At Risk,-1.0235554317148154,1.5141266817290688,0.7527153257305031,1.0,"Win back: targeted discount, re-engagement email flow"
16089,386,2,263.49,2,2,1,0,Lost / Let Go,Lost / Let Go,-1.3313016865278013,0.26846138964235494,0.6732377670771377,1.0,"Let go: exclude from paid marketing spend, low-cost win-back only"
16090,624,1,180.56,1,1,1,0,One-Time Buyer,Lost / Let Go,-2.3661673961715493,1.0033727801848322,0.9461696013992179,1.0,"Let go: exclude from paid marketing spend, low-cost win-back only"
16091,155,2,315.06,3,2,2,2,Needs Attention,One-Time Buyer,-0.7121800892683705,-0.6509830899087728,0.30333447992399876,0.0,"Convert: post-purchase follow-up, incentivize 2nd order"
16092,115,6,1587.94,3,4,4,4,Loyal Customer,Loyal Customer,0.7491410884779629,-0.052127070226435555,0.14572231058517823,0.0,"Court: upsell/cross-sell, referral incentives"
16093,107,1,17.0,3,1,1,2,One-Time Buyer,One-Time Buyer,-2.1837216206957746,-1.7752130357075135,,,"Convert: post-purchase follow-up, incentivize 2nd order"
16094,12,11,3695.56,5,5,5,1,VIP,VIP,1.778813799465802,-0.04443149079986749,0.07369819887948423,0.0,"Court: white-glove service, early access, loyalty rewards"
16095,456,1,447.05,1,1,2,0,One-Time Buyer,Lost / Let Go,-1.5723375418918561,0.5404953103758927,0.7645660825847428,1.0,"Let go: exclude from paid marketing spend, low-cost win-back only"
16096,264,4,1584.97,2,4,4,3,Win-Back Priority,At Risk,0.14154333984294323,0.4372743781855863,0.4090050994768852,0.0,"Win back: targeted discount, re-engagement email flow"
16097,240,1,185.04999999999998,2,1,1,2,One-Time Buyer,One-Time Buyer,-1.4576063752157136,-0.5973167023196203,0.4372638443208851,0.0,"Convert: post-purchase follow-up, incentivize 2nd order"
16098,88,14,4441.3,3,5,5,1,Loyal Customer,VIP,1.8541267115648126,0.41122035494530196,0.0640341170965303,0.0,"Court: white-glove service, early access, loyalty rewards"
16099,50,7,1573.2,4,4,4,4,VIP,Loyal Customer,0.9995216646417122,-0.2735869881961822,0.3017301224261778,0.0,"Court: upsell/cross-sell, referral incentives"
16100,463,1,582.64,1,1,2,0,One-Time Buyer,Lost / Let Go,-1.471315747847042,0.6401133188282753,0.7238854039312279,1.0,"Let go: exclude from paid marketing spend, low-cost win-back only"
16101,71,4,3229.16,3,4,5,4,Loyal Customer,Loyal Customer,0.9085762376608818,-0.18130184582711337,0.41844331138344976,0.0,"Court: upsell/cross-sell, referral incentives"
16102,42,3,1842.14,4,3,4,4,Loyal Customer,Loyal Customer,0.555866779372906,-0.540593585116309,,,"Court: upsell/cross-sell, referral incentives"
16103,7,22,6191.71,5,5,5,1,VIP,VIP,2.5192958728143386,0.33044148941453194,0.021431949321911576,0.0,"Court: white-glove service, early access, loyalty rewards"
16104,62,9,2774.46,3,5,4,4,Loyal Customer,Loyal Customer,1.3946413906663888,0.01615132446551984,0.39716698122822935,0.0,"Court: upsell/cross-sell, referral incentives"
16105,249,5,2386.19,2,4,4,4,Win-Back Priority,Loyal Customer,0.49821025216424636,0.5557188391487772,0.12250078320377648,0.0,"Court: upsell/cross-sell, referral incentives"
16106,66,1,108.38,3,1,1,2,One-Time Buyer,One-Time Buyer,-1.2866805661713838,-1.466859970149425,,,"Convert: post-purchase follow-up, incentivize 2nd order"
16107,18,7,3204.1600000000003,5,4,5,4,VIP,Loyal Customer,1.3900267859556332,-0.21840176755447718,0.25540583604144884,0.0,"Court: upsell/cross-sell, referral incentives"
16108,85,4,2235.92,3,4,4,4,Loyal Customer,Loyal Customer,0.7127047764593383,-0.22043689131431882,0.4972321305184843,0.0,"Court: upsell/cross-sell, referral incentives"
16109,219,3,939.48,2,3,3,3,At Risk,At Risk,-0.15666711717394805,0.021256811032937757,0.5485340487282511,1.0,"Win back: targeted discount, re-engagement email flow"
16110,45,4,1781.59,4,4,4,4,VIP,Loyal Customer,0.7054126169174231,-0.44823891472422983,0.3363341003679804,0.0,"Court: upsell/cross-sell, referral incentives"
16111,428,1,549.33,1,1,2,0,One-Time Buyer,Lost / Let Go,-1.4155854677416275,0.4779941029281738,0.7349476816265675,1.0,"Let go: exclude from paid marketing spend, low-cost win-back only"
16112,143,4,195.73999999999998,3,4,1,2,Needs Attention,One-Time Buyer,-0.502256298220907,-0.6242806835145382,0.47576561411168955,0.0,"Convert: post-purchase follow-up, incentivize 2nd order"
16113,183,1,161.38,3,1,1,2,One-Time Buyer,One-Time Buyer,-1.3847707057045857,-0.8720774423106806,0.2879268069712556,0.0,"Convert: post-purchase follow-up, incentivize 2nd order"
16114,171,1,135.75000000000003,3,1,1,2,One-Time Buyer,One-Time Buyer,-1.4329908128670672,-0.9679938001060372,,,"Convert: post-purchase follow-up, incentivize 2nd order"
16115,10,12,2553.8,5,5,4,1,VIP,VIP,1.6809390698862878,-0.11925271884380745,0.10956610548938152,0.0,"Court: white-glove service, early access, loyalty rewards"
16116,212,1,612.78,2,1,3,2,One-Time Buyer,One-Time Buyer,-0.8621718350530129,-0.3970251210492517,0.4594073583755533,0.0,"Convert: post-purchase follow-up, incentivize 2nd order"
16117,190,3,654.4,2,3,3,2,At Risk,One-Time Buyer,-0.24922176579546465,-0.19617746269940242,0.4401137688750858,0.0,"Convert: post-purchase follow-up, incentivize 2nd order"
16118,653,1,4376.25,1,1,5,3,One-Time Buyer,At Risk,-1.0208711611281474,1.971262065332123,0.8109744993642113,1.0,"Win back: targeted discount, re-engagement email flow"
16119,8,8,1720.81,5,5,4,4,VIP,Loyal Customer,1.227970967689779,-0.3787232621502705,0.45173809995591524,0.0,"Court: upsell/cross-sell, referral incentives"
16120,59,6,2967.51,4,4,5,4,VIP,Loyal Customer,1.157559068158818,-0.12027134200278228,0.3752923204513949,0.0,"Court: upsell/cross-sell, referral incentives"
16121,57,5,1450.04,4,4,4,4,VIP,Loyal Customer,0.7260244944911664,-0.38029054969911325,0.2505456762547855,0.0,"Court: upsell/cross-sell, referral incentives"
16122,73,6,1001.34,3,4,3,4,Loyal Customer,Loyal Customer,0.6427612685911259,-0.350459252257338,0.35212767165777914,0.0,"Court: upsell/cross-sell, referral incentives"
16123,52,1,307.78,4,1,2,2,One-Time Buyer,One-Time Buyer,-0.7931604226838407,-1.2494184425563721,,,"Convert: post-purchase follow-up, incentivize 2nd order"
16124,317,4,1772.49,2,4,4,3,Win-Back Priority,At Risk,0.06725925946954342,0.6888240820317786,0.5572480970921123,1.0,"Win back: targeted discount, re-engagement email flow"
16125,367,14,4581.7,2,5,5,1,Win-Back Priority,VIP,1.2156969636158312,1.5872186694346522,0.49770218962219615,0.0,"Court: white-glove service, early access, loyalty rewards"
16126,29,15,14644.6,4,5,5,1,VIP,VIP,2.5713131453271365,0.5072405846040031,0.034940077859460114,0.0,"Court: white-glove service, early access, loyalty rewards"
16127,39,2,801.31,4,2,3,2,New Customer,One-Time Buyer,-0.027375018615294167,-0.8887081200623087,0.7425711497754032,1.0,"Convert: post-purchase follow-up, incentivize 2nd order"
16128,18,11,3801.05,5,5,5,1,VIP,VIP,1.777280368727166,-0.0118350445424843,0.09601249029413023,0.0,"Court: white-glove service, early access, loyalty rewards"
16129,407,3,1396.05,2,3,4,3,At Risk,At Risk,-0.4204671252965276,0.9133655567398299,0.4828959294808824,0.0,"Win back: targeted discount, re-engagement email flow"
16130,422,4,987.48,1,4,3,3,At Risk,At Risk,-0.43774769793290574,0.9728129405485274,0.617249274027243,1.0,"Win back: targeted discount, re-engagement email flow"
16131,52,12,9957.42,4,5,5,1,VIP,VIP,2.186798543138481,0.41838780185461816,0.09481301681769953,0.0,"Court: white-glove service, early access, loyalty rewards"
16132,544,2,664.1999999999999,1,2,3,3,Needs Attention,At Risk,-1.2911729431195333,1.1750634530477422,0.6643702217783674,1.0,"Win back: targeted discount, re-engagement email flow"
16133,4,56,22992.260000000002,5,5,5,1,VIP,VIP,3.805840324298655,1.027496121595913,0.01286087925317117,0.0,"Court: white-glove service, early access, loyalty rewards"
16134,22,5,2145.34,4,4,4,4,VIP,Loyal Customer,0.9816688611079621,-0.422651205892246,0.2653582323024759,0.0,"Court: upsell/cross-sell, referral incentives"
16135,263,2,819.45,2,2,3,3,Needs Attention,At Risk,-0.541114596764532,0.054764582339215356,0.5980128226703604,1.0,"Win back: targeted discount, re-engagement email flow"
16136,60,4,946.8,3,4,3,4,Loyal Customer,Loyal Customer,0.3898756528528734,-0.5534737540168251,0.7630612469167186,1.0,"Court: upsell/cross-sell, referral incentives"
16137,680,1,422.7,1,1,2,0,One-Time Buyer,Lost / Let Go,-2.120814936342707,1.4631583193723967,0.9001369590837438,1.0,"Let go: exclude from paid marketing spend, low-cost win-back only"
16138,379,3,910.35,2,3,3,3,At Risk,At Risk,-0.5446846782056733,0.6825494574041939,0.5350666609074267,1.0,"Win back: targeted discount, re-engagement email flow"
16139,19,5,1111.15,5,4,3,4,Loyal Customer,Loyal Customer,0.6967613745990954,-0.610082597070211,0.3893136762275619,0.0,"Court: upsell/cross-sell, referral incentives"
16140,66,3,1557.6000000000001,3,3,4,4,Loyal Customer,Loyal Customer,0.4253073536845834,-0.48474503360521803,0.5516081803584918,1.0,"Court: upsell/cross-sell, referral incentives"
16141,88,2,955.94,3,2,3,2,Needs Attention,One-Time Buyer,-0.06367279283385463,-0.6367460799672023,0.7202785882624162,1.0,"Convert: post-purchase follow-up, incentivize 2nd order"
16142,250,1,535.34,2,1,2,2,One-Time Buyer,One-Time Buyer,-1.0108906062001102,-0.2738531488150802,0.579562009959799,1.0,"Convert: post-purchase follow-up, incentivize 2nd order"
16143,3,12,4910.83,5,5,5,1,VIP,VIP,1.9875389259596046,0.025315075592423245,0.06731723222672549,0.0,"Court: white-glove service, early access, loyalty rewards"
16144,247,1,175.2,2,1,1,2,One-Time Buyer,One-Time Buyer,-1.4981230516334536,-0.5824873331348256,0.7321582419143697,1.0,"Convert: post-purchase follow-up, incentivize 2nd order"
16145,9,19,6805.4400000000005,5,5,5,1,VIP,VIP,2.449229996100971,0.3084015236846896,0.02566976595632755,0.0,"Court: white-glove service, early access, loyalty rewards"
16146,157,4,946.38,3,4,3,4,Loyal Customer,Loyal Customer,0.16291249593378296,-0.14760945126196826,0.3049942513982905,0.0,"Court: upsell/cross-sell, referral incentives"
16147,134,5,2398.91,3,4,4,4,Loyal Customer,Loyal Customer,0.7694165517989717,0.0758132524055729,0.4619391438304019,0.0,"Court: upsell/cross-sell, referral incentives"
16148,296,2,386.62,2,2,2,3,Lost / Let Go,At Risk,-0.9511906233094037,-0.006558750287218662,0.6835999757367861,1.0,"Win back: targeted discount, re-engagement email flow"
16149,5,3,422.22,5,3,2,2,Needs Attention,One-Time Buyer,-0.010917313751900812,-1.0868018005434317,0.6121755291519184,1.0,"Convert: post-purchase follow-up, incentivize 2nd order"
16150,43,10,4395.59,4,5,5,1,VIP,VIP,1.7165136222334456,0.09686318602344615,0.16795613000919482,0.0,"Court: white-glove service, early access, loyalty rewards"
16152,269,1,1829.04,2,1,4,3,One-Time Buyer,At Risk,-0.5103678631147257,0.13211605176623775,0.6872478392290088,1.0,"Win back: targeted discount, re-engagement email flow"
16153,50,11,5133.49,4,5,5,1,VIP,VIP,1.8358683878395097,0.20200903940494444,0.03515002430326115,0.0,"Court: white-glove service, early access, loyalty rewards"
16155,382,5,796.9,2,4,3,3,At Risk,At Risk,-0.2992992586838745,0.8208875627123564,0.6499709699162359,1.0,"Win back: targeted discount, re-engagement email flow"
16156,9,20,6188.18,5,5,5,1,VIP,VIP,2.44449415037911,0.3025059821708131,0.03379387630659279,0.0,"Court: white-glove service, early access, loyalty rewards"
16157,16,3,656.69,5,3,3,2,Loyal Customer,One-Time Buyer,0.1591036819957442,-0.9235064458461598,,,"Convert: post-purchase follow-up, incentivize 2nd order"
16158,522,9,628.32,1,5,3,3,At Risk,At Risk,-0.3396217294168589,1.5467277994816833,0.8077981407511269,1.0,"Win back: targeted discount, re-engagement email flow"
16159,282,4,1232.79,2,4,4,3,Win-Back Priority,At Risk,-0.012029621899654012,0.4458216197671366,0.6228435242508978,1.0,"Win back: targeted discount, re-engagement email flow"
16160,65,2,1025.44,3,2,3,2,Needs Attention,One-Time Buyer,0.021226369973468873,-0.7143615765801518,,,"Convert: post-purchase follow-up, incentivize 2nd order"
16161,2,43,12744.26,5,5,5,1,VIP,VIP,3.34970862305694,0.759306067402635,0.02155223023172137,0.0,"Court: white-glove service, early access, loyalty rewards"
16162,252,1,37.4,2,1,1,2,One-Time Buyer,One-Time Buyer,-2.1862844526976803,-0.9668013037842349,0.8363176828784141,1.0,"Convert: post-purchase follow-up, incentivize 2nd order"
16163,232,6,2849.58,2,4,4,4,Win-Back Priority,Loyal Customer,0.7351210883883962,0.593017685656507,0.3365248198946723,0.0,"Court: upsell/cross-sell, referral incentives"
16164,17,3,822.48,5,3,3,4,Loyal Customer,Loyal Customer,0.2565811457834092,-0.8595267170407093,,,"Court: upsell/cross-sell, referral incentives"
16165,505,1,79.9,1,1,1,0,One-Time Buyer,Lost / Let Go,-2.4468925315916974,0.29029925575216065,0.8881637172028629,1.0,"Let go: exclude from paid marketing spend, low-cost win-back only"
16166,428,2,435.83,1,2,2,3,Lost / Let Go,At Risk,-1.206712781815236,0.5777017263229154,0.7373103653583939,1.0,"Win back: targeted discount, re-engagement email flow"
16167,414,5,1386.1200000000001,1,4,4,3,Win-Back Priority,At Risk,-0.12857213319848226,1.101908593019182,0.6028411380687979,1.0,"Win back: targeted discount, re-engagement email flow"
16168,11,66,10636.47,5,5,5,1,VIP,VIP,3.5713792431818,0.9160101805092271,0.024700173183600602,0.0,"Court: white-glove service, early access, loyalty rewards"
16169,8,4,1822.97,5,4,4,4,VIP,Loyal Customer,0.8021002356258978,-0.596994314284136,,,"Court: upsell/cross-sell, referral incentives"
16170,51,20,6869.0,4,5,5,1,VIP,VIP,2.3926438983102494,0.5060504188735964,0.01727346299756977,0.0,"Court: white-glove service, early access, loyalty rewards"
16171,59,1,73.2,4,1,1,2,One-Time Buyer,One-Time Buyer,-1.4426191024419026,-1.5993758602244454,,,"Convert: post-purchase follow-up, incentivize 2nd order"
16172,95,8,1884.55,3,5,4,4,Loyal Customer,Loyal Customer,1.0649177360872308,0.009567876165286785,0.22868068765302843,0.0,"Court: upsell/cross-sell, referral incentives"
16173,16,6,1418.32,5,4,4,4,VIP,Loyal Customer,0.9304594209813346,-0.4965065937395994,,,"Court: upsell/cross-sell, referral incentives"
16174,126,7,2246.75,3,4,4,4,Loyal Customer,Loyal Customer,0.9799966053707231,0.13924046562482312,0.4612535228218228,0.0,"Court: upsell/cross-sell, referral incentives"
16175,94,7,1836.44,3,4,4,4,Loyal Customer,Loyal Customer,0.965313651666795,-0.04830228313954085,0.25264293069360366,0.0,"Court: upsell/cross-sell, referral incentives"
16176,421,4,2052.69,1,4,4,3,Win-Back Priority,At Risk,-0.110740810419671,1.1631206179837,0.513406417186032,1.0,"Win back: targeted discount, re-engagement email flow"
16177,50,8,2247.31,4,5,4,4,VIP,Loyal Customer,1.2482457835242577,-0.13197229407392405,0.6974415011494182,1.0,"Court: upsell/cross-sell, referral incentives"
16178,138,2,612.6,3,2,3,2,Needs Attention,One-Time Buyer,-0.3778782761607646,-0.5456788480534065,0.6793313660212497,1.0,"Convert: post-purchase follow-up, incentivize 2nd order"
16179,61,1,215.83,3,1,1,2,One-Time Buyer,One-Time Buyer,-0.9711639433130087,-1.3057789026887305,,,"Convert: post-purchase follow-up, incentivize 2nd order"
16180,100,13,16249.87,3,5,5,1,Loyal Customer,VIP,2.3489472933711832,0.7789977749216526,0.035668262671564706,0.0,"Court: white-glove service, early access, loyalty rewards"
16181,73,1,305.54,3,1,2,2,One-Time Buyer,One-Time Buyer,-0.8454868958740146,-1.1634619546763574,,,"Convert: post-purchase follow-up, incentivize 2nd order"
16182,72,9,9971.65,3,5,5,1,Loyal Customer,VIP,1.939161711102217,0.39820470730760116,0.08630141028532147,0.0,"Court: white-glove service, early access, loyalty rewards"
16183,67,4,1077.81,3,4,3,4,Loyal Customer,Loyal Customer,0.43099682159120806,-0.48973922299934763,0.5172167275550374,1.0,"Court: upsell/cross-sell, referral incentives"
16184,64,6,1158.79,3,4,3,4,Loyal Customer,Loyal Customer,0.7285828273138666,-0.3493204084779016,0.23492091542689789,0.0,"Court: upsell/cross-sell, referral incentives"
16185,17,3,644.72,5,3,3,2,Loyal Customer,One-Time Buyer,0.14861048585215123,-0.9242065550132186,0.5749712287510569,1.0,"Convert: post-purchase follow-up, incentivize 2nd order"
16186,23,26,9026.11,4,5,5,1,VIP,VIP,2.7723742341295936,0.5613700997071869,0.009360324519617573,0.0,"Court: white-glove service, early access, loyalty rewards"
16187,32,15,6911.4400000000005,4,5,5,1,VIP,VIP,2.23093157951923,0.32009248709881855,0.05718355106470028,0.0,"Court: white-glove service, early access, loyalty rewards"
16188,45,5,1087.66,4,4,3,4,Loyal Customer,Loyal Customer,0.6265001995226286,-0.506940687918889,0.28136963035918927,0.0,"Court: upsell/cross-sell, referral incentives"
16189,16,2,215.48,5,2,1,2,New Customer,One-Time Buyer,-0.555253562889438,-1.3334081823566133,,,"Convert: post-purchase follow-up, incentivize 2nd order"
16190,40,8,2723.55,4,5,4,4,VIP,Loyal Customer,1.3569283747929415,-0.12272438711081166,0.27551292213420686,0.0,"Court: upsell/cross-sell, referral incentives"
16191,3,24,15677.82,5,5,5,1,VIP,VIP,3.005145243370334,0.5939192699804913,0.032430300324783515,0.0,"Court: white-glove service, early access, loyalty rewards"
16192,736,1,351.3,1,1,2,0,One-Time Buyer,Lost / Let Go,-2.3336698046231166,1.6484546986456685,0.8942250665016288,1.0,"Let go: exclude from paid marketing spend, low-cost win-back only"
16193,237,2,630.43,2,2,3,2,Needs Attention,One-Time Buyer,-0.5966021642336453,-0.12370712750308366,0.473542509153269,0.0,"Convert: post-purchase follow-up, incentivize 2nd order"
16194,375,1,308.59999999999997,2,1,2,0,One-Time Buyer,Lost / Let Go,-1.547091475052293,0.10316582010294911,0.7318061396347155,1.0,"Let go: exclude from paid marketing spend, low-cost win-back only"
16195,723,1,323.25,1,1,2,0,One-Time Buyer,Lost / Let Go,-2.340116931855296,1.5719766085914462,0.9339017069683607,1.0,"Let go: exclude from paid marketing spend, low-cost win-back only"
16196,489,1,93.3,1,1,1,0,One-Time Buyer,Lost / Let Go,-2.341435977181993,0.26409955677020136,0.9250876507017178,1.0,"Let go: exclude from paid marketing spend, low-cost win-back only"
16197,469,9,2016.71,1,5,4,3,Win-Back Priority,At Risk,0.3015846812940614,1.6347929918728032,0.7440821465712204,1.0,"Win back: targeted discount, re-engagement email flow"
16198,75,2,1030.0410000000002,3,2,3,2,Needs Attention,One-Time Buyer,-0.00016579840883467083,-0.6713181442809358,0.6838060782467797,1.0,"Convert: post-purchase follow-up, incentivize 2nd order"
16199,392,7,942.75,2,4,3,3,At Risk,At Risk,-0.027177392387533705,1.0217265513308527,0.7465425481943424,1.0,"Win back: targeted discount, re-engagement email flow"
16200,4,12,5608.1,5,5,5,1,VIP,VIP,2.0441402688246417,0.06480795880571419,0.2429721389806909,0.0,"Court: white-glove service, early access, loyalty rewards"
16201,3,5,2112.12,5,4,4,4,VIP,Loyal Customer,1.019161153054123,-0.5063224292752239,0.7139090585521227,1.0,"Court: upsell/cross-sell, referral incentives"
16202,361,9,2501.9900000000002,2,5,4,3,Win-Back Priority,At Risk,0.649760466419766,1.2400968749927264,0.3328974084615502,0.0,"Win back: targeted discount, re-engagement email flow"
16203,59,6,1114.54,4,4,3,4,Loyal Customer,Loyal Customer,0.7229997793106036,-0.38059414090061744,0.31629872763444294,0.0,"Court: upsell/cross-sell, referral incentives"
16204,23,3,918.71,4,3,3,4,Loyal Customer,Loyal Customer,0.2916256403497778,-0.8050182598388297,0.5365433563152805,1.0,"Court: upsell/cross-sell, referral incentives"
16205,31,7,1813.51,4,4,4,4,VIP,Loyal Customer,1.1070191260493925,-0.3153216056448077,0.44150824775031,0.0,"Court: upsell/cross-sell, referral incentives"
16206,55,13,2577.12,4,5,4,1,VIP,VIP,1.6366929824770509,0.10095887563163068,0.08139021546398018,0.0,"Court: white-glove service, early access, loyalty rewards"
16207,25,1,394.38,4,1,2,2,One-Time Buyer,One-Time Buyer,-0.6202732258471908,-1.2966680612885755,,,"Convert: post-purchase follow-up, incentivize 2nd order"
16208,45,10,3440.45,4,5,5,4,VIP,Loyal Customer,1.603084557568121,0.04008517269418281,0.10334898521659124,0.0,"Court: upsell/cross-sell, referral incentives"
16209,89,9,4146.78,3,5,5,4,Loyal Customer,Loyal Customer,1.5099036961840786,0.236016940321422,0.07892857771789039,0.0,"Court: upsell/cross-sell, referral incentives"
16210,2,33,38469.51,5,5,5,1,VIP,VIP,3.6421861213799867,0.9506774085988038,0.020280796020302482,0.0,"Court: white-glove service, early access, loyalty rewards"
16211,89,3,1090.59,3,3,3,4,Loyal Customer,Loyal Customer,0.21340372310884093,-0.4832115800424469,0.5649286553754325,1.0,"Court: upsell/cross-sell, referral incentives"
16212,19,4,1293.71,5,4,4,4,VIP,Loyal Customer,0.6242104912582893,-0.6421149340180419,0.46290092349457707,0.0,"Court: upsell/cross-sell, referral incentives"
16213,79,1,159.0,3,1,1,2,One-Time Buyer,One-Time Buyer,-1.148195728407723,-1.311284672308619,,,"Convert: post-purchase follow-up, incentivize 2nd order"
16214,171,4,2038.25,3,4,4,4,Loyal Customer,Loyal Customer,0.4705756202812384,0.11489796267081538,0.12459584560356748,0.0,"Court: upsell/cross-sell, referral incentives"
16215,81,1,242.35,3,1,1,2,One-Time Buyer,One-Time Buyer,-0.9666872055602053,-1.191380285210961,,,"Convert: post-purchase follow-up, incentivize 2nd order"
16216,267,1,914.9300000000001,2,1,3,3,One-Time Buyer,At Risk,-0.8130131655760288,-0.060355339024086394,0.6307848676347089,1.0,"Win back: targeted discount, re-engagement email flow"
16217,235,2,304.25,2,2,2,2,Lost / Let Go,One-Time Buyer,-0.9146557617014587,-0.3254088594350496,0.3072996021294118,0.0,"Convert: post-purchase follow-up, incentivize 2nd order"
16218,30,13,4439.97,4,5,5,1,VIP,VIP,1.9365944579658658,0.14096885987486305,0.03400145323353112,0.0,"Court: white-glove service, early access, loyalty rewards"
16219,501,1,40.8,1,1,1,0,One-Time Buyer,Lost / Let Go,-2.73072697356149,0.09792483068883019,0.9322171941830214,1.0,"Let go: exclude from paid marketing spend, low-cost win-back only"
16221,37,9,2185.21,4,5,4,4,VIP,Loyal Customer,1.3471253519445645,-0.15195919867966917,0.11712030422359429,0.0,"Court: upsell/cross-sell, referral incentives"
16222,318,2,1272.05,2,2,4,3,Needs Attention,At Risk,-0.4746332045133261,0.40181154371099875,0.6337588561841385,1.0,"Win back: targeted discount, re-engagement email flow"
16223,375,2,1087.05,2,2,3,3,Needs Attention,At Risk,-0.6776094244996362,0.598611569895668,0.5347180652221964,1.0,"Win back: targeted discount, re-engagement email flow"
16224,57,5,1616.54,4,4,4,4,VIP,Loyal Customer,0.774255178092278,-0.3513979523711966,0.2675511303798502,0.0,"Court: upsell/cross-sell, referral incentives"
16225,45,15,2859.31,4,5,4,1,VIP,VIP,1.8087516242573503,0.13980146724859083,0.12891259490736146,0.0,"Court: white-glove service, early access, loyalty rewards"
16226,203,5,672.1700000000001,2,4,3,4,At Risk,Loyal Customer,0.043691788204425354,0.026490791362841895,0.389539256115866,0.0,"Court: upsell/cross-sell, referral incentives"
16227,225,3,1027.22,2,3,3,3,At Risk,At Risk,-0.13109111448346808,0.07009316693649802,0.46851193978564787,0.0,"Win back: targeted discount, re-engagement email flow"
16228,385,3,885.71,2,3,3,3,At Risk,At Risk,-0.570881267614859,0.7003714352299025,0.5813761683593043,1.0,"Win back: targeted discount, re-engagement email flow"
16229,87,6,2867.86,3,4,4,4,Loyal Customer,Loyal Customer,1.076939936190235,-0.012162685570177644,0.13504387452429956,0.0,"Court: upsell/cross-sell, referral incentives"
16230,190,2,542.03,2,2,2,2,Lost / Let Go,One-Time Buyer,-0.5536919465562613,-0.3605362997640995,0.33704955090797917,0.0,"Convert: post-purchase follow-up, incentivize 2nd order"
16231,379,4,1074.47,2,4,3,3,At Risk,At Risk,-0.2997727858339938,0.8152756513592789,0.4747147644014955,0.0,"Win back: targeted discount, re-engagement email flow"
16232,44,7,2712.97,4,4,4,4,VIP,Loyal Customer,1.2553836945389631,-0.15382785381871733,0.11156705742209788,0.0,"Court: upsell/cross-sell, referral incentives"
16233,71,9,1965.71,3,5,4,4,Loyal Customer,Loyal Customer,1.2206610223277954,-0.037799065760266266,0.4402300670176017,0.0,"Court: upsell/cross-sell, referral incentives"
16234,476,3,333.18,1,3,2,0,At Risk,Lost / Let Go,-1.216899909251135,0.8216854468399243,0.7079036614062171,1.0,"Let go: exclude from paid marketing spend, low-cost win-back only"
16235,41,8,2043.71,4,5,4,4,VIP,Loyal Customer,1.227139543450917,-0.19488856216738834,0.07892329403933522,0.0,"Court: upsell/cross-sell, referral incentives"
16236,78,1,432.2,3,1,2,2,One-Time Buyer,One-Time Buyer,-0.7036154774944465,-1.050544656130316,,,"Convert: post-purchase follow-up, incentivize 2nd order"
16237,437,1,136.65,1,1,1,0,One-Time Buyer,Lost / Let Go,-2.0519323609314664,0.14706298543508217,0.8715690292493121,1.0,"Let go: exclude from paid marketing spend, low-cost win-back only"
16238,423,1,63.66,1,1,1,0,One-Time Buyer,Lost / Let Go,-2.3546822659714213,-0.11250116382806948,0.8634965779786493,1.0,"Let go: exclude from paid marketing spend, low-cost win-back only"
16239,57,6,1492.2,4,4,4,4,VIP,Loyal Customer,0.857140232764764,-0.31140896740487495,0.2322962923524854,0.0,"Court: upsell/cross-sell, referral incentives"
16240,24,2,3718.8,4,2,5,4,New Customer,Loyal Customer,0.68876776155707,-0.5434903141638292,,,"Court: upsell/cross-sell, referral incentives"
16241,10,16,4267.46,5,5,5,1,VIP,VIP,2.114884953536162,0.12388582589176264,0.0740871237412199,0.0,"Court: white-glove service, early access, loyalty rewards"
16242,8,14,7404.65,5,5,5,1,VIP,VIP,2.2680696342727065,0.21232560844412027,0.062493013182749475,0.0,"Court: white-glove service, early access, loyalty rewards"
16243,34,2,409.1,4,2,2,2,New Customer,One-Time Buyer,-0.31365652742201156,-1.0881343021918184,,,"Convert: post-purchase follow-up, incentivize 2nd order"
16244,212,2,2579.38,2,2,4,3,Needs Attention,At Risk,0.08687368762712548,0.146083137141695,0.5417395355870774,1.0,"Win back: targeted discount, re-engagement email flow"
16245,24,3,1413.66,4,3,4,4,Loyal Customer,Loyal Customer,0.4804711138157077,-0.6863045128693391,0.6341798765716068,1.0,"Court: upsell/cross-sell, referral incentives"
16246,460,2,821.35,1,2,3,3,Needs Attention,At Risk,-1.0006336651151742,0.8799003715968644,0.7021730463697754,1.0,"Win back: targeted discount, re-engagement email flow"
16247,170,1,114.56,3,1,1,2,One-Time Buyer,One-Time Buyer,-1.5054080729776225,-1.0169612106166332,,,"Convert: post-purchase follow-up, incentivize 2nd order"
16248,62,1,152.94,3,1,1,2,One-Time Buyer,One-Time Buyer,-1.1255966827231458,-1.3927060141010708,,,"Convert: post-purchase follow-up, incentivize 2nd order"
16249,53,5,1800.07,4,4,4,4,VIP,Loyal Customer,0.8313257866314099,-0.33955316227954135,0.25870633954981365,0.0,"Court: upsell/cross-sell, referral incentives"
16250,261,3,791.38,2,3,3,3,At Risk,At Risk,-0.33093491771532646,0.15146699929049154,0.4487599664808301,0.0,"Win back: targeted discount, re-engagement email flow"
16251,512,1,128.31,1,1,1,0,One-Time Buyer,Lost / Let Go,-2.2550183316706347,0.4443424098434574,0.9409412222197248,1.0,"Let go: exclude from paid marketing spend, low-cost win-back only"
16252,383,1,295.09000000000003,2,1,2,0,One-Time Buyer,Lost / Let Go,-1.5856044204440467,0.12478136597831768,0.7259376214281995,1.0,"Let go: exclude from paid marketing spend, low-cost win-back only"
16253,67,7,7222.2,3,4,5,1,Loyal Customer,VIP,1.6362464617766805,0.20280238798757003,0.1327343463637826,0.0,"Court: white-glove service, early access, loyalty rewards"
16254,378,3,967.44,2,3,3,3,At Risk,At Risk,-0.5153692273904067,0.6945250406974299,0.5318016667946627,1.0,"Win back: targeted discount, re-engagement email flow"
16255,17,15,4904.25,5,5,5,1,VIP,VIP,2.1136967347119744,0.16607531760754904,0.06308384875159696,0.0,"Court: white-glove service, early access, loyalty rewards"
16256,267,3,1579.37,2,3,4,3,At Risk,At Risk,-0.03843112012473334,0.3602064856879342,0.3005663698126107,0.0,"Win back: targeted discount, re-engagement email flow"
16257,177,1,21.95,3,1,1,2,One-Time Buyer,One-Time Buyer,-2.2394976262508237,-1.4176167641478774,,,"Convert: post-purchase follow-up, incentivize 2nd order"
16258,45,15,11942.52,4,5,5,1,VIP,VIP,2.443352664599232,0.5199593035777533,0.0394162834582959,0.0,"Court: white-glove service, early access, loyalty rewards"
16259,410,3,340.94,1,3,2,3,At Risk,At Risk,-1.052412862546693,0.551555904146616,0.6206392023207942,1.0,"Win back: targeted discount, re-engagement email flow"
16260,51,1,1035.45,4,1,3,2,One-Time Buyer,One-Time Buyer,-0.25316218985679395,-0.9315182718159337,,,"Convert: post-purchase follow-up, incentivize 2nd order"
16261,17,6,1041.16,5,4,3,4,Loyal Customer,Loyal Customer,0.7909756532669786,-0.5744785216997464,0.3020934742256575,0.0,"Court: upsell/cross-sell, referral incentives"
16262,378,1,755.15,2,1,3,3,One-Time Buyer,At Risk,-1.1576249231454065,0.35323333310147775,0.6084785762481117,1.0,"Win back: targeted discount, re-engagement email flow"
16263,423,1,348.16,1,1,2,0,One-Time Buyer,Lost / Let Go,-1.6059142930458976,0.3360483884175256,0.7281509285012094,1.0,"Let go: exclude from paid marketing spend, low-cost win-back only"
16264,438,2,823.53,1,2,3,3,Needs Attention,At Risk,-0.9480266411356024,0.7885261063469494,0.6368910125576714,1.0,"Win back: targeted discount, re-engagement email flow"
16265,9,12,6685.17,5,5,5,1,VIP,VIP,2.110441538363452,0.13245494979143677,0.052376381865736156,0.0,"Court: white-glove service, early access, loyalty rewards"
16266,74,14,1757.95,3,5,4,4,Loyal Customer,Loyal Customer,1.4755032083949344,0.10620411678541496,0.15926721052386703,0.0,"Court: upsell/cross-sell, referral incentives"
16267,591,1,186.66,1,1,1,0,One-Time Buyer,Lost / Let Go,-2.2743475812791853,0.8740446875394878,0.8963190520703438,1.0,"Let go: exclude from paid marketing spend, low-cost win-back only"
16268,71,2,617.65,3,2,3,2,Needs Attention,One-Time Buyer,-0.2176065671449902,-0.8239194306982168,,,"Convert: post-purchase follow-up, incentivize 2nd order"
16269,438,1,717.57,1,1,3,3,One-Time Buyer,At Risk,-1.3205267646115972,0.5907974450581783,0.6376191671047257,1.0,"Win back: targeted discount, re-engagement email flow"
16270,353,1,1141.24,2,1,3,3,One-Time Buyer,At Risk,-0.9160240684113206,0.35831832284608095,0.6963310975763719,1.0,"Win back: targeted discount, re-engagement email flow"
16271,16,8,3367.82,5,5,5,4,VIP,Loyal Customer,1.5072801266645057,-0.1667163430296723,0.3047595642376742,0.0,"Court: upsell/cross-sell, referral incentives"
16272,117,1,411.7,3,1,2,2,One-Time Buyer,One-Time Buyer,-0.8163144124980025,-0.900209154979882,,,"Convert: post-purchase follow-up, incentivize 2nd order"
16273,648,2,318.34000000000003,1,2,2,0,Lost / Let Go,Lost / Let Go,-1.8601302076704411,1.4151570303347383,0.8219688066173604,1.0,"Let go: exclude from paid marketing spend, low-cost win-back only"
16274,373,1,663.1,2,1,3,3,One-Time Buyer,At Risk,-1.2035711740784962,0.29778001867736614,0.6918461438478447,1.0,"Win back: targeted discount, re-engagement email flow"
16275,197,3,2151.11,2,3,4,4,At Risk,Loyal Customer,0.2623195430855156,0.1493623148804591,0.5045398704018498,1.0,"Court: upsell/cross-sell, referral incentives"
16276,177,3,2629.3900000000003,3,3,4,4,Loyal Customer,Loyal Customer,0.398180327904244,0.11903290867887449,0.37629319035460496,0.0,"Court: upsell/cross-sell, referral incentives"
16277,734,1,188.69,1,1,1,0,One-Time Buyer,Lost / Let Go,-2.6038754015386147,1.4754163177111184,0.9332225896535922,1.0,"Let go: exclude from paid marketing spend, low-cost win-back only"
16278,100,3,1117.84,3,3,3,4,Loyal Customer,Loyal Customer,0.1986358705875717,-0.43061400910207354,0.6481133807539599,1.0,"Court: upsell/cross-sell, referral incentives"
16279,21,9,5698.28,4,5,5,1,VIP,VIP,1.8099645449235775,0.03593121877896501,0.3219457218229961,0.0,"Court: white-glove service, early access, loyalty rewards"
16280,725,1,238.05,1,1,1,0,One-Time Buyer,Lost / Let Go,-2.480144569488772,1.499264716642053,0.9367891165641923,1.0,"Let go: exclude from paid marketing spend, low-cost win-back only"
16281,72,3,3424.02,3,3,5,4,Loyal Customer,Loyal Customer,0.7608559174070907,-0.2502195744189701,0.46464944584011647,0.0,"Court: upsell/cross-sell, referral incentives"
16282,340,3,1307.58,2,3,4,3,At Risk,At Risk,-0.2928817628804334,0.6155442138836192,0.48919395089665924,0.0,"Win back: targeted discount, re-engagement email flow"
16283,6,8,4348.62,5,5,5,4,VIP,Loyal Customer,1.6441134305853407,-0.1406047479654493,0.18981394912161212,0.0,"Court: upsell/cross-sell, referral incentives"
16284,31,3,1018.48,4,3,3,4,Loyal Customer,Loyal Customer,0.3186513571861399,-0.7441417697722482,0.6953107597708267,1.0,"Court: upsell/cross-sell, referral incentives"
16285,646,1,176.9,1,1,1,0,One-Time Buyer,Lost / Let Go,-2.426640960502978,1.0900345934067033,0.930452331344218,1.0,"Let go: exclude from paid marketing spend, low-cost win-back only"
16286,477,2,328.95,1,2,2,0,Lost / Let Go,Lost / Let Go,-1.4458545657015396,0.7081500358605085,0.7707892387745755,1.0,"Let go: exclude from paid marketing spend, low-cost win-back only"
16287,170,5,1006.98,3,4,3,4,Loyal Customer,Loyal Customer,0.3000872958372645,-0.0042482109921902055,0.3983673554334286,0.0,"Court: upsell/cross-sell, referral incentives"
16288,470,1,129.85,1,1,1,0,One-Time Buyer,Lost / Let Go,-2.151574232999218,0.27170527370507236,0.915155665616641,1.0,"Let go: exclude from paid marketing spend, low-cost win-back only"
16289,462,1,136.31,1,1,1,0,One-Time Buyer,Lost / Let Go,-2.1114753676985436,0.2510397733588474,0.8402743876552464,1.0,"Let go: exclude from paid marketing spend, low-cost win-back only"
16290,465,4,1957.7,1,4,4,3,Win-Back Priority,At Risk,-0.23463082744033442,1.3346813067712744,0.5660440057782589,1.0,"Win back: targeted discount, re-engagement email flow"
16292,122,5,1253.76,3,4,4,4,Loyal Customer,Loyal Customer,0.5095373454714527,-0.1468975164651447,0.513276574439356,1.0,"Court: upsell/cross-sell, referral incentives"
16293,22,15,4657.95,4,5,5,1,VIP,VIP,2.079134296926621,0.17329989151082448,0.06978748028456928,0.0,"Court: white-glove service, early access, loyalty rewards"
16294,477,1,126.05000000000001,1,1,1,0,One-Time Buyer,Lost / Let Go,-2.1810241121762926,0.2931642092262827,0.8957283553043506,1.0,"Let go: exclude from paid marketing spend, low-cost win-back only"
16295,10,4,1328.55,5,4,4,4,VIP,Loyal Customer,0.6570407471543795,-0.6727205371370696,,,"Court: upsell/cross-sell, referral incentives"
16296,626,4,1313.67,1,4,4,3,Win-Back Priority,At Risk,-0.7880397629590646,1.9024820699521632,0.7517889820932596,1.0,"Win back: targeted discount, re-engagement email flow"
16297,269,1,301.9,2,1,2,2,One-Time Buyer,One-Time Buyer,-1.3089991123397309,-0.34630410267704964,0.6119920304148088,1.0,"Convert: post-purchase follow-up, incentivize 2nd order"
16298,23,7,1085.7,4,4,3,4,Loyal Customer,Loyal Customer,0.8980924555736248,-0.48516588581225867,0.30264966724803466,0.0,"Court: upsell/cross-sell, referral incentives"
16299,477,1,193.65,1,1,1,0,One-Time Buyer,Lost / Let Go,-1.9916007658963535,0.4066382896236559,0.8438407807470366,1.0,"Let go: exclude from paid marketing spend, low-cost win-back only"
16300,430,3,1367.32,1,3,4,3,At Risk,At Risk,-0.48346256259264275,1.004102482988953,0.626646492086052,1.0,"Win back: targeted discount, re-engagement email flow"
16301,737,1,107.33,1,1,1,0,One-Time Buyer,Lost / Let Go,-2.8596255675323246,1.3389666713486246,0.9457708502868214,1.0,"Let go: exclude from paid marketing spend, low-cost win-back only"
16302,127,1,233.22,3,1,1,2,One-Time Buyer,One-Time Buyer,-1.0912046739393215,-1.009023788527779,,,"Convert: post-purchase follow-up, incentivize 2nd order"
16303,26,7,7928.27,4,4,5,1,VIP,VIP,1.7735055508038728,0.05600796760752239,0.21674997315025962,0.0,"Court: white-glove service, early access, loyalty rewards"
16304,695,1,381.66,1,1,2,0,One-Time Buyer,Lost / Let Go,-2.2011168028401498,1.4988410960856207,0.8564071403263562,1.0,"Let go: exclude from paid marketing spend, low-cost win-back only"
16305,139,1,361.21999999999997,3,1,2,2,One-Time Buyer,One-Time Buyer,-0.925675194111893,-0.8428332356737253,,,"Convert: post-purchase follow-up, incentivize 2nd order"
16306,214,7,1192.82,2,4,3,4,At Risk,Loyal Customer,0.4933154181895494,0.33924807612316726,0.17069005400772058,0.0,"Court: upsell/cross-sell, referral incentives"
16307,429,3,1194.92,1,3,3,3,At Risk,At Risk,-0.5409182854346217,0.9640977833385789,0.5433377647257206,1.0,"Win back: targeted discount, re-engagement email flow"
16308,38,7,5120.0,4,4,5,4,VIP,Loyal Customer,1.5513270970229733,-0.010057967943781934,0.3420156389879438,0.0,"Court: upsell/cross-sell, referral incentives"
16309,106,2,706.57,3,2,3,2,Needs Attention,One-Time Buyer,-0.23980071622808305,-0.6417103911170374,0.39291226918133004,0.0,"Convert: post-purchase follow-up, incentivize 2nd order"
16310,414,2,460.08,1,2,2,3,Lost / Let Go,At Risk,-1.1499950420760316,0.5334767167434374,0.7341530844817005,1.0,"Win back: targeted discount, re-engagement email flow"
16311,18,2,616.26,5,2,3,2,New Customer,One-Time Buyer,-0.09470202820716964,-1.0463430424736742,,,"Convert: post-purchase follow-up, incentivize 2nd order"
16312,432,1,171.15,1,1,1,0,One-Time Buyer,Lost / Let Go,-1.9409403224889705,0.18562357381529102,0.8635397568938078,1.0,"Let go: exclude from paid marketing spend, low-cost win-back only"
16313,3,2,274.15000000000003,5,2,1,2,New Customer,One-Time Buyer,-0.41838120123490696,-1.324030713823001,,,"Convert: post-purchase follow-up, incentivize 2nd order"
16314,390,3,1491.4,2,3,4,3,At Risk,At Risk,-0.35141002542560973,0.8597749183922184,0.4397420251994186,0.0,"Win back: targeted discount, re-engagement email flow"
16315,331,2,402.71,2,2,2,3,Lost / Let Go,At Risk,-1.0149551829204535,0.15074752942279918,0.7141747147896232,1.0,"Win back: targeted discount, re-engagement email flow"
16316,64,13,5744.91,3,5,5,1,Loyal Customer,VIP,1.971492435170631,0.3517931038289871,0.0354616941228087,0.0,"Court: white-glove service, early access, loyalty rewards"
16317,120,5,2192.51,3,4,4,4,Loyal Customer,Loyal Customer,0.7622169444391967,-0.006701452324668533,0.3780470341254343,0.0,"Court: upsell/cross-sell, referral incentives"
16318,35,1,328.15,4,1,2,2,One-Time Buyer,One-Time Buyer,-0.7250526841014292,-1.303577795908199,,,"Convert: post-purchase follow-up, incentivize 2nd order"
16319,218,1,404.40000000000003,2,1,2,2,One-Time Buyer,One-Time Buyer,-1.06035602460929,-0.48223233761651113,0.49168994261921495,0.0,"Convert: post-purchase follow-up, incentivize 2nd order"
16320,172,6,5628.99,3,4,5,4,Loyal Customer,Loyal Customer,1.1775735735768587,0.522918423433791,0.13182960518661305,0.0,"Court: upsell/cross-sell, referral incentives"
16321,72,7,604.5500000000001,3,4,2,4,Needs Attention,Loyal Customer,0.5239011486944235,-0.43561901071071163,0.4392327368737394,0.0,"Court: upsell/cross-sell, referral incentives"
16322,1,2,326.75,5,2,2,2,New Customer,One-Time Buyer,-0.33603335397238965,-1.2858719078495304,,,"Convert: post-purchase follow-up, incentivize 2nd order"
16323,196,2,353.66,2,2,2,2,Lost / Let Go,One-Time Buyer,-0.7568679563040789,-0.44873386687086936,0.6415581546341187,1.0,"Convert: post-purchase follow-up, incentivize 2nd order"
16324,128,3,408.59000000000003,3,3,2,2,Needs Attention,One-Time Buyer,-0.31300119333944804,-0.580706701258679,,,"Convert: post-purchase follow-up, incentivize 2nd order"
16325,47,12,3597.5,4,5,5,1,VIP,VIP,1.7465321418097786,0.12671694969273722,0.06746697764778148,0.0,"Court: white-glove service, early access, loyalty rewards"
16326,6,24,4626.25,5,5,5,1,VIP,VIP,2.4562887021193704,0.28188421113261614,0.119488164874542,0.0,"Court: white-glove service, early access, loyalty rewards"
16327,14,16,10634.04,5,5,5,1,VIP,VIP,2.5108683082175403,0.3834430718028746,0.02883378775554224,0.0,"Court: white-glove service, early access, loyalty rewards"
16328,563,1,310.83,1,1,2,0,One-Time Buyer,Lost / Let Go,-1.9834107593259167,0.8919268708370729,0.8433780844283534,1.0,"Let go: exclude from paid marketing spend, low-cost win-back only"
16329,428,4,1664.92,1,4,4,3,Win-Back Priority,At Risk,-0.2200186020718576,1.1367586320818013,0.5538036227756106,1.0,"Win back: targeted discount, re-engagement email flow"
16330,18,7,625.38,5,4,3,4,Loyal Customer,Loyal Customer,0.6651585695087426,-0.6526341675514464,0.4373297741911843,0.0,"Court: upsell/cross-sell, referral incentives"
16331,432,6,2037.7,1,4,4,3,Win-Back Priority,At Risk,0.11872591460103157,1.3409343474776518,0.7141432652512342,1.0,"Win back: targeted discount, re-engagement email flow"
16332,28,11,1997.49,4,5,4,4,VIP,Loyal Customer,1.4683399121546044,-0.14104745194323456,0.5692585785278564,1.0,"Court: upsell/cross-sell, referral incentives"
16333,8,22,26626.8,5,5,5,1,VIP,VIP,3.1645792356750992,0.722584413804702,0.050571875918916494,0.0,"Court: white-glove service, early access, loyalty rewards"
16334,492,1,263.73,1,1,1,0,One-Time Buyer,Lost / Let Go,-1.890132284564198,0.5512106170102795,0.8214717681871705,1.0,"Let go: exclude from paid marketing spend, low-cost win-back only"
16335,552,7,2753.52,1,4,4,3,Win-Back Priority,At Risk,0.07436748419606054,1.976291640072525,0.6578320960693251,1.0,"Win back: targeted discount, re-engagement email flow"
16336,421,4,3517.69,1,4,5,3,Win-Back Priority,At Risk,0.12833505707806422,1.3063390477194798,0.48684207394204737,0.0,"Win back: targeted discount, re-engagement email flow"
16337,37,1,151.05,4,1,1,2,One-Time Buyer,One-Time Buyer,-1.0726367868565692,-1.5006264154719573,,,"Convert: post-purchase follow-up, incentivize 2nd order"
16338,157,1,214.79999999999998,3,1,1,2,One-Time Buyer,One-Time Buyer,-1.1977066823640667,-0.9052485899119999,,,"Convert: post-purchase follow-up, incentivize 2nd order"
16339,284,1,94.05,2,1,1,0,One-Time Buyer,Lost / Let Go,-1.8586701143798645,-0.591796968082959,0.7928462427465145,1.0,"Let go: exclude from paid marketing spend, low-cost win-back only"
16340,107,3,1496.24,3,3,4,4,Loyal Customer,Loyal Customer,0.31162430249096185,-0.323827384673266,0.4483747421435668,0.0,"Court: upsell/cross-sell, referral incentives"
16341,25,7,3850.79,4,4,5,4,VIP,Loyal Customer,1.4552600308220827,-0.140222894174545,0.12685600459605667,0.0,"Court: upsell/cross-sell, referral incentives"
16342,75,4,322.41,3,4,2,2,Needs Attention,One-Time Buyer,-0.12259776540774178,-0.7766834019879248,,,"Convert: post-purchase follow-up, incentivize 2nd order"
16343,16,3,614.12,5,3,3,2,Loyal Customer,One-Time Buyer,0.12939236056246606,-0.9413050168419942,0.6808975568402893,1.0,"Convert: post-purchase follow-up, incentivize 2nd order"
16344,158,4,842.42,3,4,3,4,Loyal Customer,Loyal Customer,0.10896543651339992,-0.17434060291604897,0.5398938822805269,1.0,"Court: upsell/cross-sell, referral incentives"
16345,44,2,1178.79,4,2,3,4,New Customer,Loyal Customer,0.13214364110942298,-0.7652192392772338,0.5429566502896226,1.0,"Court: upsell/cross-sell, referral incentives"
16346,385,1,224.51,2,1,1,0,One-Time Buyer,Lost / Let Go,-1.7111826783339885,0.06072537685669312,0.7218139286662356,1.0,"Let go: exclude from paid marketing spend, low-cost win-back only"
16347,11,11,3442.96,5,5,5,1,VIP,VIP,1.7497244722191834,-0.06744329745375438,0.25655862361780507,0.0,"Court: white-glove service, early access, loyalty rewards"
16348,32,8,1742.08,4,5,4,4,VIP,Loyal Customer,1.177315168446078,-0.2750084327527199,0.18877990428326072,0.0,"Court: upsell/cross-sell, referral incentives"
16349,291,1,53.5,2,1,1,0,One-Time Buyer,Lost / Let Go,-2.1219924808736472,-0.7104393767186084,0.8656319803419764,1.0,"Let go: exclude from paid marketing spend, low-cost win-back only"
16350,21,9,2253.89,4,5,4,4,VIP,Loyal Customer,1.3982640237125645,-0.21069803237204013,0.280654805075485,0.0,"Court: upsell/cross-sell, referral incentives"
16351,333,13,3330.0299999999997,2,5,5,1,Win-Back Priority,VIP,1.1005492572922018,1.3326458040969866,0.4146482648225989,0.0,"Court: white-glove service, early access, loyalty rewards"
16352,18,2,494.44,5,2,2,2,New Customer,One-Time Buyer,-0.19231435079280354,-1.1048177171026778,,,"Convert: post-purchase follow-up, incentivize 2nd order"
16353,4,38,9999.460000000001,5,5,5,1,VIP,VIP,3.1446976358114207,0.6552277561107878,0.03269100006772244,0.0,"Court: white-glove service, early access, loyalty rewards"
16354,63,5,1119.46,3,4,3,4,Loyal Customer,Loyal Customer,0.5972035771736439,-0.4239456889473855,0.4165585320381217,0.0,"Court: upsell/cross-sell, referral incentives"
16355,375,1,416.35,2,1,2,0,One-Time Buyer,Lost / Let Go,-1.4144914022963118,0.1825999110537712,0.7748327038312381,1.0,"Let go: exclude from paid marketing spend, low-cost win-back only"
16356,198,6,415.87,2,4,2,4,At Risk,Loyal Customer,-0.0389988717179228,-0.060637583969134545,0.6019201434703855,1.0,"Court: upsell/cross-sell, referral incentives"
16357,33,4,868.37,4,4,3,4,Loyal Customer,Loyal Customer,0.4146452092930375,-0.6894532646271976,0.4927356565312685,0.0,"Court: upsell/cross-sell, referral incentives"
16358,1,5,2919.65,5,4,4,4,VIP,Loyal Customer,1.167535492154974,-0.42861044471864934,0.1776532432597519,0.0,"Court: upsell/cross-sell, referral incentives"
16359,7,16,2697.75,5,5,4,1,VIP,VIP,1.9183369092256393,-0.010613829865034998,0.08258110968457856,0.0,"Court: white-glove service, early access, loyalty rewards"
16360,5,6,3450.41,5,4,5,4,VIP,Loyal Customer,1.3507220788653191,-0.30619244842063986,,,"Court: upsell/cross-sell, referral incentives"
16361,10,4,891.21,5,4,3,4,Loyal Customer,Loyal Customer,0.47992886315222905,-0.7788194344445273,,,"Court: upsell/cross-sell, referral incentives"
16362,32,6,922.16,4,4,3,4,Loyal Customer,Loyal Customer,0.7020736349016234,-0.5439476670893393,0.6649125282064997,1.0,"Court: upsell/cross-sell, referral incentives"
16363,53,1,109.36000000000001,4,1,1,2,One-Time Buyer,One-Time Buyer,-1.252328792297892,-1.518897473152949,,,"Convert: post-purchase follow-up, incentivize 2nd order"
16364,12,2,705.79,5,2,3,2,New Customer,One-Time Buyer,-0.02053747657006012,-1.0354298062444822,,,"Convert: post-purchase follow-up, incentivize 2nd order"
16365,18,15,3307.2,5,5,5,1,VIP,VIP,1.936463741581789,0.06548971121811284,0.12936453753331975,0.0,"Court: white-glove service, early access, loyalty rewards"
16366,19,4,1548.1299999999999,5,4,4,4,VIP,Loyal Customer,0.7038683573188418,-0.5943958789218455,0.5295696016538138,1.0,"Court: upsell/cross-sell, referral incentives"
16367,37,3,1350.48,4,3,4,4,Loyal Customer,Loyal Customer,0.4297935374613573,-0.6440469839801293,0.3896209291344246,0.0,"Court: upsell/cross-sell, referral incentives"
16368,2,3,621.44,5,3,3,2,Loyal Customer,One-Time Buyer,0.16737407067949772,-0.9967538474204528,0.8271025817000177,1.0,"Convert: post-purchase follow-up, incentivize 2nd order"
16369,18,7,2654.48,5,4,4,4,VIP,Loyal Customer,1.3064928133675595,-0.2684428047736307,0.18624580360554244,0.0,"Court: upsell/cross-sell, referral incentives"
16370,82,4,1301.91,3,4,4,4,Loyal Customer,Loyal Customer,0.47973248258413365,-0.376756498543246,0.14360643397360567,0.0,"Court: upsell/cross-sell, referral incentives"
16371,449,1,157.2,1,1,1,0,One-Time Buyer,Lost / Let Go,-2.0182042016107746,0.2342979399778346,0.7447798635818347,1.0,"Let go: exclude from paid marketing spend, low-cost win-back only"
16372,33,5,1290.31,4,4,4,4,VIP,Loyal Customer,0.730350050267798,-0.511759517513386,0.48137092952490396,0.0,"Court: upsell/cross-sell, referral incentives"
16373,382,2,309.49,2,2,2,0,Lost / Let Go,Lost / Let Go,-1.250754739059098,0.29436968364441635,0.7027330049641886,1.0,"Let go: exclude from paid marketing spend, low-cost win-back only"
16374,66,5,1709.55,3,4,4,4,Loyal Customer,Loyal Customer,0.7780387606431227,-0.29885882453529555,0.26638227222280264,0.0,"Court: upsell/cross-sell, referral incentives"
16375,470,2,104.0,1,2,1,0,Lost / Let Go,Lost / Let Go,-1.9378695441805047,0.3743075090652962,0.8168510305709048,1.0,"Let go: exclude from paid marketing spend, low-cost win-back only"
16376,9,2,974.96,5,2,3,2,New Customer,One-Time Buyer,0.12975167403726004,-0.962156594961211,,,"Convert: post-purchase follow-up, incentivize 2nd order"
16377,267,2,1308.48,2,2,4,3,Needs Attention,At Risk,-0.3428780863118102,0.19586155531666424,0.5881127632041152,1.0,"Win back: targeted discount, re-engagement email flow"
16378,247,3,362.95,2,3,2,2,At Risk,One-Time Buyer,-0.6436541667387513,-0.11406928679162154,0.48988625024068644,0.0,"Convert: post-purchase follow-up, incentivize 2nd order"
16379,4,4,2157.4,5,4,4,4,VIP,Loyal Customer,0.8862007985637514,-0.5689572264698706,,,"Court: upsell/cross-sell, referral incentives"
16380,61,1,1743.1499999999999,3,1,4,2,One-Time Buyer,One-Time Buyer,-0.04544961720304924,-0.7512296143937089,,,"Convert: post-purchase follow-up, incentivize 2nd order"
16381,396,2,247.85,2,2,1,0,Lost / Let Go,Lost / Let Go,-1.3817432860641086,0.29410275640422234,0.7067914323825385,1.0,"Let go: exclude from paid marketing spend, low-cost win-back only"
16382,408,2,353.1,2,2,2,0,Lost / Let Go,Lost / Let Go,-1.2531826624019613,0.43814711113073135,0.6671742857291806,1.0,"Let go: exclude from paid marketing spend, low-cost win-back only"
16383,75,7,2887.99,3,4,4,4,Loyal Customer,Loyal Customer,1.2106599500999329,-0.007458536714294659,0.10690441187120382,0.0,"Court: upsell/cross-sell, referral incentives"
16384,90,4,1358.95,3,4,4,4,Loyal Customer,Loyal Customer,0.4800547885909449,-0.33187669023139627,0.380020764492591,0.0,"Court: upsell/cross-sell, referral incentives"
16385,60,5,1028.55,3,4,3,4,Loyal Customer,Loyal Customer,0.566646200681781,-0.4590086134079676,0.40153907095620006,0.0,"Court: upsell/cross-sell, referral incentives"
16386,29,3,1068.16,4,3,3,4,Loyal Customer,Loyal Customer,0.3444530750876551,-0.7398569299982134,0.40692036744721916,0.0,"Court: upsell/cross-sell, referral incentives"
16387,323,5,882.46,2,4,3,3,At Risk,At Risk,-0.11614142799898663,0.6010436451070331,0.5915674084847072,1.0,"Win back: targeted discount, re-engagement email flow"
16388,654,1,186.05,1,1,1,0,One-Time Buyer,Lost / Let Go,-2.4230744475067567,1.1368578443404462,0.9488497119075907,1.0,"Let go: exclude from paid marketing spend, low-cost win-back only"
16389,53,4,1382.07,4,4,4,4,VIP,Loyal Customer,0.5740382490174186,-0.48225201616429336,0.29231990241526284,0.0,"Court: upsell/cross-sell, referral incentives"
16390,537,3,467.5,1,3,2,3,At Risk,At Risk,-1.2094949580296965,1.1668577066179018,0.7555813833017474,1.0,"Win back: targeted discount, re-engagement email flow"
16391,401,4,1048.86,2,4,3,3,At Risk,At Risk,-0.36190532507340767,0.900943655445249,0.5720036078085952,1.0,"Win back: targeted discount, re-engagement email flow"
16392,270,3,755.45,2,3,3,3,At Risk,At Risk,-0.3725790826111713,0.17679262906887713,0.44747359365420486,0.0,"Win back: targeted discount, re-engagement email flow"
16393,2,23,5482.57,5,5,5,1,VIP,VIP,2.509675186560053,0.294081054227041,0.03379802722590823,0.0,"Court: white-glove service, early access, loyalty rewards"
16394,57,5,1555.34,4,4,4,4,VIP,Loyal Customer,0.7571300181955205,-0.36165678165019516,0.20274987373593234,0.0,"Court: upsell/cross-sell, referral incentives"
16395,61,14,3517.56,3,5,5,1,Loyal Customer,VIP,1.8137401186446063,0.2362090445272362,0.16295310536280383,0.0,"Court: white-glove service, early access, loyalty rewards"
16396,476,1,137.8,1,1,1,0,One-Time Buyer,Lost / Let Go,-2.1394124070139817,0.3125058652965299,0.8963390108113959,1.0,"Let go: exclude from paid marketing spend, low-cost win-back only"
16397,628,1,123.13,1,1,1,0,One-Time Buyer,Lost / Let Go,-2.5443552826457214,0.9189726688837173,0.9593291304361092,1.0,"Let go: exclude from paid marketing spend, low-cost win-back only"
16398,154,2,1705.8,3,2,4,4,Needs Attention,Loyal Customer,0.03895053881160283,-0.206604030140505,0.5930661559256365,1.0,"Court: upsell/cross-sell, referral incentives"
16399,19,3,628.42,5,3,3,2,Loyal Customer,One-Time Buyer,0.13258286751162365,-0.9226362191651507,0.44996086416272474,0.0,"Convert: post-purchase follow-up, incentivize 2nd order"
16400,95,9,3059.85,3,5,5,4,Loyal Customer,Loyal Customer,1.3609517776756823,0.18030232217324219,0.20698073700791256,0.0,"Court: upsell/cross-sell, referral incentives"
16401,1,23,6847.45,5,5,5,1,VIP,VIP,2.6107006599310605,0.34901453592400394,0.020984190655825342,0.0,"Court: white-glove service, early access, loyalty rewards"
16402,265,2,499.1,2,2,2,2,Lost / Let Go,One-Time Buyer,-0.7655936241025438,-0.06853792567310044,0.5376169472171013,1.0,"Convert: post-purchase follow-up, incentivize 2nd order"
16403,312,1,177.5,2,1,1,0,One-Time Buyer,Lost / Let Go,-1.6443216128350482,-0.30698791216286475,0.7705327336904533,1.0,"Let go: exclude from paid marketing spend, low-cost win-back only"
16404,70,1,443.05,3,1,2,2,One-Time Buyer,One-Time Buyer,-0.673929404201984,-1.0774479408928015,,,"Convert: post-purchase follow-up, incentivize 2nd order"
16405,302,2,167.25,2,2,1,2,Lost / Let Go,One-Time Buyer,-1.3357743918381573,-0.20342865905029925,0.7103733232806413,1.0,"Convert: post-purchase follow-up, incentivize 2nd order"
16406,19,3,528.36,5,3,2,2,Needs Attention,One-Time Buyer,0.05571190971636189,-0.9686857765000292,0.6649377525821191,1.0,"Convert: post-purchase follow-up, incentivize 2nd order"
16407,13,14,2761.65,5,5,4,1,VIP,VIP,1.8185662054098917,-0.02902027270150282,0.1017116562641765,0.0,"Court: white-glove service, early access, loyalty rewards"
16408,591,1,231.93,1,1,1,0,One-Time Buyer,Lost / Let Go,-2.1783949162637493,0.9315251440837026,0.9019183892964251,1.0,"Let go: exclude from paid marketing spend, low-cost win-back only"
16409,36,12,5652.74,4,5,5,1,VIP,VIP,1.9728503895431682,0.20084867071049298,0.05641499127288224,0.0,"Court: white-glove service, early access, loyalty rewards"
16410,734,1,130.32,1,1,1,0,One-Time Buyer,Lost / Let Go,-2.7671608080700802,1.3776001735432992,0.7462300439174911,1.0,"Let go: exclude from paid marketing spend, low-cost win-back only"
16411,19,4,884.9399999999999,5,4,3,4,Loyal Customer,Loyal Customer,0.455757413192357,-0.7430267724953825,0.38637309896249616,0.0,"Court: upsell/cross-sell, referral incentives"
16412,54,5,593.19,4,4,2,4,Needs Attention,Loyal Customer,0.3366120853918759,-0.6303256284416606,0.4630591929659465,0.0,"Court: upsell/cross-sell, referral incentives"
16413,57,2,522.03,4,2,2,2,New Customer,One-Time Buyer,-0.25942657121803353,-0.9271734886137017,0.7068563920156999,1.0,"Convert: post-purchase follow-up, incentivize 2nd order"
16414,22,5,551.21,4,4,2,4,Needs Attention,Loyal Customer,0.37888888625401734,-0.7837466287733219,0.5340309897829334,1.0,"Court: upsell/cross-sell, referral incentives"
16415,44,3,696.76,4,3,3,2,Loyal Customer,One-Time Buyer,0.11990459923416469,-0.7905851035114034,0.7545565306604659,1.0,"Convert: post-purchase follow-up, incentivize 2nd order"
16416,27,9,2957.88,4,5,5,4,VIP,Loyal Customer,1.5048782341796942,-0.11331572748647492,0.30886783226596526,0.0,"Court: upsell/cross-sell, referral incentives"
16417,493,1,35.7,1,1,1,0,One-Time Buyer,Lost / Let Go,-2.769798608917268,0.02983223155556417,0.88869308556678,1.0,"Let go: exclude from paid marketing spend, low-cost win-back only"
16418,45,5,1028.74,4,4,3,4,Loyal Customer,Loyal Customer,0.6017950959949924,-0.5217402834226947,0.3090203632070461,0.0,"Court: upsell/cross-sell, referral incentives"
16419,113,8,1463.7,3,5,4,4,Loyal Customer,Loyal Customer,0.9106949089972848,0.017725815825396184,0.3957778468913883,0.0,"Court: upsell/cross-sell, referral incentives"
16420,396,1,75.0,2,1,1,0,One-Time Buyer,Lost / Let Go,-2.219814378076741,-0.18252625456126806,0.8041976884051677,1.0,"Let go: exclude from paid marketing spend, low-cost win-back only"
16421,376,3,526.27,2,3,2,3,At Risk,At Risk,-0.7806382886637628,0.5244438920858329,0.6654676854607221,1.0,"Win back: targeted discount, re-engagement email flow"
16422,17,107,63324.62,5,5,5,1,VIP,VIP,4.7161275879397495,1.6053574506123336,0.017572517261773002,0.0,"Court: white-glove service, early access, loyalty rewards"
16423,25,1,346.12,4,1,2,2,One-Time Buyer,One-Time Buyer,-0.6780726394004637,-1.3312928075475308,,,"Convert: post-purchase follow-up, incentivize 2nd order"
16424,191,2,443.06,2,2,2,2,Lost / Let Go,One-Time Buyer,-0.6453661328406742,-0.40986789170711946,0.5511249900196845,1.0,"Convert: post-purchase follow-up, incentivize 2nd order"
16425,302,1,302.7,2,1,2,2,One-Time Buyer,One-Time Buyer,-1.3849752935911694,-0.2074848792241015,0.7406397585996548,1.0,"Convert: post-purchase follow-up, incentivize 2nd order"
16426,2,10,1863.76,5,5,4,4,VIP,Loyal Customer,1.4315398405656155,-0.302869890845402,0.5731999094616934,1.0,"Court: upsell/cross-sell, referral incentives"
16427,263,2,241.06,2,2,1,2,Lost / Let Go,One-Time Buyer,-1.0830995271480846,-0.2699115611896735,0.5951045425194376,1.0,"Convert: post-purchase follow-up, incentivize 2nd order"
16428,414,3,638.49,1,3,3,3,At Risk,At Risk,-0.783799775038736,0.7348119748260755,0.5007977152987113,1.0,"Win back: targeted discount, re-engagement email flow"
16429,106,1,284.55,3,1,1,2,One-Time Buyer,One-Time Buyer,-0.9541281274073158,-1.0442107338728315,,,"Convert: post-purchase follow-up, incentivize 2nd order"
16430,57,6,1102.94,4,4,3,4,Loyal Customer,Loyal Customer,0.7230341710873736,-0.3917452212163034,0.5314857791114747,1.0,"Court: upsell/cross-sell, referral incentives"
16431,213,3,623.28,2,3,3,2,At Risk,One-Time Buyer,-0.32459061007371476,-0.11285282752344596,0.19803048753339425,0.0,"Convert: post-purchase follow-up, incentivize 2nd order"
16432,64,1,287.4,3,1,1,2,One-Time Buyer,One-Time Buyer,-0.8515310816126759,-1.2173552971479862,,,"Convert: post-purchase follow-up, incentivize 2nd order"
16433,28,2,384.52,4,2,2,2,New Customer,One-Time Buyer,-0.3270729135763155,-1.1296864382168632,0.6599564144699931,1.0,"Convert: post-purchase follow-up, incentivize 2nd order"
16434,29,12,2673.69,4,5,4,1,VIP,VIP,1.6568828783207201,-0.027532597768137684,0.12025606512794045,0.0,"Court: white-glove service, early access, loyalty rewards"
16435,512,3,1003.0699999999999,1,3,3,3,At Risk,At Risk,-0.8125919027828763,1.2649764999192594,0.6081545896195978,1.0,"Win back: targeted discount, re-engagement email flow"
16436,668,3,319.14,1,3,2,0,At Risk,Lost / Let Go,-1.6848144255212072,1.6138627351367436,0.773445985494068,1.0,"Let go: exclude from paid marketing spend, low-cost win-back only"
16437,381,2,301.25,2,2,2,0,Lost / Let Go,Lost / Let Go,-1.2603594908453155,0.2830301144719366,0.7090155894105574,1.0,"Let go: exclude from paid marketing spend, low-cost win-back only"
16438,6,5,798.35,5,4,3,4,Loyal Customer,Loyal Customer,0.5805187588743983,-0.7523336888855593,,,"Court: upsell/cross-sell, referral incentives"
16439,722,1,310.70000000000005,1,1,2,0,One-Time Buyer,Lost / Let Go,-2.355305708011161,1.557291928889001,0.9464518711689067,1.0,"Let go: exclude from paid marketing spend, low-cost win-back only"
16440,8,6,3856.9700000000003,5,4,5,4,VIP,Loyal Customer,1.3931525567486613,-0.264016941016497,0.48140626135163395,0.0,"Court: upsell/cross-sell, referral incentives"
16441,67,5,1013.18,3,4,3,4,Loyal Customer,Loyal Customer,0.5436031259036022,-0.4337116808725131,0.3538299407260019,0.0,"Court: upsell/cross-sell, referral incentives"
16442,2,5,891.98,5,4,3,4,Loyal Customer,Loyal Customer,0.6390505195004044,-0.7396135954448981,0.3465954872717271,0.0,"Court: upsell/cross-sell, referral incentives"
16443,521,1,162.24,1,1,1,0,One-Time Buyer,Lost / Let Go,-2.17260091546605,0.5439871460281385,0.8934470430028286,1.0,"Let go: exclude from paid marketing spend, low-cost win-back only"
16444,46,17,3625.88,4,5,5,1,VIP,VIP,2.0023060539176347,0.25395259317382807,0.02968697030711367,0.0,"Court: white-glove service, early access, loyalty rewards"
16445,34,4,583.16,4,4,2,4,Needs Attention,Loyal Customer,0.2357729117747776,-0.7910208965250061,0.44978617751642314,0.0,"Court: upsell/cross-sell, referral incentives"
16446,1,2,168472.5,5,2,5,1,New Customer,VIP,2.435584268511218,0.37446599189218166,0.36751730482126926,0.0,"Court: white-glove service, early access, loyalty rewards"
16447,136,3,727.1,3,3,3,2,Loyal Customer,One-Time Buyer,-0.0762744123994208,-0.3942087612766914,0.7687908477692836,1.0,"Convert: post-purchase follow-up, incentivize 2nd order"
16448,198,2,361.12,2,2,2,2,Lost / Let Go,One-Time Buyer,-0.7523010715097112,-0.43482639122262373,0.5649790492811382,1.0,"Convert: post-purchase follow-up, incentivize 2nd order"
16449,198,2,707.69,2,2,3,2,Needs Attention,One-Time Buyer,-0.45417583315090154,-0.2562344281389459,0.3364486869482169,0.0,"Convert: post-purchase follow-up, incentivize 2nd order"
16450,150,3,1505.73,3,3,4,4,Loyal Customer,Loyal Customer,0.21390439059137836,-0.1421753323424974,0.6094511754140495,1.0,"Court: upsell/cross-sell, referral incentives"
16451,88,3,1013.15,3,3,3,4,Loyal Customer,Loyal Customer,0.18306947091488426,-0.5069691591490818,0.6059954650454965,1.0,"Court: upsell/cross-sell, referral incentives"
16452,631,2,332.17,1,2,2,0,Lost / Let Go,Lost / Let Go,-1.8015633020759634,1.3552822397319466,0.8922154040532736,1.0,"Let go: exclude from paid marketing spend, low-cost win-back only"
16453,531,2,251.71,1,2,1,0,Lost / Let Go,Lost / Let Go,-1.690511670214505,0.863223598639531,0.7615130378929282,1.0,"Let go: exclude from paid marketing spend, low-cost win-back only"
16454,64,2,7.45,3,2,1,2,Needs Attention,One-Time Buyer,-2.107530061817676,-1.9951792372004036,0.38108129440852423,0.0,"Convert: post-purchase follow-up, incentivize 2nd order"
16455,64,11,4376.87,3,5,5,1,Loyal Customer,VIP,1.7323564077043043,0.2182019531466552,0.051377840926698524,0.0,"Court: white-glove service, early access, loyalty rewards"
16456,99,13,6788.34,3,5,5,1,Loyal Customer,VIP,1.9637589560442208,0.5426648096416004,0.03277495443931771,0.0,"Court: white-glove service, early access, loyalty rewards"
16457,218,1,208.36,2,1,1,2,One-Time Buyer,One-Time Buyer,-1.3537643223406959,-0.6579986167995749,0.36118684428541425,0.0,"Convert: post-purchase follow-up, incentivize 2nd order"
16458,3,30,5690.89,5,5,5,1,VIP,VIP,2.720468135393566,0.4098986205323956,0.03644721505797547,0.0,"Court: white-glove service, early access, loyalty rewards"
16459,730,1,71.78999999999999,1,1,1,0,One-Time Buyer,Lost / Let Go,-3.0197997683435074,1.203913405875783,0.9277348322863204,1.0,"Let go: exclude from paid marketing spend, low-cost win-back only"
16460,28,3,811.23,4,3,3,4,Loyal Customer,Loyal Customer,0.22475773987198897,-0.8171462775924356,,,"Court: upsell/cross-sell, referral incentives"
16461,178,3,1539.83,3,3,4,4,Loyal Customer,Loyal Customer,0.15838271287250202,-0.019032042654645597,0.46529021969220785,0.0,"Court: upsell/cross-sell, referral incentives"
16462,74,3,136.0,3,3,1,2,Needs Attention,One-Time Buyer,-0.6730258964447319,-1.0980149800853132,0.6689823742082115,1.0,"Convert: post-purchase follow-up, incentivize 2nd order"
16463,21,4,1422.4,4,4,4,4,VIP,Loyal Customer,0.6616097361962612,-0.6085392287257853,0.32091589983186447,0.0,"Court: upsell/cross-sell, referral incentives"
16464,20,3,1298.66,4,3,4,4,Loyal Customer,Loyal Customer,0.4521764860917795,-0.7255977787411749,,,"Court: upsell/cross-sell, referral incentives"
16465,421,2,746.24,1,2,3,3,Needs Attention,At Risk,-0.9519864152921204,0.6911947000503367,0.5909238631518199,1.0,"Win back: targeted discount, re-engagement email flow"
16466,34,15,3767.09,4,5,5,1,VIP,VIP,1.956852720643624,0.16707719350792183,0.057631832385011954,0.0,"Court: white-glove service, early access, loyalty rewards"
16467,509,7,2869.16,1,4,4,3,Win-Back Priority,At Risk,0.19315238139792,1.8072585699459214,0.7853014764920342,1.0,"Win back: targeted discount, re-engagement email flow"
16468,74,3,787.52,3,3,3,4,Loyal Customer,Loyal Customer,0.10406499771967341,-0.6324985781621727,0.5312958325564809,1.0,"Court: upsell/cross-sell, referral incentives"
16469,24,5,803.9,4,4,3,4,Loyal Customer,Loyal Customer,0.5415105543870804,-0.6751564144659296,0.4639603976587743,0.0,"Court: upsell/cross-sell, referral incentives"
16470,52,11,2416.85,4,5,4,4,VIP,Loyal Customer,1.4968102666010386,0.010067910185376663,0.12128733698633122,0.0,"Court: upsell/cross-sell, referral incentives"
16471,275,4,1189.98,2,4,3,3,At Risk,At Risk,-0.011344809314323773,0.4071309673368416,0.46524877303405304,0.0,"Win back: targeted discount, re-engagement email flow"
16472,434,2,789.6,1,2,3,3,Needs Attention,At Risk,-0.9573332391790604,0.7606076221420215,0.6713975189569559,1.0,"Win back: targeted discount, re-engagement email flow"
16473,165,4,470.83,3,4,2,2,Needs Attention,One-Time Buyer,-0.16529901185474968,-0.29953786713159913,0.6031463883741578,1.0,"Convert: post-purchase follow-up, incentivize 2nd order"
16474,7,7,1810.49,5,4,4,4,VIP,Loyal Customer,1.162386662835083,-0.4162138680507431,,,"Court: upsell/cross-sell, referral incentives"
16475,88,4,544.3,3,4,2,4,Needs Attention,Loyal Customer,0.07896692445460826,-0.5833201104859638,0.5517927625934227,1.0,"Court: upsell/cross-sell, referral incentives"
16476,432,1,350.35,1,1,2,0,One-Time Buyer,Lost / Let Go,-1.6241782686993096,0.3753799236236446,0.7405999591244744,1.0,"Let go: exclude from paid marketing spend, low-cost win-back only"
16477,64,11,4320.02,3,5,5,1,Loyal Customer,VIP,1.7265528715421388,0.214725344048633,0.033683784433981644,0.0,"Court: white-glove service, early access, loyalty rewards"
16478,25,3,331.0,4,3,2,2,Needs Attention,One-Time Buyer,-0.1654591639541682,-1.0676632890064757,,,"Convert: post-purchase follow-up, incentivize 2nd order"
16479,10,2,300.83,5,2,2,2,New Customer,One-Time Buyer,-0.39365402111112113,-1.2701170038321552,,,"Convert: post-purchase follow-up, incentivize 2nd order"
16480,76,1,769.29,3,1,3,2,One-Time Buyer,One-Time Buyer,-0.44338381958576656,-0.905824530092195,,,"Convert: post-purchase follow-up, incentivize 2nd order"
16481,682,1,453.38,1,1,2,0,One-Time Buyer,Lost / Let Go,-2.094450798631544,1.490123442235189,0.9025562319694177,1.0,"Let go: exclude from paid marketing spend, low-cost win-back only"
16482,16,1,220.62,5,1,1,2,One-Time Buyer,One-Time Buyer,-0.8562612484351663,-1.488309289340045,,,"Convert: post-purchase follow-up, incentivize 2nd order"
16483,192,1,139.35,2,1,1,2,One-Time Buyer,One-Time Buyer,-1.4705470986264053,-0.87318922951116,0.6305735722015366,1.0,"Convert: post-purchase follow-up, incentivize 2nd order"
16484,174,2,404.3,3,2,2,2,Needs Attention,One-Time Buyer,-0.646175697454221,-0.505312164564439,0.27062763433091996,0.0,"Convert: post-purchase follow-up, incentivize 2nd order"
16485,77,5,2287.19,3,4,4,4,Loyal Customer,Loyal Customer,0.8815051382607312,-0.17543302254534002,0.4443170891326945,0.0,"Court: upsell/cross-sell, referral incentives"
16486,538,1,134.36,1,1,1,0,One-Time Buyer,Lost / Let Go,-2.295498722522058,0.5653245016851182,0.9107425649124754,1.0,"Let go: exclude from paid marketing spend, low-cost win-back only"
16487,577,2,209.4,1,2,1,0,Lost / Let Go,Lost / Let Go,-1.879406706677472,1.0070147047306877,0.8401581208752944,1.0,"Let go: exclude from paid marketing spend, low-cost win-back only"
16488,33,3,498.8,4,3,2,2,Needs Attention,One-Time Buyer,-0.0025302177251732613,-0.9253739515732785,,,"Convert: post-purchase follow-up, incentivize 2nd order"
16489,380,2,303.7,2,2,2,0,Lost / Let Go,Lost / Let Go,-1.254437136993482,0.28099205996548354,0.7461852768665829,1.0,"Let go: exclude from paid marketing spend, low-cost win-back only"
16490,436,1,205.41000000000003,1,1,1,0,One-Time Buyer,Lost / Let Go,-1.869704987493147,0.25064047600220907,0.7086548336152394,1.0,"Let go: exclude from paid marketing spend, low-cost win-back only"
16491,47,2,1533.16,4,2,4,4,New Customer,Loyal Customer,0.24174717093255363,-0.6828037063110479,0.5199361114244345,1.0,"Court: upsell/cross-sell, referral incentives"
16492,541,1,385.56,1,1,2,0,One-Time Buyer,Lost / Let Go,-1.8365936508648968,0.8569891690342653,0.7407176552464199,1.0,"Let go: exclude from paid marketing spend, low-cost win-back only"
16493,80,7,2132.09,3,4,4,4,Loyal Customer,Loyal Customer,1.0642879323190702,-0.06721350635079366,0.20451788655290665,0.0,"Court: upsell/cross-sell, referral incentives"
16494,297,1,826.53,2,1,3,3,One-Time Buyer,At Risk,-0.9282114034153135,0.038210382221986174,0.41490584215027776,0.0,"Win back: targeted discount, re-engagement email flow"
16495,3,3,648.26,5,3,3,2,Loyal Customer,One-Time Buyer,0.1837671619511252,-0.9813477225901835,0.5233116167454691,1.0,"Convert: post-purchase follow-up, incentivize 2nd order"
16496,9,6,2330.77,5,4,4,4,VIP,Loyal Customer,1.167251203873103,-0.39375733468539115,0.09168347167356178,0.0,"Court: upsell/cross-sell, referral incentives"
16497,50,23,6695.28,4,5,5,1,VIP,VIP,2.486171653150512,0.548121644597393,0.023881868237154026,0.0,"Court: white-glove service, early access, loyalty rewards"
16498,161,2,100.97,3,2,1,2,Needs Attention,One-Time Buyer,-1.2284913901805388,-0.9267643941982147,,,"Convert: post-purchase follow-up, incentivize 2nd order"
16499,360,8,2578.34,2,5,4,3,Win-Back Priority,At Risk,0.5845150221837696,1.2020305270976221,0.2723910773197502,0.0,"Win back: targeted discount, re-engagement email flow"
16500,5,9,843.9100000000001,5,5,3,4,Loyal Customer,Loyal Customer,0.999819740562689,-0.5387595940888946,0.5261328976529563,1.0,"Court: upsell/cross-sell, referral incentives"
16501,383,1,1191.23,2,1,3,3,One-Time Buyer,At Risk,-0.9671392814683509,0.49527298848078133,0.6035491571260367,1.0,"Win back: targeted discount, re-engagement email flow"
16502,620,2,258.55,1,2,1,0,Lost / Let Go,Lost / Let Go,-1.886717652432649,1.242826260070934,0.8224253907607523,1.0,"Let go: exclude from paid marketing spend, low-cost win-back only"
16503,107,11,3614.34,3,5,5,1,Loyal Customer,VIP,1.5468586389689083,0.34727066884384955,0.04581039438065726,0.0,"Court: white-glove service, early access, loyalty rewards"
16504,25,1,465.88,4,1,2,2,One-Time Buyer,One-Time Buyer,-0.5464681782345909,-1.2524551378501563,,,"Convert: post-purchase follow-up, incentivize 2nd order"
16505,32,1,777.6,4,1,3,2,One-Time Buyer,One-Time Buyer,-0.33575636933797376,-1.0871273116349316,,,"Convert: post-purchase follow-up, incentivize 2nd order"
16506,20,2,90.30000000000001,4,2,1,2,New Customer,One-Time Buyer,-0.9479370927967392,-1.5463019369483861,,,"Convert: post-purchase follow-up, incentivize 2nd order"
16507,572,1,142.71,1,1,1,0,One-Time Buyer,Lost / Let Go,-2.348405804083608,0.7235491136856375,0.8664629180115516,1.0,"Let go: exclude from paid marketing spend, low-cost win-back only"
16508,630,1,240.95,1,1,1,0,One-Time Buyer,Lost / Let Go,-2.2526998084388286,1.1048606016189222,0.9163747660285299,1.0,"Let go: exclude from paid marketing spend, low-cost win-back only"
16509,297,1,363.7,2,1,2,2,One-Time Buyer,One-Time Buyer,-1.2920175935427365,-0.17972776362077492,0.7222781122760562,1.0,"Convert: post-purchase follow-up, incentivize 2nd order"
16510,372,6,2005.35,2,4,4,3,Win-Back Priority,At Risk,0.2518917846069247,1.0855568979232026,0.37058632677230346,0.0,"Win back: targeted discount, re-engagement email flow"
16511,22,6,1758.49,4,4,4,4,VIP,Loyal Customer,1.0118258280890968,-0.4142489887631148,0.39308809198595623,0.0,"Court: upsell/cross-sell, referral incentives"
16513,5,4,874.59,5,4,3,4,Loyal Customer,Loyal Customer,0.4832689256155425,-0.8047477763735993,,,"Court: upsell/cross-sell, referral incentives"
16515,52,10,3179.06,4,5,5,4,VIP,Loyal Customer,1.5516465999932076,0.04837214697143578,0.1001766543348213,0.0,"Court: upsell/cross-sell, referral incentives"
16516,30,1,101.69999999999999,4,1,1,2,One-Time Buyer,One-Time Buyer,-1.2304993786802947,-1.6342949112781158,,,"Convert: post-purchase follow-up, incentivize 2nd order"
16517,277,1,162.7,2,1,1,2,One-Time Buyer,One-Time Buyer,-1.6009288953741503,-0.47649794658098815,0.5899097338908058,1.0,"Convert: post-purchase follow-up, incentivize 2nd order"
16518,61,4,959.37,3,4,3,4,Loyal Customer,Loyal Customer,0.3933877005863304,-0.5457840200051,0.347965009143336,0.0,"Court: upsell/cross-sell, referral incentives"
16519,25,4,540.66,4,4,2,4,Needs Attention,Loyal Customer,0.22327438509748124,-0.8487807127812359,0.6601419041559698,1.0,"Court: upsell/cross-sell, referral incentives"
16520,186,6,2474.14,3,4,4,4,Loyal Customer,Loyal Customer,0.7799546440272284,0.3629265306102243,0.1895688859442873,0.0,"Court: upsell/cross-sell, referral incentives"
16521,415,3,1136.36,1,3,3,3,At Risk,At Risk,-0.530480928577893,0.8921485043321101,0.5968767369422087,1.0,"Win back: targeted discount, re-engagement email flow"
16522,436,2,433.36,1,2,2,3,Lost / Let Go,At Risk,-1.2279328685985398,0.6096765614124847,0.7098093271540635,1.0,"Win back: targeted discount, re-engagement email flow"
16523,2,28,11916.33,5,5,5,1,VIP,VIP,2.999681690691482,0.5757564103499565,0.02065461416175544,0.0,"Court: white-glove service, early access, loyalty rewards"
16524,446,2,306.19,1,2,2,0,Lost / Let Go,Lost / Let Go,-1.4051181053931612,0.5593921356754126,0.6619105733435415,1.0,"Let go: exclude from paid marketing spend, low-cost win-back only"
16525,2,48,24562.74,5,5,5,1,VIP,VIP,3.7236951603641613,0.9765956562859228,0.009674880621798703,0.0,"Court: white-glove service, early access, loyalty rewards"
16526,172,2,717.21,3,2,3,2,Needs Attention,One-Time Buyer,-0.387468351532568,-0.36150517782178243,0.6445356165228734,1.0,"Convert: post-purchase follow-up, incentivize 2nd order"
16527,81,2,1232.94,3,2,4,4,Needs Attention,Loyal Customer,0.06557032538987326,-0.5984238625678053,0.63843474510046,1.0,"Court: upsell/cross-sell, referral incentives"
16528,4,1,244.41,5,1,1,2,One-Time Buyer,One-Time Buyer,-0.7829340186597961,-1.5114126990239831,,,"Convert: post-purchase follow-up, incentivize 2nd order"
16529,190,4,1986.8,2,4,4,4,Win-Back Priority,Loyal Customer,0.414811491066854,0.18762343954523994,0.29335002189750503,0.0,"Court: upsell/cross-sell, referral incentives"
16530,668,1,48.349999999999994,1,1,1,0,One-Time Buyer,Lost / Let Go,-3.0474155927038944,0.8410479785399104,0.9512901313913557,1.0,"Let go: exclude from paid marketing spend, low-cost win-back only"
16531,22,11,2298.33,4,5,4,4,VIP,Loyal Customer,1.5446279798492042,-0.1288621231416908,0.1185129565513832,0.0,"Court: upsell/cross-sell, referral incentives"
16532,18,5,8756.64,5,4,5,4,VIP,Loyal Customer,1.6153660977682314,-0.06537815870505166,0.32683945747578225,0.0,"Court: upsell/cross-sell, referral incentives"
16533,19,3,1082.81,5,3,3,4,Loyal Customer,Loyal Customer,0.37387368350933137,-0.7780909242403753,,,"Court: upsell/cross-sell, referral incentives"
16534,642,1,635.9,1,1,3,0,One-Time Buyer,Lost / Let Go,-1.8510071206101602,1.4125247551559155,0.8415194790502226,1.0,"Let go: exclude from paid marketing spend, low-cost win-back only"
16535,5,2,952.04,5,2,3,2,New Customer,One-Time Buyer,0.1285511575431946,-0.9852191299523387,0.6678199793321473,1.0,"Convert: post-purchase follow-up, incentivize 2nd order"
16536,110,1,548.12,3,1,2,2,One-Time Buyer,One-Time Buyer,-0.6731431597714937,-0.8535432867824556,,,"Convert: post-purchase follow-up, incentivize 2nd order"
16537,641,1,10.55,1,1,1,0,One-Time Buyer,Lost / Let Go,-3.6291053620937643,0.3417689293643587,0.8970714878589543,1.0,"Let go: exclude from paid marketing spend, low-cost win-back only"
16538,541,3,395.07,1,3,2,0,At Risk,Lost / Let Go,-1.2934149770567975,1.1389287736570182,0.7176064939047275,1.0,"Let go: exclude from paid marketing spend, low-cost win-back only"
16539,3,10,3732.01,5,5,5,1,VIP,VIP,1.7373795897092885,-0.11407070770866638,0.05638864600141056,0.0,"Court: white-glove service, early access, loyalty rewards"
16540,414,1,205.75,1,1,1,0,One-Time Buyer,Lost / Let Go,-1.8175426721070909,0.15899980801110605,0.6981848392041258,1.0,"Let go: exclude from paid marketing spend, low-cost win-back only"
16541,735,1,424.03,1,1,2,0,One-Time Buyer,Lost / Let Go,-2.248002238908057,1.6941880237499425,0.8670786573585239,1.0,"Let go: exclude from paid marketing spend, low-cost win-back only"
16542,54,2,257.32,4,2,1,2,New Customer,One-Time Buyer,-0.5656333922478487,-1.12736424892597,0.6939370230175301,1.0,"Convert: post-purchase follow-up, incentivize 2nd order"
16543,592,1,292.21,1,1,2,0,One-Time Buyer,Lost / Let Go,-2.0785439995591752,0.9969266901698737,0.8766933548501235,1.0,"Let go: exclude from paid marketing spend, low-cost win-back only"
16544,520,4,376.70000000000005,1,4,2,3,At Risk,At Risk,-1.0940169297240263,1.127087224283017,0.7719968295915,1.0,"Win back: targeted discount, re-engagement email flow"
16545,165,2,689.82,3,2,3,2,Needs Attention,One-Time Buyer,-0.38836796596971573,-0.4011449814674018,0.6978426538986805,1.0,"Convert: post-purchase follow-up, incentivize 2nd order"
16546,291,5,5606.47,2,4,5,4,Win-Back Priority,Loyal Customer,0.7791971112140978,0.9586493908581986,0.38809400916702164,0.0,"Court: upsell/cross-sell, referral incentives"
16547,546,1,104.25999999999999,1,1,1,0,One-Time Buyer,Lost / Let Go,-2.4258708417083747,0.5319117974682516,0.8862367210945165,1.0,"Let go: exclude from paid marketing spend, low-cost win-back only"
16548,599,1,30.15,1,1,1,0,One-Time Buyer,Lost / Let Go,-3.0904056601406107,0.42987171937640517,0.8544442279928642,1.0,"Let go: exclude from paid marketing spend, low-cost win-back only"
16549,10,34,12781.8,5,5,5,1,VIP,VIP,3.1565450863595577,0.702623658141102,0.20848017478590414,0.0,"Court: white-glove service, early access, loyalty rewards"
16550,109,18,9362.34,3,5,5,1,Loyal Customer,VIP,2.3176616896765996,0.7913850956363693,0.016266990237727517,0.0,"Court: white-glove service, early access, loyalty rewards"
16551,96,7,2237.12,3,4,4,4,Loyal Customer,Loyal Customer,1.0482241919983515,0.012536969618760935,0.3372056314732164,0.0,"Court: upsell/cross-sell, referral incentives"
16552,243,2,475.02000000000004,2,2,2,2,Lost / Let Go,One-Time Buyer,-0.7360730319785382,-0.17374212094967362,0.5525424594121364,1.0,"Convert: post-purchase follow-up, incentivize 2nd order"
16553,163,33,16584.01,3,5,5,1,Loyal Customer,VIP,2.892216412686178,1.4007284148660128,0.018971731461782253,0.0,"Court: white-glove service, early access, loyalty rewards"
16554,42,8,2841.72,4,5,4,4,VIP,Loyal Customer,1.3711044601232587,-0.10306051862300872,0.13304533843372657,0.0,"Court: upsell/cross-sell, referral incentives"
16555,35,6,1915.68,4,4,4,4,VIP,Loyal Customer,1.0194283798951465,-0.3370787414665919,0.4237822036457725,0.0,"Court: upsell/cross-sell, referral incentives"
16556,67,17,8012.58,3,5,5,1,Loyal Customer,VIP,2.3052054949803598,0.55270721151023,0.019087535922796,0.0,"Court: white-glove service, early access, loyalty rewards"
16557,24,2,281.85,4,2,1,2,New Customer,One-Time Buyer,-0.4552202127625205,-1.2287964600056691,,,"Convert: post-purchase follow-up, incentivize 2nd order"
16558,1,38,13873.51,5,5,5,1,VIP,VIP,3.2970888232802147,0.7297601928512243,0.009057972773069274,0.0,"Court: white-glove service, early access, loyalty rewards"
16559,397,1,175.0,2,1,1,0,One-Time Buyer,Lost / Let Go,-1.8492969472337095,0.045018102268167506,0.8049054534137291,1.0,"Let go: exclude from paid marketing spend, low-cost win-back only"
16560,27,8,3048.38,4,5,5,4,VIP,Loyal Customer,1.4373304854101696,-0.14717542985688495,0.24328400614311946,0.0,"Court: upsell/cross-sell, referral incentives"
16561,6,2,511.12,5,2,2,2,New Customer,One-Time Buyer,-0.1495585004947168,-1.146234915666352,,,"Convert: post-purchase follow-up, incentivize 2nd order"
16562,477,1,223.85999999999999,1,1,1,0,One-Time Buyer,Lost / Let Go,-1.9275416847204934,0.4450128905917375,0.8303635518648437,1.0,"Let go: exclude from paid marketing spend, low-cost win-back only"
16563,54,6,4412.56,4,4,5,4,VIP,Loyal Customer,1.3453507957997313,-0.03570388974996809,0.3489157031115078,0.0,"Court: upsell/cross-sell, referral incentives"
16564,569,1,87.8,1,1,1,0,One-Time Buyer,Lost / Let Go,-2.5551421796004967,0.5829461367853221,0.9378877294716602,1.0,"Let go: exclude from paid marketing spend, low-cost win-back only"
16565,364,4,773.05,2,4,3,3,At Risk,At Risk,-0.41072935137531263,0.6650194858845219,0.6433645670168193,1.0,"Win back: targeted discount, re-engagement email flow"
16566,15,5,614.66,5,4,3,4,Loyal Customer,Loyal Customer,0.4435465437287383,-0.7841143400942387,0.3309929158983929,0.0,"Court: upsell/cross-sell, referral incentives"
16567,194,2,865.6,2,2,3,2,Needs Attention,One-Time Buyer,-0.3555084853249825,-0.21947110592970379,0.39817690025135805,0.0,"Convert: post-purchase follow-up, incentivize 2nd order"
16568,428,2,1020.9000000000001,1,2,3,3,Needs Attention,At Risk,-0.8293623546120165,0.8037535491597925,0.6473389885948105,1.0,"Win back: targeted discount, re-engagement email flow"
16569,3,5,1455.23,5,4,4,4,VIP,Loyal Customer,0.8538508274671571,-0.6053516014684399,0.7073596643364384,1.0,"Court: upsell/cross-sell, referral incentives"
16570,15,20,7434.31,5,5,5,1,VIP,VIP,2.511914986662587,0.376409491118588,0.01597706451578189,0.0,"Court: white-glove service, early access, loyalty rewards"
16571,27,10,4248.74,4,5,5,1,VIP,VIP,1.7388348248885541,0.02086124368483458,0.09290227548792063,0.0,"Court: white-glove service, early access, loyalty rewards"
16572,127,3,1009.6,3,3,3,4,Loyal Customer,Loyal Customer,0.09033840814180964,-0.34467190152382793,0.5966167185020077,1.0,"Court: upsell/cross-sell, referral incentives"
16573,85,2,663.61,3,2,3,2,Needs Attention,One-Time Buyer,-0.218517867084586,-0.746263566047932,0.5243087977189542,1.0,"Convert: post-purchase follow-up, incentivize 2nd order"
16574,71,3,1301.78,3,3,4,4,Loyal Customer,Loyal Customer,0.3340134307542418,-0.5115054633080505,0.5769308141734036,1.0,"Court: upsell/cross-sell, referral incentives"
16576,420,2,540.87,1,2,2,3,Lost / Let Go,At Risk,-1.0923348625126357,0.601533103004715,0.631184922974014,1.0,"Win back: targeted discount, re-engagement email flow"
16577,667,1,380.0,1,1,2,0,One-Time Buyer,Lost / Let Go,-2.1375887890639564,1.3804940030614774,0.8956044179613428,1.0,"Let go: exclude from paid marketing spend, low-cost win-back only"
16578,626,1,156.6,1,1,1,0,One-Time Buyer,Lost / Let Go,-2.4336815359855026,0.9741001086011634,0.9077529253495952,1.0,"Let go: exclude from paid marketing spend, low-cost win-back only"
16579,426,1,295.05,1,1,2,0,One-Time Buyer,Lost / Let Go,-1.6861897007375284,0.3047169189974501,0.710806281083572,1.0,"Let go: exclude from paid marketing spend, low-cost win-back only"
16581,183,1,105.84,3,1,1,2,One-Time Buyer,One-Time Buyer,-1.5706351199257267,-0.983419543992125,0.681805824313067,1.0,"Convert: post-purchase follow-up, incentivize 2nd order"
16582,113,1,313.62,3,1,2,2,One-Time Buyer,One-Time Buyer,-0.927446927747266,-0.9891264682228728,,,"Convert: post-purchase follow-up, incentivize 2nd order"
16583,374,2,531.4,2,2,2,3,Lost / Let Go,At Risk,-0.9926244800671102,0.4043159182440841,0.6918592065336276,1.0,"Win back: targeted discount, re-engagement email flow"
16584,80,5,3156.17,3,4,5,4,Loyal Customer,Loyal Customer,1.0174242573073753,-0.07725313240831133,0.17271711102354348,0.0,"Court: upsell/cross-sell, referral incentives"
16585,594,2,341.59,1,2,2,0,Lost / Let Go,Lost / Let Go,-1.7026851987054907,1.2078390502956933,0.901024528059385,1.0,"Let go: exclude from paid marketing spend, low-cost win-back only"
16586,249,3,1462.78,2,3,4,3,At Risk,At Risk,-0.030378074997596188,0.26448551899945644,0.536914774238728,1.0,"Win back: targeted discount, re-engagement email flow"
16587,232,1,225.15,2,1,1,2,One-Time Buyer,One-Time Buyer,-1.3522413446747643,-0.5788844978308867,0.4260184625894029,0.0,"Convert: post-purchase follow-up, incentivize 2nd order"
16588,386,4,1361.28,2,4,4,3,Win-Back Priority,At Risk,-0.2111732128294677,0.9074521266705647,0.49467729029448737,0.0,"Win back: targeted discount, re-engagement email flow"
16589,71,4,612.36,3,4,3,4,Loyal Customer,Loyal Customer,0.17093179016039414,-0.623187848710016,0.6995489433522863,1.0,"Court: upsell/cross-sell, referral incentives"
16590,401,2,605.9,2,2,2,3,Lost / Let Go,At Risk,-0.9975938749964623,0.5521567182006939,0.5970262444428556,1.0,"Win back: targeted discount, re-engagement email flow"
16591,69,1,213.5,3,1,1,2,One-Time Buyer,One-Time Buyer,-0.994663330610621,-1.275169482870773,,,"Convert: post-purchase follow-up, incentivize 2nd order"
16592,4,28,7807.91,5,5,5,1,VIP,VIP,2.807311761952504,0.47168886205865285,0.013135791567630782,0.0,"Court: white-glove service, early access, loyalty rewards"
16593,51,8,1071.1399999999999,4,5,3,4,Loyal Customer,Loyal Customer,0.9171109057079432,-0.3247528446407906,0.18836044812344913,0.0,"Court: upsell/cross-sell, referral incentives"
16594,75,1,181.09,3,1,1,2,One-Time Buyer,One-Time Buyer,-1.081422322604502,-1.293627420245156,,,"Convert: post-purchase follow-up, incentivize 2nd order"
16595,61,5,1757.75,3,4,4,4,Loyal Customer,Loyal Customer,0.8020659824558328,-0.312394520946758,0.41210508494604187,0.0,"Court: upsell/cross-sell, referral incentives"
16596,16,4,579.63,5,4,2,4,Needs Attention,Loyal Customer,0.275162052893284,-0.8679699708058318,0.5353235477238573,1.0,"Court: upsell/cross-sell, referral incentives"
16597,4,1,90.04,5,1,1,2,One-Time Buyer,One-Time Buyer,-1.2232253322491566,-1.7751692680937132,,,"Convert: post-purchase follow-up, incentivize 2nd order"
16598,286,1,145.04999999999998,2,1,1,2,One-Time Buyer,One-Time Buyer,-1.6726242660251667,-0.4691744955459812,0.7667895783585694,1.0,"Convert: post-purchase follow-up, incentivize 2nd order"
16599,386,1,172.8,2,1,1,0,One-Time Buyer,Lost / Let Go,-1.8291662427128912,-0.004366851479514692,0.7651706033661476,1.0,"Let go: exclude from paid marketing spend, low-cost win-back only"
16600,4,13,2153.41,5,5,4,1,VIP,VIP,1.676202051828277,-0.16025112040774014,0.11298850279642818,0.0,"Court: white-glove service, early access, loyalty rewards"
16601,41,3,675.83,4,3,3,2,Loyal Customer,One-Time Buyer,0.11339572514437492,-0.8112417694584422,0.6624974436576738,1.0,"Convert: post-purchase follow-up, incentivize 2nd order"
16602,36,2,763.33,4,2,3,2,New Customer,One-Time Buyer,-0.041893941534551636,-0.9141632068096992,0.6953288818916328,1.0,"Convert: post-purchase follow-up, incentivize 2nd order"
16603,75,2,482.47,3,2,2,2,Needs Attention,One-Time Buyer,-0.3364278866858018,-0.8727559923027886,,,"Convert: post-purchase follow-up, incentivize 2nd order"
16604,563,2,432.45,1,2,2,0,Lost / Let Go,Lost / Let Go,-1.525764340862863,1.1406624312892724,0.7871817896855565,1.0,"Let go: exclude from paid marketing spend, low-cost win-back only"
16605,724,1,60.48,1,1,1,0,One-Time Buyer,Lost / Let Go,-3.0807509762327454,1.1338855286648906,0.8837665403353451,1.0,"Let go: exclude from paid marketing spend, low-cost win-back only"
16606,404,2,357.66,2,2,2,0,Lost / Let Go,Lost / Let Go,-1.2381501774343675,0.4248089577912125,0.716826256473407,1.0,"Let go: exclude from paid marketing spend, low-cost win-back only"
16607,18,25,5706.87,5,5,5,1,VIP,VIP,2.5515491180617054,0.4035214243329408,0.028024469075215518,0.0,"Court: white-glove service, early access, loyalty rewards"
16608,454,2,1286.6200000000001,1,2,4,3,Needs Attention,At Risk,-0.7875208863816513,0.9740505614659185,0.6790108173948385,1.0,"Win back: targeted discount, re-engagement email flow"
16609,15,7,5493.46,5,4,5,4,VIP,Loyal Customer,1.6363503550334721,-0.08759912530901663,0.10442724626420086,0.0,"Court: upsell/cross-sell, referral incentives"
16610,219,1,75.66,2,1,1,2,One-Time Buyer,One-Time Buyer,-1.802185011691465,-0.9210392481268317,0.7877969767238941,1.0,"Convert: post-purchase follow-up, incentivize 2nd order"
16611,186,6,1785.13,3,4,4,4,Loyal Customer,Loyal Customer,0.6350992500176632,0.2761508878573893,0.17797693781415047,0.0,"Court: upsell/cross-sell, referral incentives"
16612,33,9,3245.43,4,5,5,4,VIP,Loyal Customer,1.5320309348510115,-0.06353485045099723,0.13817733121807105,0.0,"Court: upsell/cross-sell, referral incentives"
16613,70,1,618.59,3,1,3,2,One-Time Buyer,One-Time Buyer,-0.5260214134751743,-0.9888436396767089,,,"Convert: post-purchase follow-up, incentivize 2nd order"
16614,183,3,1179.79,3,3,3,4,Loyal Customer,Loyal Customer,0.02852678179472779,-0.06889304838858232,0.4867745569920018,0.0,"Court: upsell/cross-sell, referral incentives"
16615,626,1,291.5,1,1,2,0,One-Time Buyer,Lost / Let Go,-2.1591055701830846,1.1385848768757363,0.9195964039489566,1.0,"Let go: exclude from paid marketing spend, low-cost win-back only"
16616,15,2,500.42,5,2,2,2,New Customer,One-Time Buyer,-0.1799738428123973,-1.1141826582519019,,,"Convert: post-purchase follow-up, incentivize 2nd order"
16617,236,1,151.85,2,1,1,2,One-Time Buyer,One-Time Buyer,-1.5355285073998663,-0.666339331237963,0.5280794590610463,1.0,"Convert: post-purchase follow-up, incentivize 2nd order"
16618,31,5,2647.59,4,4,4,4,VIP,Loyal Customer,1.053987100604841,-0.3290563828369838,0.11473634761859569,0.0,"Court: upsell/cross-sell, referral incentives"
16619,264,4,1938.33,2,4,4,3,Win-Back Priority,At Risk,0.23085373931013292,0.4907757846832007,0.37231350250638634,0.0,"Win back: targeted discount, re-engagement email flow"
16620,4,6,1758.93,5,4,4,4,VIP,Loyal Customer,1.0540172035790663,-0.48951938417671276,0.4405036604282563,0.0,"Court: upsell/cross-sell, referral incentives"
16621,52,4,813.48,4,4,3,4,Loyal Customer,Loyal Customer,0.34126938645431704,-0.6272780751249979,0.25697939981555473,0.0,"Court: upsell/cross-sell, referral incentives"
16622,544,1,225.4,1,1,1,0,One-Time Buyer,Lost / Let Go,-2.081143610712318,0.7272490076305722,0.8953272415146117,1.0,"Let go: exclude from paid marketing spend, low-cost win-back only"
16623,246,4,1015.24,2,4,3,3,At Risk,At Risk,-0.013997931430466171,0.24355221483175893,0.41214931477937883,0.0,"Win back: targeted discount, re-engagement email flow"
16624,81,2,810.5699999999999,3,2,3,2,Needs Attention,One-Time Buyer,-0.12046727755332827,-0.7098697129758822,0.3346019854421044,0.0,"Convert: post-purchase follow-up, incentivize 2nd order"
16625,275,5,1654.03,2,4,4,3,Win-Back Priority,At Risk,0.2747887004820772,0.5671100046353621,0.20198159401327268,0.0,"Win back: targeted discount, re-engagement email flow"
16626,1,17,4413.1,5,5,5,1,VIP,VIP,2.194723778966574,0.11785759549848956,0.11809906129873032,0.0,"Court: white-glove service, early access, loyalty rewards"
16627,79,1,322.8,3,1,2,2,One-Time Buyer,One-Time Buyer,-0.8351919555267765,-1.1237797211708445,,,"Convert: post-purchase follow-up, incentivize 2nd order"
16628,30,7,2318.1,4,4,4,4,VIP,Loyal Customer,1.2183001504058657,-0.2542445347868538,0.29348305536793123,0.0,"Court: upsell/cross-sell, referral incentives"
16629,74,2,408.63,3,2,2,2,Needs Attention,One-Time Buyer,-0.40767757979294844,-0.9210239716470787,,,"Convert: post-purchase follow-up, incentivize 2nd order"
16630,407,1,106.80000000000001,2,1,1,0,One-Time Buyer,Lost / Let Go,-2.090330002026593,-0.04351436720277735,0.8381729206191604,1.0,"Let go: exclude from paid marketing spend, low-cost win-back only"
16631,482,7,1892.52,1,4,4,3,Win-Back Priority,At Risk,0.07159694412008295,1.5836230526849044,0.7793991723335413,1.0,"Win back: targeted discount, re-engagement email flow"
16632,486,2,406.4,1,2,2,0,Lost / Let Go,Lost / Let Go,-1.373273909592068,0.8019020596219125,0.7622425577203631,1.0,"Let go: exclude from paid marketing spend, low-cost win-back only"
16633,17,6,2883.1,5,4,4,4,VIP,Loyal Customer,1.2429381809468216,-0.30373031030055875,0.20235595289450017,0.0,"Court: upsell/cross-sell, referral incentives"
16634,223,6,1814.61,2,4,4,4,Win-Back Priority,Loyal Customer,0.5558692400598296,0.4353642702257533,0.11887744156947164,0.0,"Court: upsell/cross-sell, referral incentives"
16635,407,1,473.0,2,1,2,0,One-Time Buyer,Lost / Let Go,-1.4327867602908864,0.3503869978760473,0.7548863342647627,1.0,"Let go: exclude from paid marketing spend, low-cost win-back only"
16636,438,4,3802.04,1,4,5,3,Win-Back Priority,At Risk,0.12309717028392575,1.3981605940190036,0.5690125025492676,1.0,"Win back: targeted discount, re-engagement email flow"
16637,32,4,1154.47,4,4,3,4,Loyal Customer,Loyal Customer,0.5433002013003202,-0.6179683161725945,0.3135586075861207,0.0,"Court: upsell/cross-sell, referral incentives"
16638,23,15,2430.53,4,5,4,1,VIP,VIP,1.7880722825847783,0.0045249950565986515,0.09495554564806596,0.0,"Court: white-glove service, early access, loyalty rewards"
16639,31,4,1747.98,4,4,4,4,VIP,Loyal Customer,0.7296902843519247,-0.5118971538664475,0.2589193048728674,0.0,"Court: upsell/cross-sell, referral incentives"
16640,398,1,179.4,2,1,1,0,One-Time Buyer,Lost / Let Go,-1.8406710501723975,0.05577128838949409,0.7575639340666904,1.0,"Let go: exclude from paid marketing spend, low-cost win-back only"
16641,106,2,554.5,3,2,2,2,Needs Attention,One-Time Buyer,-0.34723619935007516,-0.7060696313518651,0.9219283475888519,1.0,"Convert: post-purchase follow-up, incentivize 2nd order"
16642,5,3,1077.45,5,3,3,4,Loyal Customer,Loyal Customer,0.4044015568853434,-0.8380049766947549,0.38806009672726866,0.0,"Court: upsell/cross-sell, referral incentives"
16643,246,2,923.11,2,2,3,3,Needs Attention,At Risk,-0.4485449025688612,0.01525916670124194,0.5302750270862385,1.0,"Win back: targeted discount, re-engagement email flow"
16644,178,2,833.78,3,2,3,2,Needs Attention,One-Time Buyer,-0.33471371520273335,-0.2963874578770384,0.16838655648977463,0.0,"Convert: post-purchase follow-up, incentivize 2nd order"
16645,736,1,160.39,1,1,1,0,One-Time Buyer,Lost / Let Go,-2.6802880489095386,1.440812994010028,0.8984398869131222,1.0,"Let go: exclude from paid marketing spend, low-cost win-back only"
16646,449,1,678.8,1,1,3,0,One-Time Buyer,Lost / Let Go,-1.3708691625325078,0.6220840799177733,0.5452239833680508,1.0,"Let go: exclude from paid marketing spend, low-cost win-back only"
16647,170,4,541.9,3,4,2,2,Needs Attention,One-Time Buyer,-0.11469097037993418,-0.24129190647292165,0.4210105107913961,0.0,"Convert: post-purchase follow-up, incentivize 2nd order"
16648,43,3,672.8,4,3,3,2,Loyal Customer,One-Time Buyer,0.1067279580269705,-0.8040644135093223,0.7081358765174357,1.0,"Convert: post-purchase follow-up, incentivize 2nd order"
16649,520,1,306.58000000000004,1,1,2,0,One-Time Buyer,Lost / Let Go,-1.8889785533021448,0.7083053178708156,0.8637823648223031,1.0,"Let go: exclude from paid marketing spend, low-cost win-back only"
16650,72,7,1916.11,3,4,4,4,Loyal Customer,Loyal Customer,1.0355913193949058,-0.12909094693760664,0.37698638293639597,0.0,"Court: upsell/cross-sell, referral incentives"
16651,587,1,136.2,1,1,1,0,One-Time Buyer,Lost / Let Go,-2.4040558978924107,0.773999538056582,0.9281069967866127,1.0,"Let go: exclude from paid marketing spend, low-cost win-back only"
16652,59,16,17550.39,4,5,5,1,VIP,VIP,2.628105610961076,0.7050369544321606,0.03123915296784557,0.0,"Court: white-glove service, early access, loyalty rewards"
16653,16,2,1212.66,5,2,3,4,New Customer,Loyal Customer,0.2101692060604618,-0.8748815723713722,,,"Court: upsell/cross-sell, referral incentives"
16654,141,8,1711.47,3,5,4,4,Loyal Customer,Loyal Customer,0.9146288136485103,0.17648597991882972,0.1722780927041869,0.0,"Court: upsell/cross-sell, referral incentives"
16655,18,13,6423.26,5,5,5,1,VIP,VIP,2.1285792696607277,0.18894729018012915,0.056914450195031635,0.0,"Court: white-glove service, early access, loyalty rewards"
16656,22,30,16833.170000000002,4,5,5,1,VIP,VIP,3.15751721696249,0.7778439158692665,0.021286075347735453,0.0,"Court: white-glove service, early access, loyalty rewards"
16657,10,4,874.43,5,4,3,4,Loyal Customer,Loyal Customer,0.4714987954264164,-0.7838694676197435,0.4197437410139464,0.0,"Court: upsell/cross-sell, referral incentives"
16658,368,5,804.07,2,4,3,3,At Risk,At Risk,-0.2625980265885668,0.7646716616072826,0.6573991544457966,1.0,"Win back: targeted discount, re-engagement email flow"
16659,189,1,39.12,2,1,1,2,One-Time Buyer,One-Time Buyer,-2.019547927321361,-1.2188257719134488,0.7912013793084772,1.0,"Convert: post-purchase follow-up, incentivize 2nd order"
16660,16,7,1879.55,5,4,4,4,VIP,Loyal Customer,1.1579588215010446,-0.36859379476851406,0.3707477348982582,0.0,"Court: upsell/cross-sell, referral incentives"
16661,540,4,932.76,1,4,3,3,At Risk,At Risk,-0.7388935483571356,1.451540759541256,0.6203613543631121,1.0,"Win back: targeted discount, re-engagement email flow"
16662,394,1,151.05,2,2,1,0,One-Time Buyer,Lost / Let Go,-1.9072305028577,-0.006444525886916049,0.8216065483011896,1.0,"Let go: exclude from paid marketing spend, low-cost win-back only"
16663,729,1,165.0,1,2,1,0,One-Time Buyer,Lost / Let Go,-2.65141845451752,1.4190064388123311,0.9082860657468949,1.0,"Let go: exclude from paid marketing spend, low-cost win-back only"
16664,569,1,109.2,1,2,1,0,One-Time Buyer,Lost / Let Go,-2.4592765034116804,0.6403744826615578,0.92755268181211,1.0,"Let go: exclude from paid marketing spend, low-cost win-back only"
16665,362,1,135.39999999999998,2,2,1,0,One-Time Buyer,Lost / Let Go,-1.880647995011815,-0.16926719450541414,0.7555581688896725,1.0,"Let go: exclude from paid marketing spend, low-cost win-back only"
16666,19,2,217.71,5,2,1,2,New Customer,One-Time Buyer,-0.5577165547898272,-1.3181261139060176,0.7979845878573946,1.0,"Convert: post-purchase follow-up, incentivize 2nd order"
16667,68,2,567.1800000000001,3,2,2,2,Needs Attention,One-Time Buyer,-0.24837880444484095,-0.8591110675539639,0.5608673018909278,1.0,"Convert: post-purchase follow-up, incentivize 2nd order"
16668,15,13,862.42,5,5,3,4,Loyal Customer,Loyal Customer,1.244499118176999,-0.3574185644234053,0.24337123142895242,0.0,"Court: upsell/cross-sell, referral incentives"
16669,24,2,1344.48,4,2,4,4,New Customer,Loyal Customer,0.23724850113937385,-0.8139729862515741,,,"Court: upsell/cross-sell, referral incentives"
16670,17,20,8030.150000000001,5,5,5,1,VIP,VIP,2.541466767555287,0.40528417204675843,0.02593010989781375,0.0,"Court: white-glove service, early access, loyalty rewards"
16671,28,3,1692.27,4,3,4,4,Loyal Customer,Loyal Customer,0.5509401187369019,-0.6217466808139922,,,"Court: upsell/cross-sell, referral incentives"
16672,2,20,8134.9400000000005,5,5,5,1,VIP,VIP,2.5822896397980406,0.34595149865478214,0.04780875720239227,0.0,"Court: white-glove service, early access, loyalty rewards"
16673,679,1,171.13,1,2,1,0,One-Time Buyer,Lost / Let Go,-2.518427897610712,1.2193823814932365,0.9495543328892169,1.0,"Let go: exclude from paid marketing spend, low-cost win-back only"
16674,55,2,304.24,4,2,2,2,New Customer,One-Time Buyer,-0.49386675333962105,-1.078786593131839,,,"Convert: post-purchase follow-up, incentivize 2nd order"
16675,442,2,608.86,1,2,2,3,Lost / Let Go,At Risk,-1.0912833060051064,0.7250515479229788,0.6136198201195323,1.0,"Win back: targeted discount, re-engagement email flow"
16676,34,6,2361.9,4,4,4,4,VIP,Loyal Customer,1.1146947063698156,-0.28559527747214397,0.09571121956764113,0.0,"Court: upsell/cross-sell, referral incentives"
16677,411,2,880.62,1,2,3,3,Needs Attention,At Risk,-0.8551809014932438,0.6933276421996453,0.6470933391857728,1.0,"Win back: targeted discount, re-engagement email flow"
16678,3,12,3109.99,5,5,5,1,VIP,VIP,1.7847584202527063,-0.09616061290902883,0.10576433496199826,0.0,"Court: white-glove service, early access, loyalty rewards"
16679,366,3,793.06,2,3,3,3,At Risk,At Risk,-0.5754632727560302,0.5914955986663766,0.5962176502153161,1.0,"Win back: targeted discount, re-engagement email flow"
16680,43,3,821.45,4,3,3,4,Loyal Customer,Loyal Customer,0.1952427032477539,-0.7510396437922228,0.5568718175860073,1.0,"Court: upsell/cross-sell, referral incentives"
16681,73,7,1921.84,3,4,4,4,Loyal Customer,Loyal Customer,1.034578623710272,-0.12411176106308493,0.28423816647520594,0.0,"Court: upsell/cross-sell, referral incentives"
16682,5,5,1028.0,5,4,3,4,Loyal Customer,Loyal Customer,0.6949878063294554,-0.6893468323728701,0.24500545227195603,0.0,"Court: upsell/cross-sell, referral incentives"
16683,534,1,320.25,1,2,2,0,One-Time Buyer,Lost / Let Go,-1.902400328600814,0.778466780618777,0.8376308770833869,1.0,"Let go: exclude from paid marketing spend, low-cost win-back only"
16684,4,55,147142.77,5,5,5,1,VIP,VIP,4.6164156819560915,1.5141809376719912,0.024816332477958683,0.0,"Court: white-glove service, early access, loyalty rewards"
16685,61,2,324.24,3,2,2,2,Needs Attention,One-Time Buyer,-0.4797146213382805,-1.036793708460768,,,"Convert: post-purchase follow-up, incentivize 2nd order"
16686,47,16,4881.07,4,5,5,1,VIP,VIP,2.0880237893583278,0.31447077218327235,0.04526688178660785,0.0,"Court: white-glove service, early access, loyalty rewards"
16687,391,1,157.63,2,2,1,0,One-Time Buyer,Lost / Let Go,-1.881406736394346,-0.007732319276056287,0.7865366446826814,1.0,"Let go: exclude from paid marketing spend, low-cost win-back only"
16688,1,4,1260.86,5,4,4,4,VIP,Loyal Customer,0.6548799054143714,-0.724287561877712,,,"Court: upsell/cross-sell, referral incentives"
16689,76,2,422.59999999999997,3,2,2,2,Needs Attention,One-Time Buyer,-0.3974632643007835,-0.9037334018996857,,,"Convert: post-purchase follow-up, incentivize 2nd order"
16690,72,4,353.03,3,4,2,2,Needs Attention,One-Time Buyer,-0.07541914370325126,-0.765178566548062,0.3784192222874166,0.0,"Convert: post-purchase follow-up, incentivize 2nd order"
16691,418,2,178.83,1,2,1,0,Lost / Let Go,Lost / Let Go,-1.5774053536714756,0.29977987903328973,0.7489532185381182,1.0,"Let go: exclude from paid marketing spend, low-cost win-back only"
16692,256,4,1764.6999999999998,2,4,4,3,Win-Back Priority,At Risk,0.20791032521708447,0.4323447986096519,0.24929428275789942,0.0,"Win back: targeted discount, re-engagement email flow"
16693,69,5,1179.48,3,4,3,4,Loyal Customer,Loyal Customer,0.6063458891429031,-0.38495393762265834,0.36462397450134265,0.0,"Court: upsell/cross-sell, referral incentives"
16694,723,1,98.30000000000001,1,2,1,0,One-Time Buyer,Lost / Let Go,-2.8655412471020454,1.2572211037291678,0.9517119283332378,1.0,"Let go: exclude from paid marketing spend, low-cost win-back only"
16695,562,2,191.9,1,2,1,0,Lost / Let Go,Lost / Let Go,-1.882896678895643,0.9211364160608351,0.8145660516206763,1.0,"Let go: exclude from paid marketing spend, low-cost win-back only"
16696,135,4,657.9000000000001,3,4,3,4,Loyal Customer,Loyal Customer,0.0531124190099001,-0.3362737115782128,0.25421231427759894,0.0,"Court: upsell/cross-sell, referral incentives"
16697,241,1,112.75,2,2,1,2,One-Time Buyer,One-Time Buyer,-1.678401155881316,-0.7239980032373434,0.7537363074029959,1.0,"Convert: post-purchase follow-up, incentivize 2nd order"
16698,227,2,1998.0,2,2,4,3,Needs Attention,At Risk,-0.06154367132588009,0.14096131917847196,0.44935161140815,0.0,"Win back: targeted discount, re-engagement email flow"
16699,380,7,994.6,2,4,3,3,At Risk,At Risk,0.024623571920499274,0.9857278294994564,0.6223418420304107,1.0,"Win back: targeted discount, re-engagement email flow"
16700,9,25,9167.710000000001,5,5,5,1,VIP,VIP,2.783026747079907,0.49191555609914084,0.011385217046322253,0.0,"Court: white-glove service, early access, loyalty rewards"
16701,9,26,9916.73,5,5,5,1,VIP,VIP,2.846880820657552,0.5278015011262801,0.010996225853266428,0.0,"Court: white-glove service, early access, loyalty rewards"
16702,415,4,1109.53,1,4,3,3,At Risk,At Risk,-0.36968992590552946,0.9744820682956845,0.5677328869510223,1.0,"Win back: targeted discount, re-engagement email flow"
16704,618,2,664.16,1,2,3,0,Needs Attention,Lost / Let Go,-1.4641966598468472,1.4847658333020768,0.7857123155627391,1.0,"Let go: exclude from paid marketing spend, low-cost win-back only"
16705,1,42,43515.051,5,5,5,1,VIP,VIP,3.879616343479144,1.0726026703639178,0.020035108828285294,0.0,"Court: white-glove service, early access, loyalty rewards"
16706,37,3,531.35,4,3,2,2,Needs Attention,One-Time Buyer,0.016132396610452685,-0.8918507445831897,,,"Convert: post-purchase follow-up, incentivize 2nd order"
16707,400,4,533.41,2,4,2,3,At Risk,At Risk,-0.6593827542968624,0.7171539211519156,0.5448064598132274,1.0,"Win back: targeted discount, re-engagement email flow"
16708,46,1,656.63,4,2,3,2,One-Time Buyer,One-Time Buyer,-0.44345833618508534,-1.0734444099817422,,,"Convert: post-purchase follow-up, incentivize 2nd order"
16709,85,14,9056.01,3,5,5,1,Loyal Customer,VIP,2.177435992824281,0.5881412981558238,0.02494617650975706,0.0,"Court: white-glove service, early access, loyalty rewards"
16710,19,22,6291.77,5,5,5,1,VIP,VIP,2.4983590971835286,0.38492940751523613,0.01204220454974832,0.0,"Court: white-glove service, early access, loyalty rewards"
16711,3,9,2868.48,5,5,4,4,VIP,Loyal Customer,1.5473632424085142,-0.22192527031160136,0.46152262015850387,0.0,"Court: upsell/cross-sell, referral incentives"
16712,9,13,4225.22,5,5,5,1,VIP,VIP,1.9636810645351734,0.039892426590006344,0.07839514834580494,0.0,"Court: white-glove service, early access, loyalty rewards"
16713,19,32,14529.99,5,5,5,1,VIP,VIP,3.147225313086084,0.7510017817112045,0.02051224031750414,0.0,"Court: white-glove service, early access, loyalty rewards"
16714,317,3,1482.33,2,3,4,3,At Risk,At Risk,-0.18345747419999084,0.5526204971369658,0.5400762955349477,1.0,"Win back: targeted discount, re-engagement email flow"
16715,78,2,625.52,3,2,3,2,Needs Attention,One-Time Buyer,-0.22835845085797704,-0.7912594585454078,0.6638679525129324,1.0,"Convert: post-purchase follow-up, incentivize 2nd order"
16716,267,3,2149.6800000000003,2,3,4,3,At Risk,At Risk,0.09837859156497114,0.4421623613933307,0.5990678477238606,1.0,"Win back: targeted discount, re-engagement email flow"
16717,24,14,6970.93,4,5,5,1,VIP,VIP,2.2038685432473852,0.2632393981696356,0.2197693243468789,0.0,"Court: white-glove service, early access, loyalty rewards"
16718,369,5,3612.13,2,4,5,3,Win-Back Priority,At Risk,0.40169660569206916,1.1682032894332948,0.46350785453655957,0.0,"Win back: targeted discount, re-engagement email flow"
16719,15,14,3939.35,5,5,5,1,VIP,VIP,1.9715482804349793,0.07379534209207983,0.0707073946082124,0.0,"Court: white-glove service, early access, loyalty rewards"
16720,26,3,566.74,4,3,2,2,Needs Attention,One-Time Buyer,0.07042552992166046,-0.920770690889808,0.6880244988218825,1.0,"Convert: post-purchase follow-up, incentivize 2nd order"
16721,262,1,292.47,2,2,2,2,One-Time Buyer,One-Time Buyer,-1.3066772738975863,-0.38401409455342206,0.6502672848763887,1.0,"Convert: post-purchase follow-up, incentivize 2nd order"
16722,17,22,8989.08,5,5,5,1,VIP,VIP,2.6614210685065838,0.47144002007813,0.012352229355806392,0.0,"Court: white-glove service, early access, loyalty rewards"
16723,91,4,1231.36,3,4,4,4,Loyal Customer,Loyal Customer,0.4339747890385882,-0.3538950786412037,0.5783939690539214,1.0,"Court: upsell/cross-sell, referral incentives"
16724,405,1,147.35,2,2,1,0,One-Time Buyer,Lost / Let Go,-1.9438844197273766,0.033042195339172256,0.7952964593347163,1.0,"Let go: exclude from paid marketing spend, low-cost win-back only"
16725,302,13,1808.96,2,5,4,4,Win-Back Priority,Loyal Customer,0.9021869595131097,1.040655761565332,0.23709529975341173,0.0,"Court: upsell/cross-sell, referral incentives"
16726,26,7,2063.88,4,4,4,4,VIP,Loyal Customer,1.176098982219039,-0.301868515544299,0.10095481941057254,0.0,"Court: upsell/cross-sell, referral incentives"
16727,364,4,1377.77,2,4,4,3,Win-Back Priority,At Risk,-0.154399360579303,0.818574000441869,0.49621250349906176,0.0,"Win back: targeted discount, re-engagement email flow"
16728,46,4,1048.28,4,4,3,4,Loyal Customer,Loyal Customer,0.4677674343438671,-0.585014451111774,0.21487161825412565,0.0,"Court: upsell/cross-sell, referral incentives"
16729,38,21,7202.01,4,5,5,1,VIP,VIP,2.479783055699988,0.48271898225925064,0.053056845345131456,0.0,"Court: white-glove service, early access, loyalty rewards"
16730,52,3,743.11,4,3,3,4,Loyal Customer,Loyal Customer,0.1297579429457033,-0.7399957258142771,0.2620539339314947,0.0,"Court: upsell/cross-sell, referral incentives"
16731,648,1,170.3,1,2,1,0,One-Time Buyer,Lost / Let Go,-2.4481023269289217,1.0883498417525566,0.8897854623970858,1.0,"Let go: exclude from paid marketing spend, low-cost win-back only"
16732,32,4,4387.64,4,4,5,4,VIP,Loyal Customer,1.1358330525298062,-0.26301143404079474,0.2833886488486842,0.0,"Court: upsell/cross-sell, referral incentives"
16733,530,1,259.68,1,2,1,0,One-Time Buyer,Lost / Let Go,-1.98581377519375,0.7061545790846671,0.844917033768059,1.0,"Let go: exclude from paid marketing spend, low-cost win-back only"
16734,52,3,646.76,4,3,3,2,Loyal Customer,One-Time Buyer,0.06818809695713171,-0.7768791501174036,,,"Convert: post-purchase follow-up, incentivize 2nd order"
16735,79,14,6217.41,3,5,5,1,Loyal Customer,VIP,2.024505109571674,0.4630129843721215,0.059755331132412624,0.0,"Court: white-glove service, early access, loyalty rewards"
16736,506,5,2956.56,1,4,5,3,Win-Back Priority,At Risk,-0.007476234612275347,1.6883485117738857,0.6631428147462944,1.0,"Win back: targeted discount, re-engagement email flow"
16737,53,2,835.1999999999999,4,2,3,2,New Customer,One-Time Buyer,-0.04173438949147019,-0.8191083240678476,0.6603673412042543,1.0,"Convert: post-purchase follow-up, incentivize 2nd order"
16738,298,1,3.75,2,2,1,0,One-Time Buyer,Lost / Let Go,-3.2217592176665613,-1.3301538949293052,0.8593035638917691,1.0,"Let go: exclude from paid marketing spend, low-cost win-back only"
16739,177,2,786.43,3,2,3,2,Needs Attention,One-Time Buyer,-0.3583031507802394,-0.3161045537062342,0.5324711842902494,1.0,"Convert: post-purchase follow-up, incentivize 2nd order"
16740,395,1,226.91,2,2,1,0,One-Time Buyer,Lost / Let Go,-1.729860256934452,0.10539498452024436,0.7085286943282678,1.0,"Let go: exclude from paid marketing spend, low-cost win-back only"
16741,625,1,173.06,1,2,1,0,One-Time Buyer,Lost / Let Go,-2.387236124923046,0.9963373968239541,0.9317286963698348,1.0,"Let go: exclude from paid marketing spend, low-cost win-back only"
16742,493,13,2334.97,1,5,4,3,Win-Back Priority,At Risk,0.5689438160824207,1.907922112042177,0.7993691054499412,1.0,"Win back: targeted discount, re-engagement email flow"
16743,29,14,4212.15,4,5,5,1,VIP,VIP,1.9685414077838197,0.1501958536350496,0.04358160210575849,0.0,"Court: white-glove service, early access, loyalty rewards"
16744,11,7,1291.91,5,4,4,4,VIP,Loyal Customer,1.0032922147556482,-0.4891760525808637,,,"Court: upsell/cross-sell, referral incentives"
16745,87,17,7180.7,3,5,5,1,Loyal Customer,VIP,2.2097857129899348,0.6072628057525825,0.028739736042786818,0.0,"Court: white-glove service, early access, loyalty rewards"
16746,5,42,18045.05,5,5,5,1,VIP,VIP,3.4794487824804423,0.855225605966674,0.008749110071604619,0.0,"Court: white-glove service, early access, loyalty rewards"
16747,38,2,836.06,4,2,3,2,New Customer,One-Time Buyer,-0.006211016854020778,-0.8816156633924455,,,"Convert: post-purchase follow-up, incentivize 2nd order"
16748,18,14,3637.33,5,5,5,1,VIP,VIP,1.9291276475993413,0.0651407805072467,0.054301318005001015,0.0,"Court: white-glove service, early access, loyalty rewards"
16749,591,2,4157.88,1,2,5,3,Needs Attention,At Risk,-0.5872229442086812,1.859299335870646,0.8248733440863676,1.0,"Win back: targeted discount, re-engagement email flow"
16750,45,5,623.93,4,4,3,4,Loyal Customer,Loyal Customer,0.38004820616560847,-0.654577786816709,0.5552499725846893,1.0,"Court: upsell/cross-sell, referral incentives"
16751,31,1,1764.72,4,2,4,2,One-Time Buyer,One-Time Buyer,0.030141691883324506,-0.8735218714964487,,,"Convert: post-purchase follow-up, incentivize 2nd order"
16752,373,1,415.0,2,2,2,0,One-Time Buyer,Lost / Let Go,-1.4112543626451943,0.173367377366657,0.7410751965806138,1.0,"Let go: exclude from paid marketing spend, low-cost win-back only"
16753,58,1,223.92000000000002,4,2,1,2,One-Time Buyer,One-Time Buyer,-0.9478860624430632,-1.3085918091760314,,,"Convert: post-purchase follow-up, incentivize 2nd order"
16754,372,29,67502.47,2,5,5,1,Win-Back Priority,VIP,2.930726033067278,2.5990846138274857,0.6865097485572383,1.0,"Court: white-glove service, early access, loyalty rewards"
16755,114,7,2864.68,3,4,4,4,Loyal Customer,Loyal Customer,1.1158888162856766,0.15361661608655544,0.17157666928170673,0.0,"Court: upsell/cross-sell, referral incentives"
16756,215,7,1312.3700000000001,2,4,4,4,Win-Back Priority,Loyal Customer,0.5333528133028972,0.3688183242664635,0.22825375022026123,0.0,"Court: upsell/cross-sell, referral incentives"
16757,319,2,270.48,2,2,1,0,Lost / Let Go,Lost / Let Go,-1.1630873153666803,-0.005021140204051934,0.6791803711923408,1.0,"Let go: exclude from paid marketing spend, low-cost win-back only"
16758,65,1,369.34000000000003,3,2,2,2,One-Time Buyer,One-Time Buyer,-0.7428346557787855,-1.1466548476594207,,,"Convert: post-purchase follow-up, incentivize 2nd order"
16759,8,3,789.79,5,3,3,4,Loyal Customer,Loyal Customer,0.2596360103601764,-0.9079692722291974,,,"Court: upsell/cross-sell, referral incentives"
16760,430,1,228.0,1,2,1,0,One-Time Buyer,Lost / Let Go,-1.8095647284513412,0.25315245791545243,0.7261042948657257,1.0,"Let go: exclude from paid marketing spend, low-cost win-back only"
16761,97,1,316.62,3,2,2,2,One-Time Buyer,One-Time Buyer,-0.8858284788640444,-1.0535683926812138,,,"Convert: post-purchase follow-up, incentivize 2nd order"
16762,20,3,1207.24,4,3,3,4,Loyal Customer,Loyal Customer,0.4197915265505771,-0.744997992995722,,,"Court: upsell/cross-sell, referral incentives"
16763,199,2,964.6999999999999,2,2,3,2,Needs Attention,One-Time Buyer,-0.31912228871061676,-0.16974474329728367,0.7484473866693547,1.0,"Convert: post-purchase follow-up, incentivize 2nd order"
16764,4,13,2790.9500000000003,5,5,4,1,VIP,VIP,1.7912990620133233,-0.09130224138237573,,,"Court: white-glove service, early access, loyalty rewards"
16765,294,2,454.75,2,2,2,3,Lost / Let Go,At Risk,-0.8746218761083171,0.028138085037575047,0.5382935829841514,1.0,"Win back: targeted discount, re-engagement email flow"
16766,273,2,1145.6,2,2,3,3,Needs Attention,At Risk,-0.4158819178905065,0.18564364859048177,0.39758957041690984,0.0,"Win back: targeted discount, re-engagement email flow"
16767,31,15,8052.41,4,5,5,1,VIP,VIP,2.301101632558251,0.3565420252048357,0.04504323595960824,0.0,"Court: white-glove service, early access, loyalty rewards"
16768,48,9,1698.57,4,5,4,4,VIP,Loyal Customer,1.2096111859451677,-0.17289282290419364,0.25369300705125297,0.0,"Court: upsell/cross-sell, referral incentives"
16769,260,4,1117.05,2,4,3,3,At Risk,At Risk,-0.004334831378907234,0.327542675181652,0.5244523543809028,1.0,"Win back: targeted discount, re-engagement email flow"
16770,58,9,1909.73,4,5,4,4,VIP,Loyal Customer,1.2382309187668143,-0.09988975463879826,0.08478502784238512,0.0,"Court: upsell/cross-sell, referral incentives"
16771,33,10,3921.1,4,5,5,1,VIP,VIP,1.6891850949584666,0.02463361460988846,0.10985653593620154,0.0,"Court: white-glove service, early access, loyalty rewards"
16772,423,3,3698.0499999999997,1,3,5,3,At Risk,At Risk,-0.025536358072724093,1.239322346281013,0.44687753799742885,0.0,"Win back: targeted discount, re-engagement email flow"
16773,57,3,421.24,4,3,2,2,Needs Attention,One-Time Buyer,-0.13351211133132584,-0.8697784795236934,0.622808172714877,1.0,"Convert: post-purchase follow-up, incentivize 2nd order"
16774,68,8,1567.48,3,5,4,4,Loyal Customer,Loyal Customer,1.0462909916672134,-0.1524081941588994,0.47320101075815985,0.0,"Court: upsell/cross-sell, referral incentives"
16775,10,16,3052.7400000000002,5,5,5,1,VIP,VIP,1.9661931849818959,0.03481200246548246,0.08688783462306482,0.0,"Court: white-glove service, early access, loyalty rewards"
16776,60,2,592.51,3,2,2,2,Needs Attention,One-Time Buyer,-0.21031070368634985,-0.8809930976651487,0.6789245225048268,1.0,"Convert: post-purchase follow-up, incentivize 2nd order"
16777,80,5,1292.18,3,4,4,4,Loyal Customer,Loyal Customer,0.6211160867335485,-0.31466159389420645,0.3357229270360554,0.0,"Court: upsell/cross-sell, referral incentives"
16778,74,2,245.94,3,2,1,2,Needs Attention,One-Time Buyer,-0.6323935193210904,-1.0556400846519844,0.6312865368187862,1.0,"Convert: post-purchase follow-up, incentivize 2nd order"
16779,2,53,33165.94,5,5,5,1,VIP,VIP,3.9316514361945285,1.0950809398736439,0.010936175619334316,0.0,"Court: white-glove service, early access, loyalty rewards"
16780,100,3,596.4,3,3,2,2,Needs Attention,One-Time Buyer,-0.07996116455297603,-0.597507599490284,0.5459065274011538,1.0,"Convert: post-purchase follow-up, incentivize 2nd order"
16781,372,2,934.25,2,2,3,3,Needs Attention,At Risk,-0.7377869599347043,0.5458046853408692,0.7558196576913241,1.0,"Win back: targeted discount, re-engagement email flow"
16782,10,38,10000.32,5,5,5,1,VIP,VIP,3.1307090318785242,0.6803629292349214,0.009864653036661652,0.0,"Court: white-glove service, early access, loyalty rewards"
16783,437,1,391.95,1,2,2,0,One-Time Buyer,Lost / Let Go,-1.5861830872510596,0.42607014883152844,0.678713765485001,1.0,"Let go: exclude from paid marketing spend, low-cost win-back only"
16784,20,5,892.33,4,4,3,4,Loyal Customer,Loyal Customer,0.597144156801758,-0.6641724630813305,0.4058344274140153,0.0,"Court: upsell/cross-sell, referral incentives"
16785,410,1,533.78,1,2,2,0,One-Time Buyer,Lost / Let Go,-1.3862315319910445,0.3950334375574039,0.7102518469474445,1.0,"Let go: exclude from paid marketing spend, low-cost win-back only"
16786,394,1,51.839999999999996,2,2,1,0,One-Time Buyer,Lost / Let Go,-2.376519751114691,-0.28757231151708823,0.8430372073165513,1.0,"Let go: exclude from paid marketing spend, low-cost win-back only"
16787,398,4,1017.53,2,4,3,3,At Risk,At Risk,-0.3683437530327899,0.8803291902618572,0.5649488876486747,1.0,"Win back: targeted discount, re-engagement email flow"
16788,123,5,1927.28,3,4,4,4,Loyal Customer,Loyal Customer,0.6979823241441259,-0.028423685954006704,0.2810562047305581,0.0,"Court: upsell/cross-sell, referral incentives"
16789,8,1,80.8,5,2,1,2,One-Time Buyer,One-Time Buyer,-1.2800949257525973,-1.7868936401019109,,,"Convert: post-purchase follow-up, incentivize 2nd order"
16790,4,6,1545.6200000000001,5,4,4,4,VIP,Loyal Customer,0.9966505439357632,-0.5238848891492236,,,"Court: upsell/cross-sell, referral incentives"
16791,29,15,3944.88,4,5,5,1,VIP,VIP,1.9890121013887976,0.15841306797000326,0.06803486028419974,0.0,"Court: white-glove service, early access, loyalty rewards"
16792,282,5,623.46,2,4,3,3,At Risk,At Risk,-0.17434386333044444,0.33715797296075306,0.43662491622364447,0.0,"Win back: targeted discount, re-engagement email flow"
16793,57,1,243.84,4,2,1,2,One-Time Buyer,One-Time Buyer,-0.9078697571591906,-1.2902058776119087,,,"Convert: post-purchase follow-up, incentivize 2nd order"
16794,1,15,2050.68,5,5,4,1,VIP,VIP,1.7640840237716993,-0.13273368438177638,0.48952779295658966,0.0,"Court: white-glove service, early access, loyalty rewards"
16795,365,3,2477.29,2,3,4,3,At Risk,At Risk,-0.06777214089766061,0.8900421963403361,0.4465076520961922,0.0,"Win back: targeted discount, re-engagement email flow"
16796,89,1,305.62,3,2,2,2,One-Time Buyer,One-Time Buyer,-0.8827757955796294,-1.0964264132161392,,,"Convert: post-purchase follow-up, incentivize 2nd order"
16797,393,5,1802.02,2,4,4,3,Win-Back Priority,At Risk,0.03695509038395251,1.0837650294873142,0.5274589383740945,1.0,"Win back: targeted discount, re-engagement email flow"
16798,554,3,841.16,1,3,3,3,At Risk,At Risk,-0.9888567097043233,1.3939903812432894,0.6616529090314364,1.0,"Win back: targeted discount, re-engagement email flow"
16799,432,2,452.78000000000003,1,2,2,3,Lost / Let Go,At Risk,-1.1991613350457755,0.6045687869272866,0.6799073805006859,1.0,"Win back: targeted discount, re-engagement email flow"
16800,11,1,1162.65,5,2,3,2,One-Time Buyer,One-Time Buyer,-0.10825193966493861,-1.0681434217412016,,,"Convert: post-purchase follow-up, incentivize 2nd order"
16801,163,4,1594.23,3,4,4,4,Loyal Customer,Loyal Customer,0.3802457741233754,0.016099125643380768,0.1412613866635464,0.0,"Court: upsell/cross-sell, referral incentives"
16802,679,2,582.61,1,2,2,0,Lost / Let Go,Lost / Let Go,-1.6648760634063227,1.7052851330961791,0.823222886429983,1.0,"Let go: exclude from paid marketing spend, low-cost win-back only"
16803,65,1,332.3,3,2,2,2,One-Time Buyer,One-Time Buyer,-0.7896234625621068,-1.1746836884908007,,,"Convert: post-purchase follow-up, incentivize 2nd order"
16804,23,3,536.99,4,3,2,2,Needs Attention,One-Time Buyer,0.053540865822275845,-0.9476429752009898,0.6170626262966735,1.0,"Convert: post-purchase follow-up, incentivize 2nd order"
16805,174,4,1076.34,3,4,3,4,Loyal Customer,Loyal Customer,0.18024706438327867,-0.042265872692478654,0.39035386691863677,0.0,"Court: upsell/cross-sell, referral incentives"
16806,103,4,736.21,3,4,3,4,Loyal Customer,Loyal Customer,0.177784383427946,-0.44033587839058885,0.30179971065654204,0.0,"Court: upsell/cross-sell, referral incentives"
16807,143,6,2123.88,3,4,4,4,Loyal Customer,Loyal Customer,0.8127326150179979,0.1423710000727219,0.12603626037643448,0.0,"Court: upsell/cross-sell, referral incentives"
16808,99,2,288.42,3,2,1,2,Needs Attention,One-Time Buyer,-0.6203596485455951,-0.9087851588620682,0.5536374435597596,1.0,"Convert: post-purchase follow-up, incentivize 2nd order"
16809,23,9,1727.43,4,5,4,4,VIP,Loyal Customer,1.275532405731668,-0.27304874148333275,0.21444856384686123,0.0,"Court: upsell/cross-sell, referral incentives"
16810,192,2,842.0400000000001,2,2,3,2,Needs Attention,One-Time Buyer,-0.3630711028319476,-0.23517317565177567,0.5041977498212021,1.0,"Convert: post-purchase follow-up, incentivize 2nd order"
16811,5,2,547.07,5,3,2,2,Needs Attention,One-Time Buyer,-0.11709746797669149,-1.1323749712421083,,,"Convert: post-purchase follow-up, incentivize 2nd order"
16812,361,4,2392.0,2,4,4,3,Win-Back Priority,At Risk,0.0974199996156157,0.9526688970757883,0.40437800104748123,0.0,"Win back: targeted discount, re-engagement email flow"
16813,8,10,1652.18,5,5,4,4,VIP,Loyal Customer,1.364040550103027,-0.3097903014950617,0.19857773056552958,0.0,"Court: upsell/cross-sell, referral incentives"
16814,14,36,12188.24,5,5,5,1,VIP,VIP,3.1687644250299645,0.7288034859836278,0.014476094696296621,0.0,"Court: white-glove service, early access, loyalty rewards"
16815,454,2,406.02,1,3,2,0,At Risk,Lost / Let Go,-1.2988787271300166,0.6677215799941538,0.6244544044923466,1.0,"Let go: exclude from paid marketing spend, low-cost win-back only"
16816,103,4,417.06,3,4,2,2,Needs Attention,One-Time Buyer,-0.0740776629095246,-0.5912138702348909,0.6012165060627374,1.0,"Convert: post-purchase follow-up, incentivize 2nd order"
16817,3,13,2804.9,5,5,4,1,VIP,VIP,1.795849820391263,-0.09416195033709995,0.04633878411098771,0.0,"Court: white-glove service, early access, loyalty rewards"
16818,11,11,3349.57,5,5,5,1,VIP,VIP,1.7375180556172733,-0.07475555291777727,0.11186376997805506,0.0,"Court: white-glove service, early access, loyalty rewards"
16819,465,2,182.59,1,3,1,0,At Risk,Lost / Let Go,-1.6780939766445468,0.5019968900348084,0.7666652827813596,1.0,"Let go: exclude from paid marketing spend, low-cost win-back only"
16820,96,1,497.61,3,2,2,2,One-Time Buyer,One-Time Buyer,-0.6832574665106312,-0.9378040425576359,,,"Convert: post-purchase follow-up, incentivize 2nd order"
16821,382,1,113.35,2,2,1,0,One-Time Buyer,Lost / Let Go,-2.0056947465295707,-0.13245964023859072,0.7866124489072571,1.0,"Let go: exclude from paid marketing spend, low-cost win-back only"
16822,686,1,181.39,1,2,1,0,One-Time Buyer,Lost / Let Go,-2.5090856935472634,1.2640797195601994,0.9281192492246201,1.0,"Let go: exclude from paid marketing spend, low-cost win-back only"
16823,227,7,2243.09,2,4,4,4,Win-Back Priority,Loyal Customer,0.7431554917418495,0.561530742547118,0.20524162975412635,0.0,"Court: upsell/cross-sell, referral incentives"
16824,16,3,686.24,5,3,3,2,Loyal Customer,One-Time Buyer,0.1786177396969899,-0.9118165470245136,0.6945249845067129,1.0,"Convert: post-purchase follow-up, incentivize 2nd order"
16825,39,5,1826.89,4,4,4,4,VIP,Loyal Customer,0.8706179818438402,-0.3942169465899699,0.158589165173731,0.0,"Court: upsell/cross-sell, referral incentives"
16826,51,1,341.7,4,2,2,2,One-Time Buyer,One-Time Buyer,-0.7445453756305322,-1.22588143360911,,,"Convert: post-purchase follow-up, incentivize 2nd order"
16827,393,5,387.18,2,4,2,3,At Risk,At Risk,-0.6449283982858708,0.6752826362948162,0.7926457061584421,1.0,"Win back: targeted discount, re-engagement email flow"
16828,112,1,113.5,3,2,1,2,One-Time Buyer,One-Time Buyer,-1.3739073651097715,-1.2621644930538947,,,"Convert: post-purchase follow-up, incentivize 2nd order"
16829,157,2,513.32,3,3,2,2,Needs Attention,One-Time Buyer,-0.5006626160191101,-0.5131018371427422,0.6779580730645152,1.0,"Convert: post-purchase follow-up, incentivize 2nd order"
16830,39,4,1207.5,4,4,3,4,Loyal Customer,Loyal Customer,0.5468594296144321,-0.5767352704856558,0.5328616813640691,1.0,"Court: upsell/cross-sell, referral incentives"
16831,565,1,91.8,1,2,1,0,One-Time Buyer,Lost / Let Go,-2.526228042500043,0.5779237889740434,0.9395396049791479,1.0,"Let go: exclude from paid marketing spend, low-cost win-back only"
16832,184,5,417.61,3,4,2,2,Needs Attention,One-Time Buyer,-0.12281925828363631,-0.17938865862704337,0.433292548208836,0.0,"Convert: post-purchase follow-up, incentivize 2nd order"
16833,1,6,2409.04,5,4,4,4,VIP,Loyal Customer,1.2006127923220453,-0.418458801612013,0.16216566356491258,0.0,"Court: upsell/cross-sell, referral incentives"
16834,228,2,898.96,2,3,3,3,At Risk,At Risk,-0.4182222070406236,-0.06712116299784747,0.6681084869822121,1.0,"Win back: targeted discount, re-engagement email flow"
16835,128,6,1538.41,3,4,4,4,Loyal Customer,Loyal Customer,0.7046889486601026,-0.006140192764709112,0.4341711082230625,0.0,"Court: upsell/cross-sell, referral incentives"
16836,40,4,782.37,4,4,3,4,Loyal Customer,Loyal Customer,0.3520312137422808,-0.6878612973630759,0.5215322566275633,1.0,"Court: upsell/cross-sell, referral incentives"
16837,31,11,3170.98,4,5,5,1,VIP,VIP,1.6664418478216876,-0.005616937365779726,0.0889965925384662,0.0,"Court: white-glove service, early access, loyalty rewards"
16838,197,4,1159.61,2,4,3,4,At Risk,Loyal Customer,0.1595343536195615,0.07380052642355718,0.4329809167537323,0.0,"Court: upsell/cross-sell, referral incentives"
16839,9,44,22310.49,5,5,5,1,VIP,VIP,3.5992231972494175,0.9464699285146916,0.014186347176415032,0.0,"Court: white-glove service, early access, loyalty rewards"
16840,603,2,139.85,1,3,1,0,At Risk,Lost / Let Go,-2.11837613391409,1.0090919133301077,0.8645007580444358,1.0,"Let go: exclude from paid marketing spend, low-cost win-back only"
16841,37,12,4006.06,4,5,5,1,VIP,VIP,1.8176589541773203,0.11346706238651966,0.06493223034276445,0.0,"Court: white-glove service, early access, loyalty rewards"
16842,101,3,1264.19,3,3,4,4,Loyal Customer,Loyal Customer,0.25087980642718594,-0.3937314311380425,0.5271692546985103,1.0,"Court: upsell/cross-sell, referral incentives"
16843,43,35,19571.43,4,5,5,1,VIP,VIP,3.2901915814903138,0.96525141200584,0.011642171683635115,0.0,"Court: white-glove service, early access, loyalty rewards"
16844,563,2,614.34,1,3,3,0,At Risk,Lost / Let Go,-1.3701849242883772,1.2338623011641257,0.6614387023878902,1.0,"Let go: exclude from paid marketing spend, low-cost win-back only"
16845,618,1,253.88,1,2,1,0,One-Time Buyer,Lost / Let Go,-2.2015304517405005,1.068483515166212,0.8933457483883211,1.0,"Let go: exclude from paid marketing spend, low-cost win-back only"
16846,50,3,842.41,4,3,3,4,Loyal Customer,Loyal Customer,0.19005178384721294,-0.7150483752397352,0.5628249147174306,1.0,"Court: upsell/cross-sell, referral incentives"
16847,43,2,614.89,4,3,3,2,Loyal Customer,One-Time Buyer,-0.15413352906804761,-0.9422994569221963,0.6485246355861018,1.0,"Convert: post-purchase follow-up, incentivize 2nd order"
16848,53,4,1411.62,4,4,4,4,VIP,Loyal Customer,0.5834247672536095,-0.47662902118557077,0.4498733818729233,0.0,"Court: upsell/cross-sell, referral incentives"
16849,187,1,124.57,3,2,1,2,One-Time Buyer,One-Time Buyer,-1.5082654110886335,-0.9237135963167065,0.6913589515845115,1.0,"Convert: post-purchase follow-up, incentivize 2nd order"
16850,334,1,332.41,2,2,2,0,One-Time Buyer,Lost / Let Go,-1.4183444836563808,-0.048727773477928234,0.7749250134037965,1.0,"Let go: exclude from paid marketing spend, low-cost win-back only"
16851,4,3,342.45,5,3,2,2,Needs Attention,One-Time Buyer,-0.10131065835553867,-1.1465377868238984,,,"Convert: post-purchase follow-up, incentivize 2nd order"
16852,10,2,144.91000000000003,5,3,1,2,Needs Attention,One-Time Buyer,-0.7163911951996256,-1.4634527502380799,,,"Convert: post-purchase follow-up, incentivize 2nd order"
16854,417,2,1408.96,1,3,4,3,At Risk,At Risk,-0.6607217289682923,0.8433334831108179,0.5398273280892592,1.0,"Win back: targeted discount, re-engagement email flow"
16855,24,2,328.4,4,3,2,2,Needs Attention,One-Time Buyer,-0.38757302888870965,-1.188272405646454,,,"Convert: post-purchase follow-up, incentivize 2nd order"
16856,15,3,358.49,5,3,2,2,Needs Attention,One-Time Buyer,-0.10675980842693393,-1.0883578459604772,0.6434911428043707,1.0,"Convert: post-purchase follow-up, incentivize 2nd order"
16857,443,1,352.8,1,2,2,0,One-Time Buyer,Lost / Let Go,-1.6468086789125274,0.4232674283489135,0.636562161793099,1.0,"Let go: exclude from paid marketing spend, low-cost win-back only"
16858,369,10,4668.28,2,5,5,3,Win-Back Priority,At Risk,0.9811100407813756,1.4773038566328265,0.385004040877266,0.0,"Win back: targeted discount, re-engagement email flow"
16859,145,7,1932.41,3,4,4,4,Loyal Customer,Loyal Customer,0.8686912591710702,0.17869396919010663,0.11485087476546392,0.0,"Court: upsell/cross-sell, referral incentives"
16860,453,3,1610.62,1,3,4,3,At Risk,At Risk,-0.4645674070763226,1.1438959795874037,0.5748217437144691,1.0,"Win back: targeted discount, re-engagement email flow"
16861,60,5,946.59,3,4,3,4,Loyal Customer,Loyal Customer,0.5298135171817587,-0.48107323728255474,0.46409245428011436,0.0,"Court: upsell/cross-sell, referral incentives"
16862,547,4,662.33,1,4,3,3,At Risk,At Risk,-0.9070849466805168,1.3898865698471878,0.5782505427805297,1.0,"Win back: targeted discount, re-engagement email flow"
16863,31,3,998.52,4,3,3,4,Loyal Customer,Loyal Customer,0.30987209035171137,-0.7494009907192146,0.4012210497275602,0.0,"Court: upsell/cross-sell, referral incentives"
16864,434,2,409.25,1,3,2,0,At Risk,Lost / Let Go,-1.2486131646392853,0.5861163446467571,0.6700231690344,1.0,"Let go: exclude from paid marketing spend, low-cost win-back only"
16865,402,1,130.95,2,2,1,0,One-Time Buyer,Lost / Let Go,-1.9888870255036455,-0.010674145616094621,0.7415871960561788,1.0,"Let go: exclude from paid marketing spend, low-cost win-back only"
16866,141,3,207.73999999999998,3,3,1,2,Needs Attention,One-Time Buyer,-0.6426831645336744,-0.7055867916389131,,,"Convert: post-purchase follow-up, incentivize 2nd order"
16867,690,1,76.74000000000001,1,2,1,0,One-Time Buyer,Lost / Let Go,-2.897076046219145,1.0539974134059604,0.9625851622100182,1.0,"Let go: exclude from paid marketing spend, low-cost win-back only"
16868,394,3,384.56,2,3,2,3,At Risk,At Risk,-0.9616999295526564,0.51652403682466,0.6742364648441764,1.0,"Win back: targeted discount, re-engagement email flow"
16869,23,4,817.12,4,4,3,4,Loyal Customer,Loyal Customer,0.41104540980047916,-0.7474681385549949,,,"Court: upsell/cross-sell, referral incentives"
16870,469,1,450.15999999999997,1,2,2,0,One-Time Buyer,Lost / Let Go,-1.5996576193556167,0.596745152034593,0.7681695275589885,1.0,"Let go: exclude from paid marketing spend, low-cost win-back only"
16871,22,6,2812.34,4,4,4,4,VIP,Loyal Customer,1.2202198342306645,-0.2894105320910857,0.11802315950345492,0.0,"Court: upsell/cross-sell, referral incentives"
16872,77,6,1213.13,3,4,3,4,Loyal Customer,Loyal Customer,0.7185220178697124,-0.28273140005164654,0.2070971470580696,0.0,"Court: upsell/cross-sell, referral incentives"
16873,5,12,14617.39,5,5,5,1,VIP,VIP,2.4671124248395246,0.32377532561923217,0.04731197826957533,0.0,"Court: white-glove service, early access, loyalty rewards"
16874,379,1,209.89000000000001,2,2,1,0,One-Time Buyer,Lost / Let Go,-1.7269167251275876,0.01778484592213952,0.7413806461640917,1.0,"Let go: exclude from paid marketing spend, low-cost win-back only"
16875,67,11,4234.53,3,5,5,1,Loyal Customer,VIP,1.7106668778421308,0.22196636151318458,0.12557693382421958,0.0,"Court: white-glove service, early access, loyalty rewards"
16876,404,1,136.01,2,2,1,0,One-Time Buyer,Lost / Let Go,-1.9768542557787978,0.007705769377546282,0.721202716961445,1.0,"Let go: exclude from paid marketing spend, low-cost win-back only"
16877,12,6,846.62,5,4,3,4,Loyal Customer,Loyal Customer,0.7109246373203272,-0.6503623000718616,0.6574362673412145,1.0,"Court: upsell/cross-sell, referral incentives"
16878,84,1,13.3,3,2,1,2,One-Time Buyer,One-Time Buyer,-2.2321237306712067,-1.932682677239159,,,"Convert: post-purchase follow-up, incentivize 2nd order"
16880,31,8,1813.21,4,5,4,4,VIP,Loyal Customer,1.1974116716388483,-0.2685554612401266,0.44761697549741136,0.0,"Court: upsell/cross-sell, referral incentives"
16881,67,1,432.0,3,2,2,2,One-Time Buyer,One-Time Buyer,-0.6781047414808923,-1.0967067013076632,,,"Convert: post-purchase follow-up, incentivize 2nd order"
16882,67,3,705.12,3,3,3,2,Loyal Customer,One-Time Buyer,0.07142337623712061,-0.6911534352855255,0.3963329273871823,0.0,"Convert: post-purchase follow-up, incentivize 2nd order"
16883,187,19,2374.09,3,5,4,1,Loyal Customer,VIP,1.5656363448021409,0.7733643927034624,0.4171667081057592,0.0,"Court: white-glove service, early access, loyalty rewards"
16884,38,4,1070.97,4,4,3,4,Loyal Customer,Loyal Customer,0.49596884075843156,-0.6128071257619081,0.5928486129573287,1.0,"Court: upsell/cross-sell, referral incentives"
16885,15,4,683.35,5,4,3,4,Loyal Customer,Loyal Customer,0.35047497073562234,-0.8284395988658373,0.5873265427787812,1.0,"Court: upsell/cross-sell, referral incentives"
16886,456,1,134.0,1,2,1,0,One-Time Buyer,Lost / Let Go,-2.1049817685338743,0.2214147166467023,0.8968603405964459,1.0,"Let go: exclude from paid marketing spend, low-cost win-back only"
16887,35,3,658.17,4,3,3,2,Loyal Customer,One-Time Buyer,0.11568355577563696,-0.8433862923613454,0.5698476106578515,1.0,"Convert: post-purchase follow-up, incentivize 2nd order"
16888,401,3,434.2,2,3,2,3,At Risk,At Risk,-0.9242913164442843,0.5780345609057828,0.6506351503645381,1.0,"Win back: targeted discount, re-engagement email flow"
16889,195,6,2526.65,2,4,4,4,Win-Back Priority,Loyal Customer,0.7682355321705822,0.4061787673309629,0.16016378786050067,0.0,"Court: upsell/cross-sell, referral incentives"
16890,477,3,277.91,1,3,1,0,At Risk,Lost / Let Go,-1.2995100207466712,0.7777836900862838,0.7178298594872378,1.0,"Let go: exclude from paid marketing spend, low-cost win-back only"
16891,2,11,1945.2,5,5,4,4,VIP,Loyal Customer,1.5173506252590674,-0.2569194531220138,0.27223727598200487,0.0,"Court: upsell/cross-sell, referral incentives"
16892,1,7,754.75,5,4,3,4,Loyal Customer,Loyal Customer,0.7882649725487928,-0.6738465637568661,0.3463150960536353,0.0,"Court: upsell/cross-sell, referral incentives"
16893,367,2,395.40000000000003,2,3,2,3,At Risk,At Risk,-1.1072292331900635,0.296561036377011,0.6391118452119251,1.0,"Win back: targeted discount, re-engagement email flow"
16894,502,3,1306.96,1,3,4,3,At Risk,At Risk,-0.6718153803741579,1.2934502805350843,0.6549213624496393,1.0,"Win back: targeted discount, re-engagement email flow"
16895,65,5,1102.9,3,4,3,4,Loyal Customer,Loyal Customer,0.5859167384967193,-0.4195353884209462,0.4503782050561866,0.0,"Court: upsell/cross-sell, referral incentives"
16896,555,1,103.95,1,2,1,0,One-Time Buyer,Lost / Let Go,-2.448220588821954,0.5687957507460525,0.932062524316035,1.0,"Let go: exclude from paid marketing spend, low-cost win-back only"
16897,299,2,289.78,2,3,2,2,At Risk,One-Time Buyer,-1.0858376272062953,-0.07046153153498859,0.6925046132112544,1.0,"Convert: post-purchase follow-up, incentivize 2nd order"
16898,26,5,997.29,4,4,3,4,Loyal Customer,Loyal Customer,0.6324411233602227,-0.6095127624995197,0.3794288004807144,0.0,"Court: upsell/cross-sell, referral incentives"
16899,8,8,1695.77,5,5,4,4,VIP,Loyal Customer,1.221466433124632,-0.38261980443340693,0.2117261472717859,0.0,"Court: upsell/cross-sell, referral incentives"
16900,17,3,882.16,5,3,3,4,Loyal Customer,Loyal Customer,0.2876470426266702,-0.8409166874681188,,,"Court: upsell/cross-sell, referral incentives"
16901,729,1,204.26,1,2,1,0,One-Time Buyer,Lost / Let Go,-2.5571603356144754,1.4754717772859867,0.9091421573026395,1.0,"Let go: exclude from paid marketing spend, low-cost win-back only"
16902,116,1,1706.88,3,2,4,2,One-Time Buyer,One-Time Buyer,-0.1833590656806966,-0.5266230129291819,,,"Convert: post-purchase follow-up, incentivize 2nd order"
16903,29,3,1041.75,4,3,3,4,Loyal Customer,Loyal Customer,0.3333476415688058,-0.7465096414021353,0.36170332910409847,0.0,"Court: upsell/cross-sell, referral incentives"
16904,4,20,4995.26,5,5,5,1,VIP,VIP,2.3611154637606857,0.2246287622469546,0.05938142968305989,0.0,"Court: white-glove service, early access, loyalty rewards"
16905,5,17,4958.67,5,5,5,1,VIP,VIP,2.2371150609752743,0.16559546396582697,0.0969934727623649,0.0,"Court: white-glove service, early access, loyalty rewards"
16906,82,7,1410.07,3,4,4,4,Loyal Customer,Loyal Customer,0.8761382477015829,-0.16875291684840185,0.15187570129802794,0.0,"Court: upsell/cross-sell, referral incentives"
16907,29,9,1650.81,4,5,4,4,VIP,Loyal Customer,1.2413735294042643,-0.2599965726787866,0.1901954636569405,0.0,"Court: upsell/cross-sell, referral incentives"
16908,722,1,252.59,1,2,1,0,One-Time Buyer,Lost / Let Go,-2.446914311203786,1.5024137831486737,0.9400571112916284,1.0,"Let go: exclude from paid marketing spend, low-cost win-back only"
16909,72,1,379.14,3,2,2,2,One-Time Buyer,One-Time Buyer,-0.7476026159002218,-1.1104102052953915,,,"Convert: post-purchase follow-up, incentivize 2nd order"
16910,4,8,1508.96,5,5,4,4,VIP,Loyal Customer,1.1790271806526644,-0.43038640961304725,,,"Court: upsell/cross-sell, referral incentives"
16911,636,2,255.25,1,3,1,0,At Risk,Lost / Let Go,-1.9298038526179844,1.306388927919516,0.844259017735493,1.0,"Let go: exclude from paid marketing spend, low-cost win-back only"
16912,29,15,4460.51,4,5,5,1,VIP,VIP,2.0435429528418423,0.19107978167474,0.08049558060300678,0.0,"Court: white-glove service, early access, loyalty rewards"
16913,290,3,423.90999999999997,2,3,2,3,At Risk,At Risk,-0.6754201317962559,0.10709248603274346,0.6258718754139703,1.0,"Win back: targeted discount, re-engagement email flow"
16914,36,1,183.76,4,2,1,2,One-Time Buyer,One-Time Buyer,-0.98378497909271,-1.452985569751316,,,"Convert: post-purchase follow-up, incentivize 2nd order"
16915,9,11,1543.18,5,5,4,4,VIP,Loyal Customer,1.3982491431649335,-0.28916632206974874,0.399091481936759,0.0,"Court: upsell/cross-sell, referral incentives"
16916,24,4,1092.55,4,4,3,4,Loyal Customer,Loyal Customer,0.5375476032141101,-0.6661011416658018,0.3948235183608141,0.0,"Court: upsell/cross-sell, referral incentives"
16917,277,2,1851.88,2,3,4,3,At Risk,At Risk,-0.21213629057850933,0.330040858743997,0.6223091048439987,1.0,"Win back: targeted discount, re-engagement email flow"
16918,50,16,3206.54,4,5,5,1,VIP,VIP,1.8944985568258428,0.21529698036019276,0.12741914482621824,0.0,"Court: white-glove service, early access, loyalty rewards"
16919,156,24,5108.01,3,5,5,1,Loyal Customer,VIP,2.149594825237826,0.9360354075745074,0.03210096610038906,0.0,"Court: white-glove service, early access, loyalty rewards"
16920,411,1,355.45,1,2,2,0,One-Time Buyer,Lost / Let Go,-1.568685890435237,0.2913199715927808,0.7565921074220049,1.0,"Let go: exclude from paid marketing spend, low-cost win-back only"
16921,61,3,409.21,3,3,2,2,Needs Attention,One-Time Buyer,-0.15569716998724764,-0.8607250763889248,0.5303893370216711,1.0,"Convert: post-purchase follow-up, incentivize 2nd order"
16922,573,1,611.08,1,2,2,0,One-Time Buyer,Lost / Let Go,-1.7073482235440085,1.1131605826228739,0.6336991611664216,1.0,"Let go: exclude from paid marketing spend, low-cost win-back only"
16923,12,32,13157.130000000001,5,5,5,1,VIP,VIP,3.1195249505473,0.6953069864052627,0.01629439945639991,0.0,"Court: white-glove service, early access, loyalty rewards"
16924,21,3,829.89,4,3,3,4,Loyal Customer,Loyal Customer,0.251207438834277,-0.8404024714642412,,,"Court: upsell/cross-sell, referral incentives"
16925,540,1,125.65,1,2,1,0,One-Time Buyer,Lost / Let Go,-2.3297054584662957,0.5560046347518027,0.9087535387665863,1.0,"Let go: exclude from paid marketing spend, low-cost win-back only"
16926,371,5,1399.8600000000001,2,4,4,3,Win-Back Priority,At Risk,-0.023670404733212528,0.9245588088426752,0.6276630130638964,1.0,"Win back: targeted discount, re-engagement email flow"
16927,116,3,543.05,3,3,2,2,Needs Attention,One-Time Buyer,-0.15890089998643178,-0.5554229966277509,0.5635859059222746,1.0,"Convert: post-purchase follow-up, incentivize 2nd order"
16928,80,26,3914.33,3,5,5,1,Loyal Customer,VIP,2.2682261701097692,0.5777530932797391,0.054274526604984816,0.0,"Court: white-glove service, early access, loyalty rewards"
16929,4,7,1295.39,5,4,4,4,VIP,Loyal Customer,1.0208502825623436,-0.517758779260945,,,"Court: upsell/cross-sell, referral incentives"
16930,26,3,378.89,4,3,2,2,Needs Attention,One-Time Buyer,-0.10796844363178167,-1.0276376241108796,,,"Convert: post-purchase follow-up, incentivize 2nd order"
16931,5,23,5184.27,5,5,5,1,VIP,VIP,2.4778265093100074,0.29175962402034405,0.05727898107766047,0.0,"Court: white-glove service, early access, loyalty rewards"
16932,53,3,412.55,4,3,2,2,Needs Attention,One-Time Buyer,-0.1333942465732256,-0.8920512380530458,0.5665641542067943,1.0,"Convert: post-purchase follow-up, incentivize 2nd order"
16933,1,9,3099.3,5,5,5,4,VIP,Loyal Customer,1.5863907997335598,-0.20971748969874027,0.13171378310319234,0.0,"Court: upsell/cross-sell, referral incentives"
16934,55,6,2083.14,4,4,4,4,VIP,Loyal Customer,1.009863250886019,-0.2310919061115905,0.46236163635977495,0.0,"Court: upsell/cross-sell, referral incentives"
16935,382,3,530.86,2,3,2,3,At Risk,At Risk,-0.7908166223161086,0.5518616081205534,0.6072061586208596,1.0,"Win back: targeted discount, re-engagement email flow"
16936,26,2,548.29,4,3,2,2,Needs Attention,One-Time Buyer,-0.16520395773975666,-1.0438905017374016,0.637694814747247,1.0,"Convert: post-purchase follow-up, incentivize 2nd order"
16937,499,1,196.25,1,2,1,0,One-Time Buyer,Lost / Let Go,-2.0371408323621494,0.5022460166977428,0.8674454791694022,1.0,"Let go: exclude from paid marketing spend, low-cost win-back only"
16938,9,9,6995.360000000001,5,5,5,1,VIP,VIP,1.9290618373200916,0.04024637110263114,0.18624179118666556,0.0,"Court: white-glove service, early access, loyalty rewards"
16939,489,3,433.85,1,3,2,3,At Risk,At Risk,-1.1303747250972198,0.9461343073807664,0.7005837971487817,1.0,"Win back: targeted discount, re-engagement email flow"
16940,52,8,6427.66,4,5,5,1,VIP,VIP,1.7100383761143216,0.1558363017112188,0.16750936942221845,0.0,"Court: white-glove service, early access, loyalty rewards"
16941,612,1,33.0,1,2,1,0,One-Time Buyer,Lost / Let Go,-3.081925860887435,0.5075674818710202,0.9026447747777356,1.0,"Let go: exclude from paid marketing spend, low-cost win-back only"
16942,13,9,1904.99,5,5,4,4,VIP,Loyal Customer,1.3423289784186376,-0.28889265943731934,0.1669467567187671,0.0,"Court: upsell/cross-sell, referral incentives"
16943,212,3,816.73,2,3,3,3,At Risk,At Risk,-0.20240055286965114,-0.04524069910941008,0.36858757742552084,0.0,"Win back: targeted discount, re-engagement email flow"
16944,610,1,101.36,1,2,1,0,One-Time Buyer,Lost / Let Go,-2.5878943168444293,0.7923454603181864,0.922783116205578,1.0,"Let go: exclude from paid marketing spend, low-cost win-back only"
16945,22,33,8548.16,4,5,5,1,VIP,VIP,2.9276173661810265,0.63433172935195,0.009344539844838799,0.0,"Court: white-glove service, early access, loyalty rewards"
16946,383,5,1222.04,2,4,4,3,Win-Back Priority,At Risk,-0.11199650122148264,0.9386771454578812,0.5466134142933007,1.0,"Win back: targeted discount, re-engagement email flow"
16947,236,4,946.71,2,4,3,3,At Risk,At Risk,-0.0216188748048751,0.1831284741348984,0.4668790434491274,0.0,"Win back: targeted discount, re-engagement email flow"
16948,139,7,868.77,3,4,3,4,Loyal Customer,Loyal Customer,0.528039977628279,-0.058888273774674496,0.2869145421883951,0.0,"Court: upsell/cross-sell, referral incentives"
16949,4,6,1286.27,5,4,4,4,VIP,Loyal Customer,0.9151538418156402,-0.5727054992277344,0.20606920481371838,0.0,"Court: upsell/cross-sell, referral incentives"
16950,57,10,3705.77,4,5,5,1,VIP,VIP,1.608006496979919,0.11006375742782293,0.23196982045720707,0.0,"Court: white-glove service, early access, loyalty rewards"
16951,135,3,1277.75,3,3,4,4,Loyal Customer,Loyal Customer,0.17612813000768934,-0.2485928265481164,0.49843433047648433,0.0,"Court: upsell/cross-sell, referral incentives"
16952,109,5,795.83,3,4,3,4,Loyal Customer,Loyal Customer,0.33832364328193393,-0.3220790448266915,0.46077664824065095,0.0,"Court: upsell/cross-sell, referral incentives"
16953,30,1,20.8,4,2,1,2,One-Time Buyer,One-Time Buyer,-1.9186668909625428,-2.046541749638642,,,"Convert: post-purchase follow-up, incentivize 2nd order"
16954,1,20,6081.88,5,5,5,1,VIP,VIP,2.4555044019319974,0.2644149439493022,0.02590690304846559,0.0,"Court: white-glove service, early access, loyalty rewards"
16955,185,6,1309.41,3,4,4,4,Loyal Customer,Loyal Customer,0.4999230836052058,0.1895877463072374,0.3387357207243483,0.0,"Court: upsell/cross-sell, referral incentives"
16956,18,1,308.74,5,2,2,2,One-Time Buyer,One-Time Buyer,-0.7122970260419522,-1.3908958203466353,,,"Convert: post-purchase follow-up, incentivize 2nd order"
16957,239,2,416.64,2,3,2,2,At Risk,One-Time Buyer,-0.7848157504327439,-0.2252848182515252,0.361795493812731,0.0,"Convert: post-purchase follow-up, incentivize 2nd order"
16958,435,1,778.49,1,2,3,3,One-Time Buyer,At Risk,-1.2773815268774529,0.5998860813023614,0.6580716460853688,1.0,"Win back: targeted discount, re-engagement email flow"
16959,87,1,117.35000000000001,3,2,1,2,One-Time Buyer,One-Time Buyer,-1.3007784414176737,-1.3580026356644077,,,"Convert: post-purchase follow-up, incentivize 2nd order"
16960,39,8,1988.93,4,5,4,4,VIP,Loyal Customer,1.2197574569701197,-0.21048248475459058,0.12447560263790007,0.0,"Court: upsell/cross-sell, referral incentives"
16961,116,3,794.56,3,3,3,4,Loyal Customer,Loyal Customer,0.009824057900573713,-0.45434828850798886,0.4875000430089637,0.0,"Court: upsell/cross-sell, referral incentives"
16962,410,1,251.04,1,2,1,0,One-Time Buyer,Lost / Let Go,-1.7202436842583932,0.19494341399678253,0.7122363609989142,1.0,"Let go: exclude from paid marketing spend, low-cost win-back only"
16963,187,1,110.55000000000001,3,2,1,2,One-Time Buyer,One-Time Buyer,-1.5608316084948344,-0.9552033837573749,0.7835538709289145,1.0,"Convert: post-purchase follow-up, incentivize 2nd order"
16964,733,2,207.85,1,3,1,0,At Risk,Lost / Let Go,-2.2473861929992776,1.657967796953137,0.8541280989533949,1.0,"Let go: exclude from paid marketing spend, low-cost win-back only"
16965,227,1,192.07,2,2,1,2,One-Time Buyer,One-Time Buyer,-1.4107701565057917,-0.6418753970088196,0.5249149131959674,1.0,"Convert: post-purchase follow-up, incentivize 2nd order"
16966,8,7,2154.97,5,4,4,4,VIP,Loyal Customer,1.2373465123590024,-0.3657233190190738,0.1796868237724858,0.0,"Court: upsell/cross-sell, referral incentives"
16967,189,1,319.02,2,2,2,2,One-Time Buyer,One-Time Buyer,-1.0975634572214972,-0.6665108543497664,0.420988027739649,0.0,"Convert: post-purchase follow-up, incentivize 2nd order"
16968,4,2,439.43,5,3,2,2,Needs Attention,One-Time Buyer,-0.2118424796374648,-1.194717824243081,,,"Convert: post-purchase follow-up, incentivize 2nd order"
16969,39,3,650.41,4,3,3,2,Loyal Customer,One-Time Buyer,0.10107433467932629,-0.8297945827443004,0.3038866357837087,0.0,"Convert: post-purchase follow-up, incentivize 2nd order"
16970,626,1,71.4,1,2,1,0,One-Time Buyer,Lost / Let Go,-2.7790541578328907,0.7672045942507627,0.9372668369223798,1.0,"Let go: exclude from paid marketing spend, low-cost win-back only"
16971,38,1,357.21,4,2,2,2,One-Time Buyer,One-Time Buyer,-0.6945004887338599,-1.2685179752008038,,,"Convert: post-purchase follow-up, incentivize 2nd order"
16972,383,2,749.0,2,3,3,3,At Risk,At Risk,-0.8615131495099766,0.5331307501989989,0.5984533235386121,1.0,"Win back: targeted discount, re-engagement email flow"
16973,386,1,127.0,2,2,1,0,One-Time Buyer,Lost / Let Go,-1.9649768827913616,-0.08572423320535512,0.8028025263755236,1.0,"Let go: exclude from paid marketing spend, low-cost win-back only"
16974,523,2,365.5,1,3,2,0,At Risk,Lost / Let Go,-1.5067470262508074,0.9286211018169941,0.7028939254922036,1.0,"Let go: exclude from paid marketing spend, low-cost win-back only"
16975,423,3,926.12,1,3,3,3,At Risk,At Risk,-0.6399303882302099,0.8712695220492827,0.5939020474889103,1.0,"Win back: targeted discount, re-engagement email flow"
16976,267,1,251.51999999999998,2,2,1,2,One-Time Buyer,One-Time Buyer,-1.3850938489990965,-0.40306034735287405,0.6767798875527751,1.0,"Convert: post-purchase follow-up, incentivize 2nd order"
16977,395,4,496.0,2,4,2,3,At Risk,At Risk,-0.6799168288100214,0.6769237743403422,0.6775160058718677,1.0,"Win back: targeted discount, re-engagement email flow"
16978,78,3,768.88,3,3,3,4,Loyal Customer,Loyal Customer,0.08409177667538091,-0.622120173416478,0.6837296847225278,1.0,"Court: upsell/cross-sell, referral incentives"
16979,4,9,2859.74,5,5,4,4,VIP,Loyal Customer,1.5436710030630887,-0.21855126541801098,0.24608688008250107,0.0,"Court: upsell/cross-sell, referral incentives"
16980,255,3,1422.8300000000002,2,3,4,3,At Risk,At Risk,-0.05669129378877165,0.28223762997860924,0.19772248322636807,0.0,"Win back: targeted discount, re-engagement email flow"
16982,61,1,384.06,3,2,2,2,One-Time Buyer,One-Time Buyer,-0.7161771074036443,-1.1530290052421384,,,"Convert: post-purchase follow-up, incentivize 2nd order"
16983,13,11,3654.02,5,5,5,1,VIP,VIP,1.7714582370489755,-0.043252000071977735,0.06237268539794721,0.0,"Court: white-glove service, early access, loyalty rewards"
16984,88,9,10350.53,3,5,5,1,Loyal Customer,VIP,1.9183130814131573,0.47508879467438403,0.4049351391122072,0.0,"Court: white-glove service, early access, loyalty rewards"
16985,17,23,10923.16,5,5,5,1,VIP,VIP,2.7806269996433692,0.5401823936960716,0.019753301802854686,0.0,"Court: white-glove service, early access, loyalty rewards"
16986,30,11,4888.75,4,5,5,1,VIP,VIP,1.860939324866933,0.1053109603740662,0.45222147136902874,0.0,"Court: white-glove service, early access, loyalty rewards"
16987,3,11,2499.45,5,5,4,4,VIP,Loyal Customer,1.6262774308534498,-0.18608099460775307,0.2676654034718908,0.0,"Court: upsell/cross-sell, referral incentives"
16988,5,2,382.67,5,3,2,2,Needs Attention,One-Time Buyer,-0.27543936185386253,-1.227229703506931,0.6886985208545412,1.0,"Convert: post-purchase follow-up, incentivize 2nd order"
16989,7,6,1133.25,5,4,3,4,Loyal Customer,Loyal Customer,0.8519504410047604,-0.5938099806900111,,,"Court: upsell/cross-sell, referral incentives"
16990,219,2,344.0,2,3,2,2,At Risk,One-Time Buyer,-0.8228986287740275,-0.35981519865014916,0.6222054691668616,1.0,"Convert: post-purchase follow-up, incentivize 2nd order"
16991,421,1,1041.21,1,2,3,3,One-Time Buyer,At Risk,-1.1156865660256639,0.6185476897790225,0.6488955845029623,1.0,"Win back: targeted discount, re-engagement email flow"
16992,11,13,5476.5,5,5,5,1,VIP,VIP,2.074154625506708,0.11724331047255747,0.07192460796013246,0.0,"Court: white-glove service, early access, loyalty rewards"
16993,464,2,1950.9499999999998,1,3,4,3,At Risk,At Risk,-0.6261771259602501,1.1265619758475325,0.7360271034400345,1.0,"Win back: targeted discount, re-engagement email flow"
16996,30,9,2123.61,4,5,4,4,VIP,Loyal Customer,1.350799681988603,-0.18885898028479411,0.1882951586548026,0.0,"Court: upsell/cross-sell, referral incentives"
16997,288,3,702.0,2,3,3,3,At Risk,At Risk,-0.4471960743290801,0.2326384548344136,0.4123171305957392,0.0,"Win back: targeted discount, re-engagement email flow"
16998,150,5,402.0,3,4,2,2,Needs Attention,One-Time Buyer,-0.06020780398302161,-0.3317998648672649,0.404571828590448,0.0,"Convert: post-purchase follow-up, incentivize 2nd order"
16999,23,2,484.82,4,3,2,2,Needs Attention,One-Time Buyer,-0.21270946089186354,-1.0891062036934633,,,"Convert: post-purchase follow-up, incentivize 2nd order"
17000,396,2,406.3,2,3,2,3,At Risk,At Risk,-1.1629811313621379,0.4251522538292553,0.6661051341059375,1.0,"Win back: targeted discount, re-engagement email flow"
17001,1,19,6640.8,5,5,5,1,VIP,VIP,2.4570603251436056,0.2684055524669439,0.038813660687079476,0.0,"Court: white-glove service, early access, loyalty rewards"
17002,86,7,2571.55,3,4,4,4,Loyal Customer,Loyal Customer,1.1334352122421614,0.007724228885400592,0.12108784095179778,0.0,"Court: upsell/cross-sell, referral incentives"
17003,402,4,828.21,2,4,3,3,At Risk,At Risk,-0.46900155617431594,0.8423734855351148,0.5334687374528718,1.0,"Win back: targeted discount, re-engagement email flow"
17004,46,4,2324.36,4,4,4,4,VIP,Loyal Customer,0.8210952301131385,-0.37335338878159674,0.4986933545742391,0.0,"Court: upsell/cross-sell, referral incentives"
17005,471,2,622.36,1,3,3,3,At Risk,At Risk,-1.1493579977807031,0.8522512955628216,0.6208724618417464,1.0,"Win back: targeted discount, re-engagement email flow"
17006,5,8,1635.27,5,5,4,4,VIP,Loyal Customer,1.212359179932278,-0.4048330297221411,0.40411743944103357,0.0,"Court: upsell/cross-sell, referral incentives"
17007,51,7,1120.1,4,4,3,4,Loyal Customer,Loyal Customer,0.8464715009650537,-0.3596858674343089,0.23179426842317377,0.0,"Court: upsell/cross-sell, referral incentives"
17008,429,1,81.36,1,2,1,0,One-Time Buyer,Lost / Let Go,-2.261278383520055,-0.02303250767047623,0.9105113524686349,1.0,"Let go: exclude from paid marketing spend, low-cost win-back only"
17009,551,1,242.06,1,2,1,0,One-Time Buyer,Lost / Let Go,-2.0659814801509313,0.7754327734283485,0.8459143810111468,1.0,"Let go: exclude from paid marketing spend, low-cost win-back only"
17010,18,1,195.36,5,2,1,2,One-Time Buyer,One-Time Buyer,-0.9146681346219373,-1.512126259445592,,,"Convert: post-purchase follow-up, incentivize 2nd order"
17011,30,3,671.7,4,3,3,2,Loyal Customer,One-Time Buyer,0.136393877806141,-0.8589089780217459,0.6095638363734723,1.0,"Convert: post-purchase follow-up, incentivize 2nd order"
17012,725,1,360.61,1,2,2,0,One-Time Buyer,Lost / Let Go,-2.296372907674585,1.6093531547200277,0.8976763921373434,1.0,"Let go: exclude from paid marketing spend, low-cost win-back only"
17014,8,3,583.4300000000001,5,3,2,2,Needs Attention,One-Time Buyer,0.12537030015661882,-0.9884011635111352,,,"Convert: post-purchase follow-up, incentivize 2nd order"
17015,29,3,1838.6100000000001,4,3,4,4,Loyal Customer,Loyal Customer,0.5854069650822938,-0.5955134706397031,0.156025434542095,0.0,"Court: upsell/cross-sell, referral incentives"
17016,577,1,552.4,1,2,2,0,One-Time Buyer,Lost / Let Go,-1.7614473011952936,1.1030958884987587,0.658223452858307,1.0,"Let go: exclude from paid marketing spend, low-cost win-back only"
17017,3,29,14110.61,5,5,5,1,VIP,VIP,3.0984218257034892,0.63836733962409,0.013042096147572546,0.0,"Court: white-glove service, early access, loyalty rewards"
17018,41,6,2287.7,4,4,4,4,VIP,Loyal Customer,1.0841637640023163,-0.264783952996742,0.4323091747901071,0.0,"Court: upsell/cross-sell, referral incentives"
17019,11,11,3945.81,5,5,5,1,VIP,VIP,1.8102362802658416,-0.03119369091830009,0.06369019457868695,0.0,"Court: white-glove service, early access, loyalty rewards"
17020,542,2,935.62,1,3,3,3,At Risk,At Risk,-1.1345626115888403,1.2577092099480638,0.5784964849257389,1.0,"Win back: targeted discount, re-engagement email flow"
17021,442,6,1182.22,1,4,3,3,At Risk,At Risk,-0.1462242371544514,1.2380743379388897,0.7657368495793797,1.0,"Win back: targeted discount, re-engagement email flow"
17022,31,2,260.0,4,3,1,2,Needs Attention,One-Time Buyer,-0.5072813275136145,-1.220882788116421,0.7306950179373138,1.0,"Convert: post-purchase follow-up, incentivize 2nd order"
17023,417,3,800.18,1,3,3,3,At Risk,At Risk,-0.6907274659458681,0.8073244778487384,0.5661242103941934,1.0,"Win back: targeted discount, re-engagement email flow"
17024,45,3,95.85,4,3,1,2,Needs Attention,One-Time Buyer,-0.7592192064831185,-1.311638493106298,,,"Convert: post-purchase follow-up, incentivize 2nd order"
17025,61,5,1510.6399999999999,3,4,4,4,Loyal Customer,Loyal Customer,0.7348396820655476,-0.35266644500004496,0.404786642448048,0.0,"Court: upsell/cross-sell, referral incentives"
17026,185,3,208.98,3,3,1,2,Needs Attention,One-Time Buyer,-0.742916477318124,-0.5198545510803663,0.5739535895492401,1.0,"Convert: post-purchase follow-up, incentivize 2nd order"
17027,79,9,1310.63,3,5,4,4,Loyal Customer,Loyal Customer,1.0220951707803514,-0.11206323427925516,0.28567324869719307,0.0,"Court: upsell/cross-sell, referral incentives"
17028,581,3,1593.83,1,3,4,3,At Risk,At Risk,-0.7684554593139824,1.6768394957949793,0.6215312384382949,1.0,"Win back: targeted discount, re-engagement email flow"
17029,111,7,2137.3,3,4,4,4,Loyal Customer,Loyal Customer,0.9928993590558304,0.06318224155425006,0.2005716922721107,0.0,"Court: upsell/cross-sell, referral incentives"
17030,64,1,146.87,3,2,1,2,One-Time Buyer,One-Time Buyer,-1.1481344188063984,-1.3950355651393986,,,"Convert: post-purchase follow-up, incentivize 2nd order"
17031,12,6,2773.85,5,4,4,4,VIP,Loyal Customer,1.237481302187148,-0.33492846102137824,0.2698576163444686,0.0,"Court: upsell/cross-sell, referral incentives"
17032,603,5,2896.69,1,4,4,3,Win-Back Priority,At Risk,-0.24332286590431174,2.0888911680421796,0.7727465695795491,1.0,"Win back: targeted discount, re-engagement email flow"
17033,86,4,1332.79,3,4,4,4,Loyal Customer,Loyal Customer,0.4807818426222115,-0.3537845138468742,0.29604944600203287,0.0,"Court: upsell/cross-sell, referral incentives"
17034,16,5,1276.42,5,4,4,4,VIP,Loyal Customer,0.7652907657660841,-0.5857875803875734,0.3630222397704872,0.0,"Court: upsell/cross-sell, referral incentives"
17035,246,4,613.59,2,4,3,3,At Risk,At Risk,-0.23729327957346769,0.10978710728217371,0.4882422679684406,0.0,"Win back: targeted discount, re-engagement email flow"
17036,383,1,176.9,2,2,1,0,One-Time Buyer,Lost / Let Go,-1.8118002117402403,-0.010721252422052213,0.7618748981871795,1.0,"Let go: exclude from paid marketing spend, low-cost win-back only"
17037,88,1,1267.32,3,2,4,2,One-Time Buyer,One-Time Buyer,-0.25001932144032174,-0.7229594058692398,,,"Convert: post-purchase follow-up, incentivize 2nd order"
17038,30,2,743.17,4,3,3,2,Loyal Customer,One-Time Buyer,-0.0397355229915297,-0.9463852540410115,0.5455580836460835,1.0,"Convert: post-purchase follow-up, incentivize 2nd order"
17039,604,1,1954.99,1,2,4,3,One-Time Buyer,At Risk,-1.2639775292165922,1.5519229371950347,0.8655844823117779,1.0,"Win back: targeted discount, re-engagement email flow"
17040,138,2,463.25,3,3,2,2,Needs Attention,One-Time Buyer,-0.5017207504515991,-0.6198666984967182,0.689984475656324,1.0,"Convert: post-purchase follow-up, incentivize 2nd order"
17041,27,6,1655.2,4,4,4,4,VIP,Loyal Customer,0.9732752240186775,-0.40941352639522954,0.46547878422098476,0.0,"Court: upsell/cross-sell, referral incentives"
17042,3,5,1036.58,5,4,3,4,Loyal Customer,Loyal Customer,0.7033502681387517,-0.6955089812448616,0.17852986005456187,0.0,"Court: upsell/cross-sell, referral incentives"
17043,32,8,2593.65,4,5,4,4,VIP,Loyal Customer,1.3539402795851776,-0.16920113679262458,0.31493627053189704,0.0,"Court: upsell/cross-sell, referral incentives"
17044,25,12,11962.3,4,5,5,1,VIP,VIP,2.331361164573385,0.3541703425183892,0.31440992869207535,0.0,"Court: white-glove service, early access, loyalty rewards"
17045,113,5,827.6800000000001,3,4,3,4,Loyal Customer,Loyal Customer,0.34637429675098946,-0.2949129343835478,0.3725022861606595,0.0,"Court: upsell/cross-sell, referral incentives"
17046,157,5,1906.07,3,4,4,4,Loyal Customer,Loyal Customer,0.6135863209452357,0.11093748341562662,0.5253392548618422,1.0,"Court: upsell/cross-sell, referral incentives"
17047,85,6,2289.23,3,4,4,4,Loyal Customer,Loyal Customer,0.9815973932990539,-0.08044933109001566,0.2308651271772301,0.0,"Court: upsell/cross-sell, referral incentives"
17048,118,7,2071.68,3,4,4,4,Loyal Customer,Loyal Customer,0.9626956687751709,0.08418960643513285,0.1579167251546562,0.0,"Court: upsell/cross-sell, referral incentives"
17049,3,19,9942.53,5,5,5,1,VIP,VIP,2.631558933745323,0.38411064951758134,0.03336176640276503,0.0,"Court: white-glove service, early access, loyalty rewards"
17050,96,10,4348.46,3,5,5,1,Loyal Customer,VIP,1.5878250490654626,0.31582187133580203,0.0583791156687433,0.0,"Court: white-glove service, early access, loyalty rewards"
17051,194,4,706.49,2,4,3,4,At Risk,Loyal Customer,-0.05322576935326639,-0.07041097717915594,0.45275705420132234,0.0,"Court: upsell/cross-sell, referral incentives"
17052,28,1,399.09,4,2,2,2,One-Time Buyer,One-Time Buyer,-0.6220286005355946,-1.2809620946544649,,,"Convert: post-purchase follow-up, incentivize 2nd order"
17053,131,1,498.48,3,2,2,2,One-Time Buyer,One-Time Buyer,-0.7643063289080366,-0.7908519266954732,,,"Convert: post-purchase follow-up, incentivize 2nd order"
17054,28,5,1356.33,4,4,4,4,VIP,Loyal Customer,0.7641782639966874,-0.519423928433846,0.15729068142246264,0.0,"Court: upsell/cross-sell, referral incentives"
17055,446,1,232.85,1,2,1,0,One-Time Buyer,Lost / Let Go,-1.8376640416504182,0.32569302237595293,0.7598484697149305,1.0,"Let go: exclude from paid marketing spend, low-cost win-back only"
17056,738,1,128.60000000000002,1,2,1,0,One-Time Buyer,Lost / Let Go,-2.782365924457683,1.3908349120080523,0.9491840457654943,1.0,"Let go: exclude from paid marketing spend, low-cost win-back only"
17057,596,1,288.79,1,2,1,0,One-Time Buyer,Lost / Let Go,-2.0931045261921537,1.010547570211555,0.8557577482802624,1.0,"Let go: exclude from paid marketing spend, low-cost win-back only"
17058,82,3,1179.89,3,3,3,4,Loyal Customer,Loyal Customer,0.26468193265091244,-0.4915942513996956,0.15922713705838082,0.0,"Court: upsell/cross-sell, referral incentives"
17059,30,9,5586.93,4,5,5,1,VIP,VIP,1.7801636918467976,0.0683515860536549,0.0882204851499369,0.0,"Court: white-glove service, early access, loyalty rewards"
17060,266,1,234.24,2,2,1,2,One-Time Buyer,One-Time Buyer,-1.4142291303337962,-0.42609968280924426,0.6707920071814222,1.0,"Convert: post-purchase follow-up, incentivize 2nd order"
17061,74,11,5232.2300000000005,3,5,5,1,Loyal Customer,VIP,1.7882187642036804,0.30752471869410314,0.06581379340761749,0.0,"Court: white-glove service, early access, loyalty rewards"
17062,314,6,1169.06,2,4,3,3,At Risk,At Risk,0.14804784612973138,0.6993703742703514,0.46979556961345176,0.0,"Win back: targeted discount, re-engagement email flow"
17063,21,13,3638.53,4,5,5,1,VIP,VIP,1.8692691172072105,0.05036503346264327,0.17662500918796556,0.0,"Court: white-glove service, early access, loyalty rewards"
17064,59,3,855.45,4,3,3,4,Loyal Customer,Loyal Customer,0.17582389159103792,-0.673299023745904,0.33557446974645033,0.0,"Court: upsell/cross-sell, referral incentives"
17065,638,2,194.7,1,3,1,0,At Risk,Lost / Let Go,-2.0541707250156067,1.2430586194357174,0.8529136979947527,1.0,"Let go: exclude from paid marketing spend, low-cost win-back only"
17066,726,1,228.34,1,2,1,0,One-Time Buyer,Lost / Let Go,-2.500894059924817,1.4924205730358557,0.9358830422141646,1.0,"Let go: exclude from paid marketing spend, low-cost win-back only"
17067,725,3,454.54,1,3,2,0,At Risk,Lost / Let Go,-1.6614564333804454,1.9462483007386495,0.7825527421954063,1.0,"Let go: exclude from paid marketing spend, low-cost win-back only"
17068,12,47,9140.08,5,5,5,1,VIP,VIP,3.2455822623114345,0.7473330468454713,0.04283293559988357,0.0,"Court: white-glove service, early access, loyalty rewards"
17069,28,14,5794.28,4,5,5,1,VIP,VIP,2.112443403465855,0.23081452163788108,0.06575923696193332,0.0,"Court: white-glove service, early access, loyalty rewards"
17070,114,2,437.42,3,3,2,2,Needs Attention,One-Time Buyer,-0.4710311699200047,-0.7355422938286897,0.6389157930509822,1.0,"Convert: post-purchase follow-up, incentivize 2nd order"
17071,28,13,3793.71,4,5,5,1,VIP,VIP,1.8714433567541868,0.0907684014472403,0.07930839128624377,0.0,"Court: white-glove service, early access, loyalty rewards"
17072,625,1,273.35,1,2,1,0,One-Time Buyer,Lost / Let Go,-2.1852108670168993,1.1173606540314525,0.8858092402171859,1.0,"Let go: exclude from paid marketing spend, low-cost win-back only"
17073,18,4,1444.84,5,4,4,4,VIP,Loyal Customer,0.6755683280668564,-0.6169348565086746,,,"Court: upsell/cross-sell, referral incentives"
17074,563,1,203.05,1,2,1,0,One-Time Buyer,Lost / Let Go,-2.171711096893041,0.7791255289561897,0.8816149745212571,1.0,"Let go: exclude from paid marketing spend, low-cost win-back only"
17075,18,10,2236.63,5,5,4,4,VIP,Loyal Customer,1.4750708698016362,-0.18741916036788162,0.1444546110118488,0.0,"Court: upsell/cross-sell, referral incentives"
17076,36,6,1242.75,4,4,4,4,VIP,Loyal Customer,0.8250737246973259,-0.4479210817600329,0.32354366620555625,0.0,"Court: upsell/cross-sell, referral incentives"
17077,578,1,306.0,1,2,2,0,One-Time Buyer,Lost / Let Go,-2.02540885900959,0.9505555240766491,0.8736530468146799,1.0,"Let go: exclude from paid marketing spend, low-cost win-back only"
17078,36,2,375.86,4,3,2,2,Needs Attention,One-Time Buyer,-0.3558628265562397,-1.1022463085017833,,,"Convert: post-purchase follow-up, incentivize 2nd order"
17079,78,1,118.80000000000001,3,2,1,2,One-Time Buyer,One-Time Buyer,-1.274331434324226,-1.392432124814659,,,"Convert: post-purchase follow-up, incentivize 2nd order"
17080,22,7,957.53,4,4,3,4,Loyal Customer,Loyal Customer,0.8447073660890431,-0.5227320720167621,0.3543320924092714,0.0,"Court: upsell/cross-sell, referral incentives"
17081,25,6,949.39,4,4,3,4,Loyal Customer,Loyal Customer,0.7313454406911226,-0.5655132774966986,0.4178013927281246,0.0,"Court: upsell/cross-sell, referral incentives"
17082,33,6,4732.03,4,4,5,4,VIP,Loyal Customer,1.4254735203180313,-0.10500902963145259,0.29988886011713384,0.0,"Court: upsell/cross-sell, referral incentives"
17083,109,9,4049.79,3,5,5,4,Loyal Customer,Loyal Customer,1.4526419489825746,0.3134311103015549,0.11037455527181957,0.0,"Court: upsell/cross-sell, referral incentives"
17084,35,3,5001.21,4,3,5,4,Loyal Customer,Loyal Customer,1.0155320956178215,-0.3043319067176219,0.3947176124427479,0.0,"Court: upsell/cross-sell, referral incentives"
17085,123,28,7839.27,3,5,5,1,Loyal Customer,VIP,2.530893385051211,0.9708155186608339,0.015436455215197693,0.0,"Court: white-glove service, early access, loyalty rewards"
17086,7,6,2050.08,5,4,4,4,VIP,Loyal Customer,1.1149779404677163,-0.43624332268857136,,,"Court: upsell/cross-sell, referral incentives"
17087,738,1,221.53,1,2,1,0,One-Time Buyer,Lost / Let Go,-2.5423316437654093,1.5346274792935415,0.788707261417075,1.0,"Let go: exclude from paid marketing spend, low-cost win-back only"
17088,28,4,1991.01,4,4,4,4,VIP,Loyal Customer,0.7944740666611184,-0.48984594466062636,0.16040649198069243,0.0,"Court: upsell/cross-sell, referral incentives"
17089,386,1,128.45,2,2,1,0,One-Time Buyer,Lost / Let Go,-1.9599753907720385,-0.0827280887561448,0.8217024477456362,1.0,"Let go: exclude from paid marketing spend, low-cost win-back only"
17090,4,13,3080.1800000000003,5,5,5,1,VIP,VIP,1.8350658886387854,-0.06508371816034395,0.13087360885011232,0.0,"Court: white-glove service, early access, loyalty rewards"
17091,3,19,7789.2,5,5,5,1,VIP,VIP,2.5231965417100635,0.31919614437686566,0.014965551270004492,0.0,"Court: white-glove service, early access, loyalty rewards"
17092,50,11,5511.41,4,5,5,1,VIP,VIP,1.8674023889776394,0.22089948691668268,0.07312472340006997,0.0,"Court: white-glove service, early access, loyalty rewards"
17093,593,1,235.88,1,2,1,0,One-Time Buyer,Lost / Let Go,-2.1756042195916976,0.9443685940046511,0.89202792504686,1.0,"Let go: exclude from paid marketing spend, low-cost win-back only"
17094,322,2,402.20000000000005,2,3,2,3,At Risk,At Risk,-0.9944762664031236,0.1127428548312963,0.707688374702797,1.0,"Win back: targeted discount, re-engagement email flow"
17095,23,7,2572.25,4,4,4,4,VIP,Loyal Customer,1.280837255710445,-0.25588256316301833,0.2518187818398445,0.0,"Court: upsell/cross-sell, referral incentives"
17096,15,11,3697.93,5,5,5,1,VIP,VIP,1.7720849848719349,-0.031704863992485684,0.0748234629912377,0.0,"Court: white-glove service, early access, loyalty rewards"
17097,2,9,1318.08,5,5,4,4,VIP,Loyal Customer,1.2046203852576933,-0.43283126513314096,0.3781380558942109,0.0,"Court: upsell/cross-sell, referral incentives"
17098,382,3,591.0699999999999,2,3,2,3,At Risk,At Risk,-0.7431992730187098,0.5803867874535038,0.6143886517399516,1.0,"Win back: targeted discount, re-engagement email flow"
17099,533,1,582.17,1,2,2,0,One-Time Buyer,Lost / Let Go,-1.6353192734272641,0.9328758803425014,0.6437810893138086,1.0,"Let go: exclude from paid marketing spend, low-cost win-back only"
17100,18,2,971.74,5,3,3,2,Loyal Customer,One-Time Buyer,0.10724415494768481,-0.9253671550062934,,,"Convert: post-purchase follow-up, incentivize 2nd order"
17101,10,7,2507.05,5,4,4,4,VIP,Loyal Customer,1.299833567159742,-0.3171187579428288,0.5325567053704785,1.0,"Court: upsell/cross-sell, referral incentives"
17102,262,1,25.5,2,2,1,0,One-Time Buyer,Lost / Let Go,-2.3743503011736613,-1.0236037613740365,0.8668979113790791,1.0,"Let go: exclude from paid marketing spend, low-cost win-back only"
17103,722,1,424.3,1,2,2,0,One-Time Buyer,Lost / Let Go,-2.217328905477784,1.6399469505171507,0.8853104313856391,1.0,"Let go: exclude from paid marketing spend, low-cost win-back only"
17104,424,1,474.03,1,2,2,0,One-Time Buyer,Lost / Let Go,-1.4715655394691602,0.4221158682000748,0.7737529528030358,1.0,"Let go: exclude from paid marketing spend, low-cost win-back only"
17105,159,2,665.78,3,3,3,2,Loyal Customer,One-Time Buyer,-0.3900675300335274,-0.43567815368460966,0.5306472778552753,1.0,"Convert: post-purchase follow-up, incentivize 2nd order"
17106,389,1,481.58,2,2,2,0,One-Time Buyer,Lost / Let Go,-1.3827411895462023,0.2798216591584334,0.7547135051901613,1.0,"Let go: exclude from paid marketing spend, low-cost win-back only"
17107,33,10,16052.72,4,5,5,1,VIP,VIP,2.314930197801237,0.3994863004203648,0.11554084015787931,0.0,"Court: white-glove service, early access, loyalty rewards"
17108,664,1,174.95,1,2,1,0,One-Time Buyer,Lost / Let Go,-2.4736150423848433,1.162439907929855,0.9483428382049668,1.0,"Let go: exclude from paid marketing spend, low-cost win-back only"
17109,29,8,1291.71,4,5,4,4,VIP,Loyal Customer,1.0516091317211704,-0.36707017458732677,0.2470526681428348,0.0,"Court: upsell/cross-sell, referral incentives"
17110,165,3,499.9,3,3,2,2,Needs Attention,One-Time Buyer,-0.3101433582122521,-0.37231858454125616,0.6419211636347684,1.0,"Convert: post-purchase follow-up, incentivize 2nd order"
17111,47,2,459.58,4,3,2,2,Needs Attention,One-Time Buyer,-0.2925050980258632,-1.0028475980004792,0.6304599822649277,1.0,"Convert: post-purchase follow-up, incentivize 2nd order"
17112,503,1,197.57,1,2,1,0,One-Time Buyer,Lost / Let Go,-2.043530618253141,0.5207615800510162,0.869478826832368,1.0,"Let go: exclude from paid marketing spend, low-cost win-back only"
17113,574,6,2305.59,1,4,4,3,Win-Back Priority,At Risk,-0.15842515608621976,1.9680964349831356,0.7456502769388451,1.0,"Win back: targeted discount, re-engagement email flow"
17114,6,8,801.12,5,5,3,4,Loyal Customer,Loyal Customer,0.893481496544262,-0.5902709063614365,0.330526026926832,0.0,"Court: upsell/cross-sell, referral incentives"
17115,8,7,2761.4900000000002,5,4,4,4,VIP,Loyal Customer,1.3474121837701607,-0.2997884641451509,0.24770073027093825,0.0,"Court: upsell/cross-sell, referral incentives"
17116,648,1,389.78,1,2,2,0,One-Time Buyer,Lost / Let Go,-2.0819171141041726,1.3077131414537266,0.8579861421454514,1.0,"Let go: exclude from paid marketing spend, low-cost win-back only"
17117,288,1,116.19999999999999,2,2,1,0,One-Time Buyer,Lost / Let Go,-1.7750112324607406,-0.519337738484552,0.7540144249282547,1.0,"Let go: exclude from paid marketing spend, low-cost win-back only"
17118,318,1,157.02,2,2,1,0,One-Time Buyer,Lost / Let Go,-1.7124582049702812,-0.3142900984629885,0.7969899830150394,1.0,"Let go: exclude from paid marketing spend, low-cost win-back only"
17119,3,2,606.91,5,3,2,2,Needs Attention,One-Time Buyer,-0.06641216029959715,-1.1131836137540616,,,"Convert: post-purchase follow-up, incentivize 2nd order"
17120,233,1,307.46,2,2,2,2,One-Time Buyer,One-Time Buyer,-1.216762153845133,-0.49213982946394025,0.33788111236037,0.0,"Convert: post-purchase follow-up, incentivize 2nd order"
17121,403,1,314.74,2,2,2,0,One-Time Buyer,Lost / Let Go,-1.6038304177799807,0.22557990702784997,0.6806599733405634,1.0,"Let go: exclude from paid marketing spend, low-cost win-back only"
17122,119,4,570.5,3,4,2,4,Needs Attention,Loyal Customer,0.027331734333178315,-0.44109109582275996,0.595905245219657,1.0,"Court: upsell/cross-sell, referral incentives"
17123,162,3,966.67,3,3,3,4,Loyal Customer,Loyal Customer,-0.010758129641789592,-0.2097293482273661,0.5020260761163718,1.0,"Court: upsell/cross-sell, referral incentives"
17124,185,1,294.24,3,2,2,2,One-Time Buyer,One-Time Buyer,-1.1239969765606093,-0.7046892229999326,0.3398581047588209,0.0,"Convert: post-purchase follow-up, incentivize 2nd order"
17125,50,1,230.5,4,2,1,2,One-Time Buyer,One-Time Buyer,-0.9163806983617729,-1.3344052475532011,,,"Convert: post-purchase follow-up, incentivize 2nd order"
17126,152,9,2008.93,3,5,4,4,Loyal Customer,Loyal Customer,1.0409511596657388,0.30699886739541565,0.1149076058830898,0.0,"Court: upsell/cross-sell, referral incentives"
17127,429,5,1155.0300000000002,1,4,3,3,At Risk,At Risk,-0.2445540272123725,1.1162172445757403,0.642654387263822,1.0,"Win back: targeted discount, re-engagement email flow"
17128,335,1,157.09,2,2,1,0,One-Time Buyer,Lost / Let Go,-1.7520041193303835,-0.2430207805701053,0.8134600693240456,1.0,"Let go: exclude from paid marketing spend, low-cost win-back only"
17129,520,1,31.85,1,2,1,0,One-Time Buyer,Lost / Let Go,-2.8821262301725215,0.11336007197116281,0.8788091166099992,1.0,"Let go: exclude from paid marketing spend, low-cost win-back only"
17131,5,5,2463.17,5,4,4,4,VIP,Loyal Customer,1.0827247864718799,-0.45707294363745726,,,"Court: upsell/cross-sell, referral incentives"
17132,452,2,1220.9099999999999,1,3,4,3,At Risk,At Risk,-0.8061025347988857,0.9517475398339109,0.6017500135396454,1.0,"Win back: targeted discount, re-engagement email flow"
17133,16,12,14622.33,5,5,5,1,VIP,VIP,2.4415466702673703,0.3699044119218444,0.0806313118040869,0.0,"Court: white-glove service, early access, loyalty rewards"
17134,107,3,625.3,3,3,3,2,Loyal Customer,One-Time Buyer,-0.07534970599500816,-0.555644215137955,0.46411928972674643,0.0,"Convert: post-purchase follow-up, incentivize 2nd order"
17135,16,10,1931.96,5,5,4,4,VIP,Loyal Customer,1.4147594750599408,-0.23472039200081465,0.15725382136922944,0.0,"Court: upsell/cross-sell, referral incentives"
17136,662,1,231.68,1,2,1,0,One-Time Buyer,Lost / Let Go,-2.344855341976546,1.2284017406087673,0.9426226388626607,1.0,"Let go: exclude from paid marketing spend, low-cost win-back only"
17137,416,6,1099.81,1,4,3,3,At Risk,At Risk,-0.11749582082321207,1.1100522242217816,0.5238833897317792,1.0,"Win back: targeted discount, re-engagement email flow"
17138,276,7,4417.27,2,4,5,4,Win-Back Priority,Loyal Customer,0.9293951697225207,0.946803872527434,0.11312772475085132,0.0,"Court: upsell/cross-sell, referral incentives"
17139,16,25,19566.76,5,5,5,1,VIP,VIP,3.1032580255253737,0.7228510348911373,0.023124058710328698,0.0,"Court: white-glove service, early access, loyalty rewards"
17140,247,1,454.12,2,2,2,2,One-Time Buyer,One-Time Buyer,-1.076786357235696,-0.33008553117427186,0.5467900317357144,1.0,"Convert: post-purchase follow-up, incentivize 2nd order"
17141,418,4,727.58,1,4,3,3,At Risk,At Risk,-0.5638501780084327,0.8749278679157788,0.5649225945212084,1.0,"Win back: targeted discount, re-engagement email flow"
17142,239,4,1275.25,2,4,4,3,Win-Back Priority,At Risk,0.10351880971846686,0.2748497445087213,0.4590760564211761,0.0,"Win back: targeted discount, re-engagement email flow"
17143,417,2,880.97,1,3,3,3,At Risk,At Risk,-0.8690314523902934,0.7185455160129836,0.5870325734445117,1.0,"Win back: targeted discount, re-engagement email flow"
17144,1,2,984.57,5,3,3,2,Loyal Customer,One-Time Buyer,0.15280468061546457,-0.9930334192075913,,,"Convert: post-purchase follow-up, incentivize 2nd order"
17145,513,4,3120.91,1,4,5,3,Win-Back Priority,At Risk,-0.13986499374037975,1.659571176998059,0.7386253304773877,1.0,"Win back: targeted discount, re-engagement email flow"
17146,106,13,5852.64,3,5,5,1,Loyal Customer,VIP,1.8815525448273172,0.5325199377349397,0.054121620843408685,0.0,"Court: white-glove service, early access, loyalty rewards"
17147,23,9,3199.95,4,5,5,4,VIP,Loyal Customer,1.5491447294376384,-0.10914124313284289,0.1592020503180616,0.0,"Court: upsell/cross-sell, referral incentives"
17148,52,1,124.88,4,2,1,2,One-Time Buyer,One-Time Buyer,-1.1915679570528717,-1.4880845281987334,,,"Convert: post-purchase follow-up, incentivize 2nd order"
17149,451,1,143.10000000000002,1,2,1,0,One-Time Buyer,Lost / Let Go,-2.064328989963524,0.21783856218831826,0.8299606925291493,1.0,"Let go: exclude from paid marketing spend, low-cost win-back only"
17150,377,6,1357.95,2,4,4,3,Win-Back Priority,At Risk,0.06721550737244603,1.0028557566443872,0.6524550560455717,1.0,"Win back: targeted discount, re-engagement email flow"
17151,735,1,231.90000000000003,1,2,1,0,One-Time Buyer,Lost / Let Go,-2.515094948848222,1.5341861008797186,0.925312558390303,1.0,"Let go: exclude from paid marketing spend, low-cost win-back only"
17152,195,4,2016.5,2,4,4,4,Win-Back Priority,Loyal Customer,0.40970740430616165,0.21249504248793671,0.44153076234914274,0.0,"Court: upsell/cross-sell, referral incentives"
17153,24,1,213.78,4,2,1,2,One-Time Buyer,One-Time Buyer,-0.8888832303476731,-1.4631647610209064,,,"Convert: post-purchase follow-up, incentivize 2nd order"
17154,75,1,329.34,3,2,2,2,One-Time Buyer,One-Time Buyer,-0.8169622287251787,-1.1352025663709673,,,"Convert: post-purchase follow-up, incentivize 2nd order"
17155,18,7,892.46,5,4,3,4,Loyal Customer,Loyal Customer,0.822845172105183,-0.5581719876141675,0.5494138594089314,1.0,"Court: upsell/cross-sell, referral incentives"
17156,492,1,591.87,1,2,2,0,One-Time Buyer,Lost / Let Go,-1.5321450515413606,0.7656629158374421,0.6912717732515191,1.0,"Let go: exclude from paid marketing spend, low-cost win-back only"
17157,8,19,5151.9,5,5,5,1,VIP,VIP,2.327996381201029,0.23019066944413683,0.466597620040774,0.0,"Court: white-glove service, early access, loyalty rewards"
17158,32,5,1980.0,4,4,4,4,VIP,Loyal Customer,0.9226982586450633,-0.40211913945057876,0.3081106206787045,0.0,"Court: upsell/cross-sell, referral incentives"
17159,22,5,2099.59,4,4,4,4,VIP,Loyal Customer,0.9721023698758237,-0.4283820137177617,0.6569594840327149,1.0,"Court: upsell/cross-sell, referral incentives"
17160,31,17,10209.16,4,5,5,1,VIP,VIP,2.496925009675394,0.466466523044231,0.040372089518525875,0.0,"Court: white-glove service, early access, loyalty rewards"
17161,444,1,856.01,1,2,3,3,One-Time Buyer,At Risk,-1.256325515223893,0.6627722600543777,0.7315169877578949,1.0,"Win back: targeted discount, re-engagement email flow"
17162,29,10,1715.46,4,5,4,4,VIP,Loyal Customer,1.331625183816168,-0.21190606241690083,0.1541747971684477,0.0,"Court: upsell/cross-sell, referral incentives"
17163,22,4,699.78,4,4,3,4,Loyal Customer,Loyal Customer,0.3446442416975148,-0.7928316083605287,0.5362199162952467,1.0,"Court: upsell/cross-sell, referral incentives"
17164,33,7,2467.35,4,4,4,4,VIP,Loyal Customer,1.2389798037804103,-0.22509886165336573,0.17806233478381592,0.0,"Court: upsell/cross-sell, referral incentives"
17165,284,6,1794.32,2,4,4,3,Win-Back Priority,At Risk,0.4082737417986378,0.6876834904410798,0.4000463478042105,0.0,"Win back: targeted discount, re-engagement email flow"
17166,39,2,206.34,4,3,1,2,Needs Attention,One-Time Buyer,-0.6281765746543099,-1.2486183708931922,0.4797720835860302,0.0,"Convert: post-purchase follow-up, incentivize 2nd order"
17167,380,3,867.11,2,3,3,3,At Risk,At Risk,-0.5686050298046624,0.6738058090030539,0.542029757887335,1.0,"Win back: targeted discount, re-engagement email flow"
17168,499,1,400.2,1,2,2,0,One-Time Buyer,Lost / Let Go,-1.7219010974375546,0.6910904211906037,0.7636971227011646,1.0,"Let go: exclude from paid marketing spend, low-cost win-back only"
17169,58,3,1156.73,4,3,3,4,Loyal Customer,Loyal Customer,0.31199453631369056,-0.5973118225478493,0.482905215215758,0.0,"Court: upsell/cross-sell, referral incentives"
17170,374,2,178.68,2,3,1,0,At Risk,Lost / Let Go,-1.4749127728430464,0.11540105329238033,0.7054292389686093,1.0,"Let go: exclude from paid marketing spend, low-cost win-back only"
17171,289,2,384.59,2,3,2,3,At Risk,At Risk,-0.9371574549403056,-0.03725306843704128,0.7984622256700117,1.0,"Win back: targeted discount, re-engagement email flow"
17172,79,3,956.5699999999999,3,3,3,4,Loyal Customer,Loyal Customer,0.1786204118303489,-0.5599069407896464,0.4579627308790327,0.0,"Court: upsell/cross-sell, referral incentives"
17173,5,8,3766.6,5,5,5,4,VIP,Loyal Customer,1.5826694831931325,-0.18299859405496785,,,"Court: upsell/cross-sell, referral incentives"
17174,218,1,59.9,2,2,1,2,One-Time Buyer,One-Time Buyer,-1.9020340585210578,-0.9864396740641501,0.7364385786590212,1.0,"Convert: post-purchase follow-up, incentivize 2nd order"
17175,44,4,1443.69,4,4,4,4,VIP,Loyal Customer,0.6144322951920057,-0.5083265297263737,0.19717825438107306,0.0,"Court: upsell/cross-sell, referral incentives"
17176,202,3,902.3199999999999,2,3,3,3,At Risk,At Risk,-0.13482404643242954,-0.06061739764816213,0.5496524510636259,1.0,"Win back: targeted discount, re-engagement email flow"
17177,505,1,119.5,1,2,1,0,One-Time Buyer,Lost / Let Go,-2.269984161938933,0.3962762377619649,0.9169020421831614,1.0,"Let go: exclude from paid marketing spend, low-cost win-back only"
17178,731,1,432.96,1,2,2,0,One-Time Buyer,Lost / Let Go,-2.229418983270827,1.6829769600451066,0.8976662095930987,1.0,"Let go: exclude from paid marketing spend, low-cost win-back only"
17179,178,6,1507.26,3,4,4,4,Loyal Customer,Loyal Customer,0.5787224323435115,0.1976916169898783,0.23817948532679883,0.0,"Court: upsell/cross-sell, referral incentives"
17180,56,11,2236.77,4,5,4,4,VIP,Loyal Customer,1.4530934259630885,0.006222696503839171,0.08243832366416688,0.0,"Court: upsell/cross-sell, referral incentives"
17181,57,3,465.37,4,3,2,2,Needs Attention,One-Time Buyer,-0.0893753941038264,-0.8433383732880672,0.5325192892514631,1.0,"Convert: post-purchase follow-up, incentivize 2nd order"
17182,423,2,321.3,1,3,2,0,At Risk,Lost / Let Go,-1.330029167802997,0.47589982236129946,0.737442931198849,1.0,"Let go: exclude from paid marketing spend, low-cost win-back only"
17183,8,6,3347.31,5,4,5,4,VIP,Loyal Customer,1.3302432384515641,-0.3017027763814735,,,"Court: upsell/cross-sell, referral incentives"
17184,569,2,198.41000000000003,1,3,1,0,At Risk,Lost / Let Go,-1.8845241843332432,0.9592623482145152,0.8726714059805435,1.0,"Let go: exclude from paid marketing spend, low-cost win-back only"
17185,592,3,229.46,1,3,1,0,At Risk,Lost / Let Go,-1.6530785410378837,1.2083501777584136,0.7886336205234897,1.0,"Let go: exclude from paid marketing spend, low-cost win-back only"
17186,47,2,144.0,4,3,1,2,Needs Attention,One-Time Buyer,-0.8056675231967858,-1.3102576160069195,,,"Convert: post-purchase follow-up, incentivize 2nd order"
17187,227,2,467.71,2,3,2,2,At Risk,One-Time Buyer,-0.7055395606729625,-0.24482450267767936,0.5860323761492543,1.0,"Convert: post-purchase follow-up, incentivize 2nd order"
17188,11,13,4592.93,5,5,5,1,VIP,VIP,1.996048042704881,0.07045355181566897,0.1807185186486447,0.0,"Court: white-glove service, early access, loyalty rewards"
17189,106,5,953.63,3,4,3,4,Loyal Customer,Loyal Customer,0.42556133217401576,-0.28657681994165046,0.48865064757555454,0.0,"Court: upsell/cross-sell, referral incentives"
17190,59,7,1724.73,4,4,4,4,VIP,Loyal Customer,1.0192870432829588,-0.21147396331922372,0.11079658504352634,0.0,"Court: upsell/cross-sell, referral incentives"
17191,28,15,4820.45,4,5,5,1,VIP,VIP,2.080330121857084,0.20753129873422632,0.048260363425749256,0.0,"Court: white-glove service, early access, loyalty rewards"
17192,536,1,75.28,1,2,1,0,One-Time Buyer,Lost / Let Go,-2.545473221850325,0.40440556240982295,0.9279357195055389,1.0,"Let go: exclude from paid marketing spend, low-cost win-back only"
17193,36,9,2310.04,4,5,4,4,VIP,Loyal Customer,1.374118057855524,-0.1413750560255634,0.4391833316262726,0.0,"Court: upsell/cross-sell, referral incentives"
17194,361,2,776.66,2,3,3,3,At Risk,At Risk,-0.7940013532757547,0.45068519072027846,0.5594446386907159,1.0,"Win back: targeted discount, re-engagement email flow"
17195,655,1,562.98,1,2,2,0,One-Time Buyer,Lost / Let Go,-1.9353870253485401,1.4345928998127493,0.8324873644430094,1.0,"Let go: exclude from paid marketing spend, low-cost win-back only"
17196,428,1,327.75,1,2,2,0,One-Time Buyer,Lost / Let Go,-1.644347019305095,0.34095446550366126,0.7169528360402905,1.0,"Let go: exclude from paid marketing spend, low-cost win-back only"
17197,30,1,1013.01,4,2,3,2,One-Time Buyer,One-Time Buyer,-0.21378715518768493,-1.0252333206382152,,,"Convert: post-purchase follow-up, incentivize 2nd order"
17198,24,3,1213.88,4,3,3,4,Loyal Customer,Loyal Customer,0.41287373994270515,-0.7267987285410467,0.4570057906343004,0.0,"Court: upsell/cross-sell, referral incentives"
17199,582,1,135.04000000000002,1,2,1,0,One-Time Buyer,Lost / Let Go,-2.3961368655970925,0.7508142286050703,0.8803984650084836,1.0,"Let go: exclude from paid marketing spend, low-cost win-back only"
17200,387,4,356.71,2,4,2,3,At Risk,At Risk,-0.8072339101374488,0.55596772924044,0.5405956745539755,1.0,"Win back: targeted discount, re-engagement email flow"
17201,54,4,1132.6,4,4,3,4,Loyal Customer,Loyal Customer,0.4833842231361444,-0.5309724808842048,0.5244342078981787,1.0,"Court: upsell/cross-sell, referral incentives"
17202,421,1,160.65,1,2,1,0,One-Time Buyer,Lost / Let Go,-1.9431671071197878,0.12284536326320863,0.8513897697137972,1.0,"Let go: exclude from paid marketing spend, low-cost win-back only"
17203,36,10,5564.09,4,5,5,1,VIP,VIP,1.8375235303506805,0.1302532978302624,0.2774199809579952,0.0,"Court: white-glove service, early access, loyalty rewards"
17204,175,9,5504.6900000000005,3,5,5,1,Loyal Customer,VIP,1.4345998417277463,0.6712885131517385,0.059660177780921406,0.0,"Court: white-glove service, early access, loyalty rewards"
17205,54,3,999.35,4,3,3,4,Loyal Customer,Loyal Customer,0.2564712971496316,-0.652916391668969,0.46267274705866546,0.0,"Court: upsell/cross-sell, referral incentives"
17206,53,1,204.24,4,2,1,2,One-Time Buyer,One-Time Buyer,-0.9768524745179331,-1.353873348908313,,,"Convert: post-purchase follow-up, incentivize 2nd order"
17207,652,1,291.77,1,2,2,0,One-Time Buyer,Lost / Let Go,-2.2194786421679815,1.2476502554790874,0.9006998568104088,1.0,"Let go: exclude from paid marketing spend, low-cost win-back only"
17208,396,1,111.15,2,2,1,0,One-Time Buyer,Lost / Let Go,-2.0470494860429143,-0.07903142336175106,0.7731374723646205,1.0,"Let go: exclude from paid marketing spend, low-cost win-back only"
17209,649,3,595.7,1,3,2,0,At Risk,Lost / Let Go,-1.3639325728928617,1.6999560651953605,0.7763174052805443,1.0,"Let go: exclude from paid marketing spend, low-cost win-back only"
17210,393,1,251.72,2,2,1,0,One-Time Buyer,Lost / Let Go,-1.679304815272055,0.12450854575517827,0.7209963395989182,1.0,"Let go: exclude from paid marketing spend, low-cost win-back only"
17211,27,13,4046.65,4,5,5,1,VIP,VIP,1.9024322530894324,0.10374646249838737,0.06398077029590259,0.0,"Court: white-glove service, early access, loyalty rewards"
17212,253,3,794.41,2,3,3,3,At Risk,At Risk,-0.3105379267042108,0.11899908857079362,0.4417455596044405,0.0,"Win back: targeted discount, re-engagement email flow"
17213,40,13,5182.3,4,5,5,1,VIP,VIP,1.9818462551646676,0.2239353684836596,0.19931928526460105,0.0,"Court: white-glove service, early access, loyalty rewards"
17214,60,6,1059.1200000000001,3,4,3,4,Loyal Customer,Loyal Customer,0.6980369428823766,-0.38996228997524446,0.29151843526295423,0.0,"Court: upsell/cross-sell, referral incentives"
17215,464,1,186.15,1,2,1,0,One-Time Buyer,Lost / Let Go,-1.9786556079442332,0.3417771505488551,0.8436017742403215,1.0,"Let go: exclude from paid marketing spend, low-cost win-back only"
17216,554,1,63.6,1,2,1,0,One-Time Buyer,Lost / Let Go,-2.6613459406649618,0.4355371394548891,0.9077464467906295,1.0,"Let go: exclude from paid marketing spend, low-cost win-back only"
17217,234,2,210.1,2,3,1,2,At Risk,One-Time Buyer,-1.076067398072566,-0.42768836269993477,0.6598441610316327,1.0,"Convert: post-purchase follow-up, incentivize 2nd order"
17218,4,18,4176.93,5,5,5,1,VIP,VIP,2.2048228704788673,0.13727564372932502,0.03640427362217983,0.0,"Court: white-glove service, early access, loyalty rewards"
17219,32,2,259.13,4,3,1,2,Needs Attention,One-Time Buyer,-0.5111016208078126,-1.2175854939576138,0.6906298671818073,1.0,"Convert: post-purchase follow-up, incentivize 2nd order"
17220,24,21,4451.41,4,5,5,1,VIP,VIP,2.2989210782386604,0.2961718119754804,0.05277536930310074,0.0,"Court: white-glove service, early access, loyalty rewards"
17221,7,5,976.62,5,4,3,4,Loyal Customer,Loyal Customer,0.6675694190304583,-0.6946001381611981,0.4678330147205063,0.0,"Court: upsell/cross-sell, referral incentives"
17222,65,6,1563.6100000000001,3,4,4,4,Loyal Customer,Loyal Customer,0.8591796977631033,-0.26550049477425786,0.48253365670735016,0.0,"Court: upsell/cross-sell, referral incentives"
17223,310,3,780.88,2,3,3,3,At Risk,At Risk,-0.4514099613019332,0.3530026351461505,0.5810819281359705,1.0,"Win back: targeted discount, re-engagement email flow"
17224,501,1,100.86,1,2,1,0,One-Time Buyer,Lost / Let Go,-2.3352485516588555,0.3348362311245771,0.9409243400730564,1.0,"Let go: exclude from paid marketing spend, low-cost win-back only"
17225,582,1,131.15,1,2,1,0,One-Time Buyer,Lost / Let Go,-2.409018096403916,0.7430977256032151,0.9355294685326889,1.0,"Let go: exclude from paid marketing spend, low-cost win-back only"
17226,309,3,895.47,2,3,3,3,At Risk,At Risk,-0.38834817925729775,0.3851939625820255,0.5490330043797355,1.0,"Win back: targeted discount, re-engagement email flow"
17227,19,12,2021.18,5,5,4,4,VIP,Loyal Customer,1.5560910134967576,-0.1437703911617521,0.14340391299925034,0.0,"Court: upsell/cross-sell, referral incentives"
17228,16,13,3175.98,5,5,5,1,VIP,VIP,1.8206071131158117,-0.006715153246630199,0.07806538333076607,0.0,"Court: white-glove service, early access, loyalty rewards"
17229,96,2,318.76,3,3,2,2,Needs Attention,One-Time Buyer,-0.5690823945021897,-0.894825037182789,,,"Convert: post-purchase follow-up, incentivize 2nd order"
17230,264,18,9388.49,2,5,5,1,Win-Back Priority,VIP,1.9565413711106383,1.4408613318442554,0.023980812489519682,0.0,"Court: white-glove service, early access, loyalty rewards"
17231,12,25,7064.8,5,5,5,1,VIP,VIP,2.6603360341802267,0.43517519253914055,0.013858906488323367,0.0,"Court: white-glove service, early access, loyalty rewards"
17232,3,2,417.77,5,3,2,2,Needs Attention,One-Time Buyer,-0.23189581626536715,-1.2123166195334012,,,"Convert: post-purchase follow-up, incentivize 2nd order"
17233,35,3,560.86,4,3,2,2,Needs Attention,One-Time Buyer,0.044762857241467995,-0.8858713461065735,0.699159566141704,1.0,"Convert: post-purchase follow-up, incentivize 2nd order"
17234,183,1,149.89000000000001,3,2,1,2,One-Time Buyer,One-Time Buyer,-1.4173555733846241,-0.891597411561979,0.588904102422972,1.0,"Convert: post-purchase follow-up, incentivize 2nd order"
17235,25,8,1904.8799999999999,4,5,4,4,VIP,Loyal Customer,1.233325222740598,-0.28055649189129467,0.3189351877899499,0.0,"Court: upsell/cross-sell, referral incentives"
17236,13,12,1929.26,5,5,4,4,VIP,Loyal Customer,1.5494619554278162,-0.18125657740833828,0.15489945520080037,0.0,"Court: upsell/cross-sell, referral incentives"
17237,11,4,994.13,5,4,3,4,Loyal Customer,Loyal Customer,0.5260641394023918,-0.7455962498075953,0.46677397276523713,0.0,"Court: upsell/cross-sell, referral incentives"
17238,3,32,7701.26,5,5,5,1,VIP,VIP,2.9027877860434264,0.5151979874103186,0.03707010538731417,0.0,"Court: white-glove service, early access, loyalty rewards"
17239,313,4,1189.45,2,4,3,3,At Risk,At Risk,-0.10037874752532178,0.5660571465581801,0.5539514993888199,1.0,"Win back: targeted discount, re-engagement email flow"
17240,596,1,130.6,1,2,1,0,One-Time Buyer,Lost / Let Go,-2.4435990474653035,0.8005837813393475,0.8913546699721733,1.0,"Let go: exclude from paid marketing spend, low-cost win-back only"
17241,385,12,2736.64,2,5,4,3,Win-Back Priority,At Risk,0.8349557851530383,1.4686513925271696,0.6187760274981179,1.0,"Win back: targeted discount, re-engagement email flow"
17242,108,5,2889.28,3,4,4,4,Loyal Customer,Loyal Customer,0.9127500351124873,0.016445319073780804,0.4386875965638103,0.0,"Court: upsell/cross-sell, referral incentives"
17243,1,69,20441.58,5,5,5,1,VIP,VIP,3.9184428101424964,1.065314366083165,0.04042420613473707,0.0,"Court: white-glove service, early access, loyalty rewards"
17244,53,5,1826.04,4,4,4,4,VIP,Loyal Customer,0.8376822976348989,-0.33574529353040244,0.4265780419122221,0.0,"Court: upsell/cross-sell, referral incentives"
17245,205,2,371.63,2,3,2,2,At Risk,One-Time Buyer,-0.7559624690823701,-0.3979188624188252,0.7990079356964668,1.0,"Convert: post-purchase follow-up, incentivize 2nd order"
17246,547,2,38.92,1,3,1,0,At Risk,Lost / Let Go,-2.5472715985332113,0.4393549130846869,0.8584264629224642,1.0,"Let go: exclude from paid marketing spend, low-cost win-back only"
17247,15,1,280.09000000000003,5,2,1,2,One-Time Buyer,One-Time Buyer,-0.7483782196573918,-1.4292677881785387,,,"Convert: post-purchase follow-up, incentivize 2nd order"
17248,120,2,500.54,3,3,2,2,Needs Attention,One-Time Buyer,-0.4253363356069733,-0.6746537492067192,0.7533020604717087,1.0,"Convert: post-purchase follow-up, incentivize 2nd order"
17249,429,1,68.03,1,2,1,0,One-Time Buyer,Lost / Let Go,-2.339671690033553,-0.06999402820439271,0.8635680588414935,1.0,"Let go: exclude from paid marketing spend, low-cost win-back only"
17250,4,2,381.97,5,3,2,2,Needs Attention,One-Time Buyer,-0.27391238827842257,-1.2319008111436114,0.6125926006911457,1.0,"Convert: post-purchase follow-up, incentivize 2nd order"
17251,363,3,798.98,2,3,3,3,At Risk,At Risk,-0.5651519278828245,0.580915087092029,0.5030504819696872,1.0,"Win back: targeted discount, re-engagement email flow"
17252,117,2,348.91,3,3,2,2,Needs Attention,One-Time Buyer,-0.578168768106101,-0.7829655619825591,0.1965385853336219,0.0,"Convert: post-purchase follow-up, incentivize 2nd order"
17253,18,1,178.26,5,2,1,2,One-Time Buyer,One-Time Buyer,-0.9551227036618929,-1.536360574327227,,,"Convert: post-purchase follow-up, incentivize 2nd order"
17254,5,3,469.48,5,3,2,2,Needs Attention,One-Time Buyer,0.0360858571805338,-1.0586445448404507,0.6241659128314471,1.0,"Convert: post-purchase follow-up, incentivize 2nd order"
17255,41,4,781.7,4,4,3,4,Loyal Customer,Loyal Customer,0.34931350375536707,-0.683903500529637,0.2874132777510882,0.0,"Court: upsell/cross-sell, referral incentives"
17256,107,5,498.93,3,4,2,4,Needs Attention,Loyal Customer,0.13601501135144353,-0.4544437399946504,0.5263471396317989,1.0,"Court: upsell/cross-sell, referral incentives"
17257,436,2,189.78,1,3,1,0,At Risk,Lost / Let Go,-1.5932409077923002,0.39083873268984015,0.7267129708730604,1.0,"Let go: exclude from paid marketing spend, low-cost win-back only"
17258,397,2,417.3,2,3,2,3,At Risk,At Risk,-1.1534866449343701,0.4364257685243146,0.7308028893034801,1.0,"Win back: targeted discount, re-engagement email flow"
17259,148,6,1820.34,3,4,4,4,Loyal Customer,Loyal Customer,0.7326031181879353,0.12229862128744291,0.39996397627445096,0.0,"Court: upsell/cross-sell, referral incentives"
17260,411,1,120.95,1,2,1,0,One-Time Buyer,Lost / Let Go,-2.04492026107615,0.006031709488932016,0.8699642071965231,1.0,"Let go: exclude from paid marketing spend, low-cost win-back only"
17261,510,1,221.59,1,2,1,0,One-Time Buyer,Lost / Let Go,-2.009194108370238,0.5804317602925747,0.8168636753484904,1.0,"Let go: exclude from paid marketing spend, low-cost win-back only"
17262,52,11,2757.62,4,5,4,4,VIP,Loyal Customer,1.5553534154772324,0.04513819118693319,0.14701566289028428,0.0,"Court: upsell/cross-sell, referral incentives"
17263,208,1,63.440000000000005,2,2,1,2,One-Time Buyer,One-Time Buyer,-1.8535690694611815,-1.0132651295907962,0.6085021450466269,1.0,"Convert: post-purchase follow-up, incentivize 2nd order"
17264,424,1,268.28,1,2,1,0,One-Time Buyer,Lost / Let Go,-1.7235955989002996,0.2711372280900063,0.683012419709207,1.0,"Let go: exclude from paid marketing spend, low-cost win-back only"
17265,139,2,550.01,3,3,2,2,Needs Attention,One-Time Buyer,-0.42798692418392176,-0.5701105988572703,0.19628574640969898,0.0,"Convert: post-purchase follow-up, incentivize 2nd order"
17266,2,5,501.71999999999997,5,4,2,4,Needs Attention,Loyal Customer,0.3839547690043333,-0.8924287381889212,0.6842106714458996,1.0,"Court: upsell/cross-sell, referral incentives"
17267,127,2,317.2,3,3,2,2,Needs Attention,One-Time Buyer,-0.6437255780542505,-0.766378963997513,,,"Convert: post-purchase follow-up, incentivize 2nd order"
17268,108,11,1733.8899999999999,3,5,4,4,Loyal Customer,Loyal Customer,1.2185122493500657,0.15616056249688096,0.21116684324962254,0.0,"Court: upsell/cross-sell, referral incentives"
17269,386,1,491.81,2,2,2,0,One-Time Buyer,Lost / Let Go,-1.3664138632816605,0.272845022024466,0.6532013103080277,1.0,"Let go: exclude from paid marketing spend, low-cost win-back only"
17270,469,2,601.4499999999999,1,3,2,3,At Risk,At Risk,-1.1598317138136232,0.8348053318875163,0.7027863194695111,1.0,"Win back: targeted discount, re-engagement email flow"
17271,736,1,204.3,1,2,1,0,One-Time Buyer,Lost / Let Go,-2.5734384009249403,1.5048212896290745,0.8304819065171607,1.0,"Let go: exclude from paid marketing spend, low-cost win-back only"
17272,42,4,2148.63,4,4,4,4,VIP,Loyal Customer,0.7955567302294098,-0.4109955959097967,0.1476329336093621,0.0,"Court: upsell/cross-sell, referral incentives"
17273,424,1,141.12,1,2,1,0,One-Time Buyer,Lost / Let Go,-2.0073516195919963,0.10115314673171862,0.7635638275134617,1.0,"Let go: exclude from paid marketing spend, low-cost win-back only"
17274,35,2,573.22,4,3,2,2,Needs Attention,One-Time Buyer,-0.1665364096598223,-0.9944161350213354,0.758352601777883,1.0,"Convert: post-purchase follow-up, incentivize 2nd order"
17275,383,1,114.1,2,2,1,0,One-Time Buyer,Lost / Let Go,-2.0051298943341562,-0.1265354240999179,0.7950446637595678,1.0,"Let go: exclude from paid marketing spend, low-cost win-back only"
17276,402,1,501.24,2,2,2,0,One-Time Buyer,Lost / Let Go,-1.3954027409817849,0.3448526927541094,0.7156051775672114,1.0,"Let go: exclude from paid marketing spend, low-cost win-back only"
17277,228,2,1065.3500000000001,2,3,3,3,At Risk,At Risk,-0.34289793347495834,-0.021998147053274682,0.43857776856603675,0.0,"Win back: targeted discount, re-engagement email flow"
17278,241,2,271.24,2,3,1,2,At Risk,One-Time Buyer,-0.9794978608320799,-0.3307374792692878,0.6589220462373723,1.0,"Convert: post-purchase follow-up, incentivize 2nd order"
17279,58,1,187.82999999999998,4,2,1,2,One-Time Buyer,One-Time Buyer,-1.025541853048065,-1.3551115207083728,,,"Convert: post-purchase follow-up, incentivize 2nd order"
17280,438,1,118.85999999999999,1,2,1,0,One-Time Buyer,Lost / Let Go,-2.1157162244055914,0.11443909502430173,0.8218180601405862,1.0,"Let go: exclude from paid marketing spend, low-cost win-back only"
17281,374,6,797.8499999999999,2,4,3,3,At Risk,At Risk,-0.16166958283941252,0.8489845893052801,0.6795236426729452,1.0,"Win back: targeted discount, re-engagement email flow"
17282,130,5,2308.54,3,4,4,4,Loyal Customer,Loyal Customer,0.7617254779301844,0.04886254816906327,0.3234630454961703,0.0,"Court: upsell/cross-sell, referral incentives"
17283,379,1,188.46,2,2,1,0,One-Time Buyer,Lost / Let Go,-1.7744959678529262,-0.01071750566382746,0.7440041617260963,1.0,"Let go: exclude from paid marketing spend, low-cost win-back only"
17284,60,7,2558.6,3,4,4,4,Loyal Customer,Loyal Customer,1.1919772090795093,-0.10243805552490155,0.12109981306495494,0.0,"Court: upsell/cross-sell, referral incentives"
17285,628,2,400.44,1,3,2,0,At Risk,Lost / Let Go,-1.7117846771794363,1.3923066126632313,0.8449886865041449,1.0,"Let go: exclude from paid marketing spend, low-cost win-back only"
17286,22,3,389.18,4,3,2,2,Needs Attention,One-Time Buyer,-0.08675052787446412,-1.0372703943257218,0.6324219723051645,1.0,"Convert: post-purchase follow-up, incentivize 2nd order"
17287,26,21,4049.56,4,5,5,1,VIP,VIP,2.2522466858917096,0.27938319384125737,0.031727370230482575,0.0,"Court: white-glove service, early access, loyalty rewards"
17288,9,11,2468.43,5,5,4,4,VIP,Loyal Customer,1.6067079452051525,-0.16428904940614666,0.11084788023285223,0.0,"Court: upsell/cross-sell, referral incentives"
17289,32,9,2041.8,4,5,4,4,VIP,Loyal Customer,1.3286893321890516,-0.19093250551389676,0.41483619629376506,0.0,"Court: upsell/cross-sell, referral incentives"
17290,4,8,1427.48,5,5,4,4,VIP,Loyal Customer,1.1543971234006518,-0.445141048635612,0.46294715625989985,0.0,"Court: upsell/cross-sell, referral incentives"
17291,308,1,550.8000000000001,2,2,2,3,One-Time Buyer,At Risk,-1.1338653478352543,-0.02354238518948795,0.734120594531543,1.0,"Win back: targeted discount, re-engagement email flow"
17292,472,2,271.75,1,3,1,0,At Risk,Lost / Let Go,-1.5186980876321419,0.6365839077226579,0.7228737295815542,1.0,"Let go: exclude from paid marketing spend, low-cost win-back only"
17293,8,17,3750.63,5,5,5,1,VIP,VIP,2.1061576300546605,0.10390292189271175,0.15175245353959077,0.0,"Court: white-glove service, early access, loyalty rewards"
17294,669,2,467.78999999999996,1,3,2,0,At Risk,Lost / Let Go,-1.7387702889912489,1.6051603740114366,0.8221219550372181,1.0,"Let go: exclude from paid marketing spend, low-cost win-back only"
17295,29,3,547.0,4,3,2,2,Needs Attention,One-Time Buyer,0.04769949058857142,-0.9176272036575798,,,"Convert: post-purchase follow-up, incentivize 2nd order"
17296,730,1,338.13,1,2,2,0,One-Time Buyer,Lost / Let Go,-2.336559498241269,1.613208579163064,0.8890530247792617,1.0,"Let go: exclude from paid marketing spend, low-cost win-back only"
17297,17,1,128.18,5,2,1,2,One-Time Buyer,One-Time Buyer,-1.0982551582117202,-1.6276899313280886,,,"Convert: post-purchase follow-up, incentivize 2nd order"
17298,101,5,938.36,3,4,3,4,Loyal Customer,Loyal Customer,0.4300906886664046,-0.3117927151268457,0.5254564031058242,1.0,"Court: upsell/cross-sell, referral incentives"
17299,12,6,993.23,5,4,3,4,Loyal Customer,Loyal Customer,0.7817598142131862,-0.607928478077061,0.5951328579733189,1.0,"Court: upsell/cross-sell, referral incentives"
17300,391,2,393.64,2,3,2,3,At Risk,At Risk,-1.1653121366407366,0.3958266580266628,0.6399867691730392,1.0,"Win back: targeted discount, re-engagement email flow"
17301,21,2,294.39,4,3,2,2,Needs Attention,One-Time Buyer,-0.42894588433668085,-1.2298143441921732,0.8782494939702349,1.0,"Convert: post-purchase follow-up, incentivize 2nd order"
17302,15,5,1135.63,5,4,3,4,Loyal Customer,Loyal Customer,0.7157797820030154,-0.6210329830522208,0.3375652110182308,0.0,"Court: upsell/cross-sell, referral incentives"
17303,361,1,250.04,2,2,1,0,One-Time Buyer,Lost / Let Go,-1.6074567628449798,-0.01119779245362491,0.7644195757932319,1.0,"Let go: exclude from paid marketing spend, low-cost win-back only"
17304,534,1,111.5,1,2,1,0,One-Time Buyer,Lost / Let Go,-2.3682820357557772,0.499380282932053,0.9335972466923249,1.0,"Let go: exclude from paid marketing spend, low-cost win-back only"
17305,649,1,2135.46,1,2,4,3,One-Time Buyer,At Risk,-1.3299931089696873,1.7637391565644707,0.7931855685798467,1.0,"Win back: targeted discount, re-engagement email flow"
17306,11,21,9782.35,5,5,5,1,VIP,VIP,2.678850991115157,0.4511529384013451,0.05818834218743369,0.0,"Court: white-glove service, early access, loyalty rewards"
17307,395,11,3999.8900000000003,2,5,5,3,Win-Back Priority,At Risk,0.9185646026802234,1.579613354944043,0.37725473261649856,0.0,"Win back: targeted discount, re-engagement email flow"
17308,393,2,4511.76,2,3,5,3,At Risk,At Risk,-0.08808002625718701,1.052314377548807,0.5921611213527668,1.0,"Win back: targeted discount, re-engagement email flow"
17309,95,3,320.39,3,3,2,2,Needs Attention,One-Time Buyer,-0.3435261759844339,-0.7833254608920127,0.6476250338778398,1.0,"Convert: post-purchase follow-up, incentivize 2nd order"
17310,387,2,1025.1,2,3,3,3,At Risk,At Risk,-0.731691530831581,0.6332437732988837,0.6345867509607167,1.0,"Win back: targeted discount, re-engagement email flow"
17311,78,6,3566.56,3,4,5,4,Loyal Customer,Loyal Customer,1.1947590698750687,0.008144309680955314,0.2875077147055159,0.0,"Court: upsell/cross-sell, referral incentives"
17312,139,3,644.3,3,3,3,2,Loyal Customer,One-Time Buyer,-0.13688970451986643,-0.4137628358890046,,,"Convert: post-purchase follow-up, incentivize 2nd order"
17313,31,1,2328.84,4,2,4,4,One-Time Buyer,Loyal Customer,0.1532386812579992,-0.799780603889797,,,"Court: upsell/cross-sell, referral incentives"
17314,25,17,4904.43,4,5,5,1,VIP,VIP,2.185476608305217,0.24637826927149387,0.05948953703085221,0.0,"Court: white-glove service, early access, loyalty rewards"
17315,2,41,9559.5,5,5,5,1,VIP,VIP,3.1863172070523196,0.6643426408657204,0.012695255673120846,0.0,"Court: white-glove service, early access, loyalty rewards"
17316,420,1,124.45,1,2,1,0,One-Time Buyer,Lost / Let Go,-2.0533967489369855,0.051226440539040526,0.8720690414048619,1.0,"Let go: exclude from paid marketing spend, low-cost win-back only"
17317,46,3,2600.34,4,3,4,4,Loyal Customer,Loyal Customer,0.6995009152826897,-0.43220617175996473,,,"Court: upsell/cross-sell, referral incentives"
17318,725,1,157.32999999999998,1,2,1,0,One-Time Buyer,Lost / Let Go,-2.663071607587296,1.389682250511564,0.9470599199143677,1.0,"Let go: exclude from paid marketing spend, low-cost win-back only"
17319,669,1,29.1,1,2,1,0,One-Time Buyer,Lost / Let Go,-3.2692760778810737,0.713728267194954,0.9413631693078878,1.0,"Let go: exclude from paid marketing spend, low-cost win-back only"
17320,100,6,2895.77,3,4,4,4,Loyal Customer,Loyal Customer,1.0508472605066088,0.044822431285661934,0.17924371341002027,0.0,"Court: upsell/cross-sell, referral incentives"
17321,8,6,1665.21,5,4,4,4,VIP,Loyal Customer,1.020368859061752,-0.48733306393853365,0.499477407142896,0.0,"Court: upsell/cross-sell, referral incentives"
17322,376,5,922.59,2,4,3,3,At Risk,At Risk,-0.22032091078239588,0.8346845042241715,0.4777783124608062,0.0,"Win back: targeted discount, re-engagement email flow"
17323,15,12,1547.64,5,5,4,4,VIP,Loyal Customer,1.4469815562469157,-0.23147579124523376,0.19482668615197626,0.0,"Court: upsell/cross-sell, referral incentives"
17324,18,12,2298.12,5,5,4,4,VIP,Loyal Customer,1.6154172533585305,-0.11381684075975673,0.26121446177989643,0.0,"Court: upsell/cross-sell, referral incentives"
17325,280,3,609.5699999999999,2,3,2,3,At Risk,At Risk,-0.4910826823126148,0.16166144571788313,0.41326476527687106,0.0,"Win back: targeted discount, re-engagement email flow"
17326,408,2,312.35,2,3,2,0,At Risk,Lost / Let Go,-1.307466337466936,0.40562846847364,0.6553245818717867,1.0,"Let go: exclude from paid marketing spend, low-cost win-back only"
17327,410,2,152.35,1,3,1,0,At Risk,Lost / Let Go,-1.6294284466821631,0.22392870749562493,0.7109426424120786,1.0,"Let go: exclude from paid marketing spend, low-cost win-back only"
17328,673,1,104.7,1,2,1,0,One-Time Buyer,Lost / Let Go,-2.720918990387569,1.0645650177032362,0.9525658200748633,1.0,"Let go: exclude from paid marketing spend, low-cost win-back only"
17329,14,5,998.53,5,4,3,4,Loyal Customer,Loyal Customer,0.6610458632592694,-0.6594071856010798,0.418502513930771,0.0,"Court: upsell/cross-sell, referral incentives"
17330,23,4,423.8,4,4,2,2,Needs Attention,One-Time Buyer,0.12004736920452923,-0.9217905528853976,0.41652349950219025,0.0,"Convert: post-purchase follow-up, incentivize 2nd order"
17331,124,1,175.2,3,2,1,2,One-Time Buyer,One-Time Buyer,-1.2105739562044926,-1.0972894967733693,,,"Convert: post-purchase follow-up, incentivize 2nd order"
17332,528,5,827.77,1,4,3,3,At Risk,At Risk,-0.6237634562142143,1.4420500808141166,0.5931168314262335,1.0,"Win back: targeted discount, re-engagement email flow"
17333,86,1,494.25,3,2,2,2,One-Time Buyer,One-Time Buyer,-0.6628816634929044,-0.9814563286616129,,,"Convert: post-purchase follow-up, incentivize 2nd order"
17334,302,3,635.15,2,3,3,3,At Risk,At Risk,-0.5242915393948953,0.26465618538815766,0.4153988496829438,0.0,"Win back: targeted discount, re-engagement email flow"
17335,384,2,497.04,2,3,2,3,At Risk,At Risk,-1.0456242500252695,0.42842481267970267,0.7567356543086465,1.0,"Win back: targeted discount, re-engagement email flow"
17336,472,1,81.12,1,2,1,0,One-Time Buyer,Lost / Let Go,-2.3630994184423977,0.156162766376393,0.9222544654145457,1.0,"Let go: exclude from paid marketing spend, low-cost win-back only"
17337,151,4,1979.61,3,4,4,4,Loyal Customer,Loyal Customer,0.5043766809348005,0.023429665341541294,0.11290639503660678,0.0,"Court: upsell/cross-sell, referral incentives"
17338,17,17,11880.54,5,5,5,1,VIP,VIP,2.596966815647329,0.4481948010155319,0.020579634007967952,0.0,"Court: white-glove service, early access, loyalty rewards"
17339,94,3,362.36,3,3,2,2,Needs Attention,One-Time Buyer,-0.2866915103070131,-0.7548644883314699,0.5973980965552373,1.0,"Convert: post-purchase follow-up, incentivize 2nd order"
17340,30,18,22289.22,4,5,5,1,VIP,VIP,2.8874554298775856,0.6914386431229089,0.04609254413783864,0.0,"Court: white-glove service, early access, loyalty rewards"
17341,157,5,1688.82,3,4,4,4,Loyal Customer,Loyal Customer,0.5598854335858993,0.07876795980992433,0.4106255307109559,0.0,"Court: upsell/cross-sell, referral incentives"
17342,380,4,1227.54,2,4,4,3,Win-Back Priority,At Risk,-0.2430271409302727,0.8548549787277426,0.5934725101900327,1.0,"Win back: targeted discount, re-engagement email flow"
17343,355,6,1259.94,2,4,4,3,Win-Back Priority,At Risk,0.08541096215079462,0.890867236357669,0.599794008340932,1.0,"Win back: targeted discount, re-engagement email flow"
17344,46,2,457.36,4,3,2,2,Needs Attention,One-Time Buyer,-0.29231259315363695,-1.0083181192885922,0.7811161150186239,1.0,"Convert: post-purchase follow-up, incentivize 2nd order"
17345,15,10,1586.6299999999999,5,5,4,4,VIP,Loyal Customer,1.329712166135101,-0.2912538349077385,0.1638511790600538,0.0,"Court: upsell/cross-sell, referral incentives"
17346,4,26,5125.52,5,5,5,1,VIP,VIP,2.5655708751842505,0.3313535346627682,0.02684078112957594,0.0,"Court: white-glove service, early access, loyalty rewards"
17347,86,1,228.96,3,2,1,2,One-Time Buyer,One-Time Buyer,-1.0035049312030329,-1.1855067417940754,,,"Convert: post-purchase follow-up, incentivize 2nd order"
17348,15,9,2430.99,5,5,4,4,VIP,Loyal Customer,1.4458615889379796,-0.21569975283219586,0.14670186891601936,0.0,"Court: upsell/cross-sell, referral incentives"
17349,179,5,772.41,3,4,3,4,Loyal Customer,Loyal Customer,0.16143217674381152,-0.037037006031201566,0.4687224080481975,0.0,"Court: upsell/cross-sell, referral incentives"
17350,8,7,1893.701,5,4,4,4,VIP,Loyal Customer,1.1799898140061966,-0.4000828566792078,0.40054720350369816,0.0,"Court: upsell/cross-sell, referral incentives"
17351,36,12,1964.38,4,5,4,4,VIP,Loyal Customer,1.5036984603507555,-0.08019685391605927,0.2044705054168828,0.0,"Court: upsell/cross-sell, referral incentives"
17352,696,1,36.25,1,2,1,0,One-Time Buyer,Lost / Let Go,-3.237766816816992,0.8834216108019629,0.943587768801515,1.0,"Let go: exclude from paid marketing spend, low-cost win-back only"
17353,129,4,3242.0,3,4,5,4,Loyal Customer,Loyal Customer,0.7747454264673695,0.0625055879077421,0.4522130318452872,0.0,"Court: upsell/cross-sell, referral incentives"
17354,51,4,3133.96,4,4,5,4,VIP,Loyal Customer,0.9420496026044877,-0.2729664493143542,0.3222375372173963,0.0,"Court: upsell/cross-sell, referral incentives"
17355,386,1,273.31,2,2,1,0,One-Time Buyer,Lost / Let Go,-1.626541999404024,0.11701522801193148,0.7106834041787531,1.0,"Let go: exclude from paid marketing spend, low-cost win-back only"
17356,312,5,946.47,2,4,3,3,At Risk,At Risk,-0.05936769012418018,0.5736097052891181,0.4446471437852658,0.0,"Win back: targeted discount, re-engagement email flow"
17357,24,2,384.39,4,3,2,2,Needs Attention,One-Time Buyer,-0.31787147097362073,-1.146517678248754,,,"Convert: post-purchase follow-up, incentivize 2nd order"
17358,303,5,861.01,2,4,3,3,At Risk,At Risk,-0.08029879157725552,0.5107983540090615,0.5098627515660498,1.0,"Win back: targeted discount, re-engagement email flow"
17359,11,2,284.46,5,3,1,2,Needs Attention,One-Time Buyer,-0.4207505545757333,-1.2807633443958746,0.8415099523720441,1.0,"Convert: post-purchase follow-up, incentivize 2nd order"
17360,17,6,1200.51,5,4,3,4,Loyal Customer,Loyal Customer,0.8541505851241022,-0.5366335704968491,0.16138696634550237,0.0,"Court: upsell/cross-sell, referral incentives"
17361,49,5,871.79,4,4,3,4,Loyal Customer,Loyal Customer,0.5190199462113358,-0.548983382313352,0.2556417304110473,0.0,"Court: upsell/cross-sell, referral incentives"
17362,239,7,1024.04,2,4,3,4,At Risk,Loyal Customer,0.3671919858792084,0.40333985140534284,0.33793744899966993,0.0,"Court: upsell/cross-sell, referral incentives"
17363,395,3,920.46,2,3,3,3,At Risk,At Risk,-0.5771909962878025,0.7524500050123257,0.5499226082356798,1.0,"Win back: targeted discount, re-engagement email flow"
17364,1,27,11614.45,5,5,5,1,VIP,VIP,2.963674668596583,0.5508003441528343,0.010633748768983672,0.0,"Court: white-glove service, early access, loyalty rewards"
17365,13,15,8179.45,5,5,5,1,VIP,VIP,2.350131390009889,0.28536816340098364,0.03905011193477883,0.0,"Court: white-glove service, early access, loyalty rewards"
17366,432,2,1077.24,1,3,3,3,At Risk,At Risk,-0.8148852647404954,0.83476941717149,0.5695485728099375,1.0,"Win back: targeted discount, re-engagement email flow"
17367,238,1,167.55,2,2,1,2,One-Time Buyer,One-Time Buyer,-1.4967911364588904,-0.6319620213883551,0.45132771872451743,0.0,"Convert: post-purchase follow-up, incentivize 2nd order"
17368,23,14,2758.29,4,5,4,1,VIP,VIP,1.7946478896603497,0.012509870686524682,0.11382905550013742,0.0,"Court: white-glove service, early access, loyalty rewards"
17369,456,1,979.1999999999999,1,2,3,3,One-Time Buyer,At Risk,-1.2247458077312554,0.748720184248156,0.680275533554152,1.0,"Win back: targeted discount, re-engagement email flow"
17370,73,4,446.18,3,4,2,2,Needs Attention,One-Time Buyer,0.025954027362988515,-0.6988651137871688,,,"Convert: post-purchase follow-up, incentivize 2nd order"
17371,17,6,651.37,5,4,3,4,Loyal Customer,Loyal Customer,0.5829854802215015,-0.6990750621026732,0.4407823244799699,0.0,"Court: upsell/cross-sell, referral incentives"
17372,41,27,4316.46,4,5,5,1,VIP,VIP,2.430742804061689,0.454981095187533,0.05118592793854496,0.0,"Court: white-glove service, early access, loyalty rewards"
17373,40,7,1167.5,4,4,3,4,Loyal Customer,Loyal Customer,0.8905738413257998,-0.394710609592568,0.40070462851927163,0.0,"Court: upsell/cross-sell, referral incentives"
17374,219,3,727.11,2,3,3,3,At Risk,At Risk,-0.27030550875718606,-0.04681828232798115,0.31721448881437314,0.0,"Win back: targeted discount, re-engagement email flow"
17375,199,4,660.55,2,4,3,4,At Risk,Loyal Customer,-0.09472447200918536,-0.06734157365502065,0.35164820901891874,0.0,"Court: upsell/cross-sell, referral incentives"
17376,71,4,453.64,3,4,2,2,Needs Attention,One-Time Buyer,0.03797558569088868,-0.7028352804104665,0.6093178215936119,1.0,"Convert: post-purchase follow-up, incentivize 2nd order"
17377,24,78,18227.53,4,5,5,1,VIP,VIP,3.906676460291651,1.179157869347316,0.05202687013058688,0.0,"Court: white-glove service, early access, loyalty rewards"
17378,374,1,10.95,2,2,1,0,One-Time Buyer,Lost / Let Go,-2.98979682892063,-0.7666728524369836,0.7874301405719553,1.0,"Let go: exclude from paid marketing spend, low-cost win-back only"
17379,11,1,389.71999999999997,5,2,2,2,One-Time Buyer,One-Time Buyer,-0.5928082691048332,-1.3584169543534894,,,"Convert: post-purchase follow-up, incentivize 2nd order"
17380,434,3,645.0,1,3,3,3,At Risk,At Risk,-0.826058590973347,0.8212136527465429,0.5645883615103736,1.0,"Win back: targeted discount, re-engagement email flow"
17381,9,38,40002.37,5,5,5,1,VIP,VIP,3.748550128818583,1.0448948779171752,0.028921353939262755,0.0,"Court: white-glove service, early access, loyalty rewards"
17382,65,8,902.28,3,5,3,4,Loyal Customer,Loyal Customer,0.8082880984186848,-0.3117413826012634,0.7150741275369163,1.0,"Court: upsell/cross-sell, referral incentives"
17383,4,2,304.09,5,3,2,2,Needs Attention,One-Time Buyer,-0.3748573256951743,-1.2923718891236617,0.8448467998060497,1.0,"Convert: post-purchase follow-up, incentivize 2nd order"
17384,19,3,507.55,5,3,2,2,Needs Attention,One-Time Buyer,0.037904921502362174,-0.9793530551217694,0.47394338546811865,0.0,"Convert: post-purchase follow-up, incentivize 2nd order"
17385,15,1,256.11,5,2,1,2,One-Time Buyer,One-Time Buyer,-0.7879707270371298,-1.4529856849097178,,,"Convert: post-purchase follow-up, incentivize 2nd order"
17386,8,7,2812.77,5,4,4,4,VIP,Loyal Customer,1.3555787055822122,-0.2948963081840893,0.7278493637668656,1.0,"Court: upsell/cross-sell, referral incentives"
17387,20,2,746.81,4,3,3,2,Loyal Customer,One-Time Buyer,-0.01419104559638561,-0.9869412450822662,,,"Convert: post-purchase follow-up, incentivize 2nd order"
17388,78,11,2675.37,3,5,4,4,Loyal Customer,Loyal Customer,1.4811309606085605,0.14590709515993425,0.08069624568800209,0.0,"Court: upsell/cross-sell, referral incentives"
17389,1,61,57215.33,5,5,5,1,VIP,VIP,4.282209497498996,1.2908366542646041,0.013720994346715948,0.0,"Court: white-glove service, early access, loyalty rewards"
17390,421,1,149.3,1,2,1,0,One-Time Buyer,Lost / Let Go,-1.9754909139621515,0.10348178254090984,0.8579205308341658,1.0,"Let go: exclude from paid marketing spend, low-cost win-back only"
17391,164,2,508.8,3,3,2,2,Needs Attention,One-Time Buyer,-0.5209465147640397,-0.48615201984320633,,,"Convert: post-purchase follow-up, incentivize 2nd order"
17392,307,3,579.92,2,3,2,3,At Risk,At Risk,-0.5763058400848157,0.2614262185328187,0.42187736445769086,0.0,"Win back: targeted discount, re-engagement email flow"
17393,411,2,381.15,1,3,2,3,At Risk,At Risk,-1.2263476898423167,0.4709801290282027,0.692142506668639,1.0,"Win back: targeted discount, re-engagement email flow"
17394,219,1,203.86999999999998,2,2,1,2,One-Time Buyer,One-Time Buyer,-1.36572802735734,-0.6595796344996245,0.534762680916277,1.0,"Convert: post-purchase follow-up, incentivize 2nd order"
17395,508,1,97.5,1,2,1,0,One-Time Buyer,Lost / Let Go,-2.366506362833329,0.3552121247459645,0.9339662284875044,1.0,"Let go: exclude from paid marketing spend, low-cost win-back only"
17396,39,13,8789.1,4,5,5,1,VIP,VIP,2.218701558433456,0.3602377275702343,0.5085576155503401,1.0,"Court: white-glove service, early access, loyalty rewards"
17397,22,3,1198.28,4,3,3,4,Loyal Customer,Loyal Customer,0.41181101879478277,-0.7386070344979564,0.6723791993011776,1.0,"Court: upsell/cross-sell, referral incentives"
17398,115,3,653.38,3,3,3,2,Loyal Customer,One-Time Buyer,-0.07457849864522403,-0.5104954924178058,0.32821482232678156,0.0,"Convert: post-purchase follow-up, incentivize 2nd order"
17400,126,8,4623.28,3,5,5,4,Loyal Customer,Loyal Customer,1.390765256688582,0.377927958125086,0.18060989381099182,0.0,"Court: upsell/cross-sell, referral incentives"
17401,541,1,114.85,1,2,1,0,One-Time Buyer,Lost / Let Go,-2.371618105965732,0.5364826991350868,0.9255049584262234,1.0,"Let go: exclude from paid marketing spend, low-cost win-back only"
17402,5,22,5060.53,5,5,5,1,VIP,VIP,2.4344134724764652,0.26842099366119565,0.05992638636394646,0.0,"Court: white-glove service, early access, loyalty rewards"
17403,36,2,382.87,4,3,2,2,Needs Attention,One-Time Buyer,-0.34767969280981037,-1.0973442011592571,0.7609289599029039,1.0,"Convert: post-purchase follow-up, incentivize 2nd order"
17404,4,21,47638.12,5,5,5,1,VIP,VIP,3.3980664727649956,0.8428981773785885,0.06256893609187372,0.0,"Court: white-glove service, early access, loyalty rewards"
17405,1,3,1031.41,5,3,3,4,Loyal Customer,Loyal Customer,0.39438118464611877,-0.8663510474251382,,,"Court: upsell/cross-sell, referral incentives"
17406,333,13,4889.05,2,5,5,1,Win-Back Priority,VIP,1.2710128794279656,1.4347620592626766,0.4608252413818829,0.0,"Court: white-glove service, early access, loyalty rewards"
17407,412,1,552.9,1,2,2,0,One-Time Buyer,Lost / Let Go,-1.3753097280079443,0.41274782837795027,0.6690717804186698,1.0,"Let go: exclude from paid marketing spend, low-cost win-back only"
17408,163,3,316.09000000000003,3,3,2,2,Needs Attention,One-Time Buyer,-0.5084770468421412,-0.5023020894044,0.5990054064232649,1.0,"Convert: post-purchase follow-up, incentivize 2nd order"
17409,185,10,7793.51,3,5,5,1,Loyal Customer,VIP,1.6387805597643985,0.8434866574694009,0.11453757791965131,0.0,"Court: white-glove service, early access, loyalty rewards"
17410,16,5,1214.72,5,4,3,4,Loyal Customer,Loyal Customer,0.7433097850429768,-0.5989552897685535,0.23764711094366991,0.0,"Court: upsell/cross-sell, referral incentives"
17411,12,5,1425.38,5,4,4,4,VIP,Loyal Customer,0.8236147579597145,-0.5731919506535377,0.5450195834832285,1.0,"Court: upsell/cross-sell, referral incentives"
17412,3,16,4417.52,5,5,5,1,VIP,VIP,2.1465907317291877,0.10377828697150784,0.04919136830799853,0.0,"Court: white-glove service, early access, loyalty rewards"
17413,405,2,560.14,2,3,2,3,At Risk,At Risk,-1.0417523796062922,0.548046925658958,0.5978778562029226,1.0,"Win back: targeted discount, re-engagement email flow"
17414,44,6,2249.52,4,4,4,4,VIP,Loyal Customer,1.0696809869325736,-0.25670233842605344,0.24206843161801406,0.0,"Court: upsell/cross-sell, referral incentives"
17415,80,1,507.84,3,2,2,2,One-Time Buyer,One-Time Buyer,-0.6368351897075495,-0.9993682332714375,,,"Convert: post-purchase follow-up, incentivize 2nd order"
17416,30,22,17298.45,4,5,5,1,VIP,VIP,2.9216558439401514,0.6999496340254262,0.021181010163092408,0.0,"Court: white-glove service, early access, loyalty rewards"
17417,549,1,164.18,1,2,1,0,One-Time Buyer,Lost / Let Go,-2.232813623233975,0.6643202735507335,0.9115727326238763,1.0,"Let go: exclude from paid marketing spend, low-cost win-back only"
17418,42,3,670.0600000000001,4,3,3,2,Loyal Customer,One-Time Buyer,0.10725652476520746,-0.8093336168925884,0.5189914905577707,1.0,"Convert: post-purchase follow-up, incentivize 2nd order"
17419,11,18,6500.52,5,5,5,1,VIP,VIP,2.3848071333299656,0.2841961294616596,0.04137767757379187,0.0,"Court: white-glove service, early access, loyalty rewards"
17420,50,6,1084.43,4,4,3,4,Loyal Customer,Loyal Customer,0.7318908709344496,-0.42554050351219475,0.520268869564729,1.0,"Court: upsell/cross-sell, referral incentives"
17421,386,3,1059.41,2,3,3,3,At Risk,At Risk,-0.49378934345167835,0.7521392038534546,0.5618867621129743,1.0,"Win back: targeted discount, re-engagement email flow"
17422,16,11,3594.76,5,5,5,1,VIP,VIP,1.757187019834589,-0.03504365054223076,0.07148996646741931,0.0,"Court: white-glove service, early access, loyalty rewards"
17423,46,3,1118.95,4,3,3,4,Loyal Customer,Loyal Customer,0.3253172174615459,-0.6563609649457696,0.4157812646392311,0.0,"Court: upsell/cross-sell, referral incentives"
17425,19,2,759.17,5,3,3,2,Loyal Customer,One-Time Buyer,-0.004574570246738382,-0.9867663356216427,,,"Convert: post-purchase follow-up, incentivize 2nd order"
17426,8,13,8077.77,5,5,5,1,VIP,VIP,2.2537050989885588,0.20804552105611,0.07846179981266208,0.0,"Court: white-glove service, early access, loyalty rewards"
17427,72,1,100.8,3,2,1,2,One-Time Buyer,One-Time Buyer,-1.3325950306083885,-1.46084998794154,,,"Convert: post-purchase follow-up, incentivize 2nd order"
17428,1,45,31819.760000000002,5,5,5,1,VIP,VIP,3.7924370897795114,1.0161502029749891,0.014823943188500319,0.0,"Court: white-glove service, early access, loyalty rewards"
17429,128,5,1357.46,3,4,4,4,Loyal Customer,Loyal Customer,0.530768001170125,-0.10066424124612768,0.1721559421870358,0.0,"Court: upsell/cross-sell, referral incentives"
17430,33,4,735.17,4,4,3,4,Loyal Customer,Loyal Customer,0.3408033963329291,-0.7336882123518569,0.42754425387370937,0.0,"Court: upsell/cross-sell, referral incentives"
17431,313,1,403.3,2,2,2,2,One-Time Buyer,One-Time Buyer,-1.2836531820558983,-0.0853436001116001,0.7653096449684824,1.0,"Convert: post-purchase follow-up, incentivize 2nd order"
17432,18,9,1728.99,5,5,4,4,VIP,Loyal Customer,1.2876219526103518,-0.29373570362747553,0.2966992612371085,0.0,"Court: upsell/cross-sell, referral incentives"
17433,88,2,569.96,3,3,2,2,Needs Attention,One-Time Buyer,-0.29296760758691687,-0.7741051687752819,0.6530804841089116,1.0,"Convert: post-purchase follow-up, incentivize 2nd order"
17434,2,7,2373.82,5,4,4,4,VIP,Loyal Customer,1.2943003037475873,-0.3651201909708175,,,"Court: upsell/cross-sell, referral incentives"
17435,411,1,331.35,1,2,2,0,One-Time Buyer,Lost / Let Go,-1.5997687595264838,0.27269977479281154,0.7186785104579438,1.0,"Let go: exclude from paid marketing spend, low-cost win-back only"
17436,2,5,534.06,5,4,2,4,Needs Attention,Loyal Customer,0.41163662740577794,-0.8758459172881012,0.47184049934699696,0.0,"Court: upsell/cross-sell, referral incentives"
17437,530,1,369.68,1,2,2,0,One-Time Buyer,Lost / Let Go,-1.8295030594388786,0.7997925338293069,0.7595260704329528,1.0,"Let go: exclude from paid marketing spend, low-cost win-back only"
17438,254,5,1422.77,2,4,4,3,Win-Back Priority,At Risk,0.25705456576602415,0.4391837004134322,0.4695791827303377,0.0,"Win back: targeted discount, re-engagement email flow"
17439,656,1,325.74,1,2,2,0,One-Time Buyer,Lost / Let Go,-2.1800878772348296,1.293590663799346,0.8512692421938302,1.0,"Let go: exclude from paid marketing spend, low-cost win-back only"
17440,157,4,323.58,3,4,2,2,Needs Attention,One-Time Buyer,-0.3126937770078367,-0.43252145135679465,0.44140023315982757,0.0,"Convert: post-purchase follow-up, incentivize 2nd order"
17441,732,1,293.35,1,2,2,0,One-Time Buyer,Lost / Let Go,-2.404112701378906,1.5839125066902267,0.9328865162579255,1.0,"Let go: exclude from paid marketing spend, low-cost win-back only"
17442,37,15,4620.3,4,5,5,1,VIP,VIP,2.0404646384674776,0.2339224479018744,0.06299728259982337,0.0,"Court: white-glove service, early access, loyalty rewards"
17443,220,1,534.24,2,2,2,2,One-Time Buyer,One-Time Buyer,-0.941668246489882,-0.39996072587572773,0.6029837867711295,1.0,"Convert: post-purchase follow-up, incentivize 2nd order"
17444,152,2,2389.1,3,3,4,4,Loyal Customer,Loyal Customer,0.1931299452631937,-0.1254145192271926,,,"Court: upsell/cross-sell, referral incentives"
17446,177,2,120.9,3,3,1,2,Needs Attention,One-Time Buyer,-1.1866309497311756,-0.812314430152135,0.6304903460542498,1.0,"Convert: post-purchase follow-up, incentivize 2nd order"
17447,40,2,541.53,4,3,2,2,Needs Attention,One-Time Buyer,-0.2034313300169822,-0.9885888351081811,,,"Convert: post-purchase follow-up, incentivize 2nd order"
17448,529,41,14448.67,1,5,5,1,Win-Back Priority,VIP,2.1376868406305767,2.9798988776798394,0.7460119953231479,1.0,"Court: white-glove service, early access, loyalty rewards"
17449,2,13,4865.15,5,5,5,1,VIP,VIP,2.0426484656568493,0.04809696907491458,0.0634939776064145,0.0,"Court: white-glove service, early access, loyalty rewards"
17450,8,51,246813.09,5,5,5,1,VIP,VIP,4.7797958306964485,1.6390428447342749,0.03235904567930314,0.0,"Court: white-glove service, early access, loyalty rewards"
17451,1,7,1721.4,5,4,4,4,VIP,Loyal Customer,1.1540217078649366,-0.45473994356334296,,,"Court: upsell/cross-sell, referral incentives"
17453,18,2,486.71999999999997,5,3,2,2,Needs Attention,One-Time Buyer,-0.19928738679359087,-1.1089949152321934,,,"Convert: post-purchase follow-up, incentivize 2nd order"
17454,192,10,1547.94,2,5,4,4,Win-Back Priority,Loyal Customer,0.9049676785671046,0.44299684438146386,0.28547514053519357,0.0,"Court: upsell/cross-sell, referral incentives"
17455,204,1,131.7,2,2,1,2,One-Time Buyer,One-Time Buyer,-1.5234865377080082,-0.8378725111419744,0.604040315767598,1.0,"Convert: post-purchase follow-up, incentivize 2nd order"
17456,365,2,1225.42,2,3,4,3,At Risk,At Risk,-0.6010783624420519,0.5885990990740535,0.5470272731250351,1.0,"Win back: targeted discount, re-engagement email flow"
17457,127,14,5984.8099999999995,3,5,5,1,Loyal Customer,VIP,1.895364133857876,0.6537714510949953,0.04405449178541885,0.0,"Court: white-glove service, early access, loyalty rewards"
17458,15,2,529.58,5,3,2,2,Needs Attention,One-Time Buyer,-0.15487559961609132,-1.099147552378091,0.6923417324564767,1.0,"Convert: post-purchase follow-up, incentivize 2nd order"
17459,43,2,657.3,4,3,3,2,Loyal Customer,One-Time Buyer,-0.12456604223906573,-0.9245870500649034,,,"Convert: post-purchase follow-up, incentivize 2nd order"
17460,94,16,2228.27,3,5,4,1,Loyal Customer,VIP,1.6300923241323528,0.3026814117458485,0.14092555492210265,0.0,"Court: white-glove service, early access, loyalty rewards"
17461,23,3,735.82,4,3,3,4,Loyal Customer,Loyal Customer,0.19318271301580542,-0.8639905083511081,,,"Court: upsell/cross-sell, referral incentives"
17462,60,2,675.69,3,3,3,2,Loyal Customer,One-Time Buyer,-0.1520750904175384,-0.8461070459094719,0.5519258512926974,1.0,"Convert: post-purchase follow-up, incentivize 2nd order"
17463,16,7,2535.26,5,4,4,4,VIP,Loyal Customer,1.2907729994171768,-0.28903144409346276,0.22089644157390165,0.0,"Court: upsell/cross-sell, referral incentives"
17464,158,3,907.14,3,3,3,4,Loyal Customer,Loyal Customer,-0.029598088822133235,-0.24335879366990945,0.5383840593926611,1.0,"Court: upsell/cross-sell, referral incentives"
17465,426,7,2542.79,1,4,4,3,Win-Back Priority,At Risk,0.33359229134072255,1.427764283756603,0.6304148865750402,1.0,"Win back: targeted discount, re-engagement email flow"
17466,10,2,763.28,5,3,3,2,Loyal Customer,One-Time Buyer,0.018859747625972367,-1.0230005766441421,,,"Convert: post-purchase follow-up, incentivize 2nd order"
17467,395,1,102.6,2,2,1,0,One-Time Buyer,Lost / Let Go,-2.0799214186546853,-0.10430920025503237,0.8246980510488335,1.0,"Let go: exclude from paid marketing spend, low-cost win-back only"
17468,10,3,194.8,5,3,1,2,Needs Attention,One-Time Buyer,-0.364846244774453,-1.2708937662406552,0.7236988509785677,1.0,"Convert: post-purchase follow-up, incentivize 2nd order"
17469,16,17,5051.25,5,5,5,1,VIP,VIP,2.219610969146742,0.21655389039082457,0.043051327069852194,0.0,"Court: white-glove service, early access, loyalty rewards"
17470,45,11,2804.87,4,5,4,4,VIP,Loyal Customer,1.5792586131285797,0.020357713471560634,0.04790007865370633,0.0,"Court: upsell/cross-sell, referral incentives"
17471,475,1,321.65000000000003,1,2,2,0,One-Time Buyer,Lost / Let Go,-1.762539506320148,0.5326857844583868,0.8169647502237367,1.0,"Let go: exclude from paid marketing spend, low-cost win-back only"
17472,191,4,922.35,2,4,3,4,At Risk,Loyal Customer,0.07201998644174354,-0.0121400148380797,0.4396225279206339,0.0,"Court: upsell/cross-sell, referral incentives"
17473,409,2,607.0,2,3,2,3,At Risk,At Risk,-1.0154922253717087,0.586121439920551,0.6125554343662949,1.0,"Win back: targeted discount, re-engagement email flow"
17474,600,1,1047.0,1,2,3,0,One-Time Buyer,Lost / Let Go,-1.531692467065467,1.3692049031864773,0.8442887929490456,1.0,"Let go: exclude from paid marketing spend, low-cost win-back only"
17475,79,1,194.37,3,2,1,2,One-Time Buyer,One-Time Buyer,-1.0595180229019672,-1.258162281211464,,,"Convert: post-purchase follow-up, incentivize 2nd order"
17476,396,2,489.86,2,3,2,3,At Risk,At Risk,-1.080125442495089,0.4747869650964955,0.6969011904190704,1.0,"Win back: targeted discount, re-engagement email flow"
17477,613,2,1144.3,1,3,3,3,At Risk,At Risk,-1.2112367709594314,1.6083722810845442,0.7906668329228017,1.0,"Win back: targeted discount, re-engagement email flow"
17478,408,2,1272.8,2,3,4,3,At Risk,At Risk,-0.6847734779851252,0.7786527074989875,0.6568879933583598,1.0,"Win back: targeted discount, re-engagement email flow"
17479,633,1,389.26000000000005,1,2,2,0,One-Time Buyer,Lost / Let Go,-2.0474413724671443,1.24457821864112,0.8891360356266411,1.0,"Let go: exclude from paid marketing spend, low-cost win-back only"
17480,78,2,882.23,3,3,3,2,Loyal Customer,One-Time Buyer,-0.0758842270952152,-0.6999197548310983,0.575537512314219,1.0,"Convert: post-purchase follow-up, incentivize 2nd order"
17481,4,4,1255.59,5,4,4,4,VIP,Loyal Customer,0.6460082899851135,-0.7128445801914093,,,"Court: upsell/cross-sell, referral incentives"
17482,487,2,775.64,1,3,3,3,At Risk,At Risk,-1.0891465952839592,0.9776944058267716,0.6859882017508635,1.0,"Win back: targeted discount, re-engagement email flow"
17483,65,4,591.73,3,4,2,4,Needs Attention,Loyal Customer,0.16976773656682387,-0.657400223309891,0.4991414934519606,0.0,"Court: upsell/cross-sell, referral incentives"
17484,576,2,209.57,1,3,1,0,At Risk,Lost / Let Go,-1.8767103030481003,1.0030441443209728,0.8133821354189512,1.0,"Let go: exclude from paid marketing spend, low-cost win-back only"
17486,261,1,396.87,2,2,2,2,One-Time Buyer,One-Time Buyer,-1.1692059690753591,-0.30724773275237255,0.7181940669259964,1.0,"Convert: post-purchase follow-up, incentivize 2nd order"
17487,728,1,160.55,1,2,1,0,One-Time Buyer,Lost / Let Go,-2.661145703789756,1.4075934875048084,0.92781253072298,1.0,"Let go: exclude from paid marketing spend, low-cost win-back only"
17488,641,1,336.5,1,2,2,0,One-Time Buyer,Lost / Let Go,-2.130634746635214,1.2394279478063353,0.9198706946285207,1.0,"Let go: exclude from paid marketing spend, low-cost win-back only"
17489,59,2,376.64,4,3,2,2,Needs Attention,One-Time Buyer,-0.4087141427290401,-1.005432545165184,0.26309011234990326,0.0,"Convert: post-purchase follow-up, incentivize 2nd order"
17490,1,9,2750.5,5,5,4,4,VIP,Loyal Customer,1.5333973732349364,-0.24146320878317776,0.4812928931366518,0.0,"Court: upsell/cross-sell, referral incentives"
17491,1,17,5981.07,5,5,5,1,VIP,VIP,2.329685366627763,0.19870635226255887,0.03305630385972048,0.0,"Court: white-glove service, early access, loyalty rewards"
17492,248,3,1122.42,2,3,3,3,At Risk,At Risk,-0.14554431867950393,0.18990932428169766,0.4608590885814877,0.0,"Win back: targeted discount, re-engagement email flow"
17493,385,1,100.91000000000001,2,2,1,0,One-Time Buyer,Lost / Let Go,-2.0638461427000627,-0.15053771765939286,0.7679868450307079,1.0,"Let go: exclude from paid marketing spend, low-cost win-back only"
17494,502,1,54.699999999999996,1,2,1,0,One-Time Buyer,Lost / Let Go,-2.6055975307041357,0.1784694811774994,0.9232054572393598,1.0,"Let go: exclude from paid marketing spend, low-cost win-back only"
17495,8,3,806.72,5,3,3,4,Loyal Customer,Loyal Customer,0.2690414201390642,-0.9023349602693481,0.6862350975133903,1.0,"Court: upsell/cross-sell, referral incentives"
17496,359,4,1412.89,2,4,4,3,Win-Back Priority,At Risk,-0.13154227484005526,0.8043373338623486,0.6048087562142542,1.0,"Win back: targeted discount, re-engagement email flow"
17497,390,2,287.25,2,3,1,0,At Risk,Lost / Let Go,-1.3024572945723014,0.3080839918491151,0.6517109848279232,1.0,"Let go: exclude from paid marketing spend, low-cost win-back only"
17498,76,1,272.22,3,2,1,2,One-Time Buyer,One-Time Buyer,-0.9035925910552817,-1.181512654913579,,,"Convert: post-purchase follow-up, incentivize 2nd order"
17499,290,2,1341.39,2,3,4,3,At Risk,At Risk,-0.3856265098447372,0.2987274578123342,0.46313329721401286,0.0,"Win back: targeted discount, re-engagement email flow"
17500,17,3,1138.0,5,3,3,4,Loyal Customer,Loyal Customer,0.40060225440892866,-0.7732508530564514,,,"Court: upsell/cross-sell, referral incentives"
17501,221,2,288.6,2,3,1,2,At Risk,One-Time Buyer,-0.9052948894050199,-0.3980030066583451,0.35776782054180045,0.0,"Convert: post-purchase follow-up, incentivize 2nd order"
17502,9,4,689.1,5,4,3,4,Loyal Customer,Loyal Customer,0.368216777233952,-0.8513264155015994,,,"Court: upsell/cross-sell, referral incentives"
17503,3,2,558.96,5,3,2,2,Needs Attention,One-Time Buyer,-0.10289244372852663,-1.1350371323199075,,,"Convert: post-purchase follow-up, incentivize 2nd order"
17504,206,18,9490.17,2,5,5,1,Win-Back Priority,VIP,2.096915989487244,1.2009739666594608,0.05442610823759328,0.0,"Court: white-glove service, early access, loyalty rewards"
17505,162,5,2435.48,3,4,4,4,Loyal Customer,Loyal Customer,0.7106730013897724,0.19702647883632485,0.20790668335718862,0.0,"Court: upsell/cross-sell, referral incentives"
17506,76,1,302.2,3,2,2,2,One-Time Buyer,One-Time Buyer,-0.8573646517779538,-1.1538198018351202,,,"Convert: post-purchase follow-up, incentivize 2nd order"
17507,262,2,605.58,2,3,2,3,At Risk,At Risk,-0.6728741924170906,-0.02975186204975794,0.46231925329782786,0.0,"Win back: targeted discount, re-engagement email flow"
17508,281,8,4579.23,2,5,5,4,Win-Back Priority,Loyal Customer,1.0241568410441697,1.0241165490593616,0.24679166340616096,0.0,"Court: upsell/cross-sell, referral incentives"
17509,58,8,6083.64,4,5,5,1,VIP,VIP,1.6715918434126615,0.16631994940322126,,,"Court: white-glove service, early access, loyalty rewards"
17510,25,2,514.56,4,3,2,2,Needs Attention,One-Time Buyer,-0.19100415222495554,-1.0649319529797892,0.6707624052409238,1.0,"Convert: post-purchase follow-up, incentivize 2nd order"
17511,3,60,175603.55,5,5,5,1,VIP,VIP,4.762952054389936,1.5910165597474202,0.023293096926609108,0.0,"Court: white-glove service, early access, loyalty rewards"
17512,29,18,5467.820000000001,4,5,5,1,VIP,VIP,2.265925487497593,0.3135252083826781,0.02528129841904711,0.0,"Court: white-glove service, early access, loyalty rewards"
17513,72,3,1158.8,3,3,3,4,Loyal Customer,Loyal Customer,0.2800585386034666,-0.5382413071602984,0.5581984433271888,1.0,"Court: upsell/cross-sell, referral incentives"
17514,128,2,522.0,3,3,2,2,Needs Attention,One-Time Buyer,-0.42543566353512796,-0.6300265207588314,0.7861553219491385,1.0,"Convert: post-purchase follow-up, incentivize 2nd order"
17515,31,9,1602.51,4,5,4,4,VIP,Loyal Customer,1.2235212786502192,-0.25951928311700445,0.12773445846838588,0.0,"Court: upsell/cross-sell, referral incentives"
17516,15,6,947.5,5,4,3,4,Loyal Customer,Loyal Customer,0.7538395588961336,-0.6078965866103014,0.22152266790801373,0.0,"Court: upsell/cross-sell, referral incentives"
17517,309,1,153.94,2,2,1,0,One-Time Buyer,Lost / Let Go,-1.7001577124023173,-0.35719405899247,0.7505704920414595,1.0,"Let go: exclude from paid marketing spend, low-cost win-back only"
17518,426,2,329.42,1,3,2,0,At Risk,Lost / Let Go,-1.325994872487469,0.4950740915695262,0.6727402630358904,1.0,"Let go: exclude from paid marketing spend, low-cost win-back only"
17519,17,15,5109.47,5,5,5,1,VIP,VIP,2.1318945049831757,0.17697669427183574,0.06870150266985177,0.0,"Court: white-glove service, early access, loyalty rewards"
17520,54,1,546.81,4,2,2,2,One-Time Buyer,One-Time Buyer,-0.5432870028260227,-1.0885600549510877,,,"Convert: post-purchase follow-up, incentivize 2nd order"
17521,30,5,1278.06,4,4,4,4,VIP,Loyal Customer,0.733131267862844,-0.5268509528199201,0.2680239820814721,0.0,"Court: upsell/cross-sell, referral incentives"
17522,2,5,1066.15,5,4,3,4,Loyal Customer,Loyal Customer,0.718164870779714,-0.6922201329495882,0.1010962636340789,0.0,"Court: upsell/cross-sell, referral incentives"
17523,11,4,652.74,5,4,3,4,Loyal Customer,Loyal Customer,0.3395085021651262,-0.8573524287273772,,,"Court: upsell/cross-sell, referral incentives"
17524,361,3,539.14,2,3,2,3,At Risk,At Risk,-0.7348638227167894,0.46807747155086943,0.5649428800956778,1.0,"Win back: targeted discount, re-engagement email flow"
17525,360,3,1161.9,2,3,3,3,At Risk,At Risk,-0.3920419562482484,0.6678591142004725,0.5529920955256047,1.0,"Win back: targeted discount, re-engagement email flow"
17526,5,12,4166.04,5,5,5,1,VIP,VIP,1.909850528697735,-0.010052486247920748,0.20722097964046224,0.0,"Court: white-glove service, early access, loyalty rewards"
17527,54,4,939.37,4,4,3,4,Loyal Customer,Loyal Customer,0.4004080603037817,-0.5806793620961445,0.30605386734286083,0.0,"Court: upsell/cross-sell, referral incentives"
17528,1,8,3628.5,5,5,5,4,VIP,Loyal Customer,1.5754399857203591,-0.2096727908909934,,,"Court: upsell/cross-sell, referral incentives"
17529,610,2,1240.25,1,3,4,3,At Risk,At Risk,-1.1685019772503293,1.617215040781771,0.8046355319120696,1.0,"Win back: targeted discount, re-engagement email flow"
17530,1,12,3087.74,5,5,5,1,VIP,VIP,1.78624703788724,-0.10644053903416467,0.1643647899512228,0.0,"Court: white-glove service, early access, loyalty rewards"
17531,190,3,1266.82,2,3,4,4,At Risk,Loyal Customer,0.04373784370922488,-0.020679970257316795,0.5854409946932114,1.0,"Court: upsell/cross-sell, referral incentives"
17532,386,1,65.34,2,2,1,0,One-Time Buyer,Lost / Let Go,-2.256794860241671,-0.2605378308157471,0.8092903545270725,1.0,"Let go: exclude from paid marketing spend, low-cost win-back only"
17533,435,1,34.8,1,2,1,0,One-Time Buyer,Lost / Let Go,-2.645230542668831,-0.21952405075176049,0.9040969980143331,1.0,"Let go: exclude from paid marketing spend, low-cost win-back only"
17534,54,5,1668.83,4,4,4,4,VIP,Loyal Customer,0.7953948102366594,-0.35549177703758855,0.459649970940635,0.0,"Court: upsell/cross-sell, referral incentives"
17535,280,1,164.4,2,2,1,2,One-Time Buyer,One-Time Buyer,-1.6033551184893324,-0.4611938517847988,0.5919541977800326,1.0,"Convert: post-purchase follow-up, incentivize 2nd order"
17536,177,3,364.83,3,3,2,2,Needs Attention,One-Time Buyer,-0.47772070505985037,-0.40567571983317474,0.6431932100388437,1.0,"Convert: post-purchase follow-up, incentivize 2nd order"
17537,30,2,887.67,4,3,3,2,Loyal Customer,One-Time Buyer,0.0390563998392042,-0.8991849423500486,0.39985743934069223,0.0,"Convert: post-purchase follow-up, incentivize 2nd order"
17538,26,1,98.42,4,2,1,2,One-Time Buyer,One-Time Buyer,-1.2355601325158223,-1.6596699219542137,,,"Convert: post-purchase follow-up, incentivize 2nd order"
17539,628,3,1161.84,1,3,3,3,At Risk,At Risk,-1.0185946018324974,1.7895281534895806,0.6203221188712803,1.0,"Win back: targeted discount, re-engagement email flow"
17540,25,6,1590.6000000000001,4,4,4,4,VIP,Loyal Customer,0.9602855439609661,-0.42836667864909694,0.4408764999302551,0.0,"Court: upsell/cross-sell, referral incentives"
17541,510,1,119.86,1,2,1,0,One-Time Buyer,Lost / Let Go,-2.280348632952091,0.41799660682928047,0.9159394932837125,1.0,"Let go: exclude from paid marketing spend, low-cost win-back only"
17542,270,3,340.85,2,3,2,2,At Risk,One-Time Buyer,-0.7252380890637394,-0.03446779493353914,0.49981897974662315,0.0,"Convert: post-purchase follow-up, incentivize 2nd order"
17543,550,1,120.05,1,2,1,0,One-Time Buyer,Lost / Let Go,-2.3731630731895628,0.5858297585305996,0.9150375519435786,1.0,"Let go: exclude from paid marketing spend, low-cost win-back only"
17544,390,3,944.82,2,3,3,3,At Risk,At Risk,-0.5539165732755079,0.738463344380882,0.5046657078456651,1.0,"Win back: targeted discount, re-engagement email flow"
17545,43,6,1409.8600000000001,4,4,4,4,VIP,Loyal Customer,0.8646844199201086,-0.3850914000998705,0.4213095289257275,0.0,"Court: upsell/cross-sell, referral incentives"
17547,376,2,727.85,2,3,3,3,At Risk,At Risk,-0.8578495032161598,0.49622456849190444,0.7003661784349137,1.0,"Win back: targeted discount, re-engagement email flow"
17548,234,4,731.26,2,4,3,3,At Risk,At Risk,-0.13145843371370672,0.10615738927104339,0.35995276698358997,0.0,"Win back: targeted discount, re-engagement email flow"
17549,24,2,148.86,4,3,1,2,Needs Attention,One-Time Buyer,-0.7372602516056125,-1.3977525822128116,,,"Convert: post-purchase follow-up, incentivize 2nd order"
17550,197,9,2506.64,2,5,4,4,Win-Back Priority,Loyal Customer,1.0339833616742364,0.5541876681624974,0.2477834351919763,0.0,"Court: upsell/cross-sell, referral incentives"
17551,359,1,290.34,2,2,2,0,One-Time Buyer,Lost / Let Go,-1.5366779807351572,0.020030563524947458,0.7717632288931836,1.0,"Let go: exclude from paid marketing spend, low-cost win-back only"
17552,60,12,3085.29,3,5,5,1,Loyal Customer,VIP,1.6479646561780896,0.1402860221573171,0.2657881321499417,0.0,"Court: white-glove service, early access, loyalty rewards"
17553,130,4,3757.6,3,4,5,4,Loyal Customer,Loyal Customer,0.837919860034801,0.10593608196716622,0.3650571152009338,0.0,"Court: upsell/cross-sell, referral incentives"
17554,1,5,1952.45,5,4,4,4,VIP,Loyal Customer,0.9889517837976662,-0.5355910385988258,,,"Court: upsell/cross-sell, referral incentives"
17555,20,5,1045.74,4,4,3,4,Loyal Customer,Loyal Customer,0.667510307677398,-0.6220196111835722,0.35923055829396733,0.0,"Court: upsell/cross-sell, referral incentives"
17556,206,2,300.67,2,3,2,2,At Risk,One-Time Buyer,-0.852097766210828,-0.44992288339723246,0.5222580385663427,1.0,"Convert: post-purchase follow-up, incentivize 2nd order"
17557,14,4,575.46,5,4,2,4,Needs Attention,Loyal Customer,0.2766373480493529,-0.8782578777634368,0.8782774917531653,1.0,"Court: upsell/cross-sell, referral incentives"
17558,393,1,259.17,2,2,1,0,One-Time Buyer,Lost / Let Go,-1.666405030332134,0.13223616361289564,0.7213129952949342,1.0,"Let go: exclude from paid marketing spend, low-cost win-back only"
17559,513,1,167.62,1,2,1,0,One-Time Buyer,Lost / Let Go,-2.1395010945298423,0.5191288672387298,0.8872599028857475,1.0,"Let go: exclude from paid marketing spend, low-cost win-back only"
17560,95,8,1895.8,3,5,4,4,Loyal Customer,Loyal Customer,1.0675590010552445,0.01115012629029633,0.14640156219405265,0.0,"Court: upsell/cross-sell, referral incentives"
17561,19,4,703.02,5,4,3,4,Loyal Customer,Loyal Customer,0.3537057342974119,-0.8041608441028922,0.4401597361141095,0.0,"Court: upsell/cross-sell, referral incentives"
17562,14,7,1122.38,5,4,3,4,Loyal Customer,Loyal Customer,0.9338720770584612,-0.5140046710890758,,,"Court: upsell/cross-sell, referral incentives"
17563,578,2,392.38,1,3,2,0,At Risk,Lost / Let Go,-1.6039001598552196,1.177642779044101,0.7857494053304779,1.0,"Let go: exclude from paid marketing spend, low-cost win-back only"
17564,24,3,454.01,4,3,2,2,Needs Attention,One-Time Buyer,-0.023177251893952987,-0.9880151323094741,,,"Convert: post-purchase follow-up, incentivize 2nd order"
17565,587,1,131.83,1,2,1,0,One-Time Buyer,Lost / Let Go,-2.4184282292348125,0.7653897910836024,0.9111142398222459,1.0,"Let go: exclude from paid marketing spend, low-cost win-back only"
17566,8,2,869.77,5,3,3,2,Loyal Customer,One-Time Buyer,0.08145325160778506,-0.9966756126001624,,,"Convert: post-purchase follow-up, incentivize 2nd order"
17567,7,9,5356.03,5,5,5,1,VIP,VIP,1.815196292851413,-0.03913648093812505,0.0764698416544627,0.0,"Court: white-glove service, early access, loyalty rewards"
17568,633,1,374.45,1,2,2,0,One-Time Buyer,Lost / Let Go,-2.064619063460701,1.234287920601704,0.8857556677997374,1.0,"Let go: exclude from paid marketing spend, low-cost win-back only"
17569,332,1,344.14,2,2,2,0,One-Time Buyer,Lost / Let Go,-1.398316381552253,-0.04790161900347673,0.7814656766003162,1.0,"Let go: exclude from paid marketing spend, low-cost win-back only"
17571,50,5,1629.66,4,4,4,4,VIP,Loyal Customer,0.7942066115984191,-0.3785469330155711,0.34253286616175393,0.0,"Court: upsell/cross-sell, referral incentives"
17572,71,10,723.01,3,5,3,4,Loyal Customer,Loyal Customer,0.8501645216582295,-0.2657197981431475,0.2886664979281471,0.0,"Court: upsell/cross-sell, referral incentives"
17573,29,3,380.6,4,3,2,2,Needs Attention,One-Time Buyer,-0.11298771056218668,-1.013886892551805,,,"Convert: post-purchase follow-up, incentivize 2nd order"
17574,243,1,185.65,2,2,1,2,One-Time Buyer,One-Time Buyer,-1.4631901757689636,-0.5839041547012467,0.5928199424062747,1.0,"Convert: post-purchase follow-up, incentivize 2nd order"
17575,667,1,171.7,1,2,1,0,One-Time Buyer,Lost / Let Go,-2.488906448887309,1.1700371129329663,0.9489122546161302,1.0,"Let go: exclude from paid marketing spend, low-cost win-back only"
17576,8,41,8825.25,5,5,5,1,VIP,VIP,3.13680990963874,0.6682003360084424,0.01532275422113144,0.0,"Court: white-glove service, early access, loyalty rewards"
17577,645,2,348.75,1,3,2,0,At Risk,Lost / Let Go,-1.8127289339792518,1.426795245476393,0.8793549864262811,1.0,"Let go: exclude from paid marketing spend, low-cost win-back only"
17578,218,7,1047.33,2,4,3,4,At Risk,Loyal Customer,0.42626114554679295,0.32142257074269626,0.2593870129719609,0.0,"Court: upsell/cross-sell, referral incentives"
17579,5,4,753.28,5,4,3,4,Loyal Customer,Loyal Customer,0.41705224504079064,-0.8444148875441633,0.7349998234749927,1.0,"Court: upsell/cross-sell, referral incentives"
17580,253,5,538.07,2,4,2,3,At Risk,At Risk,-0.1718353534223168,0.17667129679581736,0.5484356927707892,1.0,"Win back: targeted discount, re-engagement email flow"
17581,1,43,18737.95,5,5,5,1,VIP,VIP,3.5231866405260504,0.8576422551305231,0.012834181904193715,0.0,"Court: white-glove service, early access, loyalty rewards"
17582,236,5,1446.95,2,4,4,4,Win-Back Priority,Loyal Customer,0.30661221334043587,0.3683260712567644,0.4206769580968965,0.0,"Court: upsell/cross-sell, referral incentives"
17583,560,1,135.95,1,2,1,0,One-Time Buyer,Lost / Let Go,-2.3417451535399367,0.6605090809817689,0.932186924281004,1.0,"Let go: exclude from paid marketing spend, low-cost win-back only"
17584,7,6,5309.42,5,4,5,4,VIP,Loyal Customer,1.537363840240772,-0.18321299411053302,0.4160263715507451,0.0,"Court: upsell/cross-sell, referral incentives"
17585,109,7,2064.71,3,4,4,4,Loyal Customer,Loyal Customer,0.982240225144348,0.0456252032745078,0.08450041931778554,0.0,"Court: upsell/cross-sell, referral incentives"
17586,619,1,167.4,1,2,1,0,One-Time Buyer,Lost / Let Go,-2.3878873102299845,0.9624322560383547,0.9306064184512796,1.0,"Let go: exclude from paid marketing spend, low-cost win-back only"
17587,628,1,173.76,1,2,1,0,One-Time Buyer,Lost / Let Go,-2.392467478811307,1.009961077663148,0.8929966723801767,1.0,"Let go: exclude from paid marketing spend, low-cost win-back only"
17588,100,7,2939.55,3,4,4,4,Loyal Customer,Loyal Customer,1.1600693543871778,0.10188119422404081,0.21222598650585178,0.0,"Court: upsell/cross-sell, referral incentives"
17589,60,18,13806.27,3,5,5,1,Loyal Customer,VIP,2.6046630956346473,0.6896070989689279,0.023006853755400333,0.0,"Court: white-glove service, early access, loyalty rewards"
17590,2,3,1466.77,5,3,4,4,Loyal Customer,Loyal Customer,0.5482665499799222,-0.7685801578108499,,,"Court: upsell/cross-sell, referral incentives"
17591,73,8,2723.62,3,5,4,4,Loyal Customer,Loyal Customer,1.2797924639306217,0.015400100166850932,0.17095340751851507,0.0,"Court: upsell/cross-sell, referral incentives"
17592,739,1,148.3,1,2,1,0,One-Time Buyer,Lost / Let Go,-2.7218745366788726,1.4326581271364103,0.926134130577676,1.0,"Let go: exclude from paid marketing spend, low-cost win-back only"
17593,4,11,8092.32,5,5,5,1,VIP,VIP,2.1454562699879682,0.1305189983285686,0.23446802325319824,0.0,"Court: white-glove service, early access, loyalty rewards"
17594,85,4,2497.88,3,4,4,4,Loyal Customer,Loyal Customer,0.7618753235335508,-0.19098126864974907,0.26202516363567585,0.0,"Court: upsell/cross-sell, referral incentives"
17595,12,2,386.69,5,3,2,2,Needs Attention,One-Time Buyer,-0.28717595088773773,-1.195159619205565,,,"Convert: post-purchase follow-up, incentivize 2nd order"
17596,23,13,4882.43,4,5,5,1,VIP,VIP,1.9951286213975188,0.1369328686454653,0.0628203167622797,0.0,"Court: white-glove service, early access, loyalty rewards"
17597,214,5,3484.09,2,4,5,4,Win-Back Priority,Loyal Customer,0.7480351964155894,0.5098720572254626,0.18312546784312636,0.0,"Court: upsell/cross-sell, referral incentives"
17598,381,1,409.98,2,2,2,0,One-Time Buyer,Lost / Let Go,-1.435347303364264,0.20362122892975423,0.7243597744439026,1.0,"Let go: exclude from paid marketing spend, low-cost win-back only"
17599,478,1,52.05,1,2,1,0,One-Time Buyer,Lost / Let Go,-2.571133639949479,0.06505488687896673,0.8884434497517067,1.0,"Let go: exclude from paid marketing spend, low-cost win-back only"
17600,18,1,161.67000000000002,5,2,1,2,One-Time Buyer,One-Time Buyer,-0.9982418541021179,-1.5621911070456678,,,"Convert: post-purchase follow-up, incentivize 2nd order"
17601,239,2,412.65999999999997,2,3,2,2,At Risk,One-Time Buyer,-0.7890673121886776,-0.2278317168782354,0.5450648490539792,1.0,"Convert: post-purchase follow-up, incentivize 2nd order"
17602,2,14,7354.43,5,5,5,1,VIP,VIP,2.2790752148525617,0.1854034547896668,0.18030365826793188,0.0,"Court: white-glove service, early access, loyalty rewards"
17603,78,4,1788.38,3,4,4,4,Loyal Customer,Loyal Customer,0.629953337244259,-0.30911004131311864,0.49236253384632694,0.0,"Court: upsell/cross-sell, referral incentives"
17604,217,6,942.38,2,4,3,4,At Risk,Loyal Customer,0.2792012181275762,0.23611120731041715,0.3068575645035092,0.0,"Court: upsell/cross-sell, referral incentives"
17605,590,1,160.75,1,2,1,0,One-Time Buyer,Lost / Let Go,-2.3379803017023333,0.8303396566791256,0.9317638274931488,1.0,"Let go: exclude from paid marketing spend, low-cost win-back only"
17606,737,1,87.30000000000001,1,2,1,0,One-Time Buyer,Lost / Let Go,-2.9503992683466174,1.2845886739873826,0.945434025935911,1.0,"Let go: exclude from paid marketing spend, low-cost win-back only"
17607,376,1,333.81,2,2,2,0,One-Time Buyer,Lost / Let Go,-1.5146714821899334,0.12817286243015588,0.7449908863758209,1.0,"Let go: exclude from paid marketing spend, low-cost win-back only"
17608,33,4,488.06,4,4,2,2,Needs Attention,One-Time Buyer,0.15921520986261137,-0.842468639239122,0.4900531836179423,0.0,"Convert: post-purchase follow-up, incentivize 2nd order"
17609,41,11,1875.36,4,5,4,4,VIP,Loyal Customer,1.4099502729618303,-0.10340983530741509,0.1604410997541759,0.0,"Court: upsell/cross-sell, referral incentives"
17610,540,5,1511.94,1,4,4,3,Win-Back Priority,At Risk,-0.38458365291175356,1.6523608695917158,0.7161503180894683,1.0,"Win back: targeted discount, re-engagement email flow"
17611,7,28,8287.53,5,5,5,1,VIP,VIP,2.826764406251045,0.5000994952444623,0.009608613230890397,0.0,"Court: white-glove service, early access, loyalty rewards"
17612,53,18,5394.86,4,5,5,1,VIP,VIP,2.203854942049058,0.41040203257125785,0.03393617847090049,0.0,"Court: white-glove service, early access, loyalty rewards"
17613,23,14,4544.55,4,5,5,1,VIP,VIP,2.016285266673288,0.14528177041350449,0.07401197559261617,0.0,"Court: white-glove service, early access, loyalty rewards"
17614,57,1,386.32,4,2,2,2,One-Time Buyer,One-Time Buyer,-0.7042275619817098,-1.1682139939202505,,,"Convert: post-purchase follow-up, incentivize 2nd order"
17615,130,6,721.8,3,4,3,4,Loyal Customer,Loyal Customer,0.36433426377830114,-0.1988580286046222,0.23274902005349601,0.0,"Court: upsell/cross-sell, referral incentives"
17616,174,4,1060.8,3,4,3,4,Loyal Customer,Loyal Customer,0.17379588188747955,-0.04613045441148485,0.3791811695089909,0.0,"Court: upsell/cross-sell, referral incentives"
17617,559,1,385.19,1,2,2,0,One-Time Buyer,Lost / Let Go,-1.8790991958858319,0.9320713611491921,0.7784132902597843,1.0,"Let go: exclude from paid marketing spend, low-cost win-back only"
17618,6,11,4001.64,5,5,5,1,VIP,VIP,1.8281620068635303,-0.04838448883742126,0.07334492878323978,0.0,"Court: white-glove service, early access, loyalty rewards"
17619,312,1,214.37,2,2,1,0,One-Time Buyer,Lost / Let Go,-1.560950903322126,-0.257044677710263,0.7709845583309203,1.0,"Let go: exclude from paid marketing spend, low-cost win-back only"
17620,60,1,81.44,3,2,1,2,One-Time Buyer,One-Time Buyer,-1.3982000223733522,-1.5671807631348749,,,"Convert: post-purchase follow-up, incentivize 2nd order"
17621,21,6,3175.12,4,4,5,4,VIP,Loyal Customer,1.2764103331296313,-0.2613354477235409,0.2963842219463685,0.0,"Court: upsell/cross-sell, referral incentives"
17622,598,2,1130.21,1,3,3,3,At Risk,At Risk,-1.1816660629072109,1.5422989972605574,0.8102224587434722,1.0,"Win back: targeted discount, re-engagement email flow"
17623,33,7,2365.77,4,4,4,4,VIP,Loyal Customer,1.2203209594989262,-0.2362764447638982,0.4100405493002075,0.0,"Court: upsell/cross-sell, referral incentives"
17624,15,4,1568.63,5,4,4,4,VIP,Loyal Customer,0.7190566596269897,-0.6076406898630983,0.41148935909602,0.0,"Court: upsell/cross-sell, referral incentives"
17625,18,8,5978.9,5,5,5,1,VIP,VIP,1.7573941310647343,-0.005713833222748015,0.27074873755036255,0.0,"Court: white-glove service, early access, loyalty rewards"
17626,603,1,254.0,1,2,1,0,One-Time Buyer,Lost / Let Go,-2.166254495200592,1.0058279611959788,0.9063846375526109,1.0,"Let go: exclude from paid marketing spend, low-cost win-back only"
17627,479,1,296.36,1,2,2,0,One-Time Buyer,Lost / Let Go,-1.808132604128133,0.5277165986734104,0.7288679258919863,1.0,"Let go: exclude from paid marketing spend, low-cost win-back only"
17628,81,1,75.75,3,2,1,2,One-Time Buyer,One-Time Buyer,-1.4790479881364142,-1.4983100791160484,,,"Convert: post-purchase follow-up, incentivize 2nd order"
17629,6,10,2455.52,5,5,4,4,VIP,Loyal Customer,1.5445629292223455,-0.2128200293550637,0.1107157124544131,0.0,"Court: upsell/cross-sell, referral incentives"
17630,170,2,503.59999999999997,3,3,2,2,Needs Attention,One-Time Buyer,-0.5395254627457121,-0.4637666929226795,0.38353811298138846,0.0,"Convert: post-purchase follow-up, incentivize 2nd order"
17631,2,7,998.49,5,4,3,4,Loyal Customer,Loyal Customer,0.9100424763017375,-0.59530989282769,0.293345060497549,0.0,"Court: upsell/cross-sell, referral incentives"
17633,31,7,2057.39,4,4,4,4,VIP,Loyal Customer,1.1630122649976073,-0.2817789084245763,0.5479431882671488,1.0,"Court: upsell/cross-sell, referral incentives"
17634,36,9,2358.59,4,5,4,4,VIP,Loyal Customer,1.3833490694040567,-0.13584521734844895,0.11960336470290182,0.0,"Court: upsell/cross-sell, referral incentives"
17635,424,3,1265.58,1,3,4,3,At Risk,At Risk,-0.5037412535135508,0.9584394823947329,0.47901685115875525,0.0,"Win back: targeted discount, re-engagement email flow"
17636,19,1,285.56,5,2,1,2,One-Time Buyer,One-Time Buyer,-0.7491720456888181,-1.4073999643385016,,,"Convert: post-purchase follow-up, incentivize 2nd order"
17637,31,2,547.0600000000001,4,3,2,2,Needs Attention,One-Time Buyer,-0.17788830495370353,-1.0235598548119977,,,"Convert: post-purchase follow-up, incentivize 2nd order"
17638,647,2,842.4,1,3,3,0,At Risk,Lost / Let Go,-1.4265794140739185,1.6692898486629346,0.8110262063432979,1.0,"Let go: exclude from paid marketing spend, low-cost win-back only"
17639,276,6,615.17,2,4,3,3,At Risk,At Risk,-0.04785199195565576,0.36975457904148856,0.5619017828423619,1.0,"Win back: targeted discount, re-engagement email flow"
17640,87,6,3168.94,3,4,5,4,Loyal Customer,Loyal Customer,1.121250919179723,0.014381814592991047,0.2873069000498151,0.0,"Court: upsell/cross-sell, referral incentives"
17642,120,5,1824.49,3,4,4,4,Loyal Customer,Loyal Customer,0.6806730228285134,-0.05555034924518363,0.5463859762041623,1.0,"Court: upsell/cross-sell, referral incentives"
17643,373,2,541.25,2,3,2,3,At Risk,At Risk,-0.982147116867482,0.4050065426839873,0.6562434017199248,1.0,"Win back: targeted discount, re-engagement email flow"
17644,1,20,6028.6,5,5,5,1,VIP,VIP,2.451598207773604,0.2620749378271305,0.045216667069379025,0.0,"Court: white-glove service, early access, loyalty rewards"
17646,219,12,4149.79,2,5,5,1,Win-Back Priority,VIP,1.4078270012943728,0.8845803043170246,0.1616177228274752,0.0,"Court: white-glove service, early access, loyalty rewards"
17647,65,3,331.65999999999997,3,3,2,2,Needs Attention,One-Time Buyer,-0.25808927643436236,-0.8997197157380181,0.7016323570440146,1.0,"Convert: post-purchase follow-up, incentivize 2nd order"
17648,61,5,2216.37,3,4,4,4,Loyal Customer,Loyal Customer,0.9049506257565211,-0.2507614619028962,0.11158098145576394,0.0,"Court: upsell/cross-sell, referral incentives"
17649,138,3,1578.89,3,3,4,4,Loyal Customer,Loyal Customer,0.26300988331953007,-0.17978877677684188,0.5483230507883292,1.0,"Court: upsell/cross-sell, referral incentives"
17650,21,1,166.08,4,2,1,2,One-Time Buyer,One-Time Buyer,-0.9933784434397824,-1.5425201561803485,,,"Convert: post-purchase follow-up, incentivize 2nd order"
17651,12,16,5703.52,5,5,5,1,VIP,VIP,2.238973956094141,0.20939304183985874,0.45306506268179325,0.0,"Court: white-glove service, early access, loyalty rewards"
17652,25,12,4867.72,4,5,5,1,VIP,VIP,1.9321932306630802,0.11504873943123989,0.09906868845231283,0.0,"Court: white-glove service, early access, loyalty rewards"
17653,37,4,1207.56,4,4,3,4,Loyal Customer,Loyal Customer,0.5515570683219168,-0.5850928321167616,,,"Court: upsell/cross-sell, referral incentives"
17654,277,1,117.55,2,2,1,2,One-Time Buyer,One-Time Buyer,-1.7442102754144784,-0.5623306760594066,0.7097264264642843,1.0,"Convert: post-purchase follow-up, incentivize 2nd order"
17655,11,9,3652.48,5,5,5,4,VIP,Loyal Customer,1.635910463498997,-0.12419431506424748,0.0633813075809838,0.0,"Court: upsell/cross-sell, referral incentives"
17656,73,5,1674.69,3,4,4,4,Loyal Customer,Loyal Customer,0.7525321010391294,-0.27503770281239576,,,"Court: upsell/cross-sell, referral incentives"
17657,430,1,126.0,1,2,1,0,One-Time Buyer,Lost / Let Go,-2.07132240008887,0.09634649043914134,0.8706539936811037,1.0,"Let go: exclude from paid marketing spend, low-cost win-back only"
17658,26,2,595.42,4,3,2,2,Needs Attention,One-Time Buyer,-0.12865392542327378,-1.021995200091332,0.2663015200730232,0.0,"Convert: post-purchase follow-up, incentivize 2nd order"
17659,17,14,3834.79,5,5,5,1,VIP,VIP,1.9549314966864502,0.07501273832532285,0.07825488726656217,0.0,"Court: white-glove service, early access, loyalty rewards"
17660,141,2,342.22,3,3,2,2,Needs Attention,One-Time Buyer,-0.6428471710613811,-0.6876509751749407,0.6118660704398766,1.0,"Convert: post-purchase follow-up, incentivize 2nd order"
17662,662,2,412.92,1,3,2,0,At Risk,Lost / Let Go,-1.7776766782170876,1.542752606950985,0.8642917123000001,1.0,"Let go: exclude from paid marketing spend, low-cost win-back only"
17663,26,17,5175.83,4,5,5,1,VIP,VIP,2.207048655925091,0.264886848580457,0.03126930997561897,0.0,"Court: white-glove service, early access, loyalty rewards"
17664,19,4,1166.23,5,4,3,4,Loyal Customer,Loyal Customer,0.5781876880834741,-0.6696849002874243,0.3530163306423748,0.0,"Court: upsell/cross-sell, referral incentives"
17665,493,1,563.1,1,2,2,0,One-Time Buyer,Lost / Let Go,-1.556569363600505,0.7566173698566431,0.6955290237799852,1.0,"Let go: exclude from paid marketing spend, low-cost win-back only"
17666,4,5,2047.8,5,4,4,4,VIP,Loyal Customer,1.0030985320146757,-0.5103589031555601,0.4013780564768784,0.0,"Court: upsell/cross-sell, referral incentives"
17667,66,9,3950.7,3,5,5,4,Loyal Customer,Loyal Customer,1.5421709377504496,0.12687228439598833,0.08090529238687658,0.0,"Court: upsell/cross-sell, referral incentives"
17668,1,2,347.75,5,3,2,2,Needs Attention,One-Time Buyer,-0.30845864539143186,-1.2693532750627063,,,"Convert: post-purchase follow-up, incentivize 2nd order"
17669,43,10,6142.35,4,5,5,1,VIP,VIP,1.865052171936491,0.18584522367683556,0.10143361569323359,0.0,"Court: white-glove service, early access, loyalty rewards"
17670,228,1,205.7,2,2,1,2,One-Time Buyer,One-Time Buyer,-1.3828197234320485,-0.6195458450583522,0.449005446476044,0.0,"Convert: post-purchase follow-up, incentivize 2nd order"
17671,16,5,2403.34,5,4,4,4,VIP,Loyal Customer,1.0460954978795047,-0.4175714688386261,0.19247172332741563,0.0,"Court: upsell/cross-sell, referral incentives"
17672,50,6,5663.74,4,4,5,4,VIP,Loyal Customer,1.4655169942316215,0.01393832173044013,0.24155467377680576,0.0,"Court: upsell/cross-sell, referral incentives"
17673,2,13,4173.88,5,5,5,1,VIP,VIP,1.9746188324308482,0.007343808381181315,0.05069470617482681,0.0,"Court: white-glove service, early access, loyalty rewards"
17674,74,2,851.7,3,3,3,2,Loyal Customer,One-Time Buyer,-0.08215225405900722,-0.7260179826327968,0.3999399905020081,0.0,"Convert: post-purchase follow-up, incentivize 2nd order"
17675,1,70,38259.6,5,5,5,1,VIP,VIP,4.207641571745199,1.2376697230533142,0.010032027620926745,0.0,"Court: white-glove service, early access, loyalty rewards"
17676,4,10,2749.34,5,5,4,4,VIP,Loyal Customer,1.5994019219204447,-0.19114040631118473,0.2884043270204724,0.0,"Court: upsell/cross-sell, referral incentives"
17677,2,54,36675.06,5,5,5,1,VIP,VIP,3.990398983450356,1.1291234044604117,0.02339671772196551,0.0,"Court: white-glove service, early access, loyalty rewards"
17678,264,2,599.76,2,3,2,3,At Risk,At Risk,-0.6818305056849802,-0.023945459971812275,0.5991803243842625,1.0,"Win back: targeted discount, re-engagement email flow"
17679,53,7,3577.61,4,4,5,4,VIP,Loyal Customer,1.3571389778128276,-0.042598765833544654,0.6859151636001835,1.0,"Court: upsell/cross-sell, referral incentives"
17680,24,3,497.45,4,3,2,2,Needs Attention,One-Time Buyer,0.017309038554798754,-0.9637618147137454,0.64757316076074,1.0,"Convert: post-purchase follow-up, incentivize 2nd order"
17681,597,5,731.2,1,4,3,3,At Risk,At Risk,-0.8400790654680125,1.697889240395452,0.764499596261957,1.0,"Win back: targeted discount, re-engagement email flow"
17682,10,11,4456.78,5,5,5,1,VIP,VIP,1.8666289311994535,-0.002997507347925832,0.06311502152870116,0.0,"Court: white-glove service, early access, loyalty rewards"
17683,386,3,819.01,2,3,3,3,At Risk,At Risk,-0.6079410613425111,0.6837566023007419,0.5353280687313408,1.0,"Win back: targeted discount, re-engagement email flow"
17684,44,1,239.41,4,2,1,2,One-Time Buyer,One-Time Buyer,-0.885585575216243,-1.3494724731418923,,,"Convert: post-purchase follow-up, incentivize 2nd order"
17685,17,12,5907.47,5,5,5,1,VIP,VIP,2.036835774963109,0.1330481384427277,0.06435721044010317,0.0,"Court: white-glove service, early access, loyalty rewards"
17686,7,9,8296.81,5,5,5,1,VIP,VIP,2.0094857538229176,0.07725264610253524,0.07381924190057969,0.0,"Court: white-glove service, early access, loyalty rewards"
17687,421,1,432.68,1,2,2,0,One-Time Buyer,Lost / Let Go,-1.504988325929514,0.3853364195225917,0.7522818143118544,1.0,"Let go: exclude from paid marketing spend, low-cost win-back only"
17688,394,1,304.2,2,2,2,0,One-Time Buyer,Lost / Let Go,-1.5978650751977057,0.1788808740697402,0.7013218947252721,1.0,"Let go: exclude from paid marketing spend, low-cost win-back only"
17689,388,2,317.08,2,3,2,0,At Risk,Lost / Let Go,-1.2540582078777434,0.3259057883581518,0.6865031371722389,1.0,"Let go: exclude from paid marketing spend, low-cost win-back only"
17690,30,20,7412.0,4,5,5,1,VIP,VIP,2.4755137567807193,0.43839094994594574,0.022535936009504258,0.0,"Court: white-glove service, early access, loyalty rewards"
17691,358,4,780.0500000000001,2,4,3,3,At Risk,At Risk,-0.39270530497971956,0.64230174509618,0.5891297709993847,1.0,"Win back: targeted discount, re-engagement email flow"
17692,127,12,2960.44,3,5,5,1,Loyal Customer,VIP,1.472997356016724,0.40972320900171055,0.03735601745264032,0.0,"Court: white-glove service, early access, loyalty rewards"
17693,137,1,200.47,3,2,1,2,One-Time Buyer,One-Time Buyer,-1.1814591529872267,-1.0072323324515433,,,"Convert: post-purchase follow-up, incentivize 2nd order"
17694,142,3,1695.97,3,3,4,4,Loyal Customer,Loyal Customer,0.2854003517690929,-0.1440323982915701,0.4388913944326707,0.0,"Court: upsell/cross-sell, referral incentives"
17695,132,5,1746.04,3,4,4,4,Loyal Customer,Loyal Customer,0.6331162124694547,-0.01700916643480636,0.4272393241008654,0.0,"Court: upsell/cross-sell, referral incentives"
17696,38,27,7679.59,4,5,5,1,VIP,VIP,2.6935171903173045,0.5956386016178692,0.010255062887259766,0.0,"Court: white-glove service, early access, loyalty rewards"
17697,236,1,338.95,2,2,2,2,One-Time Buyer,One-Time Buyer,-1.18061522962717,-0.4537284857059866,0.44633933582088353,0.0,"Convert: post-purchase follow-up, incentivize 2nd order"
17698,261,1,154.95,2,2,1,2,One-Time Buyer,One-Time Buyer,-1.585058496271777,-0.5563642436327141,0.6669403718040138,1.0,"Convert: post-purchase follow-up, incentivize 2nd order"
17699,477,2,442.0,1,3,2,0,At Risk,Lost / Let Go,-1.31503736531577,0.7865160968844562,0.7464743991022539,1.0,"Let go: exclude from paid marketing spend, low-cost win-back only"
17700,17,14,6679.97,5,5,5,1,VIP,VIP,2.201305592514779,0.22260317269837818,0.04937910660840275,0.0,"Court: white-glove service, early access, loyalty rewards"
17701,253,1,417.95,2,2,2,2,One-Time Buyer,One-Time Buyer,-1.1275811633892407,-0.3269991183108481,0.6556801414805136,1.0,"Convert: post-purchase follow-up, incentivize 2nd order"
17702,30,6,3144.04,4,4,5,4,VIP,Loyal Customer,1.2510039153696408,-0.22628259339679827,0.12932155805384243,0.0,"Court: upsell/cross-sell, referral incentives"
17703,35,4,1094.84,4,4,3,4,Loyal Customer,Loyal Customer,0.5127606522361207,-0.6195055129681069,0.6825409107579372,1.0,"Court: upsell/cross-sell, referral incentives"
17704,169,2,885.19,3,3,3,2,Loyal Customer,One-Time Buyer,-0.2871382729952713,-0.31815995520509294,0.3951506311598949,0.0,"Convert: post-purchase follow-up, incentivize 2nd order"
17705,3,11,2083.9,5,5,4,4,VIP,Loyal Customer,1.5455792242444675,-0.2344232658457376,0.28012531687397096,0.0,"Court: upsell/cross-sell, referral incentives"
17706,4,31,20749.98,5,5,5,1,VIP,VIP,3.3168614971020283,0.7707637373908874,0.015598674406986538,0.0,"Court: white-glove service, early access, loyalty rewards"
17707,185,8,609.3000000000001,3,5,2,4,Needs Attention,Loyal Customer,0.35366524041749936,0.08621769761599477,0.5728935038525292,1.0,"Court: upsell/cross-sell, referral incentives"
17708,188,4,884.1800000000001,2,4,3,4,At Risk,Loyal Customer,0.060288578555323595,-0.03592524033997389,0.18774385811062966,0.0,"Court: upsell/cross-sell, referral incentives"
17709,170,5,671.01,3,4,3,4,Loyal Customer,Loyal Customer,0.12007333785002565,-0.11208559610049355,0.5793986382728612,1.0,"Court: upsell/cross-sell, referral incentives"
17710,424,1,293.5,1,2,2,0,One-Time Buyer,Lost / Let Go,-1.683844856820172,0.2949499153391774,0.7265287066425462,1.0,"Let go: exclude from paid marketing spend, low-cost win-back only"
17711,11,2,385.1,5,3,2,2,Needs Attention,One-Time Buyer,-0.28666286610531777,-1.2004380970564907,0.5215294617915291,1.0,"Convert: post-purchase follow-up, incentivize 2nd order"
17712,45,1,522.91,4,2,2,2,One-Time Buyer,One-Time Buyer,-0.5420533578865747,-1.1380936120018335,,,"Convert: post-purchase follow-up, incentivize 2nd order"
17713,382,4,1198.09,2,4,3,3,At Risk,At Risk,-0.2584759178343197,0.8567720696141439,0.5696878990400495,1.0,"Win back: targeted discount, re-engagement email flow"
17714,321,5,1410.18,2,4,4,3,Win-Back Priority,At Risk,0.09647843899815872,0.7172419215639836,0.4863971008278702,0.0,"Win back: targeted discount, re-engagement email flow"
17715,201,2,489.59999999999997,2,3,2,2,At Risk,One-Time Buyer,-0.6244901704784505,-0.3415037301496266,0.6773179387776438,1.0,"Convert: post-purchase follow-up, incentivize 2nd order"
17716,23,24,15956.97,4,5,5,1,VIP,VIP,2.966224967154599,0.6823209005567928,0.031118361638142685,0.0,"Court: white-glove service, early access, loyalty rewards"
17717,421,1,376.92,1,2,2,0,One-Time Buyer,Lost / Let Go,-1.5660945334983607,0.3487307378755231,0.6833002309111175,1.0,"Let go: exclude from paid marketing spend, low-cost win-back only"
17718,232,2,439.18,2,3,2,2,At Risk,One-Time Buyer,-0.7451124170657512,-0.24060142069739185,0.7574525913647208,1.0,"Convert: post-purchase follow-up, incentivize 2nd order"
17719,38,15,5396.04,4,5,5,1,VIP,VIP,2.10702546246978,0.2793815595948162,0.09785379272901529,0.0,"Court: white-glove service, early access, loyalty rewards"
17720,26,10,2768.91,4,5,4,4,VIP,Loyal Customer,1.5511185145339632,-0.09717607797492406,0.08379254519476254,0.0,"Court: upsell/cross-sell, referral incentives"
17721,659,1,307.21000000000004,1,2,2,0,One-Time Buyer,Lost / Let Go,-2.213023902796126,1.2906178574443865,0.9156955697831184,1.0,"Let go: exclude from paid marketing spend, low-cost win-back only"
17722,96,5,4430.36,3,4,5,4,Loyal Customer,Loyal Customer,1.1305514263403778,0.07988917472945045,0.07919130429854752,0.0,"Court: upsell/cross-sell, referral incentives"
17723,127,7,3378.4000000000005,3,4,5,4,Loyal Customer,Loyal Customer,1.158710888670341,0.2518851217983237,0.28028887902382865,0.0,"Court: upsell/cross-sell, referral incentives"
17724,71,3,1033.0,3,3,3,4,Loyal Customer,Loyal Customer,0.23141864094998454,-0.5729648855769137,,,"Court: upsell/cross-sell, referral incentives"
17725,16,11,3439.08,5,5,5,1,VIP,VIP,1.7375349797753699,-0.04681620771349206,0.12887402993330987,0.0,"Court: white-glove service, early access, loyalty rewards"
17726,395,7,1092.06,2,4,3,3,At Risk,At Risk,0.031022789472160285,1.0733489019673537,0.7151637775910628,1.0,"Win back: targeted discount, re-engagement email flow"
17727,15,1,1060.25,5,2,3,2,One-Time Buyer,One-Time Buyer,-0.15850246730059858,-1.0759026414744202,,,"Convert: post-purchase follow-up, incentivize 2nd order"
17728,4,5,4238.76,5,4,5,4,VIP,Loyal Customer,1.3260037433625427,-0.3169224940074067,0.46128185902621727,0.0,"Court: upsell/cross-sell, referral incentives"
17729,596,1,438.65000000000003,1,2,2,0,One-Time Buyer,Lost / Let Go,-1.9080324186578748,1.121415040468468,0.7583060415765651,1.0,"Let go: exclude from paid marketing spend, low-cost win-back only"
17730,3,20,7773.8,5,5,5,1,VIP,VIP,2.559792345114859,0.3380603326854314,0.01936996257071779,0.0,"Court: white-glove service, early access, loyalty rewards"
17731,79,6,1708.99,3,4,4,4,Loyal Customer,Loyal Customer,0.8659009739847323,-0.18327233437496893,0.3270123214152187,0.0,"Court: upsell/cross-sell, referral incentives"
17732,373,8,2470.39,2,5,4,3,Win-Back Priority,At Risk,0.535141105832749,1.2450690136825642,0.43164560816406955,0.0,"Win back: targeted discount, re-engagement email flow"
17733,39,2,692.19,4,3,3,2,Loyal Customer,One-Time Buyer,-0.09228482741588943,-0.9275923495254058,0.5545493756070252,1.0,"Convert: post-purchase follow-up, incentivize 2nd order"
17734,54,6,1442.32,4,4,4,4,VIP,Loyal Customer,0.8490682841369686,-0.3330019933586185,0.32274248909987674,0.0,"Court: upsell/cross-sell, referral incentives"
17735,2,26,17244.93,5,5,5,1,VIP,VIP,3.108893251684908,0.645659192749207,0.0210292911368633,0.0,"Court: white-glove service, early access, loyalty rewards"
17736,9,3,377.44,5,3,2,2,Needs Attention,One-Time Buyer,-0.06992385636556998,-1.0998063121959836,,,"Convert: post-purchase follow-up, incentivize 2nd order"
17737,9,2,168.24,5,3,1,2,Needs Attention,One-Time Buyer,-0.6481947912248252,-1.4281855268624688,,,"Convert: post-purchase follow-up, incentivize 2nd order"
17738,19,13,4183.56,5,5,5,1,VIP,VIP,1.9359045707673601,0.07911132793089114,0.06537468929575456,0.0,"Court: white-glove service, early access, loyalty rewards"
17739,12,18,7730.59,5,5,5,1,VIP,VIP,2.4594062318136642,0.3344705705354378,0.026033330829714582,0.0,"Court: white-glove service, early access, loyalty rewards"
17740,389,6,426.9,2,4,2,3,At Risk,At Risk,-0.47392290934555764,0.745716813522098,0.7459625595505431,1.0,"Win back: targeted discount, re-engagement email flow"
17741,407,2,101.1,2,3,1,0,At Risk,Lost / Let Go,-1.8030238837090744,0.1031788141381295,0.7795501592769438,1.0,"Let go: exclude from paid marketing spend, low-cost win-back only"
17742,113,11,2098.48,3,5,4,4,Loyal Customer,Loyal Customer,1.2915156942315063,0.22782249249937578,0.4118455384138767,0.0,"Court: upsell/cross-sell, referral incentives"
17743,448,1,229.2,1,2,1,0,One-Time Buyer,Lost / Let Go,-1.849324484151115,0.32987951548283134,0.7044203268591115,1.0,"Let go: exclude from paid marketing spend, low-cost win-back only"
17744,4,7,2649.14,5,4,4,4,VIP,Loyal Customer,1.338328209995922,-0.3275735852524463,0.11850109208653822,0.0,"Court: upsell/cross-sell, referral incentives"
17745,478,2,600.34,1,3,2,3,At Risk,At Risk,-1.1816907187124133,0.871983264353358,0.6160596013337252,1.0,"Win back: targeted discount, re-engagement email flow"
17746,240,4,904.1800000000001,2,4,3,3,At Risk,At Risk,-0.05135652937470935,0.18765749369829018,0.46760006710006546,0.0,"Win back: targeted discount, re-engagement email flow"
17747,113,1,71.4,3,2,1,2,One-Time Buyer,One-Time Buyer,-1.5797640281169802,-1.3798971126319433,,,"Convert: post-purchase follow-up, incentivize 2nd order"
17748,527,1,358.15,1,2,2,0,One-Time Buyer,Lost / Let Go,-1.8365198588156664,0.7788315951725701,0.8413129319747272,1.0,"Let go: exclude from paid marketing spend, low-cost win-back only"
17749,178,3,1026.18,3,3,3,4,Loyal Customer,Loyal Customer,-0.021663952060121474,-0.1268890208628652,0.49309366930896803,0.0,"Court: upsell/cross-sell, referral incentives"
17750,5,9,1694.16,5,5,4,4,VIP,Loyal Customer,1.3089828841708544,-0.3535553724199791,,,"Court: upsell/cross-sell, referral incentives"
17751,421,1,157.85999999999999,1,2,1,0,One-Time Buyer,Lost / Let Go,-1.950897355899811,0.11821455671912129,0.7650152447811799,1.0,"Let go: exclude from paid marketing spend, low-cost win-back only"
17752,359,1,80.64,2,2,1,0,One-Time Buyer,Lost / Let Go,-2.1015311805708636,-0.3183448198142633,0.8156867213646248,1.0,"Let go: exclude from paid marketing spend, low-cost win-back only"
17753,464,4,382.06,1,4,2,3,At Risk,At Risk,-0.9568435848645687,0.8964538184925753,0.7398833494736917,1.0,"Win back: targeted discount, re-engagement email flow"
17754,1,13,4451.22,5,5,5,1,VIP,VIP,2.005513936092796,0.02026568291910541,0.07010426244624782,0.0,"Court: white-glove service, early access, loyalty rewards"
17756,376,3,728.75,2,3,3,3,At Risk,At Risk,-0.6363407600089848,0.6108853455248203,0.5385221056349063,1.0,"Win back: targeted discount, re-engagement email flow"
17757,1,56,9362.55,5,5,5,1,VIP,VIP,3.4139681376707123,0.7759875128026746,0.05826651658420419,0.0,"Court: white-glove service, early access, loyalty rewards"
17758,19,12,4964.03,5,5,5,1,VIP,VIP,1.9549173465903547,0.09514657591140985,0.07340226480073304,0.0,"Court: white-glove service, early access, loyalty rewards"
17759,17,5,1260.63,5,4,4,4,VIP,Loyal Customer,0.7574304601947015,-0.5849104561125253,0.6580770163150459,1.0,"Court: upsell/cross-sell, referral incentives"
17760,22,6,918.93,4,4,3,4,Loyal Customer,Loyal Customer,0.7238953710991394,-0.5867337667325926,0.5521311965314963,1.0,"Court: upsell/cross-sell, referral incentives"
17761,33,1,712.78,4,2,3,2,One-Time Buyer,One-Time Buyer,-0.3766884352122552,-1.106061829700674,,,"Convert: post-purchase follow-up, incentivize 2nd order"
17762,456,1,129.75,1,2,1,0,One-Time Buyer,Lost / Let Go,-2.1191845226294217,0.21290655494565985,0.8063276536361315,1.0,"Let go: exclude from paid marketing spend, low-cost win-back only"
17763,263,4,86.15,2,4,1,2,At Risk,One-Time Buyer,-1.144325774367841,-0.33861152444697856,0.6742437533853524,1.0,"Convert: post-purchase follow-up, incentivize 2nd order"
17764,51,5,1513.57,4,4,4,4,VIP,Loyal Customer,0.7590774397535213,-0.39400522665301835,0.3710630830142384,0.0,"Court: upsell/cross-sell, referral incentives"
17765,159,4,524.0,3,4,2,2,Needs Attention,One-Time Buyer,-0.10386136865175696,-0.29624868706668117,0.3498535984045194,0.0,"Convert: post-purchase follow-up, incentivize 2nd order"
17766,381,2,299.61,2,3,2,0,At Risk,Lost / Let Go,-1.2627752205081575,0.28158297130102816,0.6870894023224722,1.0,"Let go: exclude from paid marketing spend, low-cost win-back only"
17767,15,2,413.05,5,3,2,2,Needs Attention,One-Time Buyer,-0.2649822527472723,-1.1651069573567605,0.75583618670049,1.0,"Convert: post-purchase follow-up, incentivize 2nd order"
17768,8,7,3292.73,5,4,5,4,VIP,Loyal Customer,1.4255077945589059,-0.2530052782741359,0.4639094731423953,0.0,"Court: upsell/cross-sell, referral incentives"
17769,13,17,7053.38,5,5,5,1,VIP,VIP,2.3748405873164713,0.2927866894143998,0.07166855942590014,0.0,"Court: white-glove service, early access, loyalty rewards"
17770,199,5,1143.27,2,4,3,4,At Risk,Loyal Customer,0.2885995009533768,0.15085942333201835,0.3557113074402574,0.0,"Court: upsell/cross-sell, referral incentives"
17771,57,4,386.93,4,4,2,2,Needs Attention,One-Time Buyer,0.0002492712427860889,-0.8036370130199888,0.4987246522441419,0.0,"Convert: post-purchase follow-up, incentivize 2nd order"
17772,11,3,360.75,5,3,2,2,Needs Attention,One-Time Buyer,-0.09462602373314859,-1.1034324660786579,0.6295300394465883,1.0,"Convert: post-purchase follow-up, incentivize 2nd order"
17773,514,2,575.37,1,3,2,3,At Risk,At Risk,-1.2846820726015298,1.0113765691706817,0.7092935068180742,1.0,"Win back: targeted discount, re-engagement email flow"
17774,97,9,3272.83,3,5,5,4,Loyal Customer,Loyal Customer,1.3861436050537583,0.2065651723774635,0.09837202296967965,0.0,"Court: upsell/cross-sell, referral incentives"
17775,255,1,56.4,2,2,1,2,One-Time Buyer,One-Time Buyer,-2.014812844308448,-0.8473236902502945,0.8094322594138623,1.0,"Convert: post-purchase follow-up, incentivize 2nd order"
17776,387,2,329.3,2,3,2,0,At Risk,Lost / Let Go,-1.2349820502340811,0.3317475217359195,0.7182309155900924,1.0,"Let go: exclude from paid marketing spend, low-cost win-back only"
17777,25,3,647.56,4,3,3,2,Loyal Customer,One-Time Buyer,0.13185665173313402,-0.8895562106801727,,,"Convert: post-purchase follow-up, incentivize 2nd order"
17778,662,1,197.70000000000002,1,2,1,0,One-Time Buyer,Lost / Let Go,-2.4149498366708757,1.186411624382001,0.9359973636839258,1.0,"Let go: exclude from paid marketing spend, low-cost win-back only"
17779,21,3,650.32,4,3,3,2,Loyal Customer,One-Time Buyer,0.1430933410387999,-0.9051682359080968,,,"Convert: post-purchase follow-up, incentivize 2nd order"
17780,667,3,346.56,1,3,2,0,At Risk,Lost / Let Go,-1.6459886100693335,1.6315355036110912,0.7954432653217224,1.0,"Let go: exclude from paid marketing spend, low-cost win-back only"
17781,159,2,188.02,3,3,1,2,Needs Attention,One-Time Buyer,-0.9497860965831761,-0.7709776342813354,0.6361846117040966,1.0,"Convert: post-purchase follow-up, incentivize 2nd order"
17782,383,2,679.02,2,3,3,3,At Risk,At Risk,-0.9050040847762723,0.5070774997318085,0.46155716762050425,0.0,"Win back: targeted discount, re-engagement email flow"
17783,72,3,376.96,3,3,2,2,Needs Attention,One-Time Buyer,-0.21776862078502487,-0.836464732191346,0.5348904755175209,1.0,"Convert: post-purchase follow-up, incentivize 2nd order"
17784,550,1,112.86,1,2,1,0,One-Time Buyer,Lost / Let Go,-2.4003514287379115,0.5695425705785597,0.9205157188387295,1.0,"Let go: exclude from paid marketing spend, low-cost win-back only"
17785,53,3,403.38,4,3,2,2,Needs Attention,One-Time Buyer,-0.1433503930354396,-0.8980154688951706,0.5646204030249259,1.0,"Convert: post-purchase follow-up, incentivize 2nd order"
17786,85,2,266.85,3,3,1,2,Needs Attention,One-Time Buyer,-0.6220196291580021,-0.9879813494637856,0.6345769732247891,1.0,"Convert: post-purchase follow-up, incentivize 2nd order"
17787,153,4,2553.82,3,4,4,4,Loyal Customer,Loyal Customer,0.6127350264296093,0.0995134291157346,0.22364592278620843,0.0,"Court: upsell/cross-sell, referral incentives"
17788,74,2,1112.95,3,3,3,2,Loyal Customer,One-Time Buyer,0.03651296485498741,-0.6549315677010352,,,"Convert: post-purchase follow-up, incentivize 2nd order"
17789,281,2,397.15,2,3,2,2,At Risk,One-Time Buyer,-0.904222787781512,-0.06221028261843987,0.793464293846882,1.0,"Convert: post-purchase follow-up, incentivize 2nd order"
17790,27,20,2779.41,4,5,4,1,VIP,VIP,2.047117468852522,0.16500257348530536,0.1388174488583905,0.0,"Court: white-glove service, early access, loyalty rewards"
17791,30,1,106.1,4,2,1,2,One-Time Buyer,One-Time Buyer,-1.2118728999862223,-1.623136716776961,,,"Convert: post-purchase follow-up, incentivize 2nd order"
17792,467,2,368.35,1,3,2,0,At Risk,Lost / Let Go,-1.372391005050337,0.6962999779196567,0.7449295551795881,1.0,"Let go: exclude from paid marketing spend, low-cost win-back only"
17793,25,1,300.34,4,2,2,2,One-Time Buyer,One-Time Buyer,-0.7408691571004129,-1.3689110697000124,,,"Convert: post-purchase follow-up, incentivize 2nd order"
17794,687,2,147.3,1,3,1,0,At Risk,Lost / Let Go,-2.291866222335353,1.3743733271304246,0.8736243489190428,1.0,"Let go: exclude from paid marketing spend, low-cost win-back only"
17795,180,2,342.83,3,3,2,2,Needs Attention,One-Time Buyer,-0.7332328474925712,-0.5239487135544106,0.5527864916237027,1.0,"Convert: post-purchase follow-up, incentivize 2nd order"
17796,40,7,1351.04,4,4,4,4,VIP,Loyal Customer,0.9553516703672851,-0.35590544262145074,0.3497693765661385,0.0,"Court: upsell/cross-sell, referral incentives"
17797,22,8,1971.87,4,5,4,4,VIP,Loyal Customer,1.255677057661589,-0.28392414632559904,0.25564340248613593,0.0,"Court: upsell/cross-sell, referral incentives"
17798,582,1,172.17,1,2,1,0,One-Time Buyer,Lost / Let Go,-2.2889869432462047,0.8150024036225687,0.9035229556600652,1.0,"Let go: exclude from paid marketing spend, low-cost win-back only"
17799,22,20,6246.93,4,5,5,1,VIP,VIP,2.418297584968414,0.35942886387204553,0.026410229208849865,0.0,"Court: white-glove service, early access, loyalty rewards"
17800,37,9,1186.21,4,5,3,4,Loyal Customer,Loyal Customer,1.0760308699199082,-0.3143583836412113,0.3887970633166535,0.0,"Court: upsell/cross-sell, referral incentives"
17801,451,3,770.03,1,3,3,3,At Risk,At Risk,-0.7872439637570238,0.9394248633334985,0.508914985727654,1.0,"Win back: targeted discount, re-engagement email flow"
17802,82,10,5046.42,3,5,5,1,Loyal Customer,VIP,1.6866337985553006,0.29681148666001184,0.2259544692245457,0.0,"Court: white-glove service, early access, loyalty rewards"
17803,392,1,184.66,2,2,1,0,One-Time Buyer,Lost / Let Go,-1.8138833080770114,0.038303440657875956,0.6840861292916685,1.0,"Let go: exclude from paid marketing spend, low-cost win-back only"
17804,376,3,383.78000000000003,2,3,2,3,At Risk,At Risk,-0.920518724196804,0.4406484988599193,0.6280601059627566,1.0,"Win back: targeted discount, re-engagement email flow"
17805,74,2,927.03,3,3,3,2,Loyal Customer,One-Time Buyer,-0.04456426977542156,-0.7035008957248959,0.5705927397280858,1.0,"Convert: post-purchase follow-up, incentivize 2nd order"
17806,11,1,546.04,5,2,2,2,One-Time Buyer,One-Time Buyer,-0.4433862432580277,-1.2689056702004735,,,"Convert: post-purchase follow-up, incentivize 2nd order"
17807,395,3,437.87,2,3,2,3,At Risk,At Risk,-0.9065359614488888,0.5551558604989625,0.5810842217148403,1.0,"Win back: targeted discount, re-engagement email flow"
17808,549,4,262.64,1,4,1,0,At Risk,Lost / Let Go,-1.3214405678849916,1.1528384634114308,0.7792760491949431,1.0,"Let go: exclude from paid marketing spend, low-cost win-back only"
17809,16,20,11337.39,5,5,5,1,VIP,VIP,2.69692776606182,0.49282726220546325,0.03582473786759436,0.0,"Court: white-glove service, early access, loyalty rewards"
17810,669,2,343.21,1,3,2,0,At Risk,Lost / Let Go,-1.8759253921743424,1.5229975914866902,0.7859304724260534,1.0,"Let go: exclude from paid marketing spend, low-cost win-back only"
17811,4,47,9513.1,5,5,5,1,VIP,VIP,3.282043312862027,0.724488313096773,0.018653506594218706,0.0,"Court: white-glove service, early access, loyalty rewards"
17812,13,7,1105.29,5,4,3,4,Loyal Customer,Loyal Customer,0.9294032803845809,-0.5222675456788648,0.4261168878279993,0.0,"Court: upsell/cross-sell, referral incentives"
17813,14,5,1698.07,5,4,4,4,VIP,Loyal Customer,0.8966143265937784,-0.518289866788638,,,"Court: upsell/cross-sell, referral incentives"
17814,375,2,1609.37,2,3,4,3,At Risk,At Risk,-0.5035245250558085,0.7028971517070246,0.45323039725350756,0.0,"Win back: targeted discount, re-engagement email flow"
17815,393,1,591.96,2,2,2,3,One-Time Buyer,At Risk,-1.3006356997780355,0.3513503289853651,0.498176827034798,0.0,"Win back: targeted discount, re-engagement email flow"
17816,37,6,112.32,4,4,1,2,Needs Attention,One-Time Buyer,-0.24095876438487335,-1.0809421426037158,0.45018118967773746,0.0,"Convert: post-purchase follow-up, incentivize 2nd order"
17817,4,6,788.15,5,4,3,4,Loyal Customer,Loyal Customer,0.6978911657665315,-0.7028567337693867,0.2749951444213516,0.0,"Court: upsell/cross-sell, referral incentives"
17818,738,1,124.78,1,2,1,0,One-Time Buyer,Lost / Let Go,-2.7956499210555537,1.382877132106321,0.8202364789026283,1.0,"Let go: exclude from paid marketing spend, low-cost win-back only"
17819,72,12,6612.5199999999995,3,5,5,1,Loyal Customer,VIP,1.9583094392624512,0.39322820139359105,0.06688605734177051,0.0,"Court: white-glove service, early access, loyalty rewards"
17820,374,1,180.60999999999999,2,2,1,0,One-Time Buyer,Lost / Let Go,-1.7815957564763154,-0.042899841753674166,0.7704543192565161,1.0,"Let go: exclude from paid marketing spend, low-cost win-back only"
17821,406,1,334.62,2,2,2,0,One-Time Buyer,Lost / Let Go,-1.5837325266123388,0.25437707543510074,0.7007094719106943,1.0,"Let go: exclude from paid marketing spend, low-cost win-back only"
17822,420,5,2154.08,1,4,4,3,Win-Back Priority,At Risk,0.053029793631609375,1.2442122992129625,0.5711059448498507,1.0,"Win back: targeted discount, re-engagement email flow"
17823,421,2,449.25,1,3,2,3,At Risk,At Risk,-1.1769130421806002,0.5564523747546276,0.6577838408779371,1.0,"Win back: targeted discount, re-engagement email flow"
17824,51,1,298.4,4,2,2,2,One-Time Buyer,One-Time Buyer,-0.8045196115715857,-1.261809007504297,,,"Convert: post-purchase follow-up, incentivize 2nd order"
17825,599,4,701.96,1,4,3,3,At Risk,At Risk,-1.0028858476720288,1.622960778127055,0.6611829882615378,1.0,"Win back: targeted discount, re-engagement email flow"
17826,374,1,133.34,2,2,1,0,One-Time Buyer,Lost / Let Go,-1.915458396332335,-0.12309027369112993,0.7955928847165344,1.0,"Let go: exclude from paid marketing spend, low-cost win-back only"
17827,5,6,2376.17,5,4,4,4,VIP,Loyal Customer,1.1851642128188569,-0.4053699097585371,0.12499439114901437,0.0,"Court: upsell/cross-sell, referral incentives"
17828,23,4,1165.09,4,4,3,4,Loyal Customer,Loyal Customer,0.5684026371368045,-0.6532032709104255,0.14601918318687512,0.0,"Court: upsell/cross-sell, referral incentives"
17829,299,5,4756.74,2,4,5,3,Win-Back Priority,At Risk,0.6875324380137843,0.9484243872286797,0.3935984161213949,0.0,"Win back: targeted discount, re-engagement email flow"
17830,2,3,398.7,5,3,2,2,Needs Attention,One-Time Buyer,-0.029291300944301837,-1.1145662640485383,0.43730218598229575,0.0,"Convert: post-purchase follow-up, incentivize 2nd order"
17831,33,1,35.400000000000006,4,2,1,2,One-Time Buyer,One-Time Buyer,-1.6980561493054267,-1.8976273318849273,,,"Convert: post-purchase follow-up, incentivize 2nd order"
17832,50,1,155.37,4,2,1,2,One-Time Buyer,One-Time Buyer,-1.090589039174276,-1.4387647769326297,,,"Convert: post-purchase follow-up, incentivize 2nd order"
17833,723,1,338.46000000000004,1,2,2,0,One-Time Buyer,Lost / Let Go,-2.3197630720611357,1.5841695909668398,0.9058682002631852,1.0,"Let go: exclude from paid marketing spend, low-cost win-back only"
17834,415,2,689.6700000000001,1,3,3,3,At Risk,At Risk,-0.9729137660947575,0.6451431196690127,0.5903539623129004,1.0,"Win back: targeted discount, re-engagement email flow"
17835,3,3,342.24,5,3,2,2,Needs Attention,One-Time Buyer,-0.09924442875251051,-1.150885853066627,,,"Convert: post-purchase follow-up, incentivize 2nd order"
17836,47,1,109.83,4,2,1,2,One-Time Buyer,One-Time Buyer,-1.2364150896874881,-1.5428794156621957,,,"Convert: post-purchase follow-up, incentivize 2nd order"
17837,42,8,1535.33,4,5,4,4,VIP,Loyal Customer,1.097878100141175,-0.2667368053541553,,,"Court: upsell/cross-sell, referral incentives"
17838,27,13,6507.5,4,5,5,1,VIP,VIP,2.1133234233087688,0.23008084563825199,0.10281755658467805,0.0,"Court: white-glove service, early access, loyalty rewards"
17839,42,1,318.15,4,2,2,2,One-Time Buyer,One-Time Buyer,-0.7551159337391419,-1.282486300041766,,,"Convert: post-purchase follow-up, incentivize 2nd order"
17840,444,1,175.9,1,2,1,0,One-Time Buyer,Lost / Let Go,-1.956908725667206,0.24308779608440761,0.7345687395325751,1.0,"Let go: exclude from paid marketing spend, low-cost win-back only"
17841,2,211,70056.56,5,5,5,1,VIP,VIP,5.314082006619323,1.837494614761195,0.014002243351874262,0.0,"Court: white-glove service, early access, loyalty rewards"
17842,602,1,430.69,1,2,2,0,One-Time Buyer,Lost / Let Go,-1.9301717536799838,1.1416675170661246,0.8380894728771464,1.0,"Let go: exclude from paid marketing spend, low-cost win-back only"
17843,303,2,312.65,2,3,2,2,At Risk,One-Time Buyer,-1.0615727102851484,-0.03358226444732198,0.6589134782092166,1.0,"Convert: post-purchase follow-up, incentivize 2nd order"
17844,107,1,51.559999999999995,3,2,1,2,One-Time Buyer,One-Time Buyer,-1.707930918180156,-1.4901905530522288,,,"Convert: post-purchase follow-up, incentivize 2nd order"
17845,555,4,596.09,1,4,2,3,At Risk,At Risk,-0.9724989789083934,1.395387016130198,0.6425264309739235,1.0,"Win back: targeted discount, re-engagement email flow"
17847,516,2,125.74000000000001,1,3,1,0,At Risk,Lost / Let Go,-1.961856136903197,0.6168870399767754,0.7929137822324409,1.0,"Let go: exclude from paid marketing spend, low-cost win-back only"
17848,81,30,3538.46,3,5,5,1,Loyal Customer,VIP,2.32718629685194,0.6099987094952545,0.12987525217446974,0.0,"Court: white-glove service, early access, loyalty rewards"
17849,218,8,1063.76,2,5,3,4,At Risk,Loyal Customer,0.5236318605013924,0.3723689884194828,0.5050678510148715,1.0,"Court: upsell/cross-sell, referral incentives"
17850,372,155,56600.08,2,5,5,1,Win-Back Priority,VIP,4.1188038291984785,3.2074525161018794,0.6260062413860993,1.0,"Court: white-glove service, early access, loyalty rewards"
17851,422,6,1552.35,1,4,4,3,Win-Back Priority,At Risk,0.021379050723193748,1.2267602823519976,0.5923671733893727,1.0,"Win back: targeted discount, re-engagement email flow"
17852,12,5,657.8100000000001,5,4,3,4,Loyal Customer,Loyal Customer,0.4806371147788489,-0.7786527527200929,0.439955970612043,0.0,"Court: upsell/cross-sell, referral incentives"
17853,407,3,1596.29,2,3,4,3,At Risk,At Risk,-0.3609943439616308,0.9489927341875244,0.60511138833698,1.0,"Win back: targeted discount, re-engagement email flow"
17854,185,6,1068.5,3,4,3,4,Loyal Customer,Loyal Customer,0.40972357297575596,0.13555371765142601,0.4132902076668481,0.0,"Court: upsell/cross-sell, referral incentives"
17855,373,1,417.94,2,2,2,0,One-Time Buyer,Lost / Let Go,-1.4081274644654023,0.17524054613078469,0.7014149160435166,1.0,"Let go: exclude from paid marketing spend, low-cost win-back only"
17856,2,4,1418.03,5,4,4,4,VIP,Loyal Customer,0.7046626400992149,-0.6888793667877848,0.26810259247790497,0.0,"Court: upsell/cross-sell, referral incentives"
17857,4,23,27104.74,5,5,5,1,VIP,VIP,3.2145180796775144,0.7274889643749058,0.043529529123241,0.0,"Court: white-glove service, early access, loyalty rewards"
17858,6,30,12754.9,5,5,5,1,VIP,VIP,3.071746938984006,0.6370897579005884,0.023377496937848342,0.0,"Court: white-glove service, early access, loyalty rewards"
17859,305,1,141.92000000000002,2,2,1,0,One-Time Buyer,Lost / Let Go,-1.7266613862393219,-0.3954144537037866,0.7366326882329184,1.0,"Let go: exclude from paid marketing spend, low-cost win-back only"
17860,369,4,943.84,2,4,3,3,At Risk,At Risk,-0.33389259551539796,0.7389777613307124,0.5367349955507119,1.0,"Win back: targeted discount, re-engagement email flow"
17861,3,18,5088.29,5,5,5,1,VIP,VIP,2.294773219061998,0.18557457047162443,0.06420714902378885,0.0,"Court: white-glove service, early access, loyalty rewards"
17862,324,4,1254.89,2,4,4,3,Win-Back Priority,At Risk,-0.10233432653576174,0.626329911623212,0.5352601732282579,1.0,"Win back: targeted discount, re-engagement email flow"
17863,59,12,5745.2,4,5,5,1,VIP,VIP,1.926283504397413,0.30142712327690213,0.05625477647517274,0.0,"Court: white-glove service, early access, loyalty rewards"
17864,13,5,876.57,5,4,3,4,Loyal Customer,Loyal Customer,0.6056057114277696,-0.6982044571736515,0.33263614415632486,0.0,"Court: upsell/cross-sell, referral incentives"
17865,31,46,26310.09,4,5,5,1,VIP,VIP,3.6544031513857695,1.0996880249711587,0.012244034144795815,0.0,"Court: white-glove service, early access, loyalty rewards"
17866,143,3,1134.95,3,3,3,4,Loyal Customer,Loyal Customer,0.10484921507585614,-0.24660573901702243,0.7232198252129081,1.0,"Court: upsell/cross-sell, referral incentives"
17867,30,14,1560.72,4,5,4,4,VIP,Loyal Customer,1.5255608661423217,-0.10958585649448366,0.25241328187394885,0.0,"Court: upsell/cross-sell, referral incentives"
17868,386,1,227.15,2,2,1,0,One-Time Buyer,Lost / Let Go,-1.708352764801798,0.06800647828581181,0.6931760111780109,1.0,"Let go: exclude from paid marketing spend, low-cost win-back only"
17869,107,7,1027.96,3,4,3,4,Loyal Customer,Loyal Customer,0.677476010561361,-0.14811552209982046,0.259762184817824,0.0,"Court: upsell/cross-sell, referral incentives"
17870,2,13,3079.69,5,5,5,1,VIP,VIP,1.839670867634751,-0.07349678760377064,0.4437147434249896,0.0,"Court: white-glove service, early access, loyalty rewards"
17871,205,5,1068.95,2,4,3,4,At Risk,Loyal Customer,0.24475543843046826,0.15810968007769893,0.3890872369902992,0.0,"Court: upsell/cross-sell, referral incentives"
17872,382,1,235.87,2,2,1,0,One-Time Buyer,Lost / Let Go,-1.6823476864290479,0.06124145846270906,0.7311371312205068,1.0,"Let go: exclude from paid marketing spend, low-cost win-back only"
17873,80,18,6340.900000000001,3,5,5,1,Loyal Customer,VIP,2.212462159521045,0.5663759039649904,0.014444430200118085,0.0,"Court: white-glove service, early access, loyalty rewards"
17874,185,6,683.46,3,4,3,4,Loyal Customer,Loyal Customer,0.21155597008129334,0.016841389183905767,0.3250273253915833,0.0,"Court: upsell/cross-sell, referral incentives"
17875,688,1,167.1,1,2,1,0,One-Time Buyer,Lost / Let Go,-2.5499870312394037,1.2507494505730254,0.9169708107854825,1.0,"Let go: exclude from paid marketing spend, low-cost win-back only"
17876,400,3,3424.02,2,3,5,3,At Risk,At Risk,-0.005941670403472041,1.1225861952838128,0.46979368200436206,0.0,"Win back: targeted discount, re-engagement email flow"
17877,170,1,237.61,3,2,1,2,One-Time Buyer,One-Time Buyer,-1.1834849447206073,-0.824113118472676,,,"Convert: post-purchase follow-up, incentivize 2nd order"
17878,44,3,1378.93,4,3,4,4,Loyal Customer,Loyal Customer,0.422678725432255,-0.6092082235587495,0.5487368649659843,1.0,"Court: upsell/cross-sell, referral incentives"
17879,174,1,178.51999999999998,3,2,1,2,One-Time Buyer,One-Time Buyer,-1.319175592884782,-0.8830552535984136,,,"Convert: post-purchase follow-up, incentivize 2nd order"
17880,365,3,824.9200000000001,2,3,3,3,At Risk,At Risk,-0.5556587293011623,0.5977736716597423,0.5713638207438286,1.0,"Win back: targeted discount, re-engagement email flow"
17881,304,1,133.35000000000002,2,2,1,0,One-Time Buyer,Lost / Let Go,-1.7517795199002193,-0.41604731632004827,0.7903042432689037,1.0,"Let go: exclude from paid marketing spend, low-cost win-back only"
17882,379,2,291.56,2,3,2,0,At Risk,Lost / Let Go,-1.2701517399459605,0.26599238365166056,0.7118457394435934,1.0,"Let go: exclude from paid marketing spend, low-cost win-back only"
17883,3,7,988.42,5,4,3,4,Loyal Customer,Loyal Customer,0.9032085583818285,-0.5938179108956031,0.39608685907159147,0.0,"Court: upsell/cross-sell, referral incentives"
17884,4,20,3015.99,5,5,5,1,VIP,VIP,2.137144982874953,0.09045921633941559,0.17710607868508668,0.0,"Court: white-glove service, early access, loyalty rewards"
17885,12,1,156.34,5,2,1,2,One-Time Buyer,One-Time Buyer,-0.9990069602231374,-1.596164492109862,,,"Convert: post-purchase follow-up, incentivize 2nd order"
17886,32,6,1572.55,4,4,4,4,VIP,Loyal Customer,0.9388568003496846,-0.4021026808166871,0.227437059864355,0.0,"Court: upsell/cross-sell, referral incentives"
17887,129,1,111.35,3,2,1,2,One-Time Buyer,One-Time Buyer,-1.4220664430634116,-1.196054891939768,,,"Convert: post-purchase follow-up, incentivize 2nd order"
17888,21,25,1807.44,4,5,4,1,VIP,VIP,2.0342022883915023,0.11036226233428043,0.18849121095774996,0.0,"Court: white-glove service, early access, loyalty rewards"
17889,212,7,746.42,2,4,3,4,At Risk,Loyal Customer,0.2900686059119167,0.20632136389538117,0.2333977886615187,0.0,"Court: upsell/cross-sell, referral incentives"
17890,323,2,586.89,2,3,2,3,At Risk,At Risk,-0.8293758278690624,0.21723213551501377,0.4330601307231742,0.0,"Win back: targeted discount, re-engagement email flow"
17891,162,1,203.85999999999999,3,2,1,2,One-Time Buyer,One-Time Buyer,-1.232495241654085,-0.8981594741257084,,,"Convert: post-purchase follow-up, incentivize 2nd order"
17892,56,3,244.1,4,3,1,2,Needs Attention,One-Time Buyer,-0.37267312614173437,-1.018633758125314,,,"Convert: post-purchase follow-up, incentivize 2nd order"
17893,225,1,107.21,2,2,1,2,One-Time Buyer,One-Time Buyer,-1.6631653463030311,-0.8042444512265852,0.6675581412744133,1.0,"Convert: post-purchase follow-up, incentivize 2nd order"
17894,72,18,2410.93,3,5,4,1,Loyal Customer,VIP,1.8019201929298554,0.27575395425446614,0.14230858212247324,0.0,"Court: white-glove service, early access, loyalty rewards"
17895,44,1,95.45,4,2,1,2,One-Time Buyer,One-Time Buyer,-1.291106583613534,-1.5923998863325195,,,"Convert: post-purchase follow-up, incentivize 2nd order"
17896,23,1,256.32,4,2,1,2,One-Time Buyer,One-Time Buyer,-0.8063106031355902,-1.419285459232178,,,"Convert: post-purchase follow-up, incentivize 2nd order"
17897,173,9,2463.71,3,5,4,4,Loyal Customer,Loyal Customer,1.0824234244311601,0.4491455015323526,0.2089896751331471,0.0,"Court: upsell/cross-sell, referral incentives"
17898,85,4,299.18,3,4,2,2,Needs Attention,One-Time Buyer,-0.17907139427655214,-0.7546555231876957,0.3432768619823961,0.0,"Convert: post-purchase follow-up, incentivize 2nd order"
17899,159,1,154.55,3,2,1,2,One-Time Buyer,One-Time Buyer,-1.3477434565534054,-0.9839564564260582,,,"Convert: post-purchase follow-up, incentivize 2nd order"
17900,190,2,112.19999999999999,2,3,1,2,At Risk,One-Time Buyer,-1.2498987636914927,-0.7775990847496963,0.659256426578317,1.0,"Convert: post-purchase follow-up, incentivize 2nd order"
17901,29,3,260.08,4,3,1,2,Needs Attention,One-Time Buyer,-0.2815088474514132,-1.1148395016761534,0.46225982800798127,0.0,"Convert: post-purchase follow-up, incentivize 2nd order"
17902,547,1,216.39999999999998,1,2,1,0,One-Time Buyer,Lost / Let Go,-2.1061678711128207,0.7290157452313735,0.8366604945273692,1.0,"Let go: exclude from paid marketing spend, low-cost win-back only"
17903,394,1,381.09000000000003,2,2,2,0,One-Time Buyer,Lost / Let Go,-1.4981016221893622,0.23864418366019713,0.7241131733282631,1.0,"Let go: exclude from paid marketing spend, low-cost win-back only"
17904,21,1,181.07,4,2,1,2,One-Time Buyer,One-Time Buyer,-0.9552300268668578,-1.5196673422361204,,,"Convert: post-purchase follow-up, incentivize 2nd order"
17905,71,13,2368.87,3,5,4,1,Loyal Customer,VIP,1.5618915712391626,0.14552254214550597,0.29381266590695504,0.0,"Court: white-glove service, early access, loyalty rewards"
17906,247,1,72.9,2,2,1,2,One-Time Buyer,One-Time Buyer,-1.8839238526298425,-0.8136013534992285,0.826241341127472,1.0,"Convert: post-purchase follow-up, incentivize 2nd order"
17907,641,1,291.76,1,2,2,0,One-Time Buyer,Lost / Let Go,-2.1937780353948306,1.2016019524051436,0.8940297081886383,1.0,"Let go: exclude from paid marketing spend, low-cost win-back only"
17908,374,5,1374.5,2,4,4,3,Win-Back Priority,At Risk,-0.03879537684660064,0.932255716388361,0.5120995189532306,1.0,"Win back: targeted discount, re-engagement email flow"
17909,737,1,110.05,1,2,1,0,One-Time Buyer,Lost / Let Go,-2.8486148908751097,1.3455626186421743,0.9554554916013593,1.0,"Let go: exclude from paid marketing spend, low-cost win-back only"
17910,726,1,261.7,1,2,1,0,One-Time Buyer,Lost / Let Go,-2.4405947570004085,1.528542878349995,0.9011851743208734,1.0,"Let go: exclude from paid marketing spend, low-cost win-back only"
17911,9,1,366.23,5,2,2,2,One-Time Buyer,One-Time Buyer,-0.6156623717210935,-1.3832793902329783,,,"Convert: post-purchase follow-up, incentivize 2nd order"
17912,310,6,371.6,2,4,2,3,At Risk,At Risk,-0.3506804084151978,0.37826378263969657,0.7852944736755215,1.0,"Win back: targeted discount, re-engagement email flow"
17913,59,14,3425.09,4,5,5,1,VIP,VIP,1.8065908526741912,0.2207545930972704,0.233345003512177,0.0,"Court: white-glove service, early access, loyalty rewards"
17914,4,1,329.36,5,2,2,2,One-Time Buyer,One-Time Buyer,-0.6509517235251921,-1.4323486878381562,,,"Convert: post-purchase follow-up, incentivize 2nd order"
17915,551,1,225.78,1,2,1,0,One-Time Buyer,Lost / Let Go,-2.096763576553797,0.7569927545467456,0.8579031115846929,1.0,"Let go: exclude from paid marketing spend, low-cost win-back only"
17916,629,2,43.87,1,3,1,0,At Risk,Lost / Let Go,-2.687070134939529,0.8136475728180034,0.890653499721479,1.0,"Let go: exclude from paid marketing spend, low-cost win-back only"
17917,45,3,335.03,4,3,2,2,Needs Attention,One-Time Buyer,-0.20685795920640315,-0.9807464155835957,0.4361067378799605,0.0,"Convert: post-purchase follow-up, incentivize 2nd order"
17918,501,3,388.44,1,3,2,3,At Risk,At Risk,-1.2073984276251783,0.9670233445781476,0.6766253217723556,1.0,"Win back: targeted discount, re-engagement email flow"
17919,88,2,1840.32,3,3,4,4,Loyal Customer,Loyal Customer,0.22692863221242607,-0.46266125823377297,0.4736658263509064,0.0,"Court: upsell/cross-sell, referral incentives"
17920,4,54,24232.94,5,5,5,1,VIP,VIP,3.801740135792956,1.0272789797770596,0.009567468351475813,0.0,"Court: white-glove service, early access, loyalty rewards"
17921,64,10,2394.36,3,5,4,4,Loyal Customer,Loyal Customer,1.3977762859691565,0.023226211487644328,0.13850967274743795,0.0,"Court: upsell/cross-sell, referral incentives"
17922,543,1,170.4,1,2,1,0,One-Time Buyer,Lost / Let Go,-2.20237446403198,0.6490398077150479,0.9185187539118689,1.0,"Let go: exclude from paid marketing spend, low-cost win-back only"
17923,282,3,497.0,2,3,2,3,At Risk,At Risk,-0.5862437526363747,0.11582687679145486,0.5948986799318962,1.0,"Win back: targeted discount, re-engagement email flow"
17924,12,8,3536.7000000000003,5,5,5,4,VIP,Loyal Customer,1.5383495957440703,-0.17044753893658515,0.44105082514809046,0.0,"Court: upsell/cross-sell, referral incentives"
17925,373,1,488.16,2,2,2,0,One-Time Buyer,Lost / Let Go,-1.3393232750720792,0.21645770479799425,0.7645937598202723,1.0,"Let go: exclude from paid marketing spend, low-cost win-back only"
17926,133,5,1035.49,3,4,3,4,Loyal Customer,Loyal Customer,0.3989699059372999,-0.15168870067150875,0.2696363468041813,0.0,"Court: upsell/cross-sell, referral incentives"
17927,722,1,294.0,1,2,2,0,One-Time Buyer,Lost / Let Go,-2.379755326079693,1.542645381982932,0.9269426561716106,1.0,"Let go: exclude from paid marketing spend, low-cost win-back only"
17928,45,3,313.16,4,3,2,2,Needs Attention,One-Time Buyer,-0.2367387610045342,-0.9986465138141916,0.5425206144797592,1.0,"Convert: post-purchase follow-up, incentivize 2nd order"
17929,11,12,3082.1,5,5,5,1,VIP,VIP,1.7620575702656316,-0.06507282921061076,0.1741657330314043,0.0,"Court: white-glove service, early access, loyalty rewards"
17930,36,13,4275.22,4,5,5,1,VIP,VIP,1.9057827051340546,0.15602612344780956,0.0691345744091687,0.0,"Court: white-glove service, early access, loyalty rewards"
17931,134,14,3402.24,3,5,5,1,Loyal Customer,VIP,1.628284853974603,0.5328784630013371,0.04117117629152924,0.0,"Court: white-glove service, early access, loyalty rewards"
17932,29,3,1331.57,4,3,4,4,Loyal Customer,Loyal Customer,0.4422394674136636,-0.6812779788684408,0.21649764229416263,0.0,"Court: upsell/cross-sell, referral incentives"
17933,632,1,105.99,1,2,1,0,One-Time Buyer,Lost / Let Go,-2.6196832733420057,0.8961907916196888,0.9605198665854654,1.0,"Let go: exclude from paid marketing spend, low-cost win-back only"
17934,52,3,1049.15,4,3,3,4,Loyal Customer,Loyal Customer,0.28271811983657424,-0.6483649118149295,0.7145577172195707,1.0,"Court: upsell/cross-sell, referral incentives"
17935,138,7,683.24,3,4,3,4,Loyal Customer,Loyal Customer,0.42385156516979344,-0.12688819726029887,0.5821605547959643,1.0,"Court: upsell/cross-sell, referral incentives"
17936,5,1,380.13,5,2,2,2,One-Time Buyer,One-Time Buyer,-0.5898153556646941,-1.3901390973073917,,,"Convert: post-purchase follow-up, incentivize 2nd order"
17937,9,7,4301.22,5,4,5,4,VIP,Loyal Customer,1.541768950971518,-0.17777317594165032,0.13133563467001147,0.0,"Court: upsell/cross-sell, referral incentives"
17938,420,1,144.29,1,2,1,0,One-Time Buyer,Lost / Let Go,-1.988205645091338,0.09027917983571686,0.8325499013716201,1.0,"Let go: exclude from paid marketing spend, low-cost win-back only"
17939,160,1,99.14,3,2,1,2,One-Time Buyer,One-Time Buyer,-1.5456210873164782,-1.0969092356932604,,,"Convert: post-purchase follow-up, incentivize 2nd order"
17940,49,14,28389.58,4,5,5,1,VIP,VIP,2.7688829324132476,0.7413573759239915,0.21153929974920171,0.0,"Court: white-glove service, early access, loyalty rewards"
17941,131,4,1433.28,3,4,4,4,Loyal Customer,Loyal Customer,0.4078329471503234,-0.14612169816682255,0.5061389612641443,1.0,"Court: upsell/cross-sell, referral incentives"
17942,8,1,77.50000000000001,5,2,1,2,One-Time Buyer,One-Time Buyer,-1.2983785236720609,-1.7978464318301297,,,"Convert: post-purchase follow-up, incentivize 2nd order"
17944,423,1,74.99,1,2,1,0,One-Time Buyer,Lost / Let Go,-2.2829933370465643,-0.06955590156668612,0.8555805379372111,1.0,"Let go: exclude from paid marketing spend, low-cost win-back only"
17945,697,3,359.5,1,3,2,0,At Risk,Lost / Let Go,-1.6998920150446157,1.7668199025119993,0.7777695098013876,1.0,"Let go: exclude from paid marketing spend, low-cost win-back only"
17946,233,2,149.57999999999998,2,3,1,2,At Risk,One-Time Buyer,-1.2237318173008613,-0.5217325937349745,0.6970200392747761,1.0,"Convert: post-purchase follow-up, incentivize 2nd order"
17947,37,1,176.68,4,2,1,2,One-Time Buyer,One-Time Buyer,-1.0034716895485016,-1.4591930548711525,,,"Convert: post-purchase follow-up, incentivize 2nd order"
17948,147,1,358.56000000000006,3,2,2,2,One-Time Buyer,One-Time Buyer,-0.9476502173657358,-0.8113106453757045,,,"Convert: post-purchase follow-up, incentivize 2nd order"
17949,1,116,109147.48,5,5,5,1,VIP,VIP,5.056736946326179,1.7150083938932768,0.023634768832505072,0.0,"Court: white-glove service, early access, loyalty rewards"
17950,72,7,1429.46,3,4,4,4,Loyal Customer,Loyal Customer,0.9055759377647354,-0.20697667833100022,0.3983789585756953,0.0,"Court: upsell/cross-sell, referral incentives"
17951,40,4,1636.0800000000002,4,4,4,4,VIP,Loyal Customer,0.6792929834891503,-0.49181509133543083,0.4661401219016115,0.0,"Court: upsell/cross-sell, referral incentives"
17952,378,4,788.46,2,4,3,3,At Risk,At Risk,-0.43470594010251806,0.728858086265777,0.5135026812208554,1.0,"Win back: targeted discount, re-engagement email flow"
17953,540,1,148.67000000000002,1,2,1,0,One-Time Buyer,Lost / Let Go,-2.2555538382367115,0.6004251725618165,0.9180363156399409,1.0,"Let go: exclude from paid marketing spend, low-cost win-back only"
17954,5,19,3930.51,5,5,5,1,VIP,VIP,2.2148898382626205,0.14567665601246144,0.02735703207629148,0.0,"Court: white-glove service, early access, loyalty rewards"
17955,199,6,949.9,2,4,3,4,At Risk,Loyal Customer,0.32480687151879467,0.16288613552072312,0.38719039400494587,0.0,"Court: upsell/cross-sell, referral incentives"
17956,249,1,12.75,2,2,1,0,One-Time Buyer,Lost / Let Go,-2.6352745960597526,-1.252526432039672,0.7812706375607913,1.0,"Let go: exclude from paid marketing spend, low-cost win-back only"
17957,66,1,110.72,3,2,1,2,One-Time Buyer,One-Time Buyer,-1.2772819651779306,-1.461229736993382,,,"Convert: post-purchase follow-up, incentivize 2nd order"
17958,117,2,973.88,3,3,3,2,Loyal Customer,One-Time Buyer,-0.12322207003046731,-0.5104296829169425,0.8113722553287073,1.0,"Convert: post-purchase follow-up, incentivize 2nd order"
17959,592,1,140.75,1,2,1,0,One-Time Buyer,Lost / Let Go,-2.4012590538986944,0.8036041946024755,0.8865600724025555,1.0,"Let go: exclude from paid marketing spend, low-cost win-back only"
17960,171,3,135.08,3,3,1,2,Needs Attention,One-Time Buyer,-0.9027839660138299,-0.6938249701194871,0.5130236404364564,1.0,"Convert: post-purchase follow-up, incentivize 2nd order"
17961,21,100,2994.29,4,5,5,1,VIP,VIP,3.300531185138087,0.7838883382058938,0.2643565721142038,0.0,"Court: white-glove service, early access, loyalty rewards"
17962,142,4,665.91,3,4,3,4,Loyal Customer,Loyal Customer,0.0421129186841575,-0.30376207418970486,0.47640444338622906,0.0,"Court: upsell/cross-sell, referral incentives"
17963,471,4,643.16,1,4,3,3,At Risk,At Risk,-0.7424330471119849,1.063997368713381,0.6027184782391641,1.0,"Win back: targeted discount, re-engagement email flow"
17964,32,2,724.97,4,3,3,2,Loyal Customer,One-Time Buyer,-0.055405093510670786,-0.9446004295986491,0.5455350735420903,1.0,"Convert: post-purchase follow-up, incentivize 2nd order"
17965,38,29,7153.45,4,5,5,1,VIP,VIP,2.7150011944660917,0.6041836077616636,0.015536972265431397,0.0,"Court: white-glove service, early access, loyalty rewards"
17966,38,10,1963.92,4,5,4,4,VIP,Loyal Customer,1.3706092126936775,-0.13828010259888282,0.16190109485232004,0.0,"Court: upsell/cross-sell, referral incentives"
17967,372,2,335.69,2,3,2,3,At Risk,At Risk,-1.191407337667411,0.27406333865038834,0.6882263927846775,1.0,"Win back: targeted discount, re-engagement email flow"
17968,374,4,855.54,2,4,3,3,At Risk,At Risk,-0.38914515156155083,0.733807917180115,0.501439862502439,1.0,"Win back: targeted discount, re-engagement email flow"
17969,166,20,2354.29,3,5,4,1,Loyal Customer,VIP,1.6484875054658688,0.7026351903382818,0.4724862392177551,0.0,"Court: white-glove service, early access, loyalty rewards"
17970,211,1,562.79,2,2,2,2,One-Time Buyer,One-Time Buyer,-0.897554532132238,-0.4238069717255908,0.4226296767109276,0.0,"Convert: post-purchase follow-up, incentivize 2nd order"
17971,548,1,161.94,1,2,1,0,One-Time Buyer,Lost / Let Go,-2.236538188806312,0.6565032306997942,0.922795814775257,1.0,"Let go: exclude from paid marketing spend, low-cost win-back only"
17972,242,1,135.19,2,2,1,2,One-Time Buyer,One-Time Buyer,-1.6007964075165666,-0.671923027208678,0.725514042181698,1.0,"Convert: post-purchase follow-up, incentivize 2nd order"
17973,52,1,337.04,4,2,2,2,One-Time Buyer,One-Time Buyer,-0.7529621615199168,-1.2253376689414421,,,"Convert: post-purchase follow-up, incentivize 2nd order"
17974,25,6,1739.09,4,4,4,4,VIP,Loyal Customer,0.999889658836361,-0.40464182844612434,0.15876761836621253,0.0,"Court: upsell/cross-sell, referral incentives"
17975,15,24,7007.13,5,5,5,1,VIP,VIP,2.619559484580046,0.42996416696220324,0.03610314497294362,0.0,"Court: white-glove service, early access, loyalty rewards"
17976,372,1,643.58,2,2,3,3,One-Time Buyer,At Risk,-1.214479794097895,0.285659367069034,0.7012146048788377,1.0,"Win back: targeted discount, re-engagement email flow"
17977,29,2,1511.45,4,3,4,4,Loyal Customer,Loyal Customer,0.27749947211665954,-0.7619314300308856,0.4269482258753686,0.0,"Court: upsell/cross-sell, referral incentives"
17978,365,4,1460.9099999999999,2,4,4,3,Win-Back Priority,At Risk,-0.13073965496422912,0.8383331915462728,0.3822392222602572,0.0,"Win back: targeted discount, re-engagement email flow"
17979,36,4,729.01,4,4,3,4,Loyal Customer,Loyal Customer,0.3300590844352322,-0.7233670697302355,0.42633712443075394,0.0,"Court: upsell/cross-sell, referral incentives"
17980,166,4,1012.72,3,4,3,4,Loyal Customer,Loyal Customer,0.1719234858038835,-0.0919388443868444,0.24346973536099872,0.0,"Court: upsell/cross-sell, referral incentives"
17981,411,1,239.12,1,2,1,0,One-Time Buyer,Lost / Let Go,-1.7440931833229028,0.18624220981570172,0.7278124954186855,1.0,"Let go: exclude from paid marketing spend, low-cost win-back only"
17982,681,1,138.18,1,2,1,0,One-Time Buyer,Lost / Let Go,-2.617446979027369,1.1712366705163324,0.9171530025772099,1.0,"Let go: exclude from paid marketing spend, low-cost win-back only"
17983,395,1,171.71,2,2,1,0,One-Time Buyer,Lost / Let Go,-1.8529998134226267,0.03162821707867558,0.7665349375622021,1.0,"Let go: exclude from paid marketing spend, low-cost win-back only"
17984,145,5,1148.69,3,4,3,4,Loyal Customer,Loyal Customer,0.4169387056562586,-0.0738943925621444,0.4673202472576158,0.0,"Court: upsell/cross-sell, referral incentives"
17985,22,1,631.35,4,2,3,2,One-Time Buyer,One-Time Buyer,-0.40475601739958345,-1.1843199734132992,,,"Convert: post-purchase follow-up, incentivize 2nd order"
17986,56,1,20.8,4,2,1,2,One-Time Buyer,One-Time Buyer,-1.9794496265816728,-1.9377217800890314,,,"Convert: post-purchase follow-up, incentivize 2nd order"
17987,185,5,965.4399999999999,3,4,3,4,Loyal Customer,Loyal Customer,0.24633456620256253,0.04733882963574307,0.27824280934335316,0.0,"Court: upsell/cross-sell, referral incentives"
17988,12,13,485.69,5,5,2,4,Needs Attention,Loyal Customer,0.9969748558922237,-0.5224555302339267,0.5904298619971373,1.0,"Court: upsell/cross-sell, referral incentives"
17989,379,1,207.32999999999998,2,2,1,0,One-Time Buyer,Lost / Let Go,-1.7323395209397243,0.01453631938066686,0.7586349828674614,1.0,"Let go: exclude from paid marketing spend, low-cost win-back only"
17990,237,6,1527.6100000000001,2,4,4,4,Win-Back Priority,Loyal Customer,0.44674303100815393,0.4481939793997687,0.4807419995193348,0.0,"Court: upsell/cross-sell, referral incentives"
17991,225,3,298.65,2,3,2,2,At Risk,One-Time Buyer,-0.6785382034611285,-0.25785508341355856,0.5339241581856039,1.0,"Convert: post-purchase follow-up, incentivize 2nd order"
17992,389,1,252.88,2,2,1,0,One-Time Buyer,Lost / Let Go,-1.667920269068618,0.10898509422122847,0.706777269553713,1.0,"Let go: exclude from paid marketing spend, low-cost win-back only"
17993,617,1,225.99,1,2,1,0,One-Time Buyer,Lost / Let Go,-2.250647249458768,1.0334742497033278,0.8828155897266186,1.0,"Let go: exclude from paid marketing spend, low-cost win-back only"
17994,122,11,2264.0299999999997,3,5,4,4,Loyal Customer,Loyal Customer,1.304174902308679,0.28567856496924576,0.07102567412642798,0.0,"Court: upsell/cross-sell, referral incentives"
17995,282,3,495.48,2,3,2,3,At Risk,At Risk,-0.5876010273388617,0.11501380120317066,0.556762725227879,1.0,"Win back: targeted discount, re-engagement email flow"
17996,380,3,469.73,2,3,2,3,At Risk,At Risk,-0.8403523438902301,0.5110155449099227,0.5692819273900107,1.0,"Win back: targeted discount, re-engagement email flow"
17997,74,8,1962.46,3,5,4,4,Loyal Customer,Loyal Customer,1.131988738748159,-0.06755589940421276,,,"Court: upsell/cross-sell, referral incentives"
17998,380,3,639.24,2,3,3,3,At Risk,At Risk,-0.7037942286051773,0.5928207017561615,0.5248198294420509,1.0,"Win back: targeted discount, re-engagement email flow"
17999,37,3,718.8,4,3,3,2,Loyal Customer,One-Time Buyer,0.15007699883643516,-0.8116112130772732,0.4828042077573714,0.0,"Convert: post-purchase follow-up, incentivize 2nd order"
18000,564,1,124.25,1,2,1,0,One-Time Buyer,Lost / Let Go,-2.390748020231879,0.6534972727002875,0.8996696627080542,1.0,"Let go: exclude from paid marketing spend, low-cost win-back only"
18001,12,6,924.14,5,4,3,4,Loyal Customer,Loyal Customer,0.7497808750347034,-0.6270854657801451,0.45500325959572563,0.0,"Court: upsell/cross-sell, referral incentives"
18002,376,4,237.62,2,4,1,3,At Risk,At Risk,-0.9612745215394805,0.40224542587832535,0.607694409693146,1.0,"Win back: targeted discount, re-engagement email flow"
18003,376,1,353.51,2,2,2,0,One-Time Buyer,Lost / Let Go,-1.4892861116104077,0.1433799720004891,0.745566812208556,1.0,"Let go: exclude from paid marketing spend, low-cost win-back only"
18004,362,1,157.92,2,2,1,0,One-Time Buyer,Lost / Let Go,-1.812799636159625,-0.12862262624905346,0.7967295451109312,1.0,"Let go: exclude from paid marketing spend, low-cost win-back only"
18005,4,2,226.47,5,3,1,2,Needs Attention,One-Time Buyer,-0.505212674928602,-1.3704612781543115,,,"Convert: post-purchase follow-up, incentivize 2nd order"
18006,23,4,969.51,4,4,3,4,Loyal Customer,Loyal Customer,0.48688744811962165,-0.702034955567041,0.5025694194395433,1.0,"Court: upsell/cross-sell, referral incentives"
18007,393,1,215.22,2,2,1,0,One-Time Buyer,Lost / Let Go,-1.7485635905978139,0.083019067325607,0.6923720997219657,1.0,"Let go: exclude from paid marketing spend, low-cost win-back only"
18008,70,23,19759.079999999998,3,5,5,1,Loyal Customer,VIP,2.9198809011040288,0.9196520535265755,0.027327662281032776,0.0,"Court: white-glove service, early access, loyalty rewards"
18009,235,8,2144.23,2,5,4,4,Win-Back Priority,Loyal Customer,0.7949150795120487,0.6298405393667541,0.3001103584778932,0.0,"Court: upsell/cross-sell, referral incentives"
18010,257,1,174.8,2,2,1,2,One-Time Buyer,One-Time Buyer,-1.5225101342848923,-0.5412380046207727,0.6880105822981303,1.0,"Convert: post-purchase follow-up, incentivize 2nd order"
18011,373,2,513.58,2,3,2,3,At Risk,At Risk,-1.0054024825994303,0.39107541279655744,0.6837038408854595,1.0,"Win back: targeted discount, re-engagement email flow"
18012,723,1,115.3,1,2,1,0,One-Time Buyer,Lost / Let Go,-2.7953759248488153,1.2992536492143696,0.961060510444626,1.0,"Let go: exclude from paid marketing spend, low-cost win-back only"
18013,155,2,187.29,3,3,1,2,Needs Attention,One-Time Buyer,-0.9421529927621679,-0.7887483878657977,,,"Convert: post-purchase follow-up, incentivize 2nd order"
18014,28,1,154.27,4,2,1,2,One-Time Buyer,One-Time Buyer,-1.0422919424128474,-1.5327209046470354,,,"Convert: post-purchase follow-up, incentivize 2nd order"
18015,4,1,120.03,5,2,1,2,One-Time Buyer,One-Time Buyer,-1.0967989905334625,-1.6994335515311356,,,"Convert: post-purchase follow-up, incentivize 2nd order"
18016,32,7,1954.56,4,4,4,4,VIP,Loyal Customer,1.1379202033948965,-0.29122446985690237,0.22865451075139034,0.0,"Court: upsell/cross-sell, referral incentives"
18017,81,4,688.0,3,4,3,4,Loyal Customer,Loyal Customer,0.19918705607576162,-0.5504031143925604,0.6856971762959087,1.0,"Court: upsell/cross-sell, referral incentives"
18018,108,4,297.99,3,4,2,2,Needs Attention,One-Time Buyer,-0.23460440743088964,-0.6594482307791024,0.39740746558860335,0.0,"Convert: post-purchase follow-up, incentivize 2nd order"
18019,52,1,38.45,4,2,1,2,One-Time Buyer,One-Time Buyer,-1.7067471522527506,-1.7967026925551524,,,"Convert: post-purchase follow-up, incentivize 2nd order"
18020,544,1,190.48000000000002,1,2,1,0,One-Time Buyer,Lost / Let Go,-2.155523667123549,0.6826916250960255,0.8965646410867644,1.0,"Let go: exclude from paid marketing spend, low-cost win-back only"
18021,510,2,216.41,1,3,1,0,At Risk,Lost / Let Go,-1.708222166871146,0.7353114548001877,0.7503591072598547,1.0,"Let go: exclude from paid marketing spend, low-cost win-back only"
18022,36,5,1506.62,4,4,4,4,VIP,Loyal Customer,0.7921022711885276,-0.4580093174121684,0.4282803759790853,0.0,"Court: upsell/cross-sell, referral incentives"
18024,153,2,389.78,3,3,2,2,Needs Attention,One-Time Buyer,-0.6132805669948912,-0.6029090008522479,,,"Convert: post-purchase follow-up, incentivize 2nd order"
18025,380,6,1177.72,2,4,3,3,At Risk,At Risk,-0.0029726492653597077,0.9775670562892118,0.5396540146029203,1.0,"Win back: targeted discount, re-engagement email flow"
18026,501,2,2074.07,1,3,4,3,At Risk,At Risk,-0.6855174911282056,1.2976902525321778,0.7288558597689132,1.0,"Win back: targeted discount, re-engagement email flow"
18027,99,1,115.31,3,2,1,2,One-Time Buyer,One-Time Buyer,-1.3365520938948579,-1.3124027505816782,,,"Convert: post-purchase follow-up, incentivize 2nd order"
18028,583,1,192.05,1,2,1,0,One-Time Buyer,Lost / Let Go,-2.2430720717790424,0.8480935547453783,0.883337084624093,1.0,"Let go: exclude from paid marketing spend, low-cost win-back only"
18029,642,1,433.77,1,2,2,0,One-Time Buyer,Lost / Let Go,-2.0205270229635537,1.3109738354494516,0.876436163402736,1.0,"Let go: exclude from paid marketing spend, low-cost win-back only"
18030,4,2,230.64999999999998,5,3,1,2,Needs Attention,One-Time Buyer,-0.49712763904305435,-1.3656179363481942,,,"Convert: post-purchase follow-up, incentivize 2nd order"
18031,379,1,451.3,2,2,2,0,One-Time Buyer,Lost / Let Go,-1.3881353314443643,0.22073188417755807,0.7833288013831861,1.0,"Let go: exclude from paid marketing spend, low-cost win-back only"
18032,334,1,73.5,2,2,1,0,One-Time Buyer,Lost / Let Go,-2.083721863965932,-0.447322180295435,0.8475870633915327,1.0,"Let go: exclude from paid marketing spend, low-cost win-back only"
18033,65,1,93.82000000000001,3,2,1,2,One-Time Buyer,One-Time Buyer,-1.3477681576836904,-1.5090403412024174,,,"Convert: post-purchase follow-up, incentivize 2nd order"
18034,22,3,753.35,4,3,3,4,Loyal Customer,Loyal Customer,0.20596036989611025,-0.8619218926805309,0.6650125685658761,1.0,"Court: upsell/cross-sell, referral incentives"
18035,36,5,1260.23,4,4,4,4,VIP,Loyal Customer,0.712871512406413,-0.5054725138372793,0.47191922963490035,0.0,"Court: upsell/cross-sell, referral incentives"
18036,32,11,1545.49,4,5,4,4,VIP,Loyal Customer,1.345143511561291,-0.19250490642530255,0.18534419277205594,0.0,"Court: upsell/cross-sell, referral incentives"
18037,154,15,167.42,3,5,1,4,Needs Attention,Loyal Customer,0.296404021348044,-0.15731385442669107,0.25054623564087614,0.0,"Court: upsell/cross-sell, referral incentives"
18038,556,1,141.48,1,2,1,0,One-Time Buyer,Lost / Let Go,-2.314817613531349,0.6542966619224275,0.8940249291300517,1.0,"Let go: exclude from paid marketing spend, low-cost win-back only"
18039,374,4,548.22,2,4,2,3,At Risk,At Risk,-0.5864627500785207,0.615604783946255,0.4943779556196506,0.0,"Win back: targeted discount, re-engagement email flow"
18040,19,2,357.20000000000005,5,3,2,2,Needs Attention,One-Time Buyer,-0.3386679582936769,-1.1869050234866667,0.4754896611996628,0.0,"Convert: post-purchase follow-up, incentivize 2nd order"
18041,12,38,8633.66,5,5,5,1,VIP,VIP,3.0607942577526255,0.6496521573522757,0.035428494212864044,0.0,"Court: white-glove service, early access, loyalty rewards"
18042,54,2,281.15,4,3,1,2,Needs Attention,One-Time Buyer,-0.5264543335513866,-1.1038940286826557,0.9342723294637568,1.0,"Convert: post-purchase follow-up, incentivize 2nd order"
18043,25,3,817.2,4,3,3,4,Loyal Customer,Loyal Customer,0.23502270909354706,-0.8277545705069765,0.2878643229482306,0.0,"Court: upsell/cross-sell, referral incentives"
18044,4,18,3505.61,5,5,5,1,VIP,VIP,2.1270478614354396,0.09068451437583087,0.06402341770408242,0.0,"Court: white-glove service, early access, loyalty rewards"
18045,45,1,178.34,4,2,1,2,One-Time Buyer,One-Time Buyer,-1.018045129909976,-1.423236545372089,,,"Convert: post-purchase follow-up, incentivize 2nd order"
18046,650,1,189.63,1,2,1,0,One-Time Buyer,Lost / Let Go,-2.405305586776623,1.1251589172598537,0.9322991845583218,1.0,"Let go: exclude from paid marketing spend, low-cost win-back only"
18047,381,2,326.09,2,3,2,0,At Risk,Lost / Let Go,-1.225291424828415,0.30403764401215144,0.6463370536800974,1.0,"Let go: exclude from paid marketing spend, low-cost win-back only"
18048,203,3,394.93,2,3,2,2,At Risk,One-Time Buyer,-0.5033963862064684,-0.2758248647039089,0.5612070559506002,1.0,"Convert: post-purchase follow-up, incentivize 2nd order"
18049,437,2,500.5,1,3,2,3,At Risk,At Risk,-1.1664535635660267,0.6520915885010589,0.633338121850466,1.0,"Win back: targeted discount, re-engagement email flow"
18050,359,2,412.06,2,3,2,3,At Risk,At Risk,-1.0702474999726983,0.27402821764803553,0.6838231550157444,1.0,"Win back: targeted discount, re-engagement email flow"
18051,634,7,2282.28,1,4,4,3,Win-Back Priority,At Risk,-0.2006410451685925,2.269586735815983,0.8601164581729301,1.0,"Win back: targeted discount, re-engagement email flow"
18052,565,1,10877.18,1,2,5,3,One-Time Buyer,At Risk,-0.41094834830266547,1.845082366816697,0.7434590604737199,1.0,"Win back: targeted discount, re-engagement email flow"
18053,71,3,571.07,3,3,2,2,Needs Attention,One-Time Buyer,-0.03140188436069859,-0.7304075556853277,0.6092936522079949,1.0,"Convert: post-purchase follow-up, incentivize 2nd order"
18054,393,1,176.5,2,2,1,0,One-Time Buyer,Lost / Let Go,-1.8361776405703039,0.030533859214959685,0.762144157568615,1.0,"Let go: exclude from paid marketing spend, low-cost win-back only"
18055,7,14,11143.12,5,5,5,1,VIP,VIP,2.451859260661267,0.3168389668456947,0.03941168421270782,0.0,"Court: white-glove service, early access, loyalty rewards"
18056,288,2,554.6,2,3,2,3,At Risk,At Risk,-0.7726354266118155,0.05571803282321099,0.6823585607195323,1.0,"Win back: targeted discount, re-engagement email flow"
18057,393,3,1168.14,2,3,3,3,At Risk,At Risk,-0.4668131482809139,0.8074001866027417,0.5374098971269555,1.0,"Win back: targeted discount, re-engagement email flow"
18058,10,3,774.06,5,3,3,4,Loyal Customer,Loyal Customer,0.2460394252105648,-0.904942625629724,0.6093039260885715,1.0,"Court: upsell/cross-sell, referral incentives"
18059,23,3,306.46,4,3,2,2,Needs Attention,One-Time Buyer,-0.19487885918415102,-1.0964588440010967,,,"Convert: post-purchase follow-up, incentivize 2nd order"
18060,408,2,1185.46,2,3,3,3,At Risk,At Risk,-0.7163115112250575,0.7597598445561364,0.5696569585960988,1.0,"Win back: targeted discount, re-engagement email flow"
18061,22,28,6488.97,4,5,5,1,VIP,VIP,2.6830867767131026,0.4978170128080849,0.028268694498231734,0.0,"Court: white-glove service, early access, loyalty rewards"
18062,173,6,1632.67,3,4,4,4,Loyal Customer,Loyal Customer,0.6258753077371252,0.19800934638477408,0.17610652135905358,0.0,"Court: upsell/cross-sell, referral incentives"
18063,391,2,186.60000000000002,2,3,1,0,At Risk,Lost / Let Go,-1.4955032875163785,0.1980256058501718,0.7092065866808694,1.0,"Let go: exclude from paid marketing spend, low-cost win-back only"
18064,133,11,4481.83,3,5,5,1,Loyal Customer,VIP,1.5815679000583776,0.5132951315281319,0.0595038037582966,0.0,"Court: white-glove service, early access, loyalty rewards"
18065,6,28,5846.63,5,5,5,1,VIP,VIP,2.6742164731492992,0.40312979458394854,0.02647214801272017,0.0,"Court: white-glove service, early access, loyalty rewards"
18066,75,3,1440.4,3,3,4,4,Loyal Customer,Loyal Customer,0.36955775842852123,-0.46786926373147897,0.472816614027196,0.0,"Court: upsell/cross-sell, referral incentives"
18067,40,1,396.33,4,2,2,2,One-Time Buyer,One-Time Buyer,-0.6531557441172153,-1.2325787178093046,,,"Convert: post-purchase follow-up, incentivize 2nd order"
18068,289,1,101.69999999999999,2,2,1,0,One-Time Buyer,Lost / Let Go,-1.8359889373477818,-0.5502805992262231,0.8255227501299471,1.0,"Let go: exclude from paid marketing spend, low-cost win-back only"
18069,26,11,4449.02,4,5,5,1,VIP,VIP,1.828450580091106,0.06350520813299596,0.07177224485873589,0.0,"Court: white-glove service, early access, loyalty rewards"
18070,669,1,314.1,1,2,2,0,One-Time Buyer,Lost / Let Go,-2.226585467816093,1.3383522137133679,0.937627797399212,1.0,"Let go: exclude from paid marketing spend, low-cost win-back only"
18071,258,6,1428.63,2,4,4,4,Win-Back Priority,Loyal Customer,0.3679260483154181,0.5182813240928676,0.5261060603642425,1.0,"Court: upsell/cross-sell, referral incentives"
18072,186,1,247.44,3,2,1,2,One-Time Buyer,One-Time Buyer,-1.2029647188450252,-0.7464090180006182,0.42552190608572504,0.0,"Convert: post-purchase follow-up, incentivize 2nd order"
18073,114,12,3859.82,3,5,5,1,Loyal Customer,VIP,1.6211411570864307,0.4258528347931806,0.2366764834865603,0.0,"Court: white-glove service, early access, loyalty rewards"
18074,374,2,1509.04,2,3,4,3,At Risk,At Risk,-0.5297487369949593,0.6816016927533146,0.6435817978638282,1.0,"Win back: targeted discount, re-engagement email flow"
18075,23,20,5783.29,4,5,5,1,VIP,VIP,2.3817248056403275,0.34310577698272754,0.02186176114292589,0.0,"Court: white-glove service, early access, loyalty rewards"
18076,380,1,151.49,2,2,1,0,One-Time Buyer,Lost / Let Go,-1.8732183320270996,-0.06427130949479357,0.7706094879373021,1.0,"Let go: exclude from paid marketing spend, low-cost win-back only"
18077,8,18,4283.66,5,5,5,1,VIP,VIP,2.2066718891824166,0.1607266640539771,0.06563967909437007,0.0,"Court: white-glove service, early access, loyalty rewards"
18078,217,4,725.53,2,4,3,3,At Risk,At Risk,-0.09520393591301027,0.03291634785717824,0.39461842332993136,0.0,"Win back: targeted discount, re-engagement email flow"
18079,45,5,4203.93,4,4,5,4,VIP,Loyal Customer,1.2264914228202748,-0.14751586702285063,0.5954905930619593,1.0,"Court: upsell/cross-sell, referral incentives"
18080,19,2,1231.5,5,3,4,4,Loyal Customer,Loyal Customer,0.20999531590989426,-0.8582282172177471,0.4581493706488138,0.0,"Court: upsell/cross-sell, referral incentives"
18081,36,3,343.45,4,3,2,2,Needs Attention,One-Time Buyer,-0.17482927234765525,-1.0118321987394232,,,"Convert: post-purchase follow-up, incentivize 2nd order"
18082,26,1,680.84,4,2,3,2,One-Time Buyer,One-Time Buyer,-0.3806503920783574,-1.147536129979427,,,"Convert: post-purchase follow-up, incentivize 2nd order"
18083,398,1,463.53,2,2,2,0,One-Time Buyer,Lost / Let Go,-1.4207071691705913,0.30735070630540867,0.7610266344060296,1.0,"Let go: exclude from paid marketing spend, low-cost win-back only"
18084,16,3,795.2299999999999,5,3,3,4,Loyal Customer,Loyal Customer,0.24397758415272114,-0.8726627236432671,0.3966854729048044,0.0,"Court: upsell/cross-sell, referral incentives"
18085,330,4,1645.75,2,4,4,3,Win-Back Priority,At Risk,0.003946672994614395,0.723512606453475,0.47499447017713853,0.0,"Win back: targeted discount, re-engagement email flow"
18086,274,1,101.34,2,2,1,2,One-Time Buyer,One-Time Buyer,-1.8024811113391441,-0.6139953520227825,0.6873363066186519,1.0,"Convert: post-purchase follow-up, incentivize 2nd order"
18087,291,16,13908.72,2,5,5,1,Win-Back Priority,VIP,1.9824848400797561,1.614192941911587,0.4116951774547168,0.0,"Court: white-glove service, early access, loyalty rewards"
18088,61,1,166.03,3,2,1,2,One-Time Buyer,One-Time Buyer,-1.0870232368750212,-1.375184427670901,,,"Convert: post-purchase follow-up, incentivize 2nd order"
18089,447,1,428.45,1,2,2,0,One-Time Buyer,Lost / Let Go,-1.570123047797789,0.4915493311396816,0.7532049318746846,1.0,"Let go: exclude from paid marketing spend, low-cost win-back only"
18090,422,1,321.9,1,2,2,0,One-Time Buyer,Lost / Let Go,-1.6382923392597757,0.3110664742355853,0.6955434878690812,1.0,"Let go: exclude from paid marketing spend, low-cost win-back only"
18091,593,1,360.85,1,2,2,0,One-Time Buyer,Lost / Let Go,-1.9874890454707224,1.0570590136988682,0.7774215011990581,1.0,"Let go: exclude from paid marketing spend, low-cost win-back only"
18092,2,18,16179.44,5,5,5,1,VIP,VIP,2.810678354577501,0.4890417681121604,0.03553774654244888,0.0,"Court: white-glove service, early access, loyalty rewards"
18093,93,8,4452.71,3,5,5,4,Loyal Customer,Loyal Customer,1.4512253566814348,0.22981382416207344,0.17498300499833339,0.0,"Court: upsell/cross-sell, referral incentives"
18094,82,13,6391.52,3,5,5,1,Loyal Customer,VIP,1.9767611089765893,0.4554944479890529,0.06850897322346362,0.0,"Court: white-glove service, early access, loyalty rewards"
18095,313,5,2303.09,2,4,4,3,Win-Back Priority,At Risk,0.33285953509268273,0.8141593172814836,0.30053790960643073,0.0,"Win back: targeted discount, re-engagement email flow"
18096,12,6,1638.16,5,4,4,4,VIP,Loyal Customer,1.0037503074336611,-0.47494504403970933,0.5056203126465191,1.0,"Court: upsell/cross-sell, referral incentives"
18097,8,11,4627.92,5,5,5,1,VIP,VIP,1.8880314693285012,-0.0013479967927387208,0.07731152722474494,0.0,"Court: white-glove service, early access, loyalty rewards"
18098,396,1,527.94,2,2,2,0,One-Time Buyer,Lost / Let Go,-1.358377761209371,0.33351746359366435,0.7087468274587709,1.0,"Let go: exclude from paid marketing spend, low-cost win-back only"
18099,127,1,168.31,3,2,1,2,One-Time Buyer,One-Time Buyer,-1.2352980623727778,-1.095342951740448,,,"Convert: post-purchase follow-up, incentivize 2nd order"
18100,550,1,451.56,1,2,2,0,One-Time Buyer,Lost / Let Go,-1.7876435484522712,0.9365853065087297,0.7015707332632085,1.0,"Let go: exclude from paid marketing spend, low-cost win-back only"
18101,11,5,622.01,5,4,3,4,Loyal Customer,Loyal Customer,0.4581670796102839,-0.797699271587707,0.5221594078988016,1.0,"Court: upsell/cross-sell, referral incentives"
18102,1,145,608821.65,5,5,5,1,VIP,VIP,5.989980678615816,2.260187116481241,0.023307399810277244,0.0,"Court: white-glove service, early access, loyalty rewards"
18103,549,1,105.8,1,2,1,0,One-Time Buyer,Lost / Let Go,-2.426435277290648,0.5483311963298645,0.9072472506889722,1.0,"Let go: exclude from paid marketing spend, low-cost win-back only"
18104,37,1,754.64,4,2,3,2,One-Time Buyer,One-Time Buyer,-0.3607355377230798,-1.0741618789423373,,,"Convert: post-purchase follow-up, incentivize 2nd order"
18105,38,1,113.48000000000002,4,2,1,2,One-Time Buyer,One-Time Buyer,-1.2009879109420714,-1.571929331808221,,,"Convert: post-purchase follow-up, incentivize 2nd order"
18106,330,6,1441.06,2,4,4,3,Win-Back Priority,At Risk,0.20344838575104582,0.8219315364987066,0.5294283425465379,1.0,"Win back: targeted discount, re-engagement email flow"
18107,442,1,165.88,1,2,1,0,One-Time Buyer,Lost / Let Go,-1.978123009713062,0.21920769373428275,0.8144544226263247,1.0,"Let go: exclude from paid marketing spend, low-cost win-back only"
18108,254,3,848.8100000000001,2,3,3,3,At Risk,At Risk,-0.2835023964578815,0.1407805678626757,0.5402756391197341,1.0,"Win back: targeted discount, re-engagement email flow"
18109,2,38,9833.16,5,5,5,1,VIP,VIP,3.141927652759548,0.6423967146867202,0.031959582264149244,0.0,"Court: white-glove service, early access, loyalty rewards"
18110,20,2,392.28000000000003,4,3,2,2,Needs Attention,One-Time Buyer,-0.29952202567856795,-1.1578688060696936,0.6398630679099029,1.0,"Convert: post-purchase follow-up, incentivize 2nd order"
18111,589,1,405.85,1,2,2,0,One-Time Buyer,Lost / Let Go,-1.9260936527915113,1.071494566296046,0.8135287795101082,1.0,"Let go: exclude from paid marketing spend, low-cost win-back only"
18112,12,4,773.36,5,4,3,4,Loyal Customer,Loyal Customer,0.4123531622106322,-0.8081289842297733,0.6637599120201978,1.0,"Court: upsell/cross-sell, referral incentives"
18113,369,1,152.64000000000001,2,2,1,0,One-Time Buyer,Lost / Let Go,-1.8441666527336598,-0.1083121521365756,0.8081508402415394,1.0,"Let go: exclude from paid marketing spend, low-cost win-back only"
18114,290,1,220.1,2,2,1,2,One-Time Buyer,One-Time Buyer,-1.4978607939161073,-0.3421390492625174,0.6685507187172599,1.0,"Convert: post-purchase follow-up, incentivize 2nd order"
18115,698,1,9.700000000000001,1,2,1,0,One-Time Buyer,Lost / Let Go,-3.796300474252279,0.5600036328794453,0.9141380944182417,1.0,"Let go: exclude from paid marketing spend, low-cost win-back only"
18116,68,13,2130.89,3,5,4,1,Loyal Customer,VIP,1.5219173866946425,0.10481847758768019,0.15357846611638495,0.0,"Court: white-glove service, early access, loyalty rewards"
18117,26,1,314.4,4,2,2,2,One-Time Buyer,One-Time Buyer,-0.7229591314358608,-1.3525962251229922,,,"Convert: post-purchase follow-up, incentivize 2nd order"
18118,11,29,6690.7300000000005,5,5,5,1,VIP,VIP,2.7484344801785765,0.47339410530654497,0.04852191277131851,0.0,"Court: white-glove service, early access, loyalty rewards"
18119,368,1,361.4,2,2,2,0,One-Time Buyer,Lost / Let Go,-1.4608102389653697,0.11575171638166652,0.7521437276550748,1.0,"Let go: exclude from paid marketing spend, low-cost win-back only"
18120,214,1,111.15,2,2,1,2,One-Time Buyer,One-Time Buyer,-1.6215703367090044,-0.840771210209027,0.6192427716238724,1.0,"Convert: post-purchase follow-up, incentivize 2nd order"
18121,149,2,653.3,3,3,3,2,Loyal Customer,One-Time Buyer,-0.37507871077146687,-0.48255751311294026,,,"Convert: post-purchase follow-up, incentivize 2nd order"
18122,8,6,1791.84,5,4,4,4,VIP,Loyal Customer,1.0528920966040345,-0.46785001422932954,,,"Court: upsell/cross-sell, referral incentives"
18123,24,3,666.64,4,3,3,2,Loyal Customer,One-Time Buyer,0.14706825020132935,-0.8860295419826014,0.9352641278658217,1.0,"Convert: post-purchase follow-up, incentivize 2nd order"
18124,472,1,102.65,1,2,1,0,One-Time Buyer,Lost / Let Go,-2.2597175905555225,0.21809366391172533,0.9147473079174593,1.0,"Let go: exclude from paid marketing spend, low-cost win-back only"
18125,30,4,1131.75,4,4,3,4,Loyal Customer,Loyal Customer,0.5391583118596789,-0.6316211982985297,0.13377356546207098,0.0,"Court: upsell/cross-sell, referral incentives"
18126,61,1,198.58,3,2,1,2,One-Time Buyer,One-Time Buyer,-1.0079714536629056,-1.3278284465844383,,,"Convert: post-purchase follow-up, incentivize 2nd order"
18127,19,4,556.13,5,4,2,4,Needs Attention,Loyal Customer,0.24980445710325921,-0.8664029178137803,0.7003691239827898,1.0,"Court: upsell/cross-sell, referral incentives"
18128,537,1,399.29,1,2,2,0,One-Time Buyer,Lost / Let Go,-1.8117456420178806,0.8495310065602326,0.7295912250779043,1.0,"Let go: exclude from paid marketing spend, low-cost win-back only"
18129,243,1,112.55000000000001,2,2,1,2,One-Time Buyer,One-Time Buyer,-1.6838581098120453,-0.7160953094901681,0.6509713140119606,1.0,"Convert: post-purchase follow-up, incentivize 2nd order"
18130,15,3,1059.39,5,3,3,4,Loyal Customer,Loyal Customer,0.37352516355105436,-0.8006430705951547,,,"Court: upsell/cross-sell, referral incentives"
18131,632,1,222.95999999999998,1,2,1,0,One-Time Buyer,Lost / Let Go,-2.2916810009661797,1.0926805958441923,0.7807306330013042,1.0,"Let go: exclude from paid marketing spend, low-cost win-back only"
18132,504,1,220.13,1,2,1,0,One-Time Buyer,Lost / Let Go,-1.9980892229060712,0.5535690952420744,0.87222253022157,1.0,"Let go: exclude from paid marketing spend, low-cost win-back only"
18133,212,1,931.4999999999999,2,2,3,2,One-Time Buyer,One-Time Buyer,-0.6764736062073958,-0.28578257273877994,0.6871186466200749,1.0,"Convert: post-purchase follow-up, incentivize 2nd order"
18134,598,2,445.0,1,3,2,0,At Risk,Lost / Let Go,-1.5949141811785386,1.2947426578878851,0.8530504239824542,1.0,"Let go: exclude from paid marketing spend, low-cost win-back only"
18135,29,10,1249.6200000000001,4,5,4,4,VIP,Loyal Customer,1.1910416217301298,-0.29612266369647416,0.23663996465398165,0.0,"Court: upsell/cross-sell, referral incentives"
18136,63,5,1631.3600000000001,3,4,4,4,Loyal Customer,Loyal Customer,0.7642778901033409,-0.32385979990548064,0.14815526975418136,0.0,"Court: upsell/cross-sell, referral incentives"
18137,551,2,145.99,1,3,1,0,At Risk,Lost / Let Go,-1.9778652970324642,0.8028011980007789,0.7452478137976694,1.0,"Let go: exclude from paid marketing spend, low-cost win-back only"
18138,295,1,152.65,2,2,1,0,One-Time Buyer,Lost / Let Go,-1.6711407377274585,-0.41801321551165466,0.7881063744640197,1.0,"Let go: exclude from paid marketing spend, low-cost win-back only"
18139,18,6,8438.34,5,4,5,4,VIP,Loyal Customer,1.7173268740565115,-0.01396186020648168,,,"Court: upsell/cross-sell, referral incentives"
18140,474,1,536.41,1,2,2,0,One-Time Buyer,Lost / Let Go,-1.533672338429709,0.6642028500003716,0.7050191105522252,1.0,"Let go: exclude from paid marketing spend, low-cost win-back only"
18141,402,2,882.47,2,3,3,3,At Risk,At Risk,-0.8332099912025205,0.6562167466734969,0.6175435218860031,1.0,"Win back: targeted discount, re-engagement email flow"
18142,157,2,1019.52,3,3,3,2,Loyal Customer,One-Time Buyer,-0.19641922942965867,-0.3308447965602175,0.36953216868866223,0.0,"Convert: post-purchase follow-up, incentivize 2nd order"
18143,117,2,1000.16,3,3,3,2,Loyal Customer,One-Time Buyer,-0.11141138417767527,-0.5033544900100068,,,"Convert: post-purchase follow-up, incentivize 2nd order"
18144,8,19,5058.0,5,5,5,1,VIP,VIP,2.319830723675792,0.22529903123420447,0.03036340655878693,0.0,"Court: white-glove service, early access, loyalty rewards"
18145,13,11,5609.74,5,5,5,1,VIP,VIP,1.9617512549658367,0.0707430572333926,0.057434740051582056,0.0,"Court: white-glove service, early access, loyalty rewards"
18146,141,2,160.35000000000002,3,3,1,2,Needs Attention,One-Time Buyer,-0.9779818088037585,-0.8884134238063877,0.7738989745251953,1.0,"Convert: post-purchase follow-up, incentivize 2nd order"
18147,46,2,179.33999999999997,4,3,1,2,Needs Attention,One-Time Buyer,-0.7064872477236122,-1.2564295003523156,,,"Convert: post-purchase follow-up, incentivize 2nd order"
18148,647,1,112.85000000000001,1,2,1,0,One-Time Buyer,Lost / Let Go,-2.627156786138628,0.9755014031555655,0.9564337436956062,1.0,"Let go: exclude from paid marketing spend, low-cost win-back only"
18149,51,7,1553.96,4,4,4,4,VIP,Loyal Customer,0.9917237412713593,-0.2726724938554374,0.17271412072857548,0.0,"Court: upsell/cross-sell, referral incentives"
18150,32,3,566.58,4,3,2,2,Needs Attention,One-Time Buyer,0.05627359745153142,-0.8957333597472943,0.2498190420607874,0.0,"Convert: post-purchase follow-up, incentivize 2nd order"
18151,135,6,1879.44,3,4,4,4,Loyal Customer,Loyal Customer,0.7771730961439266,0.07638233477779678,0.26053146806205923,0.0,"Court: upsell/cross-sell, referral incentives"
18152,646,1,426.69,1,2,2,0,One-Time Buyer,Lost / Let Go,-2.0371681527142727,1.3233483299209583,0.9017161199811835,1.0,"Let go: exclude from paid marketing spend, low-cost win-back only"
18153,659,1,246.22,1,2,1,0,One-Time Buyer,Lost / Let Go,-2.310928678634581,1.2319679886559782,0.9347571431396432,1.0,"Let go: exclude from paid marketing spend, low-cost win-back only"
18154,3,5,932.6,5,4,3,4,Loyal Customer,Loyal Customer,0.6564638866734515,-0.7235962742022601,0.4558208550699242,0.0,"Court: upsell/cross-sell, referral incentives"
18155,75,3,371.62,3,3,2,2,Needs Attention,One-Time Buyer,-0.23109989489473262,-0.8276933096216386,0.5903758239480733,1.0,"Convert: post-purchase follow-up, incentivize 2nd order"
18156,13,2,862.52,5,3,3,2,Loyal Customer,One-Time Buyer,0.06605200131675008,-0.9779725268189152,0.7463830470644232,1.0,"Convert: post-purchase follow-up, incentivize 2nd order"
18157,571,1,213.9,1,2,1,0,One-Time Buyer,Lost / Let Go,-2.1674104734068504,0.826388548875093,0.8824068561078587,1.0,"Let go: exclude from paid marketing spend, low-cost win-back only"
18158,9,2,453.4,5,3,2,2,Needs Attention,One-Time Buyer,-0.20966674928878384,-1.1654852459075917,,,"Convert: post-purchase follow-up, incentivize 2nd order"
18159,301,1,530.15,2,2,2,2,One-Time Buyer,One-Time Buyer,-1.1344357252383472,-0.06298495934673728,0.6451247256124009,1.0,"Convert: post-purchase follow-up, incentivize 2nd order"
18160,57,3,1003.88,4,3,3,4,Loyal Customer,Loyal Customer,0.25146401405401286,-0.6391584811920961,0.4005284521127244,0.0,"Court: upsell/cross-sell, referral incentives"
18161,15,6,1803.1000000000001,5,4,4,4,VIP,Loyal Customer,1.039307396808777,-0.4368870409216127,0.32071706603631256,0.0,"Court: upsell/cross-sell, referral incentives"
18162,732,1,371.51,1,2,2,0,One-Time Buyer,Lost / Let Go,-2.2995515459155955,1.6465498805646765,0.8751757152065196,1.0,"Let go: exclude from paid marketing spend, low-cost win-back only"
18163,584,1,728.84,1,2,3,0,One-Time Buyer,Lost / Let Go,-1.6549354735558666,1.206002702295012,0.7113684292616488,1.0,"Let go: exclude from paid marketing spend, low-cost win-back only"
18164,37,1,399.65000000000003,4,2,2,2,One-Time Buyer,One-Time Buyer,-0.6424477427074102,-1.2429216122334528,,,"Convert: post-purchase follow-up, incentivize 2nd order"
18165,177,1,302.46000000000004,3,2,2,2,One-Time Buyer,One-Time Buyer,-1.093101619988314,-0.730868086455257,,,"Convert: post-purchase follow-up, incentivize 2nd order"
18166,624,1,175.5,1,2,1,0,One-Time Buyer,Lost / Let Go,-2.3787173897675165,0.9958547048775223,0.9261588937422888,1.0,"Let go: exclude from paid marketing spend, low-cost win-back only"
18167,23,3,1384.8600000000001,4,3,4,4,Loyal Customer,Loyal Customer,0.47367642562249607,-0.6959607130784009,,,"Court: upsell/cross-sell, referral incentives"
18168,176,16,3698.8,3,5,5,1,Loyal Customer,VIP,1.6633289456609157,0.7806308055021046,0.025436523937415335,0.0,"Court: white-glove service, early access, loyalty rewards"
18169,61,1,202.65,3,2,1,2,One-Time Buyer,One-Time Buyer,-0.9990079829377508,-1.3224588782726074,,,"Convert: post-purchase follow-up, incentivize 2nd order"
18170,33,9,2878.0,4,5,4,4,VIP,Loyal Customer,1.4786999493405921,-0.09548278430566048,0.1653824689458239,0.0,"Court: upsell/cross-sell, referral incentives"
18171,59,9,2437.31,4,5,4,4,VIP,Loyal Customer,1.3441508401533953,-0.030852570503026307,0.2981696592156213,0.0,"Court: upsell/cross-sell, referral incentives"
18172,15,52,17467.24,5,5,5,1,VIP,VIP,3.6022194790621183,0.9715223831923561,0.014441101958140905,0.0,"Court: white-glove service, early access, loyalty rewards"
18173,87,5,2696.36,3,4,4,4,Loyal Customer,Loyal Customer,0.9311718340082238,-0.0898217683827403,0.18709142998499145,0.0,"Court: upsell/cross-sell, referral incentives"
18174,7,2,162.5,5,3,1,2,Needs Attention,One-Time Buyer,-0.6588395871203226,-1.4457339759518573,0.7790204798856554,1.0,"Convert: post-purchase follow-up, incentivize 2nd order"
18175,676,1,176.1,1,2,1,0,One-Time Buyer,Lost / Let Go,-2.4987760482335815,1.2143973003652715,0.943191468571985,1.0,"Let go: exclude from paid marketing spend, low-cost win-back only"
18176,358,1,476.35,2,2,2,0,One-Time Buyer,Lost / Let Go,-1.3151076940067699,0.1471764314511482,0.759040717361323,1.0,"Let go: exclude from paid marketing spend, low-cost win-back only"
18177,31,9,2216.32,4,5,4,4,VIP,Loyal Customer,1.367425871925807,-0.17331321766838292,0.22133578115486793,0.0,"Court: upsell/cross-sell, referral incentives"
18178,129,11,6103.74,3,5,5,1,Loyal Customer,VIP,1.7280333466612894,0.5786919110697477,0.05394587992988103,0.0,"Court: white-glove service, early access, loyalty rewards"
18179,9,8,2547.55,5,5,4,4,VIP,Loyal Customer,1.399749880004166,-0.2702332408737836,0.11153681657193971,0.0,"Court: upsell/cross-sell, referral incentives"
18180,5,6,1843.75,5,4,4,4,VIP,Loyal Customer,1.072578699625483,-0.47281427618211463,,,"Court: upsell/cross-sell, referral incentives"
18181,24,5,1188.34,4,4,3,4,Loyal Customer,Loyal Customer,0.7148667944042707,-0.571307336179531,0.4543866254404607,0.0,"Court: upsell/cross-sell, referral incentives"
18182,463,1,291.13,1,2,2,0,One-Time Buyer,Lost / Let Go,-1.7786065793028965,0.4560307059994144,0.7994848762964911,1.0,"Let go: exclude from paid marketing spend, low-cost win-back only"
18183,227,2,632.07,2,3,3,2,At Risk,One-Time Buyer,-0.5720724736862339,-0.1648710267383771,0.4020030220957321,0.0,"Convert: post-purchase follow-up, incentivize 2nd order"
18184,15,1,49.8,5,2,1,2,One-Time Buyer,One-Time Buyer,-1.5079759915106115,-1.884304932890126,,,"Convert: post-purchase follow-up, incentivize 2nd order"
18185,249,1,304.25,2,2,2,2,One-Time Buyer,One-Time Buyer,-1.2588116998568353,-0.4279561537968757,0.5928265233900878,1.0,"Convert: post-purchase follow-up, incentivize 2nd order"
18186,723,1,329.58,1,2,2,0,One-Time Buyer,Lost / Let Go,-2.331532559404665,1.577119078032274,0.9225148645751888,1.0,"Let go: exclude from paid marketing spend, low-cost win-back only"
18187,632,1,724.89,1,2,3,0,One-Time Buyer,Lost / Let Go,-1.7695593117371897,1.4054576621579937,0.8231375326314184,1.0,"Let go: exclude from paid marketing spend, low-cost win-back only"
18188,15,6,3280.59,5,4,5,4,VIP,Loyal Customer,1.3049418235934704,-0.27775870276666215,0.24347337961172685,0.0,"Court: upsell/cross-sell, referral incentives"
18189,78,3,1403.73,3,3,4,4,Loyal Customer,Loyal Customer,0.35110241464229675,-0.46216741577257764,0.5632402612905913,1.0,"Court: upsell/cross-sell, referral incentives"
18190,192,5,745.62,2,4,3,4,At Risk,Loyal Customer,0.11538824774677028,0.00799630991426333,0.3258324555619256,0.0,"Court: upsell/cross-sell, referral incentives"
18191,262,2,529.4,2,3,2,3,At Risk,At Risk,-0.7324622435681472,-0.06544809189591962,0.5697852362491377,1.0,"Win back: targeted discount, re-engagement email flow"
18192,72,1,957.97,3,2,3,2,One-Time Buyer,One-Time Buyer,-0.33675391067031113,-0.8642912346194261,,,"Convert: post-purchase follow-up, incentivize 2nd order"
18193,165,3,1207.35,3,3,3,4,Loyal Customer,Loyal Customer,0.0808513068341196,-0.13809317923748168,0.543179662523079,1.0,"Court: upsell/cross-sell, referral incentives"
18194,82,6,4162.04,3,4,5,4,Loyal Customer,Loyal Customer,1.2539464486701313,0.06594388212791229,0.37504236939260865,0.0,"Court: upsell/cross-sell, referral incentives"
18195,387,1,101.16,2,2,1,0,One-Time Buyer,Lost / Let Go,-2.0674338578710287,-0.1415152561883712,0.8139688835787869,1.0,"Let go: exclude from paid marketing spend, low-cost win-back only"
18196,95,4,1455.27,3,4,4,4,Loyal Customer,Loyal Customer,0.49874939919853745,-0.29274847451336333,0.37716050448146893,0.0,"Court: upsell/cross-sell, referral incentives"
18197,576,1,230.1,1,2,1,0,One-Time Buyer,Lost / Let Go,-2.1468300422882773,0.8666464656172109,0.866507198006643,1.0,"Let go: exclude from paid marketing spend, low-cost win-back only"
18198,4,17,5425.56,5,5,5,1,VIP,VIP,2.2793984916126533,0.18533951726988812,0.040958620879527514,0.0,"Court: white-glove service, early access, loyalty rewards"
18199,684,1,344.75,1,2,2,0,One-Time Buyer,Lost / Let Go,-2.220437065054444,1.4258230355484596,0.9326392876134213,1.0,"Let go: exclude from paid marketing spend, low-cost win-back only"
18200,106,1,150.35,3,2,1,2,One-Time Buyer,One-Time Buyer,-1.2359936327498153,-1.2130623017635858,,,"Convert: post-purchase follow-up, incentivize 2nd order"
18201,723,1,447.53000000000003,1,2,2,0,One-Time Buyer,Lost / Let Go,-2.1960540665886636,1.6582774868970316,0.9014289292953822,1.0,"Let go: exclude from paid marketing spend, low-cost win-back only"
18202,200,3,1396.99,2,3,4,4,At Risk,Loyal Customer,0.06375561021088733,0.047170088957510674,0.2880348339479776,0.0,"Court: upsell/cross-sell, referral incentives"
18203,157,4,482.52,3,4,2,2,Needs Attention,One-Time Buyer,-0.13573003464258365,-0.32651129831632214,0.49460798918293736,0.0,"Convert: post-purchase follow-up, incentivize 2nd order"
18204,71,3,1975.35,3,3,4,4,Loyal Customer,Loyal Customer,0.5190539397728466,-0.40065692214609055,0.1476824964947908,0.0,"Court: upsell/cross-sell, referral incentives"
18205,36,2,517.36,4,3,2,2,Needs Attention,One-Time Buyer,-0.21431505258410324,-1.017452095965562,,,"Convert: post-purchase follow-up, incentivize 2nd order"
18206,553,1,314.65999999999997,1,2,2,0,One-Time Buyer,Lost / Let Go,-1.9546125600226132,0.8533200223310341,0.8249842965405647,1.0,"Let go: exclude from paid marketing spend, low-cost win-back only"
18207,499,1,544.47,1,2,2,0,One-Time Buyer,Lost / Let Go,-1.5855075633917184,0.772796985623935,0.6655884566525925,1.0,"Let go: exclude from paid marketing spend, low-cost win-back only"
18208,566,1,360.08,1,2,2,0,One-Time Buyer,Lost / Let Go,-1.9253143454617032,0.9434870592422911,0.8897784031417953,1.0,"Let go: exclude from paid marketing spend, low-cost win-back only"
18209,29,1,139.10000000000002,4,2,1,2,One-Time Buyer,One-Time Buyer,-1.0902777000134274,-1.555880937665224,,,"Convert: post-purchase follow-up, incentivize 2nd order"
18210,2,7,2768.83,5,4,4,4,VIP,Loyal Customer,1.3626171414740818,-0.3241949803834491,0.5665738044143651,1.0,"Court: upsell/cross-sell, referral incentives"
18211,26,5,600.07,4,4,2,4,Needs Attention,Loyal Customer,0.40718194390121,-0.7444543034561603,0.6317596753327706,1.0,"Court: upsell/cross-sell, referral incentives"
18212,326,2,514.37,2,3,2,3,At Risk,At Risk,-0.8948448675570154,0.19477042278670015,0.7529125558050599,1.0,"Win back: targeted discount, re-engagement email flow"
18213,237,1,232.48000000000002,2,2,1,2,One-Time Buyer,One-Time Buyer,-1.3497674283131433,-0.549473291125293,0.33972899890563407,0.0,"Convert: post-purchase follow-up, incentivize 2nd order"
18214,531,4,1780.34,1,4,4,3,Win-Back Priority,At Risk,-0.43106843855691546,1.5856708596689926,0.7066920767662519,1.0,"Win back: targeted discount, re-engagement email flow"
18215,89,5,2232.4900000000002,3,4,4,4,Loyal Customer,Loyal Customer,0.8427084938808366,-0.1316440611578441,0.45254423890832945,0.0,"Court: upsell/cross-sell, referral incentives"
18216,31,1,481.75,4,2,2,2,One-Time Buyer,One-Time Buyer,-0.5456532917737873,-1.2184519318668945,,,"Convert: post-purchase follow-up, incentivize 2nd order"
18217,29,4,945.04,4,4,3,4,Loyal Customer,Loyal Customer,0.4615221187626051,-0.6837150112982122,0.6107280163727123,1.0,"Court: upsell/cross-sell, referral incentives"
18218,211,4,1121.84,2,4,3,4,At Risk,Loyal Customer,0.11211541909288256,0.12359598648344323,0.3032418129663744,0.0,"Court: upsell/cross-sell, referral incentives"
18219,3,17,3562.89,5,5,5,1,VIP,VIP,2.0950522860081238,0.06932105730202928,0.07668569961641593,0.0,"Court: white-glove service, early access, loyalty rewards"
18220,227,6,1921.76,2,4,4,4,Win-Back Priority,Loyal Customer,0.5719774839640756,0.46735728127438336,0.30551770323836974,0.0,"Court: upsell/cross-sell, referral incentives"
18221,22,6,1424.94,4,4,4,4,VIP,Loyal Customer,0.9184987613329617,-0.4701565803262263,0.2594225527756243,0.0,"Court: upsell/cross-sell, referral incentives"
18222,93,1,443.0,3,2,2,2,One-Time Buyer,One-Time Buyer,-0.7277487452307813,-0.9812140729729675,,,"Convert: post-purchase follow-up, incentivize 2nd order"
18223,5,26,14000.85,5,5,5,1,VIP,VIP,3.0093546864844827,0.602788126300633,0.01646657752492422,0.0,"Court: white-glove service, early access, loyalty rewards"
18224,264,1,158.95000000000002,2,2,1,2,One-Time Buyer,One-Time Buyer,-1.580827044207227,-0.5370718676481644,0.6793474608126915,1.0,"Convert: post-purchase follow-up, incentivize 2nd order"
18225,3,26,13044.8,5,5,5,1,VIP,VIP,2.982628671406943,0.5756062207541188,0.01139660711544045,0.0,"Court: white-glove service, early access, loyalty rewards"
18226,44,26,11878.88,4,5,5,1,VIP,VIP,2.8452110176418843,0.7223056529071807,0.013555103529879264,0.0,"Court: white-glove service, early access, loyalty rewards"
18227,218,2,388.75,2,3,2,2,At Risk,One-Time Buyer,-0.7664092445327726,-0.3315610669791623,0.6463624145261886,1.0,"Convert: post-purchase follow-up, incentivize 2nd order"
18228,57,2,779.9,4,3,3,2,Loyal Customer,One-Time Buyer,-0.08146486227641012,-0.8205655035649531,,,"Convert: post-purchase follow-up, incentivize 2nd order"
18229,12,28,10803.710000000001,5,5,5,1,VIP,VIP,2.9327859195096084,0.5915409034325793,0.04175195485639025,0.0,"Court: white-glove service, early access, loyalty rewards"
18230,9,9,4291.06,5,5,5,1,VIP,VIP,1.712109677312715,-0.08971884876355407,0.10051370627037308,0.0,"Court: white-glove service, early access, loyalty rewards"
18231,192,28,6848.27,2,5,5,1,Win-Back Priority,VIP,2.309586149720883,1.2236644439872812,0.16399734196113933,0.0,"Court: white-glove service, early access, loyalty rewards"
18232,82,4,592.97,3,4,2,4,Needs Attention,Loyal Customer,0.1309530778245501,-0.5856928466433766,0.26331360666732967,0.0,"Court: upsell/cross-sell, referral incentives"
18233,326,1,440.0,2,2,2,0,One-Time Buyer,Lost / Let Go,-1.2754657972380383,-0.007823008522757963,0.818454530980864,1.0,"Let go: exclude from paid marketing spend, low-cost win-back only"
18234,552,1,179.6,1,2,1,0,One-Time Buyer,Lost / Let Go,-2.2001998941956016,0.7006150562736189,0.8653568949822895,1.0,"Let go: exclude from paid marketing spend, low-cost win-back only"
18235,72,3,1796.48,3,3,4,4,Loyal Customer,Loyal Customer,0.4745949563049937,-0.4217042406581748,0.46839558459522956,0.0,"Court: upsell/cross-sell, referral incentives"
18236,30,12,1795.3500000000001,4,5,4,4,VIP,Loyal Customer,1.4777962302232193,-0.12922863640851343,0.1500720489990527,0.0,"Court: upsell/cross-sell, referral incentives"
18237,3,5,987.1,5,4,3,4,Loyal Customer,Loyal Customer,0.6816549946831109,-0.7085055376498474,,,"Court: upsell/cross-sell, referral incentives"
18238,515,1,270.92,1,2,1,0,One-Time Buyer,Lost / Let Go,-1.9320033629081534,0.6546020932563067,0.8421737002061835,1.0,"Let go: exclude from paid marketing spend, low-cost win-back only"
18239,219,6,2150.36,2,4,4,4,Win-Back Priority,Loyal Customer,0.6405589731049891,0.46375430046996285,0.16907844317063547,0.0,"Court: upsell/cross-sell, referral incentives"
18240,46,1,422.58,4,2,2,2,One-Time Buyer,One-Time Buyer,-0.6387770754099512,-1.1904501262948808,,,"Convert: post-purchase follow-up, incentivize 2nd order"
18241,10,21,2986.9900000000002,5,5,5,1,VIP,VIP,2.1545604201274813,0.13149076182891692,0.2999962832135435,0.0,"Court: white-glove service, early access, loyalty rewards"
18242,72,8,3605.21,3,5,5,4,Loyal Customer,Loyal Customer,1.4065980489688272,0.08577716113441547,0.13923808661621034,0.0,"Court: upsell/cross-sell, referral incentives"
18243,414,1,515.78,1,2,2,0,One-Time Buyer,Lost / Let Go,-1.4107847229072568,0.4026682107514963,0.7244834797887986,1.0,"Let go: exclude from paid marketing spend, low-cost win-back only"
18244,431,2,568.64,1,3,2,3,At Risk,At Risk,-1.0958598447267487,0.6608657168750453,0.6008403892584571,1.0,"Win back: targeted discount, re-engagement email flow"
18245,7,20,6324.9800000000005,5,5,5,1,VIP,VIP,2.4588767865755563,0.2999502195538935,0.015160926319393713,0.0,"Court: white-glove service, early access, loyalty rewards"
18246,24,3,758.8199999999999,4,3,3,4,Loyal Customer,Loyal Customer,0.20449277559121318,-0.8516293725270226,0.5089577215108121,1.0,"Court: upsell/cross-sell, referral incentives"
18247,415,3,839.73,1,3,3,3,At Risk,At Risk,-0.6646574252138993,0.8117700564494981,0.5825530762195622,1.0,"Win back: targeted discount, re-engagement email flow"
18248,123,2,804.02,3,3,3,2,Loyal Customer,One-Time Buyer,-0.2222527943602001,-0.5362390031543205,0.3546018379485362,0.0,"Convert: post-purchase follow-up, incentivize 2nd order"
18249,17,1,95.34,5,2,1,2,One-Time Buyer,One-Time Buyer,-1.2284927238777308,-1.705708762097251,,,"Convert: post-purchase follow-up, incentivize 2nd order"
18250,310,1,349.27,2,2,2,2,One-Time Buyer,One-Time Buyer,-1.3403338874018216,-0.13605570814352422,0.7810049508581431,1.0,"Convert: post-purchase follow-up, incentivize 2nd order"
18251,87,9,26278.86,3,5,5,1,Loyal Customer,VIP,2.334318294500158,0.7187109307004439,0.6842719056157653,1.0,"Court: white-glove service, early access, loyalty rewards"
18252,51,7,1533.69,4,4,4,4,VIP,Loyal Customer,0.9858977399751038,-0.27616256069497835,0.4697498619253624,0.0,"Court: upsell/cross-sell, referral incentives"
18253,643,1,317.88,1,2,2,0,One-Time Buyer,Lost / Let Go,-2.160508033260412,1.2327040342551332,0.9184956545810811,1.0,"Let go: exclude from paid marketing spend, low-cost win-back only"
18254,581,1,267.9,1,2,1,0,One-Time Buyer,Lost / Let Go,-2.091256822346405,0.9278668170868579,0.8433789057973926,1.0,"Let go: exclude from paid marketing spend, low-cost win-back only"
18255,89,2,303.15,3,3,2,2,Needs Attention,One-Time Buyer,-0.5749402385784643,-0.9374350689430963,0.7181920459639538,1.0,"Convert: post-purchase follow-up, incentivize 2nd order"
18256,388,1,110.7,2,2,1,0,One-Time Buyer,Lost / Let Go,-2.0301322606523353,-0.11358388813216927,0.7920363698116237,1.0,"Let go: exclude from paid marketing spend, low-cost win-back only"
18257,39,12,4585.15,4,5,5,1,VIP,VIP,1.8729168041014184,0.15774096733461868,0.07539611411918073,0.0,"Court: white-glove service, early access, loyalty rewards"
18258,464,6,2059.67,1,4,4,3,Win-Back Priority,At Risk,0.04867562696066613,1.477717636917383,0.688290356219669,1.0,"Win back: targeted discount, re-engagement email flow"
18259,25,7,4318.200000000001,4,4,5,4,VIP,Loyal Customer,1.5061131483745802,-0.10975932744459581,0.3287376995387878,0.0,"Court: upsell/cross-sell, referral incentives"
18260,173,23,9947.26,3,5,5,1,Loyal Customer,VIP,2.3743807644951813,1.168211785022361,0.01801365604233114,0.0,"Court: white-glove service, early access, loyalty rewards"
18261,43,2,324.24,4,3,2,2,Needs Attention,One-Time Buyer,-0.43763426590965204,-1.1121306104566524,,,"Convert: post-purchase follow-up, incentivize 2nd order"
18262,140,3,577.54,3,3,2,2,Needs Attention,One-Time Buyer,-0.1877164647659548,-0.4386247719140651,0.5465214810375824,1.0,"Convert: post-purchase follow-up, incentivize 2nd order"
18263,26,3,1213.1599999999999,4,3,3,4,Loyal Customer,Loyal Customer,0.40793492559832517,-0.7185856432068092,0.48112022542665717,0.0,"Court: upsell/cross-sell, referral incentives"
18264,499,1,603.25,1,2,2,0,One-Time Buyer,Lost / Let Go,-1.5400677859803973,0.8000176902333386,0.7093772440706888,1.0,"Let go: exclude from paid marketing spend, low-cost win-back only"
18265,72,2,801.51,3,3,3,2,Loyal Customer,One-Time Buyer,-0.104411668521348,-0.750524170495795,,,"Convert: post-purchase follow-up, incentivize 2nd order"
18266,434,1,251.1,1,2,1,0,One-Time Buyer,Lost / Let Go,-1.7762451382175677,0.29545592823691963,0.7485022067536756,1.0,"Let go: exclude from paid marketing spend, low-cost win-back only"
18267,673,1,269.37,1,2,1,0,One-Time Buyer,Lost / Let Go,-2.3039135443596623,1.3143721847605765,0.9215197629717811,1.0,"Let go: exclude from paid marketing spend, low-cost win-back only"
18268,134,6,1490.23,3,4,4,4,Loyal Customer,Loyal Customer,0.6765436518296446,0.010514411625068247,0.4599272398404054,0.0,"Court: upsell/cross-sell, referral incentives"
18269,366,1,337.2,2,2,2,0,One-Time Buyer,Lost / Let Go,-1.4868204777252347,0.08899859673199886,0.7463536204161109,1.0,"Let go: exclude from paid marketing spend, low-cost win-back only"
18270,38,3,444.55,4,3,2,2,Needs Attention,One-Time Buyer,-0.06523497144966621,-0.9350080357190842,0.6205414695839883,1.0,"Convert: post-purchase follow-up, incentivize 2nd order"
18271,610,2,680.85,1,3,3,0,At Risk,Lost / Let Go,-1.4344908613153986,1.4578743649465888,0.8010713528407627,1.0,"Let go: exclude from paid marketing spend, low-cost win-back only"
18272,3,9,4385.9800000000005,5,5,5,1,VIP,VIP,1.7358487881552092,-0.10901297944648983,0.12692322074243365,0.0,"Court: white-glove service, early access, loyalty rewards"
18273,2,4,357.0,5,4,2,2,Needs Attention,One-Time Buyer,0.09317795281793047,-1.0551893487884965,0.5248456010754815,1.0,"Convert: post-purchase follow-up, incentivize 2nd order"
18274,30,1,175.92,4,2,1,2,One-Time Buyer,One-Time Buyer,-0.9890103549949244,-1.4896308800120872,,,"Convert: post-purchase follow-up, incentivize 2nd order"
18275,578,2,741.85,1,3,3,3,At Risk,At Risk,-1.321636839886988,1.346732657838501,0.7201955749286806,1.0,"Win back: targeted discount, re-engagement email flow"
18276,44,6,1656.52,4,4,4,4,VIP,Loyal Customer,0.9338864011091988,-0.3380501028482762,0.4031622201359057,0.0,"Court: upsell/cross-sell, referral incentives"
18277,58,5,1180.05,4,4,3,4,Loyal Customer,Loyal Customer,0.6322760009437163,-0.4308647556797234,0.4971591807432584,0.0,"Court: upsell/cross-sell, referral incentives"
18278,74,2,414.20000000000005,3,3,2,2,Needs Attention,One-Time Buyer,-0.401680812027721,-0.9174316071319353,0.7090560323349522,1.0,"Convert: post-purchase follow-up, incentivize 2nd order"
18279,519,1,231.33999999999997,1,2,1,0,One-Time Buyer,Lost / Let Go,-2.011199568923904,0.6295029610985401,0.7952752715602417,1.0,"Let go: exclude from paid marketing spend, low-cost win-back only"
18280,278,2,488.15000000000003,2,3,2,3,At Risk,At Risk,-0.8058148145098974,-0.020016497412891354,0.553412410642693,1.0,"Win back: targeted discount, re-engagement email flow"
18281,181,2,201.14,3,3,1,2,Needs Attention,One-Time Buyer,-0.9714213501027525,-0.6610497258810526,0.6714168392872435,1.0,"Convert: post-purchase follow-up, incentivize 2nd order"
18282,8,2,178.05,5,3,1,2,Needs Attention,One-Time Buyer,-0.6208384071411104,-1.4173835227513438,,,"Convert: post-purchase follow-up, incentivize 2nd order"
18283,4,22,2658.95,5,5,4,1,VIP,VIP,2.1510942222806166,0.09311271836861656,0.1569839942645648,0.0,"Court: white-glove service, early access, loyalty rewards"
18284,432,1,411.68,1,2,2,0,One-Time Buyer,Lost / Let Go,-1.5527421502033703,0.4181737397644747,0.7025993235555285,1.0,"Let go: exclude from paid marketing spend, low-cost win-back only"
18285,661,1,377.0,1,2,2,0,One-Time Buyer,Lost / Let Go,-2.1270719595176937,1.3532790630363403,0.9293136885159405,1.0,"Let go: exclude from paid marketing spend, low-cost win-back only"
18286,477,2,1246.43,1,3,4,3,At Risk,At Risk,-0.8553697461468646,1.0618800443492864,0.726319229096175,1.0,"Win back: targeted discount, re-engagement email flow"
18287,43,7,4132.99,4,4,5,4,VIP,Loyal Customer,1.444573225067886,-0.046079682134645326,0.09450361769807006,0.0,"Court: upsell/cross-sell, referral incentives"
